336275653 1 1783668244.675 1 
346130316 2 1783668244.798 1 
356131279 3 1783668244.847 1 
366133079 4 1783668244.897 1 
376130866 5 1783668244.947 1 
386132215 6 1783668244.997 1 
396132008 7 1783668245.047 1 
406132047 8 1783668245.097 1 
416131810 9 1783668245.147 1 
426131524 10 1783668245.197 1 
436130692 11 1783668245.248 1 
446131502 12 1783668245.298 1 
456133522 13 1783668245.348 1 
466131084 14 1783668245.401 1 
476131583 15 1783668245.448 1 
486130949 16 1783668245.498 1 
496131984 17 1783668245.548 1 
506130747 18 1783668245.598 1 
516132346 19 1783668245.648 1 
526129743 20 1783668245.698 1 
536148293 21 1783668245.748 1 
546150441 22 1783668245.798 1 
556130530 23 1783668245.848 1 
566131684 24 1783668245.898 1 
576132347 25 1783668245.948 1 
586131977 26 1783668245.998 1 
596131640 27 1783668246.048 1 
606131005 28 1783668246.098 1 
616131310 29 1783668246.148 1 
626132359 30 1783668246.198 1 
636130492 31 1783668246.248 1 
646132955 32 1783668246.298 1 
656148218 33 1783668246.348 1 
666131134 34 1783668246.398 1 
676149728 35 1783668246.448 1 
686131148 36 1783668246.498 1 
696131709 37 1783668246.548 1 
706131022 38 1783668246.598 1 
716150090 39 1783668246.651 1 
726180879 40 1783668246.698 1 
736147540 41 1783668246.749 1 
746133286 42 1783668246.798 1 
756131970 43 1783668246.848 1 
766132522 44 1783668246.898 1 
776131325 45 1783668246.950 1 
786132284 46 1783668246.999 1 
796131743 47 1783668247.048 1 
806130857 48 1783668247.098 1 
816132797 49 1783668247.148 1 
826130020 50 1783668247.198 1 
836132425 51 1783668247.248 1 
846148173 52 1783668247.298 1 
856131297 53 1783668247.348 1 
866131846 54 1783668247.398 1 
876131528 55 1783668247.448 1 
886134693 56 1783668247.498 1 
896130489 57 1783668247.548 1 
906129924 58 1783668247.598 1 
916131829 59 1783668247.648 1 
926132283 60 1783668247.698 1 
936203659 61 1783668247.748 1 
946131883 62 1783668247.798 1 
956131867 63 1783668247.848 1 
966130934 64 1783668247.898 1 
976130513 65 1783668247.948 1 
986129749 66 1783668247.998 1 
996131697 67 1783668248.048 1 
1006130473 68 1783668248.098 1 
1016129694 69 1783668248.148 1 
1026131745 70 1783668248.198 1 
1036132159 71 1783668248.248 1 
1046130386 72 1783668248.298 1 
1056131304 73 1783668248.348 1 
1066131450 74 1783668248.398 1 
1076132810 75 1783668248.448 1 
1086134304 76 1783668248.498 1 
1096132175 77 1783668248.548 1 
1106198475 78 1783668248.598 1 
1116148414 79 1783668248.648 1 -7.217 7.560 0.984 -4.207 86 420 
1126144204 80 1783668248.699 1 -6.569 7.316 1.877 -4.207 110 425 
1136236802 81 1783668248.749 1 -6.249 7.085 1.190 -4.207 70 429 
1146213074 82 1783668248.799 1 -5.653 7.516 1.488 -4.207 108 425 
1156143822 83 1783668248.849 1 -5.798 7.096 1.450 -4.207 152 427 
1166147716 84 1783668248.899 1 -5.081 7.274 1.694 -4.207 91 416 
1176145074 85 1783668248.949 1 -6.210 6.159 2.258 -4.207 107 435 
1186148488 86 1783668248.999 1 -4.669 6.619 1.816 -4.207 138 434 
1196147569 87 1783668249.049 1 -5.219 6.877 1.648 -4.207 106 431 
1206170872 88 1783668249.099 1 -5.074 6.686 1.602 -4.207 88 427 -3.525 7.027 1.762 -3.366 108 420 
1216171089 89 1783668249.156 1 -3.662 6.792 1.221 -3.366 98 432 -4.669 6.454 2.335 -3.366 77 434 
1226184347 90 1783668249.201 1 -3.548 6.477 1.656 -3.366 123 423 
1236174514 91 1783668249.251 1 -4.280 6.594 1.762 -4.207 82 432 -3.075 6.652 1.892 -3.366 123 436 
1246173965 92 1783668249.301 1 -3.204 6.388 1.602 -3.366 142 421 -2.853 7.638 1.556 -2.524 83 423 
1256144014 93 1783668249.368 1 -2.747 6.598 1.602 -2.524 152 427 
1266199722 94 1783668249.400 1 -5.081 7.383 1.129 -4.207 89 423 -2.975 6.498 1.602 -3.366 153 420 -2.686 7.189 1.465 -2.524 100 416 -3.418 6.138 -3.418 -2.524 100 416 
1276184002 95 1783668249.454 1 -3.319 5.850 2.213 -3.366 115 419 -1.923 6.434 1.282 -2.524 129 429 -2.747 6.538 1.831 -2.524 106 428 
1286173947 96 1783668249.504 1 -4.005 7.429 1.335 -3.366 84 439 -1.709 6.334 1.923 -2.524 173 428 
1296189405 97 1783668249.551 1 -3.433 6.205 1.831 -3.366 101 424 -1.495 6.387 1.923 -1.683 197 432 -0.473 7.419 1.419 -1.683 79 438 
1306175295 98 1783668249.604 1 -3.906 6.478 1.953 -4.207 88 430 -1.648 6.041 2.060 -1.683 222 431 
1316199929 99 1783668249.653 1 -1.190 5.974 1.785 -1.683 181 424 -0.443 6.841 1.770 -0.841 108 427 
1326239229 100 1783668249.704 1 -3.311 6.656 1.419 -3.366 95 433 -0.992 5.948 1.984 -1.683 227 431 
1336224258 101 1783668249.754 1 -2.975 6.498 1.602 -3.366 91 434 -1.297 8.096 1.297 -1.683 82 433 -0.198 6.088 1.785 -0.841 264 416 
1346214868 102 1783668249.806 1 -2.975 6.201 2.518 -3.366 85 426 -1.831 6.908 1.602 -1.683 86 443 -1.511 7.813 1.259 -1.683 71 443 -0.397 6.017 1.984 -0.841 197 424 
1356227771 103 1783668249.856 1 -1.991 6.615 1.549 -2.524 135 423 -1.495 6.584 1.068 -1.683 123 431 -0.488 7.658 1.465 -1.683 83 436 -1.335 8.334 1.335 -1.683 87 431 0.000 6.146 1.587 -0.841 148 415 
1366216485 104 1783668249.906 1 -1.328 6.898 0.885 -2.524 115 430 -0.488 7.608 1.709 -0.841 126 427 
1376214891 105 1783668249.955 1 -2.060 5.660 2.678 -1.683 117 429 0.000 7.751 0.977 -0.841 118 442 
1386208988 106 1783668250.003 1 -1.236 6.139 2.060 -2.524 99 426 -0.458 7.252 0.916 -0.841 109 430 
1396182880 107 1783668250.055 1 -0.992 5.878 2.182 -1.683 163 431 
1406233747 108 1783668250.102 1 -1.236 6.139 2.060 -1.683 161 428 
1416215303 109 1783668250.153 1 -0.206 6.107 2.472 -0.841 155 416 
1426217715 110 1783668250.210 1 -0.206 6.107 2.472 -1.683 158 424 
1436187938 111 1783668250.260 1 
1446173369 112 1783668250.299 1 
1456188566 113 1783668250.349 1 
1466248884 114 1783668250.400 1 
1476271127 115 1783668250.450 1 
1486174880 116 1783668250.500 1 
1496173653 117 1783668250.549 1 
1506145132 118 1783668250.599 1 
1516147547 119 1783668250.649 1 
1526142805 120 1783668250.699 1 
1536218473 121 1783668250.749 1 
1546171081 122 1783668250.800 1 
1556148172 123 1783668250.850 1 
1566132195 124 1783668250.900 1 
1576130816 125 1783668250.949 1 
1586133405 126 1783668250.999 1 
1596130870 127 1783668251.049 1 
1606132502 128 1783668251.099 1 
1616130055 129 1783668251.149 1 
1626130824 130 1783668251.199 1 
1636133262 131 1783668251.249 1 
1646130005 132 1783668251.300 1 
1656198472 133 1783668251.349 1 
1666148024 134 1783668251.399 1 
1676131244 135 1783668251.449 1 
1686131381 136 1783668251.499 1 
1696131127 137 1783668251.549 1 
1706130255 138 1783668251.599 1 
1716131049 139 1783668251.649 1 
1726146833 140 1783668251.699 1 
1736203673 141 1783668251.749 1 
1746131777 142 1783668251.800 1 
1756132433 143 1783668251.849 1 
1766131948 144 1783668251.899 1 
1776131857 145 1783668251.949 1 
1786132129 146 1783668251.999 1 
1796130558 147 1783668252.049 1 
1806131392 148 1783668252.099 1 
1816132682 149 1783668252.149 1 
1826132028 150 1783668252.199 1 
1836132822 151 1783668252.249 1 
1846130378 152 1783668252.299 1 
1856130666 153 1783668252.349 1 
1866131032 154 1783668252.399 1 
1876132420 155 1783668252.449 1 
1886132106 156 1783668252.499 1 
1896131731 157 1783668252.549 1 
1906131894 158 1783668252.599 1 
1916130050 159 1783668252.649 1 
1926131659 160 1783668252.699 1 
1936246612 161 1783668252.749 1 
1946274850 162 1783668252.800 1 
1956133555 163 1783668252.850 1 
1966131723 164 1783668252.899 1 
1976131311 165 1783668252.949 1 
1986130762 166 1783668252.999 1 
1996130226 167 1783668253.049 1 
2006132182 168 1783668253.099 1 
2016133032 169 1783668253.149 1 
2026131652 170 1783668253.199 1 
2036130583 171 1783668253.249 1 
2046131648 172 1783668253.299 1 
2056128106 173 1783668253.349 1 
2066132118 174 1783668253.399 1 
2076131055 175 1783668253.449 1 
2086130582 176 1783668253.499 1 
2096133476 177 1783668253.549 1 
2106130318 178 1783668253.599 1 
2116130884 179 1783668253.649 1 
2126198061 180 1783668253.699 1 
2136166768 181 1783668253.749 1 
2146131075 182 1783668253.800 1 
2156131555 183 1783668253.849 1 
2166131394 184 1783668253.900 1 
2176131323 185 1783668253.949 1 
2186131011 186 1783668253.999 1 
2196132181 187 1783668254.049 1 
2206131479 188 1783668254.099 1 
2216131886 189 1783668254.149 1 
2226130542 190 1783668254.199 1 
2236133195 191 1783668254.249 1 
2246128558 192 1783668254.299 1 
2256131659 193 1783668254.349 1 
2266131179 194 1783668254.399 1 
2276132507 195 1783668254.449 1 
2286130972 196 1783668254.499 1 
2296130143 197 1783668254.549 1 
2306132614 198 1783668254.599 1 
2316131770 199 1783668254.649 1 
2326131597 200 1783668254.699 1 
2336147178 201 1783668254.749 1 
2346130978 202 1783668254.800 1 
2356132754 203 1783668254.849 1 
2366131745 204 1783668254.900 1 
2376131421 205 1783668254.949 1 
2386130107 206 1783668254.999 1 
2396131523 207 1783668255.049 1 
2406130189 208 1783668255.099 1 
2416131034 209 1783668255.149 1 
2426131416 210 1783668255.200 1 
2436131321 211 1783668255.249 1 
2446131565 212 1783668255.300 1 
2456130539 213 1783668255.349 1 
2466133386 214 1783668255.399 1 
2476131270 215 1783668255.449 1 
2486132302 216 1783668255.499 1 
2496130524 217 1783668255.549 1 
2506131419 218 1783668255.599 1 
2516131474 219 1783668255.649 1 
2526131704 220 1783668255.699 1 
2536203247 221 1783668255.749 1 
2546132553 222 1783668255.800 1 
2556132925 223 1783668255.849 1 
2566130685 224 1783668255.900 1 
2576132217 225 1783668255.949 1 
2586132278 226 1783668255.999 1 
2596130838 227 1783668256.049 1 
2606131173 228 1783668256.099 1 
2616147701 229 1783668256.149 1 
2626130454 230 1783668256.200 1 
2636132541 231 1783668256.249 1 
2646132605 232 1783668256.299 1 
2656133910 233 1783668256.349 1 
2666130162 234 1783668256.399 1 
2676131988 235 1783668256.449 1 
2686131483 236 1783668256.499 1 
2696132411 237 1783668256.549 1 
2706133255 238 1783668256.599 1 
2716145419 239 1783668256.649 1 
2726130870 240 1783668256.699 1 
2736278556 241 1783668256.750 1 
2746130907 242 1783668256.800 1 
2756130940 243 1783668256.850 1 
2766129377 244 1783668256.900 1 
2776132424 245 1783668256.950 1 
2786130241 246 1783668256.999 1 
2796131281 247 1783668257.049 1 
2806129755 248 1783668257.100 1 
2816131387 249 1783668257.150 1 
2826130560 250 1783668257.200 1 
2836131099 251 1783668257.250 1 
2846130661 252 1783668257.299 1 
2856130151 253 1783668257.350 1 
2866131586 254 1783668257.399 1 
2876132792 255 1783668257.449 1 
2886132239 256 1783668257.499 1 
2896132037 257 1783668257.550 1 
2906131862 258 1783668257.600 1 
2916133228 259 1783668257.650 1 
2926132744 260 1783668257.699 1 
2936279248 261 1783668257.750 1 
2946132368 262 1783668257.800 1 
2956131288 263 1783668257.850 1 
2966132701 264 1783668257.900 1 
2976131140 265 1783668257.950 1 
2986130791 266 1783668257.999 1 
2996143441 267 1783668258.050 1 
3006131757 268 1783668258.100 1 
3016132009 269 1783668258.150 1 
3026131947 270 1783668258.200 1 
3036131875 271 1783668258.250 1 
3046131289 272 1783668258.299 1 
3056131844 273 1783668258.350 1 
3066133236 274 1783668258.399 1 
3076134788 275 1783668258.450 1 
3086130180 276 1783668258.499 1 
3096131490 277 1783668258.550 1 
3106131021 278 1783668258.599 1 
3116132384 279 1783668258.650 1 
3126132851 280 1783668258.700 1 
3136219833 281 1783668258.750 1 
3146132258 282 1783668258.800 1 
3156130837 283 1783668258.850 1 
3166133622 284 1783668258.900 1 
3176147393 285 1783668258.950 1 
3186130695 286 1783668259.000 1 
3196133172 287 1783668259.050 1 
3206132360 288 1783668259.100 1 
3216131475 289 1783668259.150 1 
3226133956 290 1783668259.200 1 
3236132438 291 1783668259.250 1 
3246131560 292 1783668259.300 1 
3256130929 293 1783668259.350 1 
3266198288 294 1783668259.400 1 
3276131171 295 1783668259.450 1 
3286131332 296 1783668259.500 1 
3296151610 297 1783668259.549 1 
3306131578 298 1783668259.600 1 
3316133084 299 1783668259.649 1 
3326132109 300 1783668259.700 1 
3336280352 301 1783668259.749 1 
3346131420 302 1783668259.800 1 
3356133859 303 1783668259.850 1 
3366130786 304 1783668259.900 1 
3376132378 305 1783668259.950 1 
3386131021 306 1783668260.000 1 
3396130199 307 1783668260.050 1 
3406134274 308 1783668260.100 1 
3416132570 309 1783668260.149 1 
3426130220 310 1783668260.200 1 
3436131299 311 1783668260.250 1 
3446131788 312 1783668260.300 1 
3456131506 313 1783668260.350 1 
3466130509 314 1783668260.400 1 
3476131866 315 1783668260.451 1 
3486133795 316 1783668260.500 1 
3496131270 317 1783668260.550 1 
3506130593 318 1783668260.600 1 
3516196920 319 1783668260.650 1 
3526131489 320 1783668260.700 1 
3536202108 321 1783668260.750 1 
3546132144 322 1783668260.800 1 
3556130761 323 1783668260.850 1 
3566130724 324 1783668260.900 1 
3576131460 325 1783668260.950 1 
3586130144 326 1783668261.000 1 
3596131127 327 1783668261.050 1 
3606130121 328 1783668261.100 1 
3616131298 329 1783668261.150 1 
3626130525 330 1783668261.200 1 
3636130944 331 1783668261.250 1 
3646131336 332 1783668261.300 1 
3656132303 333 1783668261.350 1 
3666130942 334 1783668261.400 1 
3676131559 335 1783668261.450 1 
3686132180 336 1783668261.500 1 
3696130969 337 1783668261.550 1 
3706131246 338 1783668261.600 1 
3716131232 339 1783668261.650 1 
3726153126 340 1783668261.700 1 
3736202761 341 1783668261.750 1 
3746132100 342 1783668261.800 1 
3756132822 343 1783668261.850 1 
3766131642 344 1783668261.900 1 
3776132387 345 1783668261.950 1 
3786130811 346 1783668262.000 1 
3796132623 347 1783668262.050 1 
3806132603 348 1783668262.100 1 
3816131659 349 1783668262.150 1 
3826130868 350 1783668262.200 1 
3836131775 351 1783668262.250 1 
3846132444 352 1783668262.300 1 
3856129994 353 1783668262.350 1 
3866129988 354 1783668262.400 1 
3876132000 355 1783668262.450 1 
3886130653 356 1783668262.500 1 
3896132797 357 1783668262.550 1 
3906131374 358 1783668262.600 1 
3916131952 359 1783668262.650 1 
3926132281 360 1783668262.700 1 
3936147937 361 1783668262.750 1 
3946198544 362 1783668262.800 1 
3956132249 363 1783668262.850 1 
3966133136 364 1783668262.900 1 
3976148130 365 1783668262.950 1 
3986131331 366 1783668263.000 1 
3996130861 367 1783668263.050 1 
4006130412 368 1783668263.100 1 
4016132581 369 1783668263.150 1 
4026129700 370 1783668263.200 1 
4036130910 371 1783668263.250 1 
4046130769 372 1783668263.300 1 
4056130368 373 1783668263.350 1 
4066134126 374 1783668263.400 1 
4076131102 375 1783668263.450 1 
4086131270 376 1783668263.500 1 
4096130690 377 1783668263.550 1 
4106132388 378 1783668263.600 1 
4116131400 379 1783668263.650 1 
4126132462 380 1783668263.700 1 
4136167765 381 1783668263.750 1 
4146132853 382 1783668263.800 1 
4156130589 383 1783668263.850 1 
4166131938 384 1783668263.900 1 
4176146395 385 1783668263.950 1 
4186132631 386 1783668264.000 1 
4196131801 387 1783668264.050 1 
4206132026 388 1783668264.100 1 
4216131760 389 1783668264.150 1 
4226130710 390 1783668264.200 1 
4236131313 391 1783668264.250 1 
4246131511 392 1783668264.300 1 
4256130123 393 1783668264.350 1 
4266129411 394 1783668264.400 1 
4276132863 395 1783668264.450 1 
4286131178 396 1783668264.500 1 
1164273 397 1783668264.550 1 
11163451 398 1783668264.600 1 
21163236 399 1783668264.650 1 
31164414 400 1783668264.700 1 
41312966 401 1783668264.750 1 
51163360 402 1783668264.800 1 
61164112 403 1783668264.850 1 
71164743 404 1783668264.900 1 
81163741 405 1783668264.950 1 
91165739 406 1783668265.000 1 
101230284 407 1783668265.050 1 
111230589 408 1783668265.100 1 
121165208 409 1783668265.150 1 
131165540 410 1783668265.200 1 
141230994 411 1783668265.250 1 
151164190 412 1783668265.300 1 
161163442 413 1783668265.350 1 
171164423 414 1783668265.400 1 
181165713 415 1783668265.451 1 
191163866 416 1783668265.500 1 
201164591 417 1783668265.550 1 
211162633 418 1783668265.600 1 
221163730 419 1783668265.650 1 
231231645 420 1783668265.700 1 
241312424 421 1783668265.750 1 
251162455 422 1783668265.800 1 
261163901 423 1783668265.850 1 
271164998 424 1783668265.900 1 
281164051 425 1783668265.950 1 
291163850 426 1783668266.000 1 
301165439 427 1783668266.050 1 
311165425 428 1783668266.100 1 
321163368 429 1783668266.150 1 
331164576 430 1783668266.200 1 
341162738 431 1783668266.250 1 
351163860 432 1783668266.300 1 
361163043 433 1783668266.350 1 
371164966 434 1783668266.400 1 
381165508 435 1783668266.450 1 
391162949 436 1783668266.500 1 
401164055 437 1783668266.550 1 
411164203 438 1783668266.600 1 
421179885 439 1783668266.650 1 
431163969 440 1783668266.700 1 
441199128 441 1783668266.750 1 
451163755 442 1783668266.800 1 
461164239 443 1783668266.850 1 
471164231 444 1783668266.900 1 
481163506 445 1783668266.950 1 
491164947 446 1783668267.000 1 
501163697 447 1783668267.050 1 
511164955 448 1783668267.100 1 
521164818 449 1783668267.150 1 
531164368 450 1783668267.200 1 
541163090 451 1783668267.250 1 
551165399 452 1783668267.300 1 
561165890 453 1783668267.350 1 
571162478 454 1783668267.400 1 
581165983 455 1783668267.450 1 
591163749 456 1783668267.500 1 
601163386 457 1783668267.550 1 
611175573 458 1783668267.600 1 
621164314 459 1783668267.650 1 
631165711 460 1783668267.700 1 
641179863 461 1783668267.750 1 
651163588 462 1783668267.800 1 
661164961 463 1783668267.850 1 
671163421 464 1783668267.900 1 
681164107 465 1783668267.950 1 
691162892 466 1783668268.000 1 
701163023 467 1783668268.050 1 
711164976 468 1783668268.100 1 
721163702 469 1783668268.150 1 
731164466 470 1783668268.200 1 
741165423 471 1783668268.250 1 
751165577 472 1783668268.300 1 
761164030 473 1783668268.350 1 
771164459 474 1783668268.400 1 
781163254 475 1783668268.450 1 
791163580 476 1783668268.500 1 
801164952 477 1783668268.550 1 
811163992 478 1783668268.600 1 
821164004 479 1783668268.650 1 
831164372 480 1783668268.700 1 
841236200 481 1783668268.750 1 
851164842 482 1783668268.800 1 
861164046 483 1783668268.850 1 
871162627 484 1783668268.900 1 
881165489 485 1783668268.950 1 
891164965 486 1783668269.000 1 
901164886 487 1783668269.050 1 
911165797 488 1783668269.100 1 
921165568 489 1783668269.150 1 
931183561 490 1783668269.200 1 
941162969 491 1783668269.250 1 
951164232 492 1783668269.300 1 
961163067 493 1783668269.350 1 
971164253 494 1783668269.400 1 
981230010 495 1783668269.450 1 
991163999 496 1783668269.500 1 
1001164080 497 1783668269.550 1 
1011165050 498 1783668269.600 1 
1021165255 499 1783668269.650 1 
1031165419 500 1783668269.700 1 
1041235733 501 1783668269.750 1 
1051164182 502 1783668269.800 1 
1061165453 503 1783668269.850 1 
1071167830 504 1783668269.900 1 
1081165667 505 1783668269.950 1 
1091231923 506 1783668270.000 1 
1101163178 507 1783668270.050 1 
1111165337 508 1783668270.100 1 
1121162824 509 1783668270.150 1 
1131220151 510 1783668270.200 1 
1141165545 511 1783668270.250 1 
1151163837 512 1783668270.300 1 
1161163511 513 1783668270.350 1 
1171163966 514 1783668270.400 1 
1181164690 515 1783668270.451 1 
1191165345 516 1783668270.500 1 
1201231452 517 1783668270.550 1 
1211165879 518 1783668270.600 1 
1221230069 519 1783668270.650 1 
1231164083 520 1783668270.700 1 
1241199974 521 1783668270.750 1 
1251162894 522 1783668270.800 1 
1261179844 523 1783668270.850 1 
1271163861 524 1783668270.900 1 
1281163456 525 1783668270.950 1 
1291164685 526 1783668271.000 1 
1301166201 527 1783668271.050 1 
1311165338 528 1783668271.100 1 
1321229122 529 1783668271.150 1 
1331164464 530 1783668271.200 1 
1341163887 531 1783668271.250 1 
1351165472 532 1783668271.300 1 
1361164620 533 1783668271.350 1 
1371163443 534 1783668271.400 1 
1381165318 535 1783668271.450 1 
1391165179 536 1783668271.500 1 
1401164446 537 1783668271.550 1 
1411165208 538 1783668271.600 1 
1421165830 539 1783668271.650 1 
1431163239 540 1783668271.700 1 
1441237714 541 1783668271.750 1 
1451165080 542 1783668271.800 1 
1461161572 543 1783668271.850 1 
1471164797 544 1783668271.900 1 
1481164039 545 1783668271.950 1 
1491164750 546 1783668272.000 1 
1501165422 547 1783668272.050 1 
1511162808 548 1783668272.100 1 
1521164902 549 1783668272.150 1 
1531162958 550 1783668272.200 1 
1541165032 551 1783668272.250 1 
1551163878 552 1783668272.300 1 
1561163945 553 1783668272.350 1 
1571161970 554 1783668272.400 1 
1581164657 555 1783668272.450 1 
1591164600 556 1783668272.500 1 
1601163842 557 1783668272.550 1 
1611162964 558 1783668272.600 1 
1621164093 559 1783668272.650 1 
1631165357 560 1783668272.700 1 
1641179873 561 1783668272.750 1 
1651165169 562 1783668272.800 1 
1661161574 563 1783668272.850 1 
1671164467 564 1783668272.900 1 
1681164658 565 1783668272.950 1 
1691163949 566 1783668273.000 1 
1701165142 567 1783668273.050 1 
1711163824 568 1783668273.100 1 
1721166009 569 1783668273.150 1 
1731163583 570 1783668273.200 1 
1741165951 571 1783668273.250 1 
1751166286 572 1783668273.300 1 
1761164622 573 1783668273.350 1 
1771164444 574 1783668273.400 1 
1781164598 575 1783668273.450 1 
1791165879 576 1783668273.500 1 
1801164757 577 1783668273.550 1 
1811162564 578 1783668273.600 1 
1821184636 579 1783668273.650 1 
1831164020 580 1783668273.700 1 
1841311960 581 1783668273.750 1 
1851164679 582 1783668273.801 1 
1861164064 583 1783668273.850 1 
1871165333 584 1783668273.900 1 
1881165139 585 1783668273.950 1 
1891164352 586 1783668274.000 1 
1901164443 587 1783668274.050 1 
1911165328 588 1783668274.100 1 
1921163784 589 1783668274.150 1 
1931163255 590 1783668274.200 1 
1941164243 591 1783668274.250 1 
1951181941 592 1783668274.300 1 
1961164463 593 1783668274.350 1 
1971164161 594 1783668274.400 1 
1981164076 595 1783668274.450 1 
1991165082 596 1783668274.500 1 
2001163539 597 1783668274.550 1 
2011165354 598 1783668274.600 1 
2021164146 599 1783668274.650 1 
2031164155 600 1783668274.700 1 
2041326791 601 1783668274.750 1 
2051165353 602 1783668274.801 1 
2061166427 603 1783668274.850 1 
2071162246 604 1783668274.900 1 
2081164788 605 1783668274.950 1 
2091164016 606 1783668275.000 1 
2101164701 607 1783668275.050 1 
2111165597 608 1783668275.100 1 
2121164424 609 1783668275.150 1 
2131164593 610 1783668275.200 1 
2141164101 611 1783668275.250 1 
2151164101 612 1783668275.300 1 
2161180704 613 1783668275.350 1 
2171165744 614 1783668275.400 1 
2181165781 615 1783668275.451 1 
2191165755 616 1783668275.500 1 
2201164817 617 1783668275.550 1 
2211164891 618 1783668275.600 1 
2221165860 619 1783668275.650 1 
2231163113 620 1783668275.700 1 
2241236996 621 1783668275.750 1 
2251163697 622 1783668275.801 1 
2261163920 623 1783668275.850 1 
2271164229 624 1783668275.900 1 
2281163376 625 1783668275.950 1 
2291164195 626 1783668276.000 1 
2301164094 627 1783668276.050 1 
2311165998 628 1783668276.100 1 
2321164583 629 1783668276.150 1 
2331164779 630 1783668276.200 1 
2341165531 631 1783668276.250 1 
2351163316 632 1783668276.300 1 
2361163103 633 1783668276.350 1 
2371166327 634 1783668276.400 1 
2381164211 635 1783668276.450 1 
2391164272 636 1783668276.500 1 
2401163811 637 1783668276.550 1 
2411162416 638 1783668276.600 1 
2421164028 639 1783668276.650 1 
2431164851 640 1783668276.700 1 
2441236683 641 1783668276.750 1 
2451165796 642 1783668276.801 1 
2461183290 643 1783668276.850 1 
2471164265 644 1783668276.901 1 
2481165178 645 1783668276.950 1 
2491164420 646 1783668277.000 1 
2501163308 647 1783668277.050 1 
2511164772 648 1783668277.100 1 
2521164997 649 1783668277.150 1 
2531163191 650 1783668277.200 1 
2541164726 651 1783668277.250 1 
2551165057 652 1783668277.300 1 
2561162285 653 1783668277.350 1 
2571164591 654 1783668277.400 1 
2581165179 655 1783668277.450 1 
2591164626 656 1783668277.500 1 
2601165179 657 1783668277.550 1 
2611164396 658 1783668277.600 1 
2621165568 659 1783668277.650 1 
2631164874 660 1783668277.700 1 
2641236236 661 1783668277.750 1 
2651164815 662 1783668277.801 1 
2661164358 663 1783668277.850 1 
2671163594 664 1783668277.900 1 
2681164175 665 1783668277.950 1 
2691166188 666 1783668278.000 1 
2701163701 667 1783668278.050 1 
2711162921 668 1783668278.100 1 
2721164150 669 1783668278.150 1 
2731166077 670 1783668278.200 1 
2741164714 671 1783668278.251 1 
2751162606 672 1783668278.300 1 
2761164046 673 1783668278.350 1 
2771163098 674 1783668278.400 1 
2781181365 675 1783668278.451 1 
2791165844 676 1783668278.501 1 
2801162215 677 1783668278.550 1 
2811164405 678 1783668278.600 1 
2821165232 679 1783668278.650 1 
2831164776 680 1783668278.700 1 
2841252620 681 1783668278.750 1 
2851164160 682 1783668278.801 1 
2861164485 683 1783668278.850 1 
2871166384 684 1783668278.901 1 
2881165370 685 1783668278.951 1 
2891165050 686 1783668279.001 1 
2901165253 687 1783668279.050 1 
2911164329 688 1783668279.101 1 
2921163747 689 1783668279.151 1 
2931163451 690 1783668279.201 1 
2941163003 691 1783668279.250 1 
2951165609 692 1783668279.301 1 
2961163035 693 1783668279.351 1 
2971231922 694 1783668279.401 1 
2981164867 695 1783668279.451 1 
2991164487 696 1783668279.501 1 
3001165358 697 1783668279.550 1 
3011165381 698 1783668279.601 1 
3021163438 699 1783668279.651 1 
3031163893 700 1783668279.700 1 
3041310964 701 1783668279.751 1 
3051163341 702 1783668279.801 1 
3061162934 703 1783668279.851 1 
3071165920 704 1783668279.901 1 
3081164543 705 1783668279.951 1 
3091165554 706 1783668280.000 1 
3101163444 707 1783668280.051 1 
3111164813 708 1783668280.101 1 
3121164598 709 1783668280.151 1 
3131164327 710 1783668280.201 1 
3141164592 711 1783668280.251 1 
3151162677 712 1783668280.301 1 
3161163511 713 1783668280.351 1 
3171163998 714 1783668280.400 1 
3181165869 715 1783668280.452 1 
3191164731 716 1783668280.500 1 
3201164601 717 1783668280.551 1 
3211164343 718 1783668280.600 1 
3221231305 719 1783668280.651 1 
3231164874 720 1783668280.701 1 
3241220095 721 1783668280.751 1 
3251163881 722 1783668280.801 1 
3261164389 723 1783668280.851 1 
3271165255 724 1783668280.901 1 
3281165038 725 1783668280.951 1 
3291165481 726 1783668281.000 1 
3301163225 727 1783668281.051 1 
3311165337 728 1783668281.101 1 
3321230462 729 1783668281.151 1 
3331163259 730 1783668281.201 1 
3341164052 731 1783668281.251 1 
3351179442 732 1783668281.301 1 
3361165216 733 1783668281.351 1 
3371163833 734 1783668281.401 1 
3381164042 735 1783668281.451 1 
3391164044 736 1783668281.501 1 
3401164745 737 1783668281.551 1 
3411165815 738 1783668281.601 1 
3421165865 739 1783668281.651 1 
3431164301 740 1783668281.701 1 
3441199010 741 1783668281.751 1 
3451164158 742 1783668281.801 1 
3461162866 743 1783668281.851 1 
3471164871 744 1783668281.901 1 
3481163564 745 1783668281.951 1 
3491185144 746 1783668282.001 1 
3501164711 747 1783668282.051 1 
3511165352 748 1783668282.101 1 
3521165388 749 1783668282.151 1 
3531163713 750 1783668282.201 1 
3541166131 751 1783668282.251 1 
3551165506 752 1783668282.301 1 
3561163731 753 1783668282.351 1 
3571181681 754 1783668282.401 1 
3581163621 755 1783668282.451 1 
3591175731 756 1783668282.501 1 
3601164167 757 1783668282.551 1 
3611165153 758 1783668282.601 1 
3621166838 759 1783668282.651 1 
3631165912 760 1783668282.701 1 
3641179960 761 1783668282.751 1 
3651165214 762 1783668282.801 1 
3661163440 763 1783668282.851 1 
3671231358 764 1783668282.901 1 
3681163935 765 1783668282.951 1 
3691163227 766 1783668283.001 1 
3701230907 767 1783668283.051 1 
3711163108 768 1783668283.101 1 
3721164632 769 1783668283.151 1 
3731164806 770 1783668283.201 1 
3741184582 771 1783668283.251 1 
3751164291 772 1783668283.301 1 
3761164556 773 1783668283.351 1 
3771164883 774 1783668283.401 1 
3781163880 775 1783668283.451 1 
3791164410 776 1783668283.501 1 
3801164053 777 1783668283.551 1 
3811165979 778 1783668283.601 1 
3821163720 779 1783668283.651 1 
3831163428 780 1783668283.701 1 
3841312617 781 1783668283.751 1 
3851164655 782 1783668283.801 1 
3861163918 783 1783668283.851 1 
3871163868 784 1783668283.901 1 
3881165672 785 1783668283.951 1 
3891164367 786 1783668284.001 1 
3901163681 787 1783668284.051 1 
3911163272 788 1783668284.101 1 
3921163968 789 1783668284.151 1 
3931165065 790 1783668284.201 1 
3941163873 791 1783668284.251 1 
3951165866 792 1783668284.301 1 
3961165451 793 1783668284.351 1 
3971164065 794 1783668284.401 1 
3981163075 795 1783668284.451 1 
3991164652 796 1783668284.501 1 
4001167023 797 1783668284.551 1 
4011164692 798 1783668284.601 1 
4021163605 799 1783668284.651 1 
4031164706 800 1783668284.701 1 
4041169499 801 1783668284.751 1 
4051163549 802 1783668284.801 1 
4061164473 803 1783668284.851 1 
4071162761 804 1783668284.901 1 
4081163620 805 1783668284.951 1 
4091164049 806 1783668285.001 1 
4101165654 807 1783668285.051 1 
4111164129 808 1783668285.101 1 
4121163910 809 1783668285.151 1 
4131163414 810 1783668285.201 1 
4141163699 811 1783668285.251 1 
4151164069 812 1783668285.301 1 
4161163305 813 1783668285.351 1 
4171165328 814 1783668285.401 1 
4181162938 815 1783668285.452 1 
4191162153 816 1783668285.501 1 
4201165093 817 1783668285.551 1 
4211163563 818 1783668285.601 1 
4221163829 819 1783668285.651 1 
4231166876 820 1783668285.701 1 
4241233666 821 1783668285.751 1 
4251166138 822 1783668285.801 1 
4261164301 823 1783668285.851 1 
4271165760 824 1783668285.901 1 
4281183868 825 1783668285.951 1 
4291164478 826 1783668286.001 1 
6197364 827 1783668286.051 1 
16197111 828 1783668286.101 1 
26196141 829 1783668286.151 1 
36196862 830 1783668286.201 1 
46196448 831 1783668286.251 1 
56197604 832 1783668286.301 1 
66197773 833 1783668286.351 1 
76196693 834 1783668286.401 1 
86197272 835 1783668286.451 1 
96198670 836 1783668286.501 1 
106196561 837 1783668286.551 1 
116196102 838 1783668286.601 1 
126195915 839 1783668286.651 1 
136196750 840 1783668286.701 1 
146345486 841 1783668286.751 1 
156197293 842 1783668286.802 1 
166198219 843 1783668286.851 1 
176196781 844 1783668286.901 1 
186197732 845 1783668286.951 1 
196195926 846 1783668287.001 1 
206196618 847 1783668287.051 1 
216196384 848 1783668287.101 1 
226197943 849 1783668287.151 1 
236197641 850 1783668287.201 1 
246197845 851 1783668287.251 1 
256196173 852 1783668287.301 1 
266197007 853 1783668287.351 1 
276195700 854 1783668287.401 1 
286197583 855 1783668287.451 1 
296198191 856 1783668287.501 1 
306196500 857 1783668287.551 1 
316198822 858 1783668287.601 1 
326197610 859 1783668287.651 1 
336198225 860 1783668287.701 1 
346232950 861 1783668287.751 1 
356196040 862 1783668287.801 1 
366196575 863 1783668287.851 1 
376196159 864 1783668287.901 1 
386197572 865 1783668287.951 1 
396195903 866 1783668288.001 1 
406195825 867 1783668288.051 1 
416196578 868 1783668288.101 1 
426195979 869 1783668288.151 1 
436195667 870 1783668288.201 1 
446196243 871 1783668288.251 1 
456196553 872 1783668288.301 1 
466196989 873 1783668288.351 1 
476196684 874 1783668288.401 1 
486196560 875 1783668288.451 1 
496196682 876 1783668288.501 1 
506196170 877 1783668288.551 1 
516196124 878 1783668288.601 1 
526197064 879 1783668288.651 1 
536198488 880 1783668288.701 1 
546287977 881 1783668288.751 1 
556197007 882 1783668288.801 1 
566195327 883 1783668288.851 1 
576196451 884 1783668288.901 1 
586196702 885 1783668288.951 1 
596198350 886 1783668289.001 1 
606198025 887 1783668289.051 1 
616264096 888 1783668289.101 1 
626196963 889 1783668289.151 1 
636196468 890 1783668289.201 1 
646195990 891 1783668289.251 1 
656263976 892 1783668289.301 1 
666195111 893 1783668289.351 1 
676197137 894 1783668289.401 1 
686196729 895 1783668289.451 1 
696197965 896 1783668289.501 1 
706194585 897 1783668289.551 1 
716198486 898 1783668289.601 1 
726198508 899 1783668289.651 1 
736197389 900 1783668289.701 1 
746270396 901 1783668289.751 1 
756196125 902 1783668289.802 1 
766198030 903 1783668289.851 1 
776197590 904 1783668289.901 1 
786198752 905 1783668289.951 1 
796198611 906 1783668290.001 1 
806198631 907 1783668290.051 1 
816195906 908 1783668290.101 1 
826198154 909 1783668290.151 1 
836197639 910 1783668290.201 1 
846197968 911 1783668290.251 1 
856195444 912 1783668290.301 1 
866197304 913 1783668290.351 1 
876195531 914 1783668290.401 1 
886198374 915 1783668290.453 1 
896196942 916 1783668290.501 1 
906198377 917 1783668290.551 1 
916194871 918 1783668290.601 1 
926196732 919 1783668290.651 1 
936197518 920 1783668290.701 1 
946344987 921 1783668290.751 1 
956197773 922 1783668290.802 1 
966197439 923 1783668290.851 1 
976196231 924 1783668290.901 1 
986196266 925 1783668290.951 1 
996196679 926 1783668291.001 1 
1006197504 927 1783668291.051 1 
1016197016 928 1783668291.101 1 
1026198797 929 1783668291.151 1 
1036197584 930 1783668291.201 1 
1046212748 931 1783668291.251 1 
1056197012 932 1783668291.301 1 
1066196677 933 1783668291.351 1 
1076197809 934 1783668291.401 1 
1086196821 935 1783668291.451 1 
1096196719 936 1783668291.501 1 
1106196189 937 1783668291.551 1 
1116197416 938 1783668291.601 1 
1126196595 939 1783668291.651 1 
1136279413 940 1783668291.701 1 
1146232116 941 1783668291.752 1 
1156197663 942 1783668291.801 1 
1166196228 943 1783668291.851 1 
1176197505 944 1783668291.901 1 
1186263741 945 1783668291.951 1 
1196197272 946 1783668292.002 1 
1206196789 947 1783668292.051 1 
1216195921 948 1783668292.101 1 
1226198232 949 1783668292.151 1 
1236196672 950 1783668292.201 1 
1246199135 951 1783668292.251 1 
1256197457 952 1783668292.301 1 
1266196522 953 1783668292.351 1 
1276197876 954 1783668292.401 1 
1286198446 955 1783668292.451 1 
1296198034 956 1783668292.501 1 
1306198508 957 1783668292.551 1 
1316196655 958 1783668292.601 1 
1326195871 959 1783668292.651 1 
1336197044 960 1783668292.701 1 
1346232035 961 1783668292.751 1 
1356197110 962 1783668292.801 1 
1366197158 963 1783668292.851 1 
1376196172 964 1783668292.901 1 
1386197468 965 1783668292.951 1 
1396198176 966 1783668293.001 1 
1406196610 967 1783668293.051 1 
1416195909 968 1783668293.101 1 
1426196341 969 1783668293.151 1 
1436196621 970 1783668293.201 1 
1446197208 971 1783668293.251 1 
1456264743 972 1783668293.301 1 
1466197217 973 1783668293.351 1 
1476254074 974 1783668293.401 1 
1486196884 975 1783668293.451 1 
1496198335 976 1783668293.501 1 
1506195411 977 1783668293.551 1 
1516197067 978 1783668293.601 1 
1526195951 979 1783668293.651 1 
1536197292 980 1783668293.701 1 
1546268311 981 1783668293.751 1 
1556197622 982 1783668293.802 1 
1566196879 983 1783668293.851 1 
1576196046 984 1783668293.901 1 
1586195847 985 1783668293.951 1 
1596196018 986 1783668294.001 1 
1606196440 987 1783668294.051 1 
1616197650 988 1783668294.101 1 
1626198852 989 1783668294.151 1 
1636196870 990 1783668294.201 1 
1646197920 991 1783668294.251 1 
1656197374 992 1783668294.301 1 
1666196791 993 1783668294.351 1 
1676198021 994 1783668294.401 1 
1686195771 995 1783668294.451 1 
1696197472 996 1783668294.501 1 
1706194176 997 1783668294.551 1 
1716196183 998 1783668294.601 1 
1726197800 999 1783668294.651 1 
1736197504 1000 1783668294.701 1 
1746286895 1001 1783668294.751 1 
1756262546 1002 1783668294.802 1 
1766198074 1003 1783668294.852 1 
1776262820 1004 1783668294.901 1 
1786196050 1005 1783668294.952 1 
1796197608 1006 1783668295.001 1 
1806196193 1007 1783668295.051 1 
1816197486 1008 1783668295.101 1 
1826197300 1009 1783668295.151 1 
1836197454 1010 1783668295.201 1 
1846196685 1011 1783668295.251 1 
1856197242 1012 1783668295.301 1 
1866197860 1013 1783668295.351 1 
1876198186 1014 1783668295.401 1 
1886196152 1015 1783668295.456 1 
1896197267 1016 1783668295.501 1 
1906197599 1017 1783668295.551 1 
1916198299 1018 1783668295.601 1 
1926214878 1019 1783668295.651 1 
1936196366 1020 1783668295.702 1 
1946289961 1021 1783668295.751 1 
1956217187 1022 1783668295.802 1 
1966263961 1023 1783668295.851 1 
1976197148 1024 1783668295.902 1 
1986199325 1025 1783668295.951 1 
1996196381 1026 1783668296.001 1 
2006195900 1027 1783668296.051 1 
2016197767 1028 1783668296.101 1 
2026196858 1029 1783668296.151 1 
2036197400 1030 1783668296.201 1 
2046197265 1031 1783668296.251 1 
2056197063 1032 1783668296.301 1 
2066196265 1033 1783668296.351 1 
2076197749 1034 1783668296.401 1 
2086197296 1035 1783668296.451 1 
2096196252 1036 1783668296.501 1 
2106195223 1037 1783668296.552 1 
2116211848 1038 1783668296.601 1 
2126195476 1039 1783668296.651 1 
2136195209 1040 1783668296.701 1 
2146233325 1041 1783668296.752 1 
2156196992 1042 1783668296.802 1 
2166198047 1043 1783668296.851 1 
2176197192 1044 1783668296.901 1 
2186195177 1045 1783668296.951 1 
2196196168 1046 1783668297.001 1 
2206196354 1047 1783668297.051 1 
2216197911 1048 1783668297.101 1 
2226198541 1049 1783668297.152 1 
2236264198 1050 1783668297.201 1 
2246198189 1051 1783668297.252 1 
2256195857 1052 1783668297.301 1 
2266264520 1053 1783668297.352 1 
2276196589 1054 1783668297.402 1 
2286197765 1055 1783668297.451 1 
2296195833 1056 1783668297.501 1 
2306197727 1057 1783668297.552 1 
2316195478 1058 1783668297.602 1 
2326197869 1059 1783668297.651 1 
2336197833 1060 1783668297.701 1 
2346310670 1061 1783668297.751 1 
2356359425 1062 1783668297.801 1 
2366197401 1063 1783668297.851 1 
2376212994 1064 1783668297.901 1 
2386197963 1065 1783668297.951 1 
2396196813 1066 1783668298.001 1 
2406197697 1067 1783668298.051 1 
2416198465 1068 1783668298.101 1 
2426197246 1069 1783668298.151 1 
2436198010 1070 1783668298.201 1 
2446197227 1071 1783668298.251 1 
2456198450 1072 1783668298.301 1 
2466197842 1073 1783668298.351 1 
2476197195 1074 1783668298.401 1 
2486197466 1075 1783668298.451 1 
2496197937 1076 1783668298.501 1 
2506199560 1077 1783668298.551 1 
2516264746 1078 1783668298.601 1 
2526195515 1079 1783668298.651 1 
2536196063 1080 1783668298.701 1 
2546233291 1081 1783668298.751 1 
2556264289 1082 1783668298.801 1 
2566196850 1083 1783668298.851 1 
2576196707 1084 1783668298.901 1 
2586198029 1085 1783668298.951 1 
2596195869 1086 1783668299.001 1 
2606197963 1087 1783668299.051 1 
2616198636 1088 1783668299.101 1 
2626197348 1089 1783668299.151 1 
2636197810 1090 1783668299.201 1 
2646197180 1091 1783668299.251 1 
2656196768 1092 1783668299.301 1 
2666196230 1093 1783668299.351 1 
2676196310 1094 1783668299.401 1 
2686197329 1095 1783668299.451 1 
2696196773 1096 1783668299.501 1 
2706195371 1097 1783668299.551 1 
2716197220 1098 1783668299.601 1 
2726196726 1099 1783668299.651 1 
2736196359 1100 1783668299.701 1 
2746231522 1101 1783668299.751 1 
2756197269 1102 1783668299.801 1 
2766195986 1103 1783668299.851 1 
2776198902 1104 1783668299.901 1 
2786198287 1105 1783668299.951 1 
2796197211 1106 1783668300.001 1 
2806196351 1107 1783668300.051 1 
2816196619 1108 1783668300.101 1 
2826197113 1109 1783668300.151 1 
2836196794 1110 1783668300.201 1 
2846196771 1111 1783668300.251 1 
2856198542 1112 1783668300.301 1 
2866199009 1113 1783668300.351 1 
2876199227 1114 1783668300.401 1 
2886197097 1115 1783668300.451 1 
2896198049 1116 1783668300.501 1 
2906198024 1117 1783668300.551 1 
2916196628 1118 1783668300.601 1 
2926197070 1119 1783668300.651 1 
2936195969 1120 1783668300.701 1 
2946268253 1121 1783668300.751 1 
2956195631 1122 1783668300.801 1 
2966197628 1123 1783668300.851 1 
2976196557 1124 1783668300.901 1 
2986196690 1125 1783668300.951 1 
2996197620 1126 1783668301.001 1 
3006198141 1127 1783668301.051 1 
3016196619 1128 1783668301.101 1 
3026197125 1129 1783668301.151 1 
3036196240 1130 1783668301.201 1 
3046197578 1131 1783668301.251 1 
3056196929 1132 1783668301.301 1 
3066197502 1133 1783668301.351 1 
3076196676 1134 1783668301.401 1 
3086196227 1135 1783668301.451 1 
3096197174 1136 1783668301.501 1 
3106197134 1137 1783668301.551 1 
3116198627 1138 1783668301.601 1 
3126217530 1139 1783668301.651 1 
3136196845 1140 1783668301.701 1 
3146233669 1141 1783668301.751 1 
3156195687 1142 1783668301.801 1 
3166197202 1143 1783668301.851 1 
3176196267 1144 1783668301.901 1 
3186195975 1145 1783668301.951 1 
3196198208 1146 1783668302.001 1 
3206263669 1147 1783668302.051 1 
3216220254 1148 1783668302.101 1 
3226196967 1149 1783668302.151 1 
3236197691 1150 1783668302.201 1 
3246198267 1151 1783668302.251 1 
3256197568 1152 1783668302.301 1 
3266196997 1153 1783668302.351 1 
3276196348 1154 1783668302.401 1 
3286197157 1155 1783668302.451 1 
3296196404 1156 1783668302.501 1 
3306198394 1157 1783668302.551 1 
3316197670 1158 1783668302.601 1 
3326196237 1159 1783668302.651 1 
3336194863 1160 1783668302.701 1 
3346288852 1161 1783668302.751 1 
3356197430 1162 1783668302.802 1 
3366197128 1163 1783668302.852 1 
3376197854 1164 1783668302.902 1 
3386197215 1165 1783668302.952 1 
3396213919 1166 1783668303.002 1 
3406198635 1167 1783668303.052 1 
3416197631 1168 1783668303.102 1 
3426196365 1169 1783668303.152 1 
3436198172 1170 1783668303.202 1 
3446196877 1171 1783668303.252 1 
3456196583 1172 1783668303.302 1 
3466197598 1173 1783668303.352 1 
3476208801 1174 1783668303.402 1 
3486197748 1175 1783668303.452 1 
3496198284 1176 1783668303.502 1 
3506198282 1177 1783668303.552 1 
3516197526 1178 1783668303.602 1 
3526195412 1179 1783668303.652 1 
3536262378 1180 1783668303.702 1 
3546232879 1181 1783668303.752 1 
3556196505 1182 1783668303.802 1 
3566197673 1183 1783668303.852 1 
3576196818 1184 1783668303.902 1 
3586196510 1185 1783668303.952 1 
3596197949 1186 1783668304.002 1 
3606196868 1187 1783668304.052 1 
3616198227 1188 1783668304.102 1 
3626194696 1189 1783668304.152 1 
3636196212 1190 1783668304.202 1 
3646198630 1191 1783668304.252 1 
3656195876 1192 1783668304.302 1 
3666215520 1193 1783668304.352 1 
3676198034 1194 1783668304.402 1 
3686195670 1195 1783668304.452 1 
3696196757 1196 1783668304.502 1 
3706196802 1197 1783668304.552 1 
3716196805 1198 1783668304.602 1 
3726197077 1199 1783668304.652 1 
3736195396 1200 1783668304.702 1 
3746213827 1201 1783668304.752 1 
3756196663 1202 1783668304.802 1 
3766196277 1203 1783668304.852 1 
3776218103 1204 1783668304.902 1 
3786196398 1205 1783668304.952 1 
3796196140 1206 1783668305.002 1 
3806198008 1207 1783668305.052 1 
3816197416 1208 1783668305.102 1 
3826196478 1209 1783668305.152 1 
3836195315 1210 1783668305.202 1 
3846197754 1211 1783668305.252 1 
3856197987 1212 1783668305.302 1 
3866198046 1213 1783668305.352 1 
3876197788 1214 1783668305.402 1 
3886199962 1215 1783668305.452 1 
3896198687 1216 1783668305.503 1 
3906197548 1217 1783668305.552 1 
3916196719 1218 1783668305.602 1 
3926197824 1219 1783668305.652 1 
3936197026 1220 1783668305.702 1 
3946232331 1221 1783668305.752 1 
3956196920 1222 1783668305.802 1 
3966197378 1223 1783668305.852 1 
3976196912 1224 1783668305.902 1 
3986195771 1225 1783668305.952 1 
3996196577 1226 1783668306.002 1 
4006197066 1227 1783668306.052 1 
4016196820 1228 1783668306.102 1 
4026196942 1229 1783668306.152 1 
4036197510 1230 1783668306.202 1 
4046196994 1231 1783668306.252 1 
4056196482 1232 1783668306.302 1 
4066263734 1233 1783668306.352 1 
4076196509 1234 1783668306.402 1 
4086196879 1235 1783668306.452 1 
4096221906 1236 1783668306.502 1 
4106195772 1237 1783668306.552 1 
4116197073 1238 1783668306.602 1 
4126198231 1239 1783668306.652 1 
4136196629 1240 1783668306.702 1 
4146268340 1241 1783668306.752 1 
4156196031 1242 1783668306.802 1 
4166196241 1243 1783668306.852 1 
4176197501 1244 1783668306.902 1 
4186197027 1245 1783668306.952 1 
4196197439 1246 1783668307.002 1 
4206197925 1247 1783668307.052 1 
4216196992 1248 1783668307.102 1 
4226198954 1249 1783668307.152 1 
4236263586 1250 1783668307.202 1 
4246197576 1251 1783668307.252 1 
4256196177 1252 1783668307.302 1 
4266196880 1253 1783668307.352 1 
4276197486 1254 1783668307.402 1 
4286197272 1255 1783668307.452 1 
1297485 1256 1783668307.502 1 
11230101 1257 1783668307.552 1 
21228872 1258 1783668307.602 1 
31229139 1259 1783668307.652 1 
41229140 1260 1783668307.702 1 
51376964 1261 1783668307.752 1 
61230572 1262 1783668307.803 1 
71228445 1263 1783668307.852 1 
81231135 1264 1783668307.902 1 
91296887 1265 1783668307.952 1 
101227975 1266 1783668308.002 1 
111231477 1267 1783668308.052 1 
121230369 1268 1783668308.102 1 
131230578 1269 1783668308.152 1 
141230579 1270 1783668308.202 1 
151230954 1271 1783668308.252 1 
161228609 1272 1783668308.302 1 
171228048 1273 1783668308.352 1 
181227870 1274 1783668308.402 1 
191230236 1275 1783668308.452 1 
201229303 1276 1783668308.502 1 
211229347 1277 1783668308.552 1 
221230029 1278 1783668308.602 1 
231246256 1279 1783668308.652 1 
241229189 1280 1783668308.702 1 
251265579 1281 1783668308.752 1 
261229540 1282 1783668308.802 1 
271229050 1283 1783668308.852 1 
281230716 1284 1783668308.902 1 
291229317 1285 1783668308.952 1 
301229232 1286 1783668309.002 1 
311296184 1287 1783668309.052 1 
321230300 1288 1783668309.102 1 
331229882 1289 1783668309.152 1 
341229170 1290 1783668309.202 1 
351295805 1291 1783668309.252 1 
361230944 1292 1783668309.302 1 
371231374 1293 1783668309.352 1 
381228780 1294 1783668309.402 1 
391230312 1295 1783668309.452 1 
401231393 1296 1783668309.502 1 
411247810 1297 1783668309.552 1 
421228385 1298 1783668309.602 1 
431245799 1299 1783668309.652 1 
441229185 1300 1783668309.702 1 
451264025 1301 1783668309.752 1 
461230269 1302 1783668309.802 1 
471231025 1303 1783668309.852 1 
481230647 1304 1783668309.902 1 
491229620 1305 1783668309.952 1 
501229321 1306 1783668310.002 1 
511230936 1307 1783668310.052 1 
521230392 1308 1783668310.102 1 
531228471 1309 1783668310.152 1 
541229132 1310 1783668310.202 1 
551245671 1311 1783668310.252 1 
561230065 1312 1783668310.302 1 
571229100 1313 1783668310.352 1 
581229453 1314 1783668310.402 1 
591229336 1315 1783668310.452 1 
601297330 1316 1783668310.534 1 
611297372 1317 1783668310.552 1 
621229327 1318 1783668310.602 1 
631230398 1319 1783668310.652 1 
641228087 1320 1783668310.702 1 
651246503 1321 1783668310.752 1 
661229257 1322 1783668310.802 1 
671230597 1323 1783668310.852 1 
681229832 1324 1783668310.902 1 
691228111 1325 1783668310.952 1 
701230569 1326 1783668311.002 1 
711229916 1327 1783668311.052 1 
721228515 1328 1783668311.102 1 
731230704 1329 1783668311.152 1 
741229125 1330 1783668311.202 1 
751230575 1331 1783668311.252 1 
761228097 1332 1783668311.302 1 
771228017 1333 1783668311.352 1 
781229638 1334 1783668311.402 1 
791229978 1335 1783668311.452 1 
801230781 1336 1783668311.502 1 
811231197 1337 1783668311.552 1 
821230196 1338 1783668311.602 1 
831230319 1339 1783668311.652 1 
841229395 1340 1783668311.702 1 
851235967 1341 1783668311.752 1 
861231205 1342 1783668311.802 1 
871228823 1343 1783668311.852 1 
881228647 1344 1783668311.902 1 
891293717 1345 1783668311.952 1 
901228534 1346 1783668312.003 1 
911230631 1347 1783668312.052 1 
921228252 1348 1783668312.102 1 
931230389 1349 1783668312.152 1 
941297405 1350 1783668312.202 1 
951245472 1351 1783668312.252 1 
961231217 1352 1783668312.302 1 
971244453 1353 1783668312.352 1 
981229617 1354 1783668312.402 1 
991228327 1355 1783668312.452 1 
1001229358 1356 1783668312.502 1 
1011230500 1357 1783668312.552 1 
1021231118 1358 1783668312.602 1 
1031230076 1359 1783668312.652 1 
1041242465 1360 1783668312.702 1 
1051320240 1361 1783668312.752 1 
1061247828 1362 1783668312.803 1 
1071230082 1363 1783668312.852 1 
1081230046 1364 1783668312.902 1 
1091230711 1365 1783668312.952 1 
1101229834 1366 1783668313.002 1 
1111229740 1367 1783668313.052 1 
1121229131 1368 1783668313.102 1 
1131228299 1369 1783668313.152 1 
1141231160 1370 1783668313.202 1 
1151228939 1371 1783668313.252 1 
1161228374 1372 1783668313.302 1 
1171229156 1373 1783668313.352 1 
1181296534 1374 1783668313.402 1 
1191230333 1375 1783668313.452 1 
1201230423 1376 1783668313.502 1 
1211246718 1377 1783668313.552 1 
1221296692 1378 1783668313.602 1 
1231229173 1379 1783668313.653 1 
1241229903 1380 1783668313.702 1 
1251263195 1381 1783668313.752 1 
1261230799 1382 1783668313.802 1 
1271228647 1383 1783668313.852 1 
1281229206 1384 1783668313.902 1 
1291230973 1385 1783668313.952 1 
1301230811 1386 1783668314.002 1 
1311229009 1387 1783668314.052 1 
1321228989 1388 1783668314.102 1 
1331230571 1389 1783668314.152 1 
1341229653 1390 1783668314.202 1 
1351229849 1391 1783668314.252 1 
1361229123 1392 1783668314.302 1 
1371230900 1393 1783668314.352 1 
1381230521 1394 1783668314.402 1 
1391229826 1395 1783668314.452 1 
1401230046 1396 1783668314.502 1 
1411230820 1397 1783668314.552 1 
1421229887 1398 1783668314.602 1 
1431229328 1399 1783668314.652 1 
1441228195 1400 1783668314.702 1 
1451235771 1401 1783668314.752 1 
1461230536 1402 1783668314.802 1 
1471229754 1403 1783668314.852 1 
1481230780 1404 1783668314.902 1 
1491230386 1405 1783668314.952 1 
1501229905 1406 1783668315.002 1 
1511230316 1407 1783668315.052 1 
1521227755 1408 1783668315.102 1 
1531231441 1409 1783668315.152 1 
1541295163 1410 1783668315.202 1 
1551228327 1411 1783668315.253 1 
1561228326 1412 1783668315.302 1 
1571228500 1413 1783668315.352 1 
1581247363 1414 1783668315.402 1 
1591230945 1415 1783668315.452 1 
1601230345 1416 1783668315.503 1 
1611229760 1417 1783668315.552 1 
1621229116 1418 1783668315.602 1 
1631230077 1419 1783668315.652 1 
1641228741 1420 1783668315.702 1 
1651322038 1421 1783668315.752 1 
1661229951 1422 1783668315.803 1 
1671230148 1423 1783668315.852 1 
1681228874 1424 1783668315.902 1 
1691228712 1425 1783668315.952 1 
1701295685 1426 1783668316.002 1 
1711229796 1427 1783668316.053 1 
1721229205 1428 1783668316.102 1 
1731228064 1429 1783668316.152 1 
1741230213 1430 1783668316.202 1 
1751228839 1431 1783668316.252 1 
1761229930 1432 1783668316.302 1 
1771296424 1433 1783668316.352 1 
1781231285 1434 1783668316.403 1 
1791228025 1435 1783668316.452 1 
1801228549 1436 1783668316.502 1 
1811229896 1437 1783668316.552 1 
1821231783 1438 1783668316.602 1 
1831245864 1439 1783668316.652 1 
1841229792 1440 1783668316.702 1 
1851281192 1441 1783668316.752 1 
1861230105 1442 1783668316.803 1 
1871229032 1443 1783668316.852 1 
1881229593 1444 1783668316.903 1 
1891229986 1445 1783668316.952 1 
1901231009 1446 1783668317.002 1 
1911230418 1447 1783668317.053 1 
1921231520 1448 1783668317.103 1 
1931229014 1449 1783668317.152 1 
1941230505 1450 1783668317.202 1 
1951231973 1451 1783668317.252 1 
1961229771 1452 1783668317.302 1 
1971230310 1453 1783668317.352 1 
1981231193 1454 1783668317.402 1 
1991229047 1455 1783668317.452 1 
2001229350 1456 1783668317.502 1 
2011230645 1457 1783668317.552 1 
2021230034 1458 1783668317.602 1 
2031230208 1459 1783668317.652 1 
2041231219 1460 1783668317.702 1 
2051265642 1461 1783668317.752 1 
2061229004 1462 1783668317.803 1 
2071297694 1463 1783668317.852 1 
2081230126 1464 1783668317.903 1 
2091228936 1465 1783668317.952 1 
2101230053 1466 1783668318.002 1 
2111229326 1467 1783668318.052 1 
2121228038 1468 1783668318.102 1 
2131231045 1469 1783668318.152 1 
2141296237 1470 1783668318.202 1 
2151230056 1471 1783668318.253 1 
2161231794 1472 1783668318.302 1 
2171228515 1473 1783668318.353 1 
2181231319 1474 1783668318.402 1 
2191229933 1475 1783668318.453 1 
2201229695 1476 1783668318.502 1 
2211231389 1477 1783668318.552 1 
2221231146 1478 1783668318.603 1 
2231230497 1479 1783668318.652 1 
2241228560 1480 1783668318.703 1 
2251287778 1481 1783668318.752 1 
2261372614 1482 1783668318.803 1 
2271230959 1483 1783668318.853 1 
2281228395 1484 1783668318.903 1 
2291228495 1485 1783668318.953 1 
2301228775 1486 1783668319.003 1 
2311230182 1487 1783668319.052 1 
2321230470 1488 1783668319.103 1 
2331229395 1489 1783668319.153 1 
2341228755 1490 1783668319.203 1 
2351228672 1491 1783668319.252 1 
2361229631 1492 1783668319.303 1 
2371248010 1493 1783668319.352 1 
2381230298 1494 1783668319.403 1 
2391228533 1495 1783668319.452 1 
2401229013 1496 1783668319.503 1 
2411231503 1497 1783668319.552 1 
2421229774 1498 1783668319.603 1 
2431230939 1499 1783668319.653 1 
2441229473 1500 1783668319.703 1 
2451320169 1501 1783668319.752 1 
2461230226 1502 1783668319.803 1 
2471230962 1503 1783668319.852 1 
2481231970 1504 1783668319.903 1 
2491230238 1505 1783668319.953 1 
2501229817 1506 1783668320.003 1 
2511231296 1507 1783668320.052 1 
2521229726 1508 1783668320.103 1 
2531229069 1509 1783668320.152 1 
2541229241 1510 1783668320.203 1 
2551229264 1511 1783668320.253 1 
2561229609 1512 1783668320.303 1 
2571229235 1513 1783668320.352 1 
2581229670 1514 1783668320.403 1 
2591229231 1515 1783668320.452 1 
2601228930 1516 1783668320.503 1 
2611229345 1517 1783668320.552 1 
2621228693 1518 1783668320.603 1 
2631229396 1519 1783668320.653 1 
2641229576 1520 1783668320.703 1 
2651265062 1521 1783668320.753 1 
2661229198 1522 1783668320.803 1 
2671296489 1523 1783668320.853 1 
2681230828 1524 1783668320.903 1 
2691230133 1525 1783668320.953 1 
2701230280 1526 1783668321.003 1 
2711294792 1527 1783668321.053 1 
2721229646 1528 1783668321.103 1 
2731228836 1529 1783668321.153 1 
2741229045 1530 1783668321.203 1 
2751230192 1531 1783668321.253 1 
2761231442 1532 1783668321.303 1 
2771229245 1533 1783668321.353 1 
2781229928 1534 1783668321.403 1 
2791229119 1535 1783668321.453 1 
2801229327 1536 1783668321.503 1 
2811230632 1537 1783668321.553 1 
2821228660 1538 1783668321.603 1 
2831246280 1539 1783668321.653 1 
2841229387 1540 1783668321.703 1 
2851264504 1541 1783668321.753 1 
2861229052 1542 1783668321.803 1 
2871230999 1543 1783668321.853 1 
2881229383 1544 1783668321.903 1 
2891229052 1545 1783668321.953 1 
2901228804 1546 1783668322.003 1 
2911231383 1547 1783668322.053 1 
2921228776 1548 1783668322.103 1 
2931228924 1549 1783668322.153 1 
2941229947 1550 1783668322.203 1 
2951229233 1551 1783668322.253 1 
2961232303 1552 1783668322.303 1 
2971229351 1553 1783668322.353 1 
2981231242 1554 1783668322.403 1 
2991230883 1555 1783668322.453 1 
3001230041 1556 1783668322.503 1 
3011230457 1557 1783668322.553 1 
3021230279 1558 1783668322.603 1 
3031228849 1559 1783668322.653 1 
3041228640 1560 1783668322.703 1 
3051320217 1561 1783668322.753 1 
3061228640 1562 1783668322.803 1 
3071229870 1563 1783668322.853 1 
3081228243 1564 1783668322.903 1 
3091228473 1565 1783668322.953 1 
3101228613 1566 1783668323.003 1 
3111228078 1567 1783668323.053 1 
3121228976 1568 1783668323.103 1 
3131227408 1569 1783668323.153 1 
3141230202 1570 1783668323.203 1 
3151229700 1571 1783668323.253 1 
3161229317 1572 1783668323.303 1 
3171228284 1573 1783668323.353 1 
3181228876 1574 1783668323.403 1 
3191230210 1575 1783668323.453 1 
3201229253 1576 1783668323.503 1 
3211229538 1577 1783668323.553 1 
3221229496 1578 1783668323.603 1 
3231228529 1579 1783668323.653 1 
3241228521 1580 1783668323.703 1 
3251263513 1581 1783668323.753 1 
3261229892 1582 1783668323.803 1 
3271230511 1583 1783668323.853 1 
3281230326 1584 1783668323.903 1 
3291230346 1585 1783668323.953 1 
3301229635 1586 1783668324.003 1 
3311296911 1587 1783668324.053 1 
3321228798 1588 1783668324.103 1 
3331297096 1589 1783668324.153 1 
3341230706 1590 1783668324.203 1 
3351230363 1591 1783668324.253 1 
3361230680 1592 1783668324.303 1 
3371228970 1593 1783668324.353 1 
3381227956 1594 1783668324.403 1 
3391228765 1595 1783668324.453 1 
3401228370 1596 1783668324.503 1 
3411231714 1597 1783668324.553 1 
3421231569 1598 1783668324.603 1 
3431232408 1599 1783668324.653 1 
3441228366 1600 1783668324.703 1 
3451266938 1601 1783668324.753 1 
3461231414 1602 1783668324.803 1 
3471228903 1603 1783668324.853 1 
3481231469 1604 1783668324.903 1 
3491229560 1605 1783668324.953 1 
3501228405 1606 1783668325.003 1 
3511231092 1607 1783668325.053 1 
3521228555 1608 1783668325.103 1 
3531230549 1609 1783668325.153 1 
3541296488 1610 1783668325.203 1 
3551228713 1611 1783668325.253 1 
3561229670 1612 1783668325.303 1 
3571230623 1613 1783668325.353 1 
3581229749 1614 1783668325.403 1 
3591230686 1615 1783668325.453 1 
3601229046 1616 1783668325.504 1 
3611230411 1617 1783668325.553 1 
3621230735 1618 1783668325.603 1 
3631229908 1619 1783668325.653 1 
3641229416 1620 1783668325.703 1 
3651245563 1621 1783668325.753 1 
3661230875 1622 1783668325.803 1 
3671228603 1623 1783668325.853 1 
3681230923 1624 1783668325.903 1 
3691231572 1625 1783668325.953 1 
3701228345 1626 1783668326.003 1 
3711230684 1627 1783668326.053 1 
3721230328 1628 1783668326.103 1 
3731228106 1629 1783668326.153 1 
3741228553 1630 1783668326.203 1 
3751229690 1631 1783668326.253 1 
3761244948 1632 1783668326.303 1 
3771230943 1633 1783668326.353 1 
3781295402 1634 1783668326.403 1 
3791232329 1635 1783668326.453 1 
3801229754 1636 1783668326.503 1 
3811229974 1637 1783668326.553 1 
3821229974 1638 1783668326.603 1 
3831229060 1639 1783668326.653 1 
3841231239 1640 1783668326.703 1 
3851321014 1641 1783668326.753 1 
3861231018 1642 1783668326.803 1 
3871297520 1643 1783668326.853 1 
3881229860 1644 1783668326.903 1 
3891229641 1645 1783668326.953 1 
3901231152 1646 1783668327.003 1 
3911229499 1647 1783668327.053 1 
3921229755 1648 1783668327.103 1 
3931230334 1649 1783668327.153 1 
3941231630 1650 1783668327.203 1 
3951229896 1651 1783668327.253 1 
3961229871 1652 1783668327.303 1 
3971228550 1653 1783668327.353 1 
3981229744 1654 1783668327.403 1 
3991228910 1655 1783668327.453 1 
4001229042 1656 1783668327.503 1 
4011230030 1657 1783668327.553 1 
4021229667 1658 1783668327.603 1 
4031297297 1659 1783668327.653 1 
4041229005 1660 1783668327.703 1 
4051264142 1661 1783668327.753 1 
4061228302 1662 1783668327.803 1 
4071230608 1663 1783668327.853 1 
4081228464 1664 1783668327.903 1 
4091230682 1665 1783668327.953 1 
4101297146 1666 1783668328.003 1 
4111229703 1667 1783668328.053 1 
4121227955 1668 1783668328.103 1 
4131229636 1669 1783668328.153 1 
4141231790 1670 1783668328.203 1 
4151229139 1671 1783668328.253 1 
4161229545 1672 1783668328.303 1 
4171230634 1673 1783668328.353 1 
4181228823 1674 1783668328.403 1 
4191229515 1675 1783668328.453 1 
4201229100 1676 1783668328.503 1 
4211296629 1677 1783668328.553 1 
4221229823 1678 1783668328.603 1 
4231230557 1679 1783668328.653 1 
4241229240 1680 1783668328.703 1 
4251285589 1681 1783668328.753 1 
4261371676 1682 1783668328.803 1 
4271229563 1683 1783668328.854 1 
4281231265 1684 1783668328.903 1 
4291229525 1685 1783668328.953 1 
6262384 1686 1783668329.003 1 
16262528 1687 1783668329.053 1 
26328552 1688 1783668329.103 1 
36263777 1689 1783668329.153 1 
46261995 1690 1783668329.203 1 
56262795 1691 1783668329.253 1 
66261002 1692 1783668329.303 1 
76261558 1693 1783668329.353 1 
86263049 1694 1783668329.403 1 
96328815 1695 1783668329.453 1 
106262349 1696 1783668329.503 1 
116262951 1697 1783668329.553 1 
126264279 1698 1783668329.603 1 
136261924 1699 1783668329.653 1 
146261721 1700 1783668329.703 1 
156316003 1701 1783668329.753 1 
166264056 1702 1783668329.803 1 
176329056 1703 1783668329.853 1 
186261609 1704 1783668329.904 1 
196263317 1705 1783668329.953 1 
206278401 1706 1783668330.003 1 
216262139 1707 1783668330.053 1 
226261653 1708 1783668330.103 1 
236262730 1709 1783668330.153 1 
246262345 1710 1783668330.203 1 
256260390 1711 1783668330.253 1 
266262432 1712 1783668330.303 1 
276261253 1713 1783668330.353 1 
286261912 1714 1783668330.403 1 
296260737 1715 1783668330.453 1 
306262605 1716 1783668330.504 1 
316261374 1717 1783668330.553 1 
326262843 1718 1783668330.603 1 
336263467 1719 1783668330.653 1 
346260516 1720 1783668330.703 1 
356375654 1721 1783668330.753 1 
366404295 1722 1783668330.804 1 
376263142 1723 1783668330.854 1 
386260591 1724 1783668330.903 1 
396262008 1725 1783668330.953 1 
406262011 1726 1783668331.003 1 
416262921 1727 1783668331.053 1 
426263259 1728 1783668331.103 1 
436263266 1729 1783668331.153 1 
446280774 1730 1783668331.203 1 
456263023 1731 1783668331.253 1 
466328404 1732 1783668331.303 1 
476262887 1733 1783668331.353 1 
486262643 1734 1783668331.403 1 
496262475 1735 1783668331.453 1 
506263326 1736 1783668331.503 1 
516262702 1737 1783668331.553 1 
526263691 1738 1783668331.603 1 
536273204 1739 1783668331.653 1 
546328949 1740 1783668331.703 1 
556277835 1741 1783668331.753 1 
566262557 1742 1783668331.803 1 
576263221 1743 1783668331.853 1 
586262922 1744 1783668331.903 1 
596262576 1745 1783668331.953 1 
606263268 1746 1783668332.003 1 
616262627 1747 1783668332.053 1 
626262548 1748 1783668332.103 1 
636261796 1749 1783668332.153 1 
646261330 1750 1783668332.203 1 
656262949 1751 1783668332.253 1 
666262773 1752 1783668332.303 1 
676262357 1753 1783668332.353 1 
686261674 1754 1783668332.403 1 
696262384 1755 1783668332.453 1 
706264420 1756 1783668332.503 1 
716264255 1757 1783668332.553 1 
726261097 1758 1783668332.603 1 
736262608 1759 1783668332.653 1 
746261567 1760 1783668332.703 1 
756410175 1761 1783668332.753 1 
766267069 1762 1783668332.804 1 
776264551 1763 1783668332.853 1 
786262101 1764 1783668332.903 1 
796263517 1765 1783668332.953 1 
806262539 1766 1783668333.003 1 
816260453 1767 1783668333.053 1 
826261619 1768 1783668333.103 1 
836262031 1769 1783668333.153 1 
846260972 1770 1783668333.203 1 
856260677 1771 1783668333.253 1 
866262251 1772 1783668333.303 1 
876264244 1773 1783668333.353 1 
886262690 1774 1783668333.403 1 
896262632 1775 1783668333.453 1 
906263753 1776 1783668333.503 1 
916262798 1777 1783668333.553 1 
926262220 1778 1783668333.603 1 
936262478 1779 1783668333.653 1 
946261445 1780 1783668333.703 1 
956320163 1781 1783668333.753 1 
966263451 1782 1783668333.804 1 
976264677 1783 1783668333.853 1 
986262760 1784 1783668333.903 1 
996262375 1785 1783668333.953 1 
1006260772 1786 1783668334.003 1 
1016346028 1787 1783668334.053 1 
1026277659 1788 1783668334.104 1 
1036263433 1789 1783668334.153 1 
1046264120 1790 1783668334.203 1 
1056264190 1791 1783668334.253 1 
1066262131 1792 1783668334.303 1 
1076261205 1793 1783668334.353 1 
1086261967 1794 1783668334.403 1 
1096262423 1795 1783668334.453 1 
1106263156 1796 1783668334.503 1 
1116261126 1797 1783668334.553 1 
1126262437 1798 1783668334.603 1 
1136260392 1799 1783668334.653 1 
1146329036 1800 1783668334.703 1 
1156298202 1801 1783668334.754 1 
1166262580 1802 1783668334.803 1 
1176262615 1803 1783668334.853 1 
1186263524 1804 1783668334.903 1 
1196263264 1805 1783668334.953 1 
1206261632 1806 1783668335.003 1 
1216263005 1807 1783668335.053 1 
1226261853 1808 1783668335.103 1 
1236262367 1809 1783668335.153 1 
1246261044 1810 1783668335.203 1 
1256263719 1811 1783668335.253 1 
1266262857 1812 1783668335.303 1 
1276261623 1813 1783668335.353 1 
1286263107 1814 1783668335.403 1 
1296261636 1815 1783668335.455 1 
1306261662 1816 1783668335.504 1 
1316261990 1817 1783668335.553 1 
1326264075 1818 1783668335.603 1 
1336262260 1819 1783668335.653 1 
1346261857 1820 1783668335.703 1 
1356353656 1821 1783668335.753 1 
1366264030 1822 1783668335.804 1 
1376262835 1823 1783668335.853 1 
1386262007 1824 1783668335.904 1 
1396263068 1825 1783668335.953 1 
1406261325 1826 1783668336.003 1 
1416262480 1827 1783668336.053 1 
1426262183 1828 1783668336.103 1 
1436262734 1829 1783668336.153 1 
1446262829 1830 1783668336.203 1 
1456329522 1831 1783668336.253 1 
1466262839 1832 1783668336.304 1 
1476261921 1833 1783668336.353 1 
1486261495 1834 1783668336.403 1 
1496264222 1835 1783668336.453 1 
1506263436 1836 1783668336.503 1 
1516261773 1837 1783668336.553 1 
1526261951 1838 1783668336.603 1 
1536261842 1839 1783668336.653 1 
1546263623 1840 1783668336.703 1 
1556279481 1841 1783668336.753 1 
1566260911 1842 1783668336.804 1 
1576263090 1843 1783668336.853 1 
1586262241 1844 1783668336.904 1 
1596262657 1845 1783668336.953 1 
1606261705 1846 1783668337.003 1 
1616263899 1847 1783668337.053 1 
1626261670 1848 1783668337.103 1 
1636262399 1849 1783668337.153 1 
1646263250 1850 1783668337.203 1 
1656328515 1851 1783668337.253 1 
1666262825 1852 1783668337.304 1 
1676260502 1853 1783668337.353 1 
1686261060 1854 1783668337.403 1 
1696263491 1855 1783668337.453 1 
1706263459 1856 1783668337.503 1 
1716260563 1857 1783668337.553 1 
1726263585 1858 1783668337.604 1 
1736261596 1859 1783668337.653 1 
1746263168 1860 1783668337.703 1 
1756353318 1861 1783668337.753 1 
1766263128 1862 1783668337.804 1 
1776263365 1863 1783668337.853 1 
1786262928 1864 1783668337.904 1 
1796263136 1865 1783668337.953 1 
1806328468 1866 1783668338.004 1 
1816261588 1867 1783668338.054 1 
1826262079 1868 1783668338.104 1 
1836259562 1869 1783668338.153 1 
1846327427 1870 1783668338.203 1 
1856263139 1871 1783668338.254 1 
1866263413 1872 1783668338.304 1 
1876262624 1873 1783668338.353 1 
1886263253 1874 1783668338.403 1 
1896262463 1875 1783668338.454 1 
1906262169 1876 1783668338.504 1 
1916262648 1877 1783668338.553 1 
1926262024 1878 1783668338.604 1 
1936262819 1879 1783668338.653 1 
1946261994 1880 1783668338.703 1 
1956354458 1881 1783668338.753 1 
1966261941 1882 1783668338.804 1 
1976262146 1883 1783668338.854 1 
1986260466 1884 1783668338.904 1 
1996262284 1885 1783668338.954 1 
2006263875 1886 1783668339.003 1 
2016262509 1887 1783668339.054 1 
2026263122 1888 1783668339.104 1 
2036263610 1889 1783668339.154 1 
2046262023 1890 1783668339.203 1 
2056263013 1891 1783668339.254 1 
2066262879 1892 1783668339.304 1 
2076328103 1893 1783668339.354 1 
2086263165 1894 1783668339.404 1 
2096263013 1895 1783668339.454 1 
2106262359 1896 1783668339.503 1 
2116262192 1897 1783668339.554 1 
2126262686 1898 1783668339.603 1 
2136262282 1899 1783668339.654 1 
2146262760 1900 1783668339.703 1 
2156317137 1901 1783668339.754 1 
2166263115 1902 1783668339.804 1 
2176262411 1903 1783668339.854 1 
2186262942 1904 1783668339.904 1 
2196261169 1905 1783668339.954 1 
2206264174 1906 1783668340.003 1 
2216261643 1907 1783668340.054 1 
2226262159 1908 1783668340.104 1 
2236262232 1909 1783668340.154 1 
2246263823 1910 1783668340.204 1 
2256262836 1911 1783668340.254 1 
2266262941 1912 1783668340.304 1 
2276264008 1913 1783668340.354 1 
2286280727 1914 1783668340.404 1 
2296262003 1915 1783668340.454 1 
2306262892 1916 1783668340.504 1 
2316262510 1917 1783668340.554 1 
2326261717 1918 1783668340.604 1 
2336261752 1919 1783668340.654 1 
2346264397 1920 1783668340.704 1 
2356296670 1921 1783668340.754 1 
2366262360 1922 1783668340.804 1 
2376263189 1923 1783668340.854 1 
2386264681 1924 1783668340.904 1 
2396261748 1925 1783668340.954 1 
2406263586 1926 1783668341.004 1 
2416262738 1927 1783668341.054 1 
2426262314 1928 1783668341.104 1 
2436261941 1929 1783668341.154 1 
2446263442 1930 1783668341.204 1 
2456264480 1931 1783668341.254 1 
2466329304 1932 1783668341.304 1 
2476260954 1933 1783668341.354 1 
2486263384 1934 1783668341.404 1 
2496262813 1935 1783668341.454 1 
2506262743 1936 1783668341.504 1 
2516261673 1937 1783668341.554 1 
2526262955 1938 1783668341.604 1 
2536263422 1939 1783668341.654 1 
2546261819 1940 1783668341.704 1 
2556298602 1941 1783668341.754 1 
2566263116 1942 1783668341.804 1 
2576263776 1943 1783668341.854 1 
2586261997 1944 1783668341.904 1 
2596262100 1945 1783668341.954 1 
2606262658 1946 1783668342.004 1 
2616264064 1947 1783668342.054 1 
2626262548 1948 1783668342.104 1 
2636262105 1949 1783668342.154 1 
2646262736 1950 1783668342.204 1 
2656260446 1951 1783668342.254 1 
2666262425 1952 1783668342.304 1 
2676262991 1953 1783668342.354 1 
2686263200 1954 1783668342.404 1 
2696262154 1955 1783668342.454 1 
2706263014 1956 1783668342.504 1 
2716261399 1957 1783668342.554 1 
2726263805 1958 1783668342.604 1 
2736263510 1959 1783668342.654 1 
2746263485 1960 1783668342.704 1 
2756354003 1961 1783668342.754 1 
2766262132 1962 1783668342.804 1 
2776263527 1963 1783668342.854 1 
2786262075 1964 1783668342.904 1 
2796262831 1965 1783668342.954 1 
2806263200 1966 1783668343.004 1 
2816261130 1967 1783668343.054 1 
2826261819 1968 1783668343.104 1 
2836261478 1969 1783668343.154 1 
2846263598 1970 1783668343.204 1 
2856351493 1971 1783668343.254 1 
2866262236 1972 1783668343.304 1 
2876262360 1973 1783668343.354 1 
2886262915 1974 1783668343.404 1 
2896262101 1975 1783668343.454 1 
2906279024 1976 1783668343.504 1 
2916329572 1977 1783668343.554 1 
2926259405 1978 1783668343.604 1 
2936261922 1979 1783668343.654 1 
2946261331 1980 1783668343.704 1 
2956297471 1981 1783668343.754 1 
2966280322 1982 1783668343.804 1 
2976262255 1983 1783668343.854 1 
2986329788 1984 1783668343.904 1 
2996277846 1985 1783668343.954 1 
3006261853 1986 1783668344.004 1 
3016261140 1987 1783668344.054 1 
3026276718 1988 1783668344.104 1 
3036262571 1989 1783668344.154 1 
3046262468 1990 1783668344.204 1 
3056262575 1991 1783668344.254 1 
3066263067 1992 1783668344.304 1 
3076262346 1993 1783668344.354 1 
3086263447 1994 1783668344.404 1 
3096263049 1995 1783668344.454 1 
3106261461 1996 1783668344.504 1 
3116328550 1997 1783668344.554 1 
3126262465 1998 1783668344.604 1 
3136263221 1999 1783668344.654 1 
3146261998 2000 1783668344.704 1 
3156279071 2001 1783668344.754 1 
3166261300 2002 1783668344.804 1 
3176261709 2003 1783668344.854 1 
3186262474 2004 1783668344.904 1 
3196262399 2005 1783668344.954 1 
3206262725 2006 1783668345.004 1 
3216263199 2007 1783668345.054 1 
3226263391 2008 1783668345.104 1 
3236263359 2009 1783668345.154 1 
3246261934 2010 1783668345.204 1 
3256260971 2011 1783668345.254 1 
3266277348 2012 1783668345.304 1 
3276262289 2013 1783668345.354 1 
3286262371 2014 1783668345.404 1 
3296264103 2015 1783668345.454 1 
3306262836 2016 1783668345.504 1 
3316261790 2017 1783668345.555 1 
3326263028 2018 1783668345.604 1 
3336262698 2019 1783668345.654 1 
3346261192 2020 1783668345.704 1 
3356266713 2021 1783668345.754 1 
3366263686 2022 1783668345.804 1 
3376264801 2023 1783668345.854 1 
3386262600 2024 1783668345.904 1 
3396262633 2025 1783668345.954 1 
3406277383 2026 1783668346.004 1 
3416261144 2027 1783668346.054 1 
3426262477 2028 1783668346.104 1 
3436263291 2029 1783668346.154 1 
3446262760 2030 1783668346.204 1 
3456263555 2031 1783668346.254 1 
3466262570 2032 1783668346.304 1 
3476262565 2033 1783668346.354 1 
3486260686 2034 1783668346.404 1 
3496260969 2035 1783668346.454 1 
3506263188 2036 1783668346.504 1 
3516261896 2037 1783668346.554 1 
3526261460 2038 1783668346.604 1 
3536262442 2039 1783668346.654 1 
3546262442 2040 1783668346.704 1 
3556354822 2041 1783668346.754 1 
3566261706 2042 1783668346.804 1 
3576261999 2043 1783668346.854 1 
3586262080 2044 1783668346.904 1 
3596261064 2045 1783668346.954 1 
3606262827 2046 1783668347.004 1 
3616262036 2047 1783668347.054 1 
3626262123 2048 1783668347.104 1 
3636261542 2049 1783668347.154 1 
3646263311 2050 1783668347.204 1 
3656263553 2051 1783668347.254 1 
3666261196 2052 1783668347.304 1 
3676263983 2053 1783668347.354 1 
3686264210 2054 1783668347.404 1 
3696262672 2055 1783668347.454 1 
3706263158 2056 1783668347.504 1 
3716262144 2057 1783668347.554 1 
3726262461 2058 1783668347.604 1 
3736262079 2059 1783668347.654 1 
3746262962 2060 1783668347.704 1 
3756354238 2061 1783668347.754 1 
3766263038 2062 1783668347.804 1 
3776262531 2063 1783668347.854 1 
3786261586 2064 1783668347.904 1 
3796263191 2065 1783668347.954 1 
3806263026 2066 1783668348.004 1 
3816261805 2067 1783668348.054 1 
3826262513 2068 1783668348.104 1 
3836263435 2069 1783668348.154 1 
3846261581 2070 1783668348.204 1 
3856262301 2071 1783668348.254 1 
3866260356 2072 1783668348.304 1 
3876264003 2073 1783668348.354 1 
3886263478 2074 1783668348.404 1 
3896261787 2075 1783668348.454 1 
3906262733 2076 1783668348.504 1 
3916262835 2077 1783668348.554 1 
3926261278 2078 1783668348.604 1 
3936261661 2079 1783668348.654 1 
3946261942 2080 1783668348.704 1 
3956414716 2081 1783668348.754 1 
3966262847 2082 1783668348.805 1 
3976262664 2083 1783668348.854 1 
3986261281 2084 1783668348.904 1 
3996263769 2085 1783668348.954 1 
4006262943 2086 1783668349.004 1 
4016263039 2087 1783668349.054 1 
4026262685 2088 1783668349.104 1 
4036261398 2089 1783668349.154 1 
4046263206 2090 1783668349.204 1 
4056262700 2091 1783668349.254 1 
4066261310 2092 1783668349.304 1 
4076259955 2093 1783668349.354 1 
4086263202 2094 1783668349.404 1 
4096262225 2095 1783668349.454 1 
4106264864 2096 1783668349.504 1 
4116263638 2097 1783668349.554 1 
4126261091 2098 1783668349.604 1 
4136261576 2099 1783668349.654 1 
4146264001 2100 1783668349.704 1 
4156278796 2101 1783668349.754 1 
4166261454 2102 1783668349.804 1 
4176262089 2103 1783668349.854 1 
4186262775 2104 1783668349.904 1 
4196260857 2105 1783668349.954 1 
4206262882 2106 1783668350.004 1 
4216262479 2107 1783668350.054 1 
4226262484 2108 1783668350.104 1 
4236262664 2109 1783668350.154 1 
4246280178 2110 1783668350.204 1 
4256263400 2111 1783668350.254 1 
4266262882 2112 1783668350.304 1 
4276328840 2113 1783668350.354 1 
4286262288 2114 1783668350.404 1 
1293912 2115 1783668350.454 1 
11294066 2116 1783668350.504 1 
21294933 2117 1783668350.556 1 
31309208 2118 1783668350.604 1 
41296181 2119 1783668350.654 1 
51311543 2120 1783668350.704 1 
61311500 2121 1783668350.754 1 
71296127 2122 1783668350.804 1 
81294824 2123 1783668350.854 1 
91295806 2124 1783668350.904 1 
101295325 2125 1783668350.954 1 
111296818 2126 1783668351.004 1 
121297131 2127 1783668351.054 1 
131293276 2128 1783668351.104 1 
141296185 2129 1783668351.154 1 
151293302 2130 1783668351.204 1 
161295519 2131 1783668351.254 1 
171294962 2132 1783668351.304 1 
181295516 2133 1783668351.354 1 
191293639 2134 1783668351.404 1 
201295874 2135 1783668351.454 1 
211295467 2136 1783668351.504 1 
221295089 2137 1783668351.554 1 
231293710 2138 1783668351.604 1 
241296289 2139 1783668351.654 1 
251294958 2140 1783668351.704 1 
261447521 2141 1783668351.754 1 
271296085 2142 1783668351.805 1 
281295653 2143 1783668351.854 1 
291295952 2144 1783668351.904 1 
301295154 2145 1783668351.954 1 
311293985 2146 1783668352.004 1 
321294521 2147 1783668352.054 1 
331293481 2148 1783668352.104 1 
341294398 2149 1783668352.154 1 
351295443 2150 1783668352.204 1 
361293939 2151 1783668352.254 1 
371295455 2152 1783668352.304 1 
381293245 2153 1783668352.354 1 
391293873 2154 1783668352.404 1 
401292848 2155 1783668352.454 1 
411295242 2156 1783668352.504 1 
421296495 2157 1783668352.554 1 
431362743 2158 1783668352.604 1 
441292457 2159 1783668352.655 1 
451296504 2160 1783668352.704 1 
461387793 2161 1783668352.754 1 
471297088 2162 1783668352.805 1 
481295276 2163 1783668352.854 1 
491295475 2164 1783668352.904 1 
501295254 2165 1783668352.954 1 
511294071 2166 1783668353.004 1 
521294749 2167 1783668353.054 1 
531315009 2168 1783668353.104 1 
541295540 2169 1783668353.154 1 
551294181 2170 1783668353.204 1 
561296936 2171 1783668353.254 1 
571296520 2172 1783668353.304 1 
581296151 2173 1783668353.354 1 
591296084 2174 1783668353.404 1 
601295340 2175 1783668353.454 1 
611295500 2176 1783668353.504 1 
621294439 2177 1783668353.554 1 
631294307 2178 1783668353.604 1 
641296117 2179 1783668353.654 1 
651295745 2180 1783668353.704 1 
661335520 2181 1783668353.754 1 
671295571 2182 1783668353.804 1 
681294219 2183 1783668353.854 1 
691295043 2184 1783668353.904 1 
701294395 2185 1783668353.954 1 
711295732 2186 1783668354.004 1 
721295326 2187 1783668354.054 1 
731294289 2188 1783668354.104 1 
741296718 2189 1783668354.154 1 
751296613 2190 1783668354.204 1 
761294512 2191 1783668354.254 1 
771294638 2192 1783668354.304 1 
781294172 2193 1783668354.354 1 
791294375 2194 1783668354.404 1 
801294421 2195 1783668354.454 1 
811362443 2196 1783668354.504 1 
821296109 2197 1783668354.555 1 
831297786 2198 1783668354.604 1 
841295426 2199 1783668354.654 1 
851297015 2200 1783668354.704 1 
861310602 2201 1783668354.754 1 
871295384 2202 1783668354.804 1 
881296070 2203 1783668354.854 1 
891293708 2204 1783668354.904 1 
901294678 2205 1783668354.954 1 
911294928 2206 1783668355.004 1 
921295404 2207 1783668355.054 1 
931296163 2208 1783668355.104 1 
941294726 2209 1783668355.154 1 
951294310 2210 1783668355.204 1 
961297033 2211 1783668355.254 1 
971294338 2212 1783668355.304 1 
981295436 2213 1783668355.354 1 
991295989 2214 1783668355.404 1 
1001311825 2215 1783668355.454 1 
1011295469 2216 1783668355.504 1 
1021296956 2217 1783668355.556 1 
1031295069 2218 1783668355.604 1 
1041295334 2219 1783668355.654 1 
1051296082 2220 1783668355.704 1 
1061310850 2221 1783668355.754 1 
1071293821 2222 1783668355.804 1 
1081294767 2223 1783668355.854 1 
1091296617 2224 1783668355.904 1 
1101296082 2225 1783668355.954 1 
1111295841 2226 1783668356.004 1 
1121294928 2227 1783668356.055 1 
1131314163 2228 1783668356.104 1 
1141294827 2229 1783668356.155 1 
1151294586 2230 1783668356.204 1 
1161295010 2231 1783668356.254 1 
1171362768 2232 1783668356.304 1 
1181294161 2233 1783668356.355 1 
1191295104 2234 1783668356.404 1 
1201296730 2235 1783668356.454 1 
1211293779 2236 1783668356.504 1 
1221293660 2237 1783668356.554 1 
1231293909 2238 1783668356.604 1 
1241294742 2239 1783668356.654 1 
1251294660 2240 1783668356.704 1 
1261352904 2241 1783668356.754 1 
1271438193 2242 1783668356.805 1 
1281296623 2243 1783668356.855 1 
1291296464 2244 1783668356.904 1 
1301296149 2245 1783668356.954 1 
1311296247 2246 1783668357.004 1 
1321295014 2247 1783668357.055 1 
1331296001 2248 1783668357.104 1 
1341294614 2249 1783668357.154 1 
1351295447 2250 1783668357.204 1 
1361312866 2251 1783668357.255 1 
1371295554 2252 1783668357.304 1 
1381294351 2253 1783668357.354 1 
1391295866 2254 1783668357.404 1 
1401294186 2255 1783668357.454 1 
1411361273 2256 1783668357.504 1 
1421294083 2257 1783668357.555 1 
1431310138 2258 1783668357.604 1 
1441294912 2259 1783668357.655 1 
1451294645 2260 1783668357.704 1 
1461310610 2261 1783668357.755 1 
1471294887 2262 1783668357.804 1 
1481294894 2263 1783668357.855 1 
1491295933 2264 1783668357.905 1 
1501295671 2265 1783668357.955 1 
1511296501 2266 1783668358.004 1 
1521296394 2267 1783668358.055 1 
1531293065 2268 1783668358.105 1 
1541294295 2269 1783668358.155 1 
1551294723 2270 1783668358.204 1 
1561294657 2271 1783668358.255 1 
1571296001 2272 1783668358.304 1 
1581295502 2273 1783668358.355 1 
1591296019 2274 1783668358.405 1 
1601297495 2275 1783668358.455 1 
1611294598 2276 1783668358.504 1 
1621293938 2277 1783668358.555 1 
1631294676 2278 1783668358.604 1 
1641295335 2279 1783668358.655 1 
1651293835 2280 1783668358.704 1 
1661329938 2281 1783668358.755 1 
1671294534 2282 1783668358.805 1 
1681292526 2283 1783668358.855 1 
1691295003 2284 1783668358.905 1 
1701295354 2285 1783668358.955 1 
1711295853 2286 1783668359.005 1 
1721294178 2287 1783668359.055 1 
1731295655 2288 1783668359.105 1 
1741297835 2289 1783668359.155 1 
1751361855 2290 1783668359.205 1 
1761294693 2291 1783668359.255 1 
1771295123 2292 1783668359.305 1 
1781294852 2293 1783668359.355 1 
1791295920 2294 1783668359.405 1 
1801296275 2295 1783668359.455 1 
1811295533 2296 1783668359.505 1 
1821297250 2297 1783668359.555 1 
1831295555 2298 1783668359.605 1 
1841296633 2299 1783668359.655 1 
1851294333 2300 1783668359.705 1 
1861385635 2301 1783668359.755 1 
1871295865 2302 1783668359.805 1 
1881295702 2303 1783668359.855 1 
1891293849 2304 1783668359.905 1 
1901294918 2305 1783668359.955 1 
1911294401 2306 1783668360.005 1 
1921295345 2307 1783668360.055 1 
1931297106 2308 1783668360.105 1 
1941295099 2309 1783668360.155 1 
1951293577 2310 1783668360.205 1 
1961295015 2311 1783668360.255 1 
1971295577 2312 1783668360.305 1 
1981312458 2313 1783668360.355 1 
1991293318 2314 1783668360.405 1 
2001295628 2315 1783668360.455 1 
2011294441 2316 1783668360.505 1 
2021294136 2317 1783668360.557 1 
2031294090 2318 1783668360.605 1 
2041294466 2319 1783668360.655 1 
2051295264 2320 1783668360.705 1 
2061330330 2321 1783668360.755 1 
2071296840 2322 1783668360.805 1 
2081296137 2323 1783668360.855 1 
2091296097 2324 1783668360.905 1 
2101295768 2325 1783668360.955 1 
2111296155 2326 1783668361.005 1 
2121294403 2327 1783668361.055 1 
2131295576 2328 1783668361.105 1 
2141295072 2329 1783668361.155 1 
2151294920 2330 1783668361.205 1 
2161296564 2331 1783668361.255 1 
2171295222 2332 1783668361.305 1 
2181294943 2333 1783668361.355 1 
2191296782 2334 1783668361.405 1 
2201295142 2335 1783668361.455 1 
2211295565 2336 1783668361.505 1 
2221295283 2337 1783668361.555 1 
2231295737 2338 1783668361.605 1 
2241295649 2339 1783668361.655 1 
2251295112 2340 1783668361.705 1 
2261397228 2341 1783668361.755 1 
2271295387 2342 1783668361.805 1 
2281295520 2343 1783668361.855 1 
2291295883 2344 1783668361.905 1 
2301295089 2345 1783668361.955 1 
2311295136 2346 1783668362.005 1 
2321293948 2347 1783668362.055 1 
2331294032 2348 1783668362.105 1 
2341294819 2349 1783668362.155 1 
2351292648 2350 1783668362.205 1 
2361295407 2351 1783668362.255 1 
2371295078 2352 1783668362.305 1 
2381295408 2353 1783668362.355 1 
2391295271 2354 1783668362.405 1 
2401294960 2355 1783668362.455 1 
2411294693 2356 1783668362.505 1 
2421293733 2357 1783668362.555 1 
2431294523 2358 1783668362.605 1 
2441294885 2359 1783668362.655 1 
2451294403 2360 1783668362.705 1 
2461329329 2361 1783668362.755 1 
2471293859 2362 1783668362.805 1 
2481294532 2363 1783668362.855 1 
2491296955 2364 1783668362.905 1 
2501295058 2365 1783668362.955 1 
2511294104 2366 1783668363.005 1 
2521296124 2367 1783668363.055 1 
2531294597 2368 1783668363.105 1 
2541294726 2369 1783668363.155 1 
2551294504 2370 1783668363.205 1 
2561296597 2371 1783668363.255 1 
2571294030 2372 1783668363.305 1 
2581295329 2373 1783668363.355 1 
2591296176 2374 1783668363.405 1 
2601293340 2375 1783668363.455 1 
2611294565 2376 1783668363.505 1 
2621294061 2377 1783668363.555 1 
2631296990 2378 1783668363.605 1 
2641296172 2379 1783668363.655 1 
2651296301 2380 1783668363.705 1 
2661331016 2381 1783668363.755 1 
2671294514 2382 1783668363.805 1 
2681293449 2383 1783668363.855 1 
2691296831 2384 1783668363.905 1 
2701295700 2385 1783668363.955 1 
2711295002 2386 1783668364.005 1 
2721295340 2387 1783668364.055 1 
2731294699 2388 1783668364.105 1 
2741294654 2389 1783668364.155 1 
2751295060 2390 1783668364.205 1 
2761295703 2391 1783668364.255 1 
2771296622 2392 1783668364.305 1 
2781294292 2393 1783668364.355 1 
2791363401 2394 1783668364.405 1 
2801294519 2395 1783668364.455 1 
2811293600 2396 1783668364.505 1 
2821295204 2397 1783668364.555 1 
2831295450 2398 1783668364.605 1 
2841295929 2399 1783668364.655 1 
2851294636 2400 1783668364.705 1 
2861310345 2401 1783668364.755 1 
2871362455 2402 1783668364.805 1 
2881292833 2403 1783668364.855 1 
2891296141 2404 1783668364.905 1 
2901296348 2405 1783668364.955 1 
2911294533 2406 1783668365.005 1 
2921295225 2407 1783668365.055 1 
2931293807 2408 1783668365.105 1 
2941295088 2409 1783668365.155 1 
2951295172 2410 1783668365.205 1 
2961294512 2411 1783668365.255 1 
2971295391 2412 1783668365.305 1 
2981293596 2413 1783668365.355 1 
2991294073 2414 1783668365.405 1 
3001295048 2415 1783668365.455 1 
3011295288 2416 1783668365.505 1 
3021294658 2417 1783668365.557 1 
3031295724 2418 1783668365.605 1 
3041293733 2419 1783668365.655 1 
3051295934 2420 1783668365.705 1 
3061353072 2421 1783668365.755 1 
3071439012 2422 1783668365.805 1 
3081296636 2423 1783668365.856 1 
3091296063 2424 1783668365.905 1 
3101296164 2425 1783668365.955 1 
3111295009 2426 1783668366.005 1 
3121295117 2427 1783668366.055 1 
3131296329 2428 1783668366.105 1 
3141295505 2429 1783668366.155 1 
3151294585 2430 1783668366.205 1 
3161295021 2431 1783668366.255 1 
3171295101 2432 1783668366.305 1 
3181295455 2433 1783668366.355 1 
3191294065 2434 1783668366.405 1 
3201294221 2435 1783668366.455 1 
3211296892 2436 1783668366.505 1 
3221295784 2437 1783668366.555 1 
3231295342 2438 1783668366.605 1 
3241295855 2439 1783668366.655 1 
3251295442 2440 1783668366.705 1 
3261443691 2441 1783668366.755 1 
3271295073 2442 1783668366.806 1 
3281294796 2443 1783668366.855 1 
3291295416 2444 1783668366.905 1 
3301293759 2445 1783668366.955 1 
3311294430 2446 1783668367.005 1 
3321295641 2447 1783668367.055 1 
3331294581 2448 1783668367.105 1 
3341295505 2449 1783668367.155 1 
3351295436 2450 1783668367.205 1 
3361294188 2451 1783668367.255 1 
3371295736 2452 1783668367.305 1 
3381296034 2453 1783668367.355 1 
3391294050 2454 1783668367.405 1 
3401293508 2455 1783668367.455 1 
3411294470 2456 1783668367.505 1 
3421292983 2457 1783668367.555 1 
3431295754 2458 1783668367.605 1 
3441295357 2459 1783668367.655 1 
3451295150 2460 1783668367.705 1 
3461366146 2461 1783668367.755 1 
3471296212 2462 1783668367.805 1 
3481294580 2463 1783668367.855 1 
3491295867 2464 1783668367.905 1 
3501294363 2465 1783668367.955 1 
3511294932 2466 1783668368.005 1 
3521294841 2467 1783668368.055 1 
3531295382 2468 1783668368.105 1 
3541361616 2469 1783668368.155 1 
3551294308 2470 1783668368.205 1 
3561294995 2471 1783668368.255 1 
3571296055 2472 1783668368.305 1 
3581297280 2473 1783668368.355 1 
3591294892 2474 1783668368.405 1 
3601293961 2475 1783668368.455 1 
3611298300 2476 1783668368.505 1 
3621293496 2477 1783668368.555 1 
3631296535 2478 1783668368.605 1 
3641295968 2479 1783668368.655 1 
3651295760 2480 1783668368.705 1 
3661310947 2481 1783668368.755 1 
3671296054 2482 1783668368.805 1 
3681295390 2483 1783668368.855 1 
3691313341 2484 1783668368.905 1 
3701312066 2485 1783668368.955 1 
3711295889 2486 1783668369.005 1 
3721296171 2487 1783668369.055 1 
3731294988 2488 1783668369.105 1 
3741295742 2489 1783668369.155 1 
3751294217 2490 1783668369.205 1 
3761295431 2491 1783668369.255 1 
3771296698 2492 1783668369.305 1 
3781295721 2493 1783668369.355 1 
3791295229 2494 1783668369.405 1 
3801295193 2495 1783668369.455 1 
3811294972 2496 1783668369.505 1 
3821297844 2497 1783668369.555 1 
3831295750 2498 1783668369.605 1 
3841296486 2499 1783668369.655 1 
3851294574 2500 1783668369.705 1 
3861330430 2501 1783668369.755 1 
3871293754 2502 1783668369.805 1 
3881297080 2503 1783668369.855 1 
3891296607 2504 1783668369.905 1 
3901293355 2505 1783668369.955 1 
3911315747 2506 1783668370.005 1 
3921294326 2507 1783668370.055 1 
3931295568 2508 1783668370.105 1 
3941296414 2509 1783668370.155 1 
3951295185 2510 1783668370.205 1 
3961294715 2511 1783668370.255 1 
3971295691 2512 1783668370.305 1 
3981294357 2513 1783668370.355 1 
3991294182 2514 1783668370.405 1 
4001295541 2515 1783668370.455 1 
4011294484 2516 1783668370.505 1 
4021293999 2517 1783668370.557 1 
4031295829 2518 1783668370.605 1 
4041295502 2519 1783668370.655 1 
4051294643 2520 1783668370.705 1 
4061328444 2521 1783668370.755 1 
4071294435 2522 1783668370.805 1 
4081294943 2523 1783668370.855 1 
4091293587 2524 1783668370.905 1 
4101295097 2525 1783668370.955 1 
4111294975 2526 1783668371.005 1 
4121295360 2527 1783668371.055 1 
4131295131 2528 1783668371.105 1 
4141294766 2529 1783668371.155 1 
4151293067 2530 1783668371.205 1 
4161295060 2531 1783668371.255 1 
4171294383 2532 1783668371.305 1 
4181295588 2533 1783668371.355 1 
4191295192 2534 1783668371.405 1 
4201295303 2535 1783668371.455 1 
4211296273 2536 1783668371.505 1 
4221294975 2537 1783668371.555 1 
4231294671 2538 1783668371.605 1 
4241295862 2539 1783668371.655 1 
4251295841 2540 1783668371.705 1 
4261329004 2541 1783668371.755 1 
4271295312 2542 1783668371.805 1 
4281295045 2543 1783668371.855 1 
4291294814 2544 1783668371.905 1 
6328835 2545 1783668371.955 1 
16328133 2546 1783668372.005 1 
26328003 2547 1783668372.055 1 
36328272 2548 1783668372.105 1 
46327500 2549 1783668372.155 1 
56327033 2550 1783668372.205 1 
66328928 2551 1783668372.255 1 
76328051 2552 1783668372.305 1 
86328071 2553 1783668372.355 1 
96328539 2554 1783668372.405 1 
106327193 2555 1783668372.455 1 
116326629 2556 1783668372.505 1 
126327143 2557 1783668372.555 1 
136328689 2558 1783668372.605 1 
146326930 2559 1783668372.655 1 
156394820 2560 1783668372.705 1 
166362562 2561 1783668372.756 1 
176328926 2562 1783668372.805 1 
186326053 2563 1783668372.855 1 
196325696 2564 1783668372.905 1 
206327078 2565 1783668372.955 1 
216327379 2566 1783668373.005 1 
226327280 2567 1783668373.055 1 
236327967 2568 1783668373.105 1 
246327370 2569 1783668373.155 1 
256327669 2570 1783668373.205 1 
266327670 2571 1783668373.255 1 
276328239 2572 1783668373.305 1 
286327928 2573 1783668373.355 1 
296327648 2574 1783668373.405 1 
306328175 2575 1783668373.455 1 
316327909 2576 1783668373.505 1 
326326890 2577 1783668373.556 1 
336325541 2578 1783668373.605 1 
346329268 2579 1783668373.655 1 
356327557 2580 1783668373.705 1 
366345768 2581 1783668373.755 1 
376328863 2582 1783668373.805 1 
386326925 2583 1783668373.855 1 
396328104 2584 1783668373.905 1 
406325773 2585 1783668373.955 1 
416328869 2586 1783668374.005 1 
426326714 2587 1783668374.055 1 
436327886 2588 1783668374.105 1 
446327184 2589 1783668374.155 1 
456326485 2590 1783668374.205 1 
466395260 2591 1783668374.255 1 
476325392 2592 1783668374.306 1 
486329070 2593 1783668374.355 1 
496328386 2594 1783668374.405 1 
506327738 2595 1783668374.455 1 
516330418 2596 1783668374.505 1 
526327563 2597 1783668374.555 1 
536327280 2598 1783668374.605 1 
546329208 2599 1783668374.655 1 
556328510 2600 1783668374.705 1 
566363681 2601 1783668374.755 1 
576327779 2602 1783668374.805 1 
586326888 2603 1783668374.855 1 
596328102 2604 1783668374.905 1 
606328305 2605 1783668374.955 1 
616327082 2606 1783668375.005 1 
626327102 2607 1783668375.055 1 
636327061 2608 1783668375.105 1 
646326702 2609 1783668375.155 1 
656328424 2610 1783668375.205 1 
666328835 2611 1783668375.255 1 
676324057 2612 1783668375.305 1 
686328425 2613 1783668375.355 1 
696329067 2614 1783668375.405 1 
706327336 2615 1783668375.455 1 
716328231 2616 1783668375.505 1 
726327864 2617 1783668375.556 1 
736329357 2618 1783668375.605 1 
746326842 2619 1783668375.655 1 
756329469 2620 1783668375.705 1 
766343178 2621 1783668375.755 1 
776326656 2622 1783668375.805 1 
786327924 2623 1783668375.855 1 
796394789 2624 1783668375.905 1 
806328939 2625 1783668375.956 1 
816329219 2626 1783668376.005 1 
826327134 2627 1783668376.055 1 
836327099 2628 1783668376.105 1 
846328503 2629 1783668376.155 1 
856327761 2630 1783668376.205 1 
866327688 2631 1783668376.255 1 
876328429 2632 1783668376.305 1 
886325848 2633 1783668376.355 1 
896327226 2634 1783668376.405 1 
906328279 2635 1783668376.455 1 
916328391 2636 1783668376.505 1 
926394216 2637 1783668376.555 1 
936326548 2638 1783668376.606 1 
946327696 2639 1783668376.655 1 
956328444 2640 1783668376.705 1 
966474657 2641 1783668376.755 1 
976329113 2642 1783668376.806 1 
986328259 2643 1783668376.855 1 
996328425 2644 1783668376.905 1 
1006328076 2645 1783668376.955 1 
1016328201 2646 1783668377.005 1 
1026326528 2647 1783668377.055 1 
1036327310 2648 1783668377.105 1 
1046328833 2649 1783668377.155 1 
1056328075 2650 1783668377.205 1 
1066326583 2651 1783668377.255 1 
1076327710 2652 1783668377.305 1 
1086326399 2653 1783668377.355 1 
1096326722 2654 1783668377.405 1 
1106327606 2655 1783668377.455 1 
1116327531 2656 1783668377.505 1 
1126328493 2657 1783668377.555 1 
1136326561 2658 1783668377.605 1 
1146327402 2659 1783668377.655 1 
1156328073 2660 1783668377.705 1 
1166341746 2661 1783668377.755 1 
1176328039 2662 1783668377.806 1 
1186328938 2663 1783668377.855 1 
1196327986 2664 1783668377.906 1 
1206326925 2665 1783668377.955 1 
1216326396 2666 1783668378.005 1 
1226327202 2667 1783668378.056 1 
1236330162 2668 1783668378.105 1 
1246327632 2669 1783668378.155 1 
1256327754 2670 1783668378.205 1 
1266327603 2671 1783668378.255 1 
1276329454 2672 1783668378.305 1 
1286326810 2673 1783668378.355 1 
1296328621 2674 1783668378.405 1 
1306326061 2675 1783668378.455 1 
1316327387 2676 1783668378.505 1 
1326326215 2677 1783668378.555 1 
1336327847 2678 1783668378.605 1 
1346327150 2679 1783668378.655 1 
1356328224 2680 1783668378.705 1 
1366361778 2681 1783668378.755 1 
1376327684 2682 1783668378.806 1 
1386328473 2683 1783668378.855 1 
1396328848 2684 1783668378.906 1 
1406327314 2685 1783668378.956 1 
1416327575 2686 1783668379.006 1 
1426327913 2687 1783668379.055 1 
1436327031 2688 1783668379.106 1 
1446329111 2689 1783668379.156 1 
1456327304 2690 1783668379.206 1 
1466328677 2691 1783668379.256 1 
1476328905 2692 1783668379.305 1 
1486326420 2693 1783668379.356 1 
1496328451 2694 1783668379.405 1 
1506327517 2695 1783668379.456 1 
1516328351 2696 1783668379.506 1 
1526328124 2697 1783668379.556 1 
1536327050 2698 1783668379.605 1 
1546346663 2699 1783668379.656 1 
1556329822 2700 1783668379.706 1 
1566364760 2701 1783668379.756 1 
1576327767 2702 1783668379.806 1 
1586328055 2703 1783668379.856 1 
1596327757 2704 1783668379.906 1 
1606328891 2705 1783668379.956 1 
1616329203 2706 1783668380.005 1 
1626328685 2707 1783668380.056 1 
1636345476 2708 1783668380.106 1 
1646327680 2709 1783668380.156 1 
1656328215 2710 1783668380.205 1 
1666394380 2711 1783668380.256 1 
1676328672 2712 1783668380.306 1 
1686328117 2713 1783668380.356 1 
1696394606 2714 1783668380.406 1 
1706327036 2715 1783668380.456 1 
1716328288 2716 1783668380.505 1 
1726328586 2717 1783668380.556 1 
1736326783 2718 1783668380.606 1 
1746327201 2719 1783668380.656 1 
1756326616 2720 1783668380.705 1 
1766344733 2721 1783668380.756 1 
1776328703 2722 1783668380.806 1 
1786341891 2723 1783668380.856 1 
1796328289 2724 1783668380.906 1 
1806328023 2725 1783668380.956 1 
1816329315 2726 1783668381.005 1 
1826327204 2727 1783668381.056 1 
1836327877 2728 1783668381.106 1 
1846325877 2729 1783668381.156 1 
1856327400 2730 1783668381.206 1 
1866327257 2731 1783668381.256 1 
1876348596 2732 1783668381.306 1 
1886327715 2733 1783668381.356 1 
1896395721 2734 1783668381.406 1 
1906328502 2735 1783668381.456 1 
1916327616 2736 1783668381.506 1 
1926327907 2737 1783668381.556 1 
1936328861 2738 1783668381.606 1 
1946328154 2739 1783668381.656 1 
1956327241 2740 1783668381.706 1 
1966345829 2741 1783668381.756 1 
1976327233 2742 1783668381.806 1 
1986327875 2743 1783668381.856 1 
1996327070 2744 1783668381.906 1 
2006326420 2745 1783668381.956 1 
2016325869 2746 1783668382.006 1 
2026329561 2747 1783668382.056 1 
2036328635 2748 1783668382.106 1 
2046328571 2749 1783668382.156 1 
2056327256 2750 1783668382.206 1 
2066394869 2751 1783668382.256 1 
2076328760 2752 1783668382.306 1 
2086329002 2753 1783668382.356 1 
2096328144 2754 1783668382.406 1 
2106328254 2755 1783668382.456 1 
2116328463 2756 1783668382.506 1 
2126328014 2757 1783668382.556 1 
2136327712 2758 1783668382.606 1 
2146328241 2759 1783668382.656 1 
2156325383 2760 1783668382.706 1 
2166398886 2761 1783668382.756 1 
2176327798 2762 1783668382.806 1 
2186327849 2763 1783668382.856 1 
2196326234 2764 1783668382.906 1 
2206326850 2765 1783668382.956 1 
2216328515 2766 1783668383.006 1 
2226327588 2767 1783668383.056 1 
2236327635 2768 1783668383.106 1 
2246328344 2769 1783668383.156 1 
2256327117 2770 1783668383.206 1 
2266328139 2771 1783668383.256 1 
2276328908 2772 1783668383.306 1 
2286326760 2773 1783668383.356 1 
2296329785 2774 1783668383.406 1 
2306328890 2775 1783668383.456 1 
2316327069 2776 1783668383.506 1 
2326326394 2777 1783668383.556 1 
2336326355 2778 1783668383.606 1 
2346326726 2779 1783668383.656 1 
2356327140 2780 1783668383.706 1 
2366363258 2781 1783668383.756 1 
2376327222 2782 1783668383.806 1 
2386327743 2783 1783668383.856 1 
2396327075 2784 1783668383.906 1 
2406327723 2785 1783668383.956 1 
2416328954 2786 1783668384.006 1 
2426327652 2787 1783668384.056 1 
2436329562 2788 1783668384.106 1 
2446327558 2789 1783668384.156 1 
2456328424 2790 1783668384.206 1 
2466327109 2791 1783668384.256 1 
2476328542 2792 1783668384.306 1 
2486326677 2793 1783668384.356 1 
2496327308 2794 1783668384.406 1 
2506327360 2795 1783668384.456 1 
2516328311 2796 1783668384.506 1 
2526329183 2797 1783668384.556 1 
2536326065 2798 1783668384.606 1 
2546325906 2799 1783668384.656 1 
2556325869 2800 1783668384.706 1 
2566344023 2801 1783668384.756 1 
2576329182 2802 1783668384.806 1 
2586327372 2803 1783668384.856 1 
2596327417 2804 1783668384.906 1 
2606327754 2805 1783668384.956 1 
2616326958 2806 1783668385.006 1 
2626328033 2807 1783668385.056 1 
2636326702 2808 1783668385.106 1 
2646326131 2809 1783668385.156 1 
2656327189 2810 1783668385.206 1 
2666327999 2811 1783668385.256 1 
2676327641 2812 1783668385.306 1 
2686344050 2813 1783668385.356 1 
2696325864 2814 1783668385.406 1 
2706326281 2815 1783668385.456 1 
2716327078 2816 1783668385.506 1 
2726327564 2817 1783668385.556 1 
2736327971 2818 1783668385.607 1 
2746327022 2819 1783668385.656 1 
2756327240 2820 1783668385.706 1 
2766363043 2821 1783668385.756 1 
2776327479 2822 1783668385.806 1 
2786327490 2823 1783668385.856 1 
2796327499 2824 1783668385.906 1 
2806327188 2825 1783668385.956 1 
2816326951 2826 1783668386.006 1 
2826328590 2827 1783668386.056 1 
2836328824 2828 1783668386.106 1 
2846327304 2829 1783668386.156 1 
2856327852 2830 1783668386.206 1 
2866328380 2831 1783668386.256 1 
2876327390 2832 1783668386.306 1 
2886327244 2833 1783668386.356 1 
2896327477 2834 1783668386.406 1 
2906326659 2835 1783668386.456 1 
2916327469 2836 1783668386.506 1 
2926325500 2837 1783668386.556 1 
2936327705 2838 1783668386.606 1 
2946327017 2839 1783668386.656 1 
2956328360 2840 1783668386.706 1 
2966420274 2841 1783668386.756 1 
2976326087 2842 1783668386.806 1 
2986326646 2843 1783668386.856 1 
2996329145 2844 1783668386.906 1 
3006328431 2845 1783668386.956 1 
3016329237 2846 1783668387.006 1 
3026328515 2847 1783668387.056 1 
3036327690 2848 1783668387.106 1 
3046327066 2849 1783668387.156 1 
3056327345 2850 1783668387.206 1 
3066327764 2851 1783668387.256 1 
3076330217 2852 1783668387.306 1 
3086326966 2853 1783668387.356 1 
3096325452 2854 1783668387.406 1 
3106328275 2855 1783668387.456 1 
3116327604 2856 1783668387.506 1 
3126392861 2857 1783668387.556 1 
3136326760 2858 1783668387.606 1 
3146330154 2859 1783668387.656 1 
3156327341 2860 1783668387.706 1 
3166344533 2861 1783668387.756 1 
3176328043 2862 1783668387.806 1 
3186325799 2863 1783668387.856 1 
3196325121 2864 1783668387.906 1 
3206327625 2865 1783668387.956 1 
3216326478 2866 1783668388.006 1 
3226327524 2867 1783668388.056 1 
3236327906 2868 1783668388.106 1 
3246328026 2869 1783668388.156 1 
3256326491 2870 1783668388.206 1 
3266327926 2871 1783668388.256 1 
3276328268 2872 1783668388.306 1 
3286327379 2873 1783668388.356 1 
3296326388 2874 1783668388.406 1 
3306328548 2875 1783668388.456 1 
3316328243 2876 1783668388.506 1 
3326327824 2877 1783668388.556 1 
3336326567 2878 1783668388.606 1 
3346327039 2879 1783668388.656 1 
3356330139 2880 1783668388.706 1 
3366344233 2881 1783668388.756 1 
3376325630 2882 1783668388.806 1 
3386327397 2883 1783668388.856 1 
3396326098 2884 1783668388.906 1 
3406327297 2885 1783668388.956 1 
3416327540 2886 1783668389.006 1 
3426327777 2887 1783668389.056 1 
3436326959 2888 1783668389.106 1 
3446328389 2889 1783668389.156 1 
3456328592 2890 1783668389.206 1 
3466327910 2891 1783668389.256 1 
3476327387 2892 1783668389.306 1 
3486327426 2893 1783668389.356 1 
3496326954 2894 1783668389.406 1 
3506328518 2895 1783668389.456 1 
3516325627 2896 1783668389.506 1 
3526328747 2897 1783668389.556 1 
3536328584 2898 1783668389.606 1 
3546327693 2899 1783668389.656 1 
3556325560 2900 1783668389.706 1 
3566343959 2901 1783668389.756 1 
3576327447 2902 1783668389.806 1 
3586327272 2903 1783668389.856 1 
3596328156 2904 1783668389.906 1 
3606327428 2905 1783668389.956 1 
3616327088 2906 1783668390.006 1 
3626326342 2907 1783668390.056 1 
3636328140 2908 1783668390.106 1 
3646328062 2909 1783668390.156 1 
3656326870 2910 1783668390.206 1 
3666327443 2911 1783668390.256 1 
3676328161 2912 1783668390.306 1 
3686326693 2913 1783668390.356 1 
3696394015 2914 1783668390.406 1 
3706327070 2915 1783668390.456 1 
3716327395 2916 1783668390.506 1 
3726328039 2917 1783668390.556 1 
3736326832 2918 1783668390.607 1 
3746329481 2919 1783668390.656 1 
3756328592 2920 1783668390.706 1 
3766385567 2921 1783668390.756 1 
3776469660 2922 1783668390.806 1 
3786328437 2923 1783668390.857 1 
3796394334 2924 1783668390.906 1 
3806326173 2925 1783668390.956 1 
3816329276 2926 1783668391.006 1 
3826327622 2927 1783668391.056 1 
3836326882 2928 1783668391.106 1 
3846324292 2929 1783668391.156 1 
3856393542 2930 1783668391.206 1 
3866328086 2931 1783668391.256 1 
3876395677 2932 1783668391.306 1 
3886327948 2933 1783668391.356 1 
3896327543 2934 1783668391.406 1 
3906328956 2935 1783668391.456 1 
3916328132 2936 1783668391.506 1 
3926328522 2937 1783668391.556 1 
3936327794 2938 1783668391.606 1 
3946327501 2939 1783668391.656 1 
3956328576 2940 1783668391.706 1 
3966419810 2941 1783668391.756 1 
3976327765 2942 1783668391.807 1 
3986326619 2943 1783668391.856 1 
3996328816 2944 1783668391.906 1 
4006327403 2945 1783668391.956 1 
4016327443 2946 1783668392.006 1 
4026327123 2947 1783668392.056 1 
4036327342 2948 1783668392.106 1 
4046326673 2949 1783668392.156 1 
4056342813 2950 1783668392.206 1 
4066348009 2951 1783668392.256 1 
4076327408 2952 1783668392.306 1 
4086327609 2953 1783668392.356 1 
4096327947 2954 1783668392.406 1 
4106328229 2955 1783668392.456 1 
4116326274 2956 1783668392.506 1 
4126328005 2957 1783668392.556 1 
4136327759 2958 1783668392.606 1 
4146327146 2959 1783668392.656 1 
4156328608 2960 1783668392.706 1 
4166343738 2961 1783668392.756 1 
4176326220 2962 1783668392.806 1 
4186327325 2963 1783668392.856 1 
4196326978 2964 1783668392.906 1 
4206329215 2965 1783668392.956 1 
4216328041 2966 1783668393.006 1 
4226327625 2967 1783668393.056 1 
4236327136 2968 1783668393.106 1 
4246329329 2969 1783668393.156 1 
4256327198 2970 1783668393.206 1 
4266328687 2971 1783668393.256 1 
4276326889 2972 1783668393.306 1 
4286327603 2973 1783668393.356 1 
1361054 2974 1783668393.406 1 
11361543 2975 1783668393.456 1 
21362404 2976 1783668393.506 1 
31359401 2977 1783668393.556 1 
41359744 2978 1783668393.606 1 
51427842 2979 1783668393.656 1 
61360217 2980 1783668393.707 1 
71432202 2981 1783668393.756 1 
81360523 2982 1783668393.807 1 
91361475 2983 1783668393.856 1 
101359184 2984 1783668393.906 1 
111359240 2985 1783668393.956 1 
121361211 2986 1783668394.006 1 
131359251 2987 1783668394.056 1 
141360550 2988 1783668394.106 1 
151358966 2989 1783668394.156 1 
161426008 2990 1783668394.206 1 
171361208 2991 1783668394.257 1 
181362877 2992 1783668394.306 1 
191360557 2993 1783668394.356 1 
201360453 2994 1783668394.406 1 
211360045 2995 1783668394.456 1 
221359937 2996 1783668394.506 1 
231362398 2997 1783668394.556 1 
241359745 2998 1783668394.606 1 
251360462 2999 1783668394.656 1 
261361449 3000 1783668394.706 1 
271451400 3001 1783668394.756 1 
281361662 3002 1783668394.807 1 
291361052 3003 1783668394.856 1 
301360014 3004 1783668394.906 1 
311359224 3005 1783668394.956 1 
321361771 3006 1783668395.006 1 
331362296 3007 1783668395.057 1 
341360063 3008 1783668395.106 1 
351360113 3009 1783668395.156 1 
361359930 3010 1783668395.206 1 
371360265 3011 1783668395.256 1 
381358643 3012 1783668395.306 1 
391360305 3013 1783668395.356 1 
401360736 3014 1783668395.406 1 
411358606 3015 1783668395.456 1 
421360674 3016 1783668395.506 1 
431360848 3017 1783668395.556 1 
441360308 3018 1783668395.607 1 
451357768 3019 1783668395.656 1 
461360603 3020 1783668395.706 1 
471451427 3021 1783668395.756 1 
481361419 3022 1783668395.807 1 
491359339 3023 1783668395.856 1 
501360302 3024 1783668395.906 1 
511360502 3025 1783668395.956 1 
521361007 3026 1783668396.006 1 
531361141 3027 1783668396.056 1 
541360232 3028 1783668396.106 1 
551360449 3029 1783668396.156 1 
561358812 3030 1783668396.206 1 
571359679 3031 1783668396.256 1 
581360985 3032 1783668396.306 1 
591360820 3033 1783668396.356 1 
601361456 3034 1783668396.406 1 
611361057 3035 1783668396.456 1 
621361500 3036 1783668396.506 1 
631361467 3037 1783668396.556 1 
641360460 3038 1783668396.606 1 
651360909 3039 1783668396.656 1 
661358702 3040 1783668396.706 1 
671452498 3041 1783668396.756 1 
681359527 3042 1783668396.807 1 
691360245 3043 1783668396.856 1 
701359320 3044 1783668396.907 1 
711359727 3045 1783668396.956 1 
721361620 3046 1783668397.006 1 
731359043 3047 1783668397.056 1 
741360504 3048 1783668397.106 1 
751359477 3049 1783668397.156 1 
761361433 3050 1783668397.206 1 
771361139 3051 1783668397.256 1 
781359872 3052 1783668397.306 1 
791375232 3053 1783668397.356 1 
801359685 3054 1783668397.406 1 
811359612 3055 1783668397.456 1 
821427055 3056 1783668397.506 1 
831361972 3057 1783668397.557 1 
841359337 3058 1783668397.606 1 
851358811 3059 1783668397.656 1 
861359413 3060 1783668397.706 1 
871430509 3061 1783668397.756 1 
881359532 3062 1783668397.807 1 
891360674 3063 1783668397.856 1 
901359372 3064 1783668397.907 1 
911360703 3065 1783668397.956 1 
921360429 3066 1783668398.006 1 
931361571 3067 1783668398.056 1 
941360656 3068 1783668398.106 1 
951427376 3069 1783668398.156 1 
961360583 3070 1783668398.207 1 
971360889 3071 1783668398.256 1 
981360963 3072 1783668398.306 1 
991359417 3073 1783668398.356 1 
1001358523 3074 1783668398.406 1 
1011374085 3075 1783668398.457 1 
1021360476 3076 1783668398.507 1 
1031359036 3077 1783668398.556 1 
1041377228 3078 1783668398.606 1 
1051358766 3079 1783668398.657 1 
1061360092 3080 1783668398.706 1 
1071451243 3081 1783668398.756 1 
1081361086 3082 1783668398.807 1 
1091360098 3083 1783668398.857 1 
1101360012 3084 1783668398.907 1 
1111361021 3085 1783668398.957 1 
1121359997 3086 1783668399.006 1 
1131362051 3087 1783668399.057 1 
1141360553 3088 1783668399.106 1 
1151360909 3089 1783668399.157 1 
1161427071 3090 1783668399.206 1 
1171359934 3091 1783668399.257 1 
1181360582 3092 1783668399.307 1 
1191359022 3093 1783668399.357 1 
1201359728 3094 1783668399.407 1 
1211425964 3095 1783668399.457 1 
1221360165 3096 1783668399.507 1 
1231360977 3097 1783668399.557 1 
1241361650 3098 1783668399.607 1 
1251361558 3099 1783668399.657 1 
1261360990 3100 1783668399.707 1 
1271452971 3101 1783668399.756 1 
1281361806 3102 1783668399.807 1 
1291360787 3103 1783668399.856 1 
1301361257 3104 1783668399.907 1 
1311361742 3105 1783668399.957 1 
1321361235 3106 1783668400.007 1 
1331361305 3107 1783668400.057 1 
1341360640 3108 1783668400.107 1 
1351360376 3109 1783668400.156 1 
1361359749 3110 1783668400.207 1 
1371359008 3111 1783668400.257 1 
1381361380 3112 1783668400.307 1 
1391362520 3113 1783668400.357 1 
1401361479 3114 1783668400.407 1 
1411360475 3115 1783668400.456 1 
1421361166 3116 1783668400.507 1 
1431360300 3117 1783668400.556 1 
1441359340 3118 1783668400.608 1 
1451360112 3119 1783668400.657 1 
1461360053 3120 1783668400.707 1 
1471417520 3121 1783668400.757 1 
1481358514 3122 1783668400.807 1 
1491359021 3123 1783668400.857 1 
1501360745 3124 1783668400.907 1 
1511358290 3125 1783668400.957 1 
1521360352 3126 1783668401.007 1 
1531360466 3127 1783668401.057 1 
1541360406 3128 1783668401.107 1 
1551359669 3129 1783668401.157 1 
1561361894 3130 1783668401.207 1 
1571361026 3131 1783668401.257 1 
1581377470 3132 1783668401.307 1 
1591359274 3133 1783668401.357 1 
1601360016 3134 1783668401.407 1 
1611359983 3135 1783668401.457 1 
1621360537 3136 1783668401.507 1 
1631360085 3137 1783668401.557 1 
1641427912 3138 1783668401.607 1 
1651359688 3139 1783668401.657 1 
1661360821 3140 1783668401.707 1 
1671376343 3141 1783668401.757 1 
1681361708 3142 1783668401.807 1 
1691361094 3143 1783668401.857 1 
1701359142 3144 1783668401.907 1 
1711361533 3145 1783668401.957 1 
1721429157 3146 1783668402.007 1 
1731360023 3147 1783668402.057 1 
1741361815 3148 1783668402.107 1 
1751360324 3149 1783668402.157 1 
1761358090 3150 1783668402.207 1 
1771359285 3151 1783668402.257 1 
1781359973 3152 1783668402.307 1 
1791361334 3153 1783668402.357 1 
1801447928 3154 1783668402.407 1 
1811359314 3155 1783668402.457 1 
1821360766 3156 1783668402.507 1 
1831427985 3157 1783668402.557 1 
1841363572 3158 1783668402.607 1 
1851361568 3159 1783668402.657 1 
1861361106 3160 1783668402.707 1 
1871452720 3161 1783668402.757 1 
1881360660 3162 1783668402.807 1 
1891362618 3163 1783668402.857 1 
1901361472 3164 1783668402.907 1 
1911361091 3165 1783668402.957 1 
1921360261 3166 1783668403.007 1 
1931360779 3167 1783668403.057 1 
1941361561 3168 1783668403.107 1 
1951360594 3169 1783668403.157 1 
1961360250 3170 1783668403.207 1 
1971360260 3171 1783668403.257 1 
1981359510 3172 1783668403.307 1 
1991359440 3173 1783668403.357 1 
2001361737 3174 1783668403.407 1 
2011360032 3175 1783668403.457 1 
2021359600 3176 1783668403.507 1 
2031358990 3177 1783668403.557 1 
2041360399 3178 1783668403.607 1 
2051428644 3179 1783668403.657 1 
2061361270 3180 1783668403.707 1 
2071395907 3181 1783668403.757 1 
2081359448 3182 1783668403.807 1 
2091360222 3183 1783668403.857 1 
2101362089 3184 1783668403.907 1 
2111359457 3185 1783668403.957 1 
2121358226 3186 1783668404.007 1 
2131361898 3187 1783668404.057 1 
2141359924 3188 1783668404.107 1 
2151359815 3189 1783668404.157 1 
2161361268 3190 1783668404.207 1 
2171358952 3191 1783668404.257 1 
2181361087 3192 1783668404.307 1 
2191362218 3193 1783668404.357 1 
2201360682 3194 1783668404.407 1 
2211359769 3195 1783668404.457 1 
2221362604 3196 1783668404.507 1 
2231359074 3197 1783668404.557 1 
2241360273 3198 1783668404.607 1 
2251361709 3199 1783668404.657 1 
2261360161 3200 1783668404.707 1 
2271451488 3201 1783668404.757 1 
2281359988 3202 1783668404.807 1 
2291427815 3203 1783668404.857 1 
2301358295 3204 1783668404.907 1 
2311360347 3205 1783668404.957 1 
2321377247 3206 1783668405.007 1 
2331360458 3207 1783668405.057 1 
2341362284 3208 1783668405.107 1 
2351361887 3209 1783668405.157 1 
2361359792 3210 1783668405.207 1 
2371427743 3211 1783668405.257 1 
2381360729 3212 1783668405.307 1 
2391360426 3213 1783668405.357 1 
2401360701 3214 1783668405.407 1 
2411360341 3215 1783668405.457 1 
2421360812 3216 1783668405.507 1 
2431359150 3217 1783668405.557 1 
2441362384 3218 1783668405.608 1 
2451358762 3219 1783668405.657 1 
2461428785 3220 1783668405.707 1 
2471451082 3221 1783668405.757 1 
2481377415 3222 1783668405.807 1 
2491359501 3223 1783668405.857 1 
2501361448 3224 1783668405.907 1 
2511379085 3225 1783668405.957 1 
2521360885 3226 1783668406.007 1 
2531361156 3227 1783668406.057 1 
2541379697 3228 1783668406.107 1 
2551360196 3229 1783668406.157 1 
2561360259 3230 1783668406.207 1 
2571361148 3231 1783668406.257 1 
2581359479 3232 1783668406.307 1 
2591362273 3233 1783668406.357 1 
2601360660 3234 1783668406.407 1 
2611361160 3235 1783668406.457 1 
2621361736 3236 1783668406.507 1 
2631361645 3237 1783668406.557 1 
2641442646 3238 1783668406.607 1 
2651360732 3239 1783668406.657 1 
2661359715 3240 1783668406.707 1 
2671377007 3241 1783668406.757 1 
2681360717 3242 1783668406.807 1 
2691361303 3243 1783668406.857 1 
2701360183 3244 1783668406.907 1 
2711360885 3245 1783668406.957 1 
2721361412 3246 1783668407.007 1 
2731361172 3247 1783668407.057 1 
2741360990 3248 1783668407.107 1 
2751359916 3249 1783668407.157 1 
2761359041 3250 1783668407.207 1 
2771360310 3251 1783668407.257 1 
2781428878 3252 1783668407.307 1 
2791359728 3253 1783668407.357 1 
2801359338 3254 1783668407.407 1 
2811360507 3255 1783668407.457 1 
2821360637 3256 1783668407.507 1 
2831360993 3257 1783668407.557 1 
2841359917 3258 1783668407.607 1 
2851426751 3259 1783668407.657 1 
2861360140 3260 1783668407.707 1 
2871396187 3261 1783668407.757 1 
2881360052 3262 1783668407.807 1 
2891360008 3263 1783668407.857 1 
2901360743 3264 1783668407.907 1 
2911425441 3265 1783668407.957 1 
2921361967 3266 1783668408.007 1 
2931360124 3267 1783668408.057 1 
2941360065 3268 1783668408.107 1 
2951360131 3269 1783668408.157 1 
2961361197 3270 1783668408.207 1 
2971359423 3271 1783668408.257 1 
2981360640 3272 1783668408.307 1 
2991360325 3273 1783668408.357 1 
3001359819 3274 1783668408.407 1 
3011359579 3275 1783668408.457 1 
3021360082 3276 1783668408.507 1 
3031361608 3277 1783668408.557 1 
3041360313 3278 1783668408.607 1 
3051359936 3279 1783668408.657 1 
3061360847 3280 1783668408.707 1 
3071452471 3281 1783668408.757 1 
3081360124 3282 1783668408.808 1 
3091360249 3283 1783668408.857 1 
3101360295 3284 1783668408.907 1 
3111390026 3285 1783668408.957 1 
3121377647 3286 1783668409.007 1 
3131377861 3287 1783668409.057 1 
3141359599 3288 1783668409.107 1 
3151360948 3289 1783668409.157 1 
3161360841 3290 1783668409.207 1 
3171361757 3291 1783668409.257 1 
3181359862 3292 1783668409.307 1 
3191361362 3293 1783668409.357 1 
3201362525 3294 1783668409.407 1 
3211359860 3295 1783668409.457 1 
3221359856 3296 1783668409.507 1 
3231360599 3297 1783668409.557 1 
3241361099 3298 1783668409.607 1 
3251360120 3299 1783668409.657 1 
3261428008 3300 1783668409.707 1 
3271452497 3301 1783668409.757 1 
3281360513 3302 1783668409.808 1 
3291359132 3303 1783668409.857 1 
3301360582 3304 1783668409.907 1 
3311359332 3305 1783668409.957 1 
3321360097 3306 1783668410.007 1 
3331359943 3307 1783668410.057 1 
3341360132 3308 1783668410.107 1 
3351361985 3309 1783668410.157 1 
3361360142 3310 1783668410.207 1 
3371360929 3311 1783668410.257 1 
3381360110 3312 1783668410.307 1 
3391382562 3313 1783668410.357 1 
3401361724 3314 1783668410.407 1 
3411359569 3315 1783668410.457 1 
3421361192 3316 1783668410.507 1 
3431360800 3317 1783668410.557 1 
3441361661 3318 1783668410.608 1 
3451360905 3319 1783668410.657 1 
3461361764 3320 1783668410.707 1 
3471451412 3321 1783668410.757 1 
3481360911 3322 1783668410.808 1 
3491361208 3323 1783668410.857 1 
3501361458 3324 1783668410.907 1 
3511359019 3325 1783668410.957 1 
3521360362 3326 1783668411.007 1 
3531362988 3327 1783668411.057 1 
3541361188 3328 1783668411.107 1 
3551359252 3329 1783668411.157 1 
3561359393 3330 1783668411.207 1 
3571361053 3331 1783668411.257 1 
3581378085 3332 1783668411.307 1 
3591360085 3333 1783668411.357 1 
3601359179 3334 1783668411.407 1 
3611361926 3335 1783668411.457 1 
3621360691 3336 1783668411.507 1 
3631359653 3337 1783668411.557 1 
3641358794 3338 1783668411.607 1 
3651361692 3339 1783668411.657 1 
3661358424 3340 1783668411.707 1 
3671395218 3341 1783668411.757 1 
3681361668 3342 1783668411.807 1 
3691360559 3343 1783668411.857 1 
3701360965 3344 1783668411.907 1 
3711360876 3345 1783668411.957 1 
3721360067 3346 1783668412.007 1 
3731358535 3347 1783668412.057 1 
3741361340 3348 1783668412.107 1 
3751361043 3349 1783668412.157 1 
3761359650 3350 1783668412.207 1 
3771428986 3351 1783668412.257 1 
3781360127 3352 1783668412.307 1 
3791360999 3353 1783668412.357 1 
3801359312 3354 1783668412.407 1 
3811359282 3355 1783668412.457 1 
3821360531 3356 1783668412.507 1 
3831359776 3357 1783668412.557 1 
3841360278 3358 1783668412.607 1 
3851358632 3359 1783668412.657 1 
3861360169 3360 1783668412.707 1 
3871377941 3361 1783668412.757 1 
3881361224 3362 1783668412.807 1 
3891359336 3363 1783668412.857 1 
3901359156 3364 1783668412.907 1 
3911361782 3365 1783668412.957 1 
3921359788 3366 1783668413.007 1 
3931359344 3367 1783668413.057 1 
3941360022 3368 1783668413.107 1 
3951359915 3369 1783668413.157 1 
3961360057 3370 1783668413.207 1 
3971360252 3371 1783668413.257 1 
3981358935 3372 1783668413.307 1 
3991359512 3373 1783668413.357 1 
4001361109 3374 1783668413.407 1 
4011362023 3375 1783668413.457 1 
4021361722 3376 1783668413.507 1 
4031358980 3377 1783668413.557 1 
4041358600 3378 1783668413.607 1 
4051361126 3379 1783668413.657 1 
4061360176 3380 1783668413.707 1 
4071375924 3381 1783668413.757 1 
4081361651 3382 1783668413.807 1 
4091362017 3383 1783668413.857 1 
4101360463 3384 1783668413.907 1 
4111360773 3385 1783668413.957 1 
4121361987 3386 1783668414.007 1 
4131361402 3387 1783668414.057 1 
4141359097 3388 1783668414.107 1 
4151359349 3389 1783668414.157 1 
4161361333 3390 1783668414.207 1 
4171361728 3391 1783668414.257 1 
4181361187 3392 1783668414.307 1 
4191360629 3393 1783668414.357 1 
4201361055 3394 1783668414.407 1 
4211360761 3395 1783668414.457 1 
4221360145 3396 1783668414.507 1 
4231360471 3397 1783668414.557 1 
4241360184 3398 1783668414.607 1 
4251359436 3399 1783668414.657 1 
4261359895 3400 1783668414.707 1 
4271376514 3401 1783668414.757 1 
4281360012 3402 1783668414.807 1 
4291361364 3403 1783668414.857 1 
6392559 3404 1783668414.907 1 
16392065 3405 1783668414.957 1 
26394525 3406 1783668415.007 1 
36394589 3407 1783668415.057 1 
46392997 3408 1783668415.107 1 
56393592 3409 1783668415.157 1 
66391350 3410 1783668415.207 1 
76393149 3411 1783668415.257 1 
86393315 3412 1783668415.307 1 
96392509 3413 1783668415.357 1 
106459737 3414 1783668415.407 1 
116393421 3415 1783668415.458 1 
126393253 3416 1783668415.507 1 
136392537 3417 1783668415.557 1 
146392621 3418 1783668415.608 1 
156394891 3419 1783668415.657 1 
166392453 3420 1783668415.707 1 
176409392 3421 1783668415.757 1 
186393008 3422 1783668415.807 1 
196392758 3423 1783668415.857 1 
206393356 3424 1783668415.907 1 
216392230 3425 1783668415.957 1 
226391842 3426 1783668416.007 1 
236394302 3427 1783668416.057 1 
246392987 3428 1783668416.107 1 
256393855 3429 1783668416.157 1 
266393727 3430 1783668416.207 1 
276392762 3431 1783668416.257 1 
286460038 3432 1783668416.307 1 
296393212 3433 1783668416.358 1 
306393110 3434 1783668416.407 1 
316392278 3435 1783668416.457 1 
326393814 3436 1783668416.507 1 
336392878 3437 1783668416.557 1 
346393506 3438 1783668416.607 1 
356391942 3439 1783668416.657 1 
366394018 3440 1783668416.707 1 
376484471 3441 1783668416.757 1 
386393711 3442 1783668416.808 1 
396392380 3443 1783668416.857 1 
406393253 3444 1783668416.908 1 
416394642 3445 1783668416.957 1 
426394053 3446 1783668417.007 1 
436394098 3447 1783668417.057 1 
446392532 3448 1783668417.107 1 
456392549 3449 1783668417.157 1 
466393848 3450 1783668417.207 1 
476394208 3451 1783668417.257 1 
486392246 3452 1783668417.307 1 
496393557 3453 1783668417.357 1 
506394515 3454 1783668417.407 1 
516393638 3455 1783668417.457 1 
526392273 3456 1783668417.507 1 
536391755 3457 1783668417.557 1 
546460699 3458 1783668417.607 1 
556393787 3459 1783668417.658 1 
566391941 3460 1783668417.707 1 
576484391 3461 1783668417.757 1 
586394108 3462 1783668417.808 1 
596393550 3463 1783668417.857 1 
606395984 3464 1783668417.908 1 
616392525 3465 1783668417.957 1 
626393430 3466 1783668418.007 1 
636393124 3467 1783668418.057 1 
646393465 3468 1783668418.108 1 
656392366 3469 1783668418.157 1 
666393372 3470 1783668418.207 1 
676392973 3471 1783668418.257 1 
686393089 3472 1783668418.308 1 
696393014 3473 1783668418.357 1 
706393659 3474 1783668418.407 1 
716393500 3475 1783668418.457 1 
726393812 3476 1783668418.507 1 
736391830 3477 1783668418.557 1 
746392156 3478 1783668418.608 1 
756394327 3479 1783668418.657 1 
766393753 3480 1783668418.707 1 
776409069 3481 1783668418.757 1 
786393364 3482 1783668418.808 1 
796393658 3483 1783668418.857 1 
806392999 3484 1783668418.908 1 
816394526 3485 1783668418.957 1 
826393262 3486 1783668419.008 1 
836392001 3487 1783668419.057 1 
846392180 3488 1783668419.108 1 
856393588 3489 1783668419.158 1 
866393004 3490 1783668419.208 1 
876393683 3491 1783668419.257 1 
886394790 3492 1783668419.307 1 
896460354 3493 1783668419.357 1 
906393687 3494 1783668419.408 1 
916391911 3495 1783668419.457 1 
926393126 3496 1783668419.508 1 
936395112 3497 1783668419.557 1 
946392501 3498 1783668419.608 1 
956392816 3499 1783668419.657 1 
966393420 3500 1783668419.708 1 
976427851 3501 1783668419.757 1 
986391695 3502 1783668419.808 1 
996393527 3503 1783668419.857 1 
1006393352 3504 1783668419.908 1 
1016393345 3505 1783668419.957 1 
1026392666 3506 1783668420.008 1 
1036394415 3507 1783668420.058 1 
1046392800 3508 1783668420.108 1 
1056393845 3509 1783668420.158 1 
1066406774 3510 1783668420.208 1 
1076393183 3511 1783668420.258 1 
1086393194 3512 1783668420.307 1 
1096393130 3513 1783668420.358 1 
1106392941 3514 1783668420.408 1 
1116391728 3515 1783668420.458 1 
1126393788 3516 1783668420.507 1 
1136394270 3517 1783668420.558 1 
1146394892 3518 1783668420.608 1 
1156393313 3519 1783668420.658 1 
1166391486 3520 1783668420.708 1 
1176486139 3521 1783668420.758 1 
1186392842 3522 1783668420.808 1 
1196392989 3523 1783668420.858 1 
1206392185 3524 1783668420.908 1 
1216394463 3525 1783668420.958 1 
1226392156 3526 1783668421.008 1 
1236393020 3527 1783668421.058 1 
1246393399 3528 1783668421.108 1 
1256394035 3529 1783668421.158 1 
1266391658 3530 1783668421.208 1 
1276392461 3531 1783668421.258 1 
1286393436 3532 1783668421.308 1 
1296393742 3533 1783668421.358 1 
1306393463 3534 1783668421.408 1 
1316392894 3535 1783668421.458 1 
1326394256 3536 1783668421.508 1 
1336394380 3537 1783668421.558 1 
1346393540 3538 1783668421.608 1 
1356393227 3539 1783668421.658 1 
1366394196 3540 1783668421.708 1 
1376428260 3541 1783668421.758 1 
1386392998 3542 1783668421.808 1 
1396394453 3543 1783668421.858 1 
1406391679 3544 1783668421.908 1 
1416392374 3545 1783668421.958 1 
1426394214 3546 1783668422.008 1 
1436392846 3547 1783668422.058 1 
1446393458 3548 1783668422.108 1 
1456392879 3549 1783668422.158 1 
1466392731 3550 1783668422.208 1 
1476393650 3551 1783668422.258 1 
1486392820 3552 1783668422.308 1 
1496395275 3553 1783668422.358 1 
1506393246 3554 1783668422.408 1 
1516394631 3555 1783668422.458 1 
1526394767 3556 1783668422.508 1 
1536392810 3557 1783668422.558 1 
1546393799 3558 1783668422.608 1 
1556391841 3559 1783668422.658 1 
1566393606 3560 1783668422.708 1 
1576409805 3561 1783668422.758 1 
1586392024 3562 1783668422.808 1 
1596392818 3563 1783668422.858 1 
1606410401 3564 1783668422.908 1 
1616461160 3565 1783668422.958 1 
1626393047 3566 1783668423.008 1 
1636392332 3567 1783668423.058 1 
1646393616 3568 1783668423.108 1 
1656393027 3569 1783668423.158 1 
1666391299 3570 1783668423.208 1 
1676393707 3571 1783668423.258 1 
1686392535 3572 1783668423.308 1 
1696392158 3573 1783668423.358 1 
1706393223 3574 1783668423.408 1 
1716391439 3575 1783668423.458 1 
1726390696 3576 1783668423.508 1 
1736392962 3577 1783668423.558 1 
1746393223 3578 1783668423.608 1 
1756393576 3579 1783668423.658 1 
1766407575 3580 1783668423.708 1 
1776427675 3581 1783668423.758 1 
1786392326 3582 1783668423.808 1 
1796459604 3583 1783668423.858 1 
1806394059 3584 1783668423.908 1 
1816391765 3585 1783668423.958 1 
1826393273 3586 1783668424.008 1 
1836395406 3587 1783668424.058 1 
1846393466 3588 1783668424.108 1 
1856410508 3589 1783668424.158 1 
1866391814 3590 1783668424.208 1 
1876394074 3591 1783668424.258 1 
1886395246 3592 1783668424.308 1 
1896393723 3593 1783668424.358 1 
1906392182 3594 1783668424.408 1 
1916392381 3595 1783668424.458 1 
1926392785 3596 1783668424.508 1 
1936393893 3597 1783668424.558 1 
1946391873 3598 1783668424.608 1 
1956393726 3599 1783668424.658 1 
1966391603 3600 1783668424.708 1 
1976450255 3601 1783668424.758 1 
1986536589 3602 1783668424.808 1 
1996394413 3603 1783668424.858 1 
2006393753 3604 1783668424.908 1 
2016393508 3605 1783668424.958 1 
2026392666 3606 1783668425.008 1 
2036393456 3607 1783668425.058 1 
2046392330 3608 1783668425.108 1 
2056394259 3609 1783668425.158 1 
2066393030 3610 1783668425.208 1 
2076394836 3611 1783668425.258 1 
2086394667 3612 1783668425.308 1 
2096393730 3613 1783668425.358 1 
2106393429 3614 1783668425.408 1 
2116392652 3615 1783668425.458 1 
2126393135 3616 1783668425.508 1 
2136393258 3617 1783668425.558 1 
2146392843 3618 1783668425.608 1 
2156392602 3619 1783668425.659 1 
2166392722 3620 1783668425.708 1 
2176410825 3621 1783668425.758 1 
2186392691 3622 1783668425.808 1 
2196392844 3623 1783668425.858 1 
2206391884 3624 1783668425.908 1 
2216393489 3625 1783668425.958 1 
2226392633 3626 1783668426.008 1 
2236394754 3627 1783668426.058 1 
2246393516 3628 1783668426.108 1 
2256391627 3629 1783668426.158 1 
2266394271 3630 1783668426.208 1 
2276392992 3631 1783668426.258 1 
2286391669 3632 1783668426.308 1 
2296394098 3633 1783668426.358 1 
2306395301 3634 1783668426.408 1 
2316393033 3635 1783668426.458 1 
2326393557 3636 1783668426.508 1 
2336392917 3637 1783668426.558 1 
2346392137 3638 1783668426.608 1 
2356461367 3639 1783668426.658 1 
2366458594 3640 1783668426.708 1 
2376485149 3641 1783668426.758 1 
2386392256 3642 1783668426.808 1 
2396392466 3643 1783668426.858 1 
2406394648 3644 1783668426.908 1 
2416394572 3645 1783668426.958 1 
2426392776 3646 1783668427.008 1 
2436393770 3647 1783668427.058 1 
2446393938 3648 1783668427.108 1 
2456393943 3649 1783668427.158 1 
2466392018 3650 1783668427.208 1 
2476392506 3651 1783668427.258 1 
2486395339 3652 1783668427.308 1 
2496393995 3653 1783668427.358 1 
2506393801 3654 1783668427.408 1 
2516393321 3655 1783668427.458 1 
2526393229 3656 1783668427.508 1 
2536394482 3657 1783668427.558 1 
2546393533 3658 1783668427.608 1 
2556392556 3659 1783668427.658 1 
2566394012 3660 1783668427.708 1 
2576408581 3661 1783668427.758 1 
2586392095 3662 1783668427.808 1 
2596393973 3663 1783668427.858 1 
2606394201 3664 1783668427.908 1 
2616393068 3665 1783668427.958 1 
2626390875 3666 1783668428.008 1 
2636391481 3667 1783668428.058 1 
2646393808 3668 1783668428.108 1 
2656391580 3669 1783668428.158 1 
2666393184 3670 1783668428.208 1 
2676394344 3671 1783668428.258 1 
2686393219 3672 1783668428.308 1 
2696392640 3673 1783668428.358 1 
2706392939 3674 1783668428.408 1 
2716394848 3675 1783668428.458 1 
2726412707 3676 1783668428.508 1 
2736392157 3677 1783668428.558 1 
2746391863 3678 1783668428.608 1 
2756393438 3679 1783668428.658 1 
2766393503 3680 1783668428.708 1 
2776483091 3681 1783668428.758 1 
2786393802 3682 1783668428.808 1 
2796394124 3683 1783668428.858 1 
2806393126 3684 1783668428.908 1 
2816392564 3685 1783668428.958 1 
2826391526 3686 1783668429.008 1 
2836393681 3687 1783668429.058 1 
2846393286 3688 1783668429.108 1 
2856392754 3689 1783668429.158 1 
2866394224 3690 1783668429.208 1 
2876405867 3691 1783668429.258 1 
2886394628 3692 1783668429.308 1 
2896393058 3693 1783668429.358 1 
2906391900 3694 1783668429.408 1 
2916394283 3695 1783668429.458 1 
2926392349 3696 1783668429.508 1 
2936461534 3697 1783668429.558 1 
2946392237 3698 1783668429.609 1 
2956392623 3699 1783668429.658 1 
2966392178 3700 1783668429.708 1 
2976410164 3701 1783668429.758 1 
2986394146 3702 1783668429.808 1 
2996460063 3703 1783668429.858 1 
3006391391 3704 1783668429.908 1 
3016393907 3705 1783668429.958 1 
3026393625 3706 1783668430.008 1 
3036392514 3707 1783668430.058 1 
3046391834 3708 1783668430.108 1 
3056395265 3709 1783668430.158 1 
3066393338 3710 1783668430.208 1 
3076393182 3711 1783668430.258 1 
3086392927 3712 1783668430.308 1 
3096395002 3713 1783668430.358 1 
3106394551 3714 1783668430.408 1 
3116393424 3715 1783668430.458 1 
3126394564 3716 1783668430.508 1 
3136393562 3717 1783668430.558 1 
3146392765 3718 1783668430.608 1 
3156394564 3719 1783668430.660 1 
3166391620 3720 1783668430.708 1 
3176484104 3721 1783668430.758 1 
3186393093 3722 1783668430.809 1 
3196393124 3723 1783668430.858 1 
3206392609 3724 1783668430.908 1 
3216392565 3725 1783668430.958 1 
3226391253 3726 1783668431.008 1 
3236392090 3727 1783668431.058 1 
3246394724 3728 1783668431.108 1 
3256394328 3729 1783668431.158 1 
3266391238 3730 1783668431.208 1 
3276394143 3731 1783668431.258 1 
3286394408 3732 1783668431.308 1 
3296391522 3733 1783668431.358 1 
3306393642 3734 1783668431.408 1 
3316392335 3735 1783668431.458 1 
3326394255 3736 1783668431.508 1 
3336393693 3737 1783668431.558 1 
3346393568 3738 1783668431.608 1 
3356393382 3739 1783668431.658 1 
3366392941 3740 1783668431.708 1 
3376428627 3741 1783668431.758 1 
3386416010 3742 1783668431.808 1 
3396393510 3743 1783668431.858 1 
3406394145 3744 1783668431.908 1 
3416415609 3745 1783668431.958 1 
3426393630 3746 1783668432.008 1 
3436393121 3747 1783668432.058 1 
3446395022 3748 1783668432.108 1 
3456392068 3749 1783668432.158 1 
3466392328 3750 1783668432.208 1 
3476392305 3751 1783668432.258 1 
3486394431 3752 1783668432.308 1 
3496394571 3753 1783668432.358 1 
3506392992 3754 1783668432.408 1 
3516392912 3755 1783668432.458 1 
3526392905 3756 1783668432.508 1 
3536393014 3757 1783668432.558 1 
3546394563 3758 1783668432.608 1 
3556394977 3759 1783668432.658 1 
3566394987 3760 1783668432.708 1 
3576451590 3761 1783668432.758 1 
3586536676 3762 1783668432.808 1 
3596393915 3763 1783668432.859 1 
3606394412 3764 1783668432.908 1 
3616407146 3765 1783668432.958 1 
3626393005 3766 1783668433.008 1 
3636392992 3767 1783668433.058 1 
3646393086 3768 1783668433.108 1 
3656460852 3769 1783668433.158 1 
3666393850 3770 1783668433.209 1 
3676394731 3771 1783668433.258 1 
3686392279 3772 1783668433.308 1 
3696392886 3773 1783668433.358 1 
3706392689 3774 1783668433.408 1 
3716393993 3775 1783668433.458 1 
3726392633 3776 1783668433.508 1 
3736393016 3777 1783668433.558 1 
3746393487 3778 1783668433.608 1 
3756392185 3779 1783668433.658 1 
3766394704 3780 1783668433.708 1 
3776409039 3781 1783668433.758 1 
3786392202 3782 1783668433.808 1 
3796393211 3783 1783668433.858 1 
3806394343 3784 1783668433.908 1 
3816392800 3785 1783668433.958 1 
3826393187 3786 1783668434.008 1 
3836393744 3787 1783668434.058 1 
3846392359 3788 1783668434.108 1 
3856393866 3789 1783668434.158 1 
3866391672 3790 1783668434.208 1 
3876393164 3791 1783668434.258 1 
3886393239 3792 1783668434.308 1 
3896394405 3793 1783668434.358 1 
3906393822 3794 1783668434.408 1 
3916393289 3795 1783668434.458 1 
3926407419 3796 1783668434.508 1 
3936392248 3797 1783668434.558 1 
3946461096 3798 1783668434.608 1 
3956392838 3799 1783668434.659 1 
3966391513 3800 1783668434.708 1 
3976485875 3801 1783668434.758 1 
3986390871 3802 1783668434.809 1 
3996393173 3803 1783668434.858 1 
4006460215 3804 1783668434.908 1 
4016394380 3805 1783668434.959 1 
4026393493 3806 1783668435.008 1 
4036413560 3807 1783668435.058 1 
4046393723 3808 1783668435.108 1 
4056392162 3809 1783668435.158 1 
4066393881 3810 1783668435.208 1 
4076392496 3811 1783668435.258 1 
4086393928 3812 1783668435.308 1 
4096393007 3813 1783668435.358 1 
4106392727 3814 1783668435.408 1 
4116394974 3815 1783668435.458 1 
4126393160 3816 1783668435.508 1 
4136393316 3817 1783668435.558 1 
4146392919 3818 1783668435.608 1 
4156393656 3819 1783668435.659 1 
4166392487 3820 1783668435.708 1 
4176483961 3821 1783668435.758 1 
4186393445 3822 1783668435.809 1 
4196393865 3823 1783668435.858 1 
4206393403 3824 1783668435.908 1 
4216393549 3825 1783668435.958 1 
4226393170 3826 1783668436.008 1 
4236391739 3827 1783668436.058 1 
4246460681 3828 1783668436.108 1 
4256393308 3829 1783668436.159 1 
4266393751 3830 1783668436.208 1 
4276393290 3831 1783668436.258 1 
4286392314 3832 1783668436.308 1 
1425879 3833 1783668436.358 1 
11426410 3834 1783668436.408 1 
21424216 3835 1783668436.458 1 
31425060 3836 1783668436.508 1 
41425984 3837 1783668436.558 1 
51428494 3838 1783668436.608 1 
61426093 3839 1783668436.658 1 
71425874 3840 1783668436.708 1 
81516806 3841 1783668436.758 1 
91425281 3842 1783668436.809 1 
101427179 3843 1783668436.858 1 
111425231 3844 1783668436.908 1 
121426082 3845 1783668436.958 1 
131425120 3846 1783668437.008 1 
141426464 3847 1783668437.059 1 
151426114 3848 1783668437.109 1 
161426532 3849 1783668437.158 1 
171426787 3850 1783668437.208 1 
181427524 3851 1783668437.258 1 
191424412 3852 1783668437.308 1 
201425067 3853 1783668437.358 1 
211425316 3854 1783668437.408 1 
221426533 3855 1783668437.458 1 
231424765 3856 1783668437.508 1 
241424087 3857 1783668437.558 1 
251426216 3858 1783668437.608 1 
261426375 3859 1783668437.659 1 
271424508 3860 1783668437.708 1 
281461227 3861 1783668437.758 1 
291426972 3862 1783668437.809 1 
301426702 3863 1783668437.859 1 
311424281 3864 1783668437.909 1 
321446185 3865 1783668437.959 1 
331424834 3866 1783668438.008 1 
341425811 3867 1783668438.059 1 
351428073 3868 1783668438.108 1 
361425201 3869 1783668438.159 1 
371425655 3870 1783668438.208 1 
381426055 3871 1783668438.259 1 
391424248 3872 1783668438.308 1 
401425061 3873 1783668438.359 1 
411445109 3874 1783668438.408 1 
421425168 3875 1783668438.459 1 
431427044 3876 1783668438.508 1 
441426640 3877 1783668438.559 1 
451425742 3878 1783668438.608 1 
461424792 3879 1783668438.659 1 
471425971 3880 1783668438.708 1 
481516200 3881 1783668438.759 1 
491424822 3882 1783668438.809 1 
501426479 3883 1783668438.859 1 
511426057 3884 1783668438.909 1 
521424988 3885 1783668438.959 1 
531425318 3886 1783668439.008 1 
541425958 3887 1783668439.059 1 
551427161 3888 1783668439.108 1 
561425831 3889 1783668439.159 1 
571424916 3890 1783668439.208 1 
581426378 3891 1783668439.259 1 
591425798 3892 1783668439.308 1 
601426553 3893 1783668439.359 1 
611426893 3894 1783668439.408 1 
621426079 3895 1783668439.459 1 
631424800 3896 1783668439.508 1 
641427437 3897 1783668439.559 1 
651425147 3898 1783668439.608 1 
661426232 3899 1783668439.659 1 
671426703 3900 1783668439.708 1 
681516289 3901 1783668439.759 1 
691425567 3902 1783668439.809 1 
701425259 3903 1783668439.859 1 
711426718 3904 1783668439.909 1 
721425718 3905 1783668439.959 1 
731425502 3906 1783668440.009 1 
741425935 3907 1783668440.059 1 
751424893 3908 1783668440.109 1 
761424526 3909 1783668440.159 1 
771425538 3910 1783668440.209 1 
781425715 3911 1783668440.259 1 
791425512 3912 1783668440.309 1 
801424426 3913 1783668440.359 1 
811425309 3914 1783668440.409 1 
821425329 3915 1783668440.459 1 
831425992 3916 1783668440.509 1 
841426896 3917 1783668440.559 1 
851425530 3918 1783668440.609 1 
861493232 3919 1783668440.659 1 
871424394 3920 1783668440.709 1 
881518177 3921 1783668440.759 1 
891425480 3922 1783668440.809 1 
901426644 3923 1783668440.859 1 
911425264 3924 1783668440.909 1 
921426308 3925 1783668440.959 1 
931425989 3926 1783668441.009 1 
941426085 3927 1783668441.059 1 
951428413 3928 1783668441.109 1 
961492762 3929 1783668441.159 1 
971425882 3930 1783668441.209 1 
981424592 3931 1783668441.259 1 
991425564 3932 1783668441.309 1 
1001426071 3933 1783668441.359 1 
1011426131 3934 1783668441.409 1 
1021425850 3935 1783668441.459 1 
1031426007 3936 1783668441.509 1 
1041426046 3937 1783668441.559 1 
1051424930 3938 1783668441.609 1 
1061425045 3939 1783668441.659 1 
1071426873 3940 1783668441.709 1 
1081432032 3941 1783668441.759 1 
1091424429 3942 1783668441.809 1 
1101425446 3943 1783668441.859 1 
1111424362 3944 1783668441.909 1 
1121424844 3945 1783668441.959 1 
1131426883 3946 1783668442.009 1 
1141427107 3947 1783668442.059 1 
1151424882 3948 1783668442.109 1 
1161425023 3949 1783668442.159 1 
1171508360 3950 1783668442.209 1 
1181425178 3951 1783668442.259 1 
1191426983 3952 1783668442.309 1 
1201424846 3953 1783668442.359 1 
1211424135 3954 1783668442.409 1 
1221426552 3955 1783668442.459 1 
1231426718 3956 1783668442.509 1 
1241425755 3957 1783668442.559 1 
1251424966 3958 1783668442.609 1 
1261426087 3959 1783668442.659 1 
1271425210 3960 1783668442.709 1 
1281460593 3961 1783668442.759 1 
1291425170 3962 1783668442.809 1 
1301424939 3963 1783668442.859 1 
1311426220 3964 1783668442.909 1 
1321425183 3965 1783668442.959 1 
1331424751 3966 1783668443.009 1 
1341426875 3967 1783668443.059 1 
1351425258 3968 1783668443.109 1 
1361425248 3969 1783668443.159 1 
1371425409 3970 1783668443.209 1 
1381425770 3971 1783668443.259 1 
1391424008 3972 1783668443.309 1 
1401427989 3973 1783668443.359 1 
1411424877 3974 1783668443.409 1 
1421425473 3975 1783668443.459 1 
1431425343 3976 1783668443.509 1 
1441425262 3977 1783668443.559 1 
1451426177 3978 1783668443.609 1 
1461425460 3979 1783668443.659 1 
1471426138 3980 1783668443.709 1 
1481442435 3981 1783668443.759 1 
1491426225 3982 1783668443.809 1 
1501426499 3983 1783668443.859 1 
1511427807 3984 1783668443.909 1 
1521424106 3985 1783668443.959 1 
1531425830 3986 1783668444.009 1 
1541426618 3987 1783668444.059 1 
1551424850 3988 1783668444.109 1 
1561425337 3989 1783668444.159 1 
1571425498 3990 1783668444.209 1 
1581426782 3991 1783668444.259 1 
1591426449 3992 1783668444.309 1 
1601424814 3993 1783668444.359 1 
1611519260 3994 1783668444.409 1 
1621424626 3995 1783668444.459 1 
1631425745 3996 1783668444.509 1 
1641425495 3997 1783668444.559 1 
1651426010 3998 1783668444.609 1 
1661426379 3999 1783668444.659 1 
1671423469 4000 1783668444.709 1 
1681440622 4001 1783668444.759 1 
1691424340 4002 1783668444.809 1 
1701426358 4003 1783668444.859 1 
1711443882 4004 1783668444.909 1 
1721426398 4005 1783668444.959 1 
1731425440 4006 1783668445.009 1 
1741426114 4007 1783668445.059 1 
1751424824 4008 1783668445.109 1 
1761426536 4009 1783668445.159 1 
1771425010 4010 1783668445.209 1 
1781427059 4011 1783668445.259 1 
1791426594 4012 1783668445.309 1 
1801425285 4013 1783668445.359 1 
1811426533 4014 1783668445.409 1 
1821424149 4015 1783668445.459 1 
1831424852 4016 1783668445.509 1 
1841424791 4017 1783668445.559 1 
1851426110 4018 1783668445.609 1 
1861425064 4019 1783668445.660 1 
1871491618 4020 1783668445.709 1 
1881462597 4021 1783668445.759 1 
1891424464 4022 1783668445.809 1 
1901425193 4023 1783668445.859 1 
1911425250 4024 1783668445.909 1 
1921425767 4025 1783668445.959 1 
1931447520 4026 1783668446.009 1 
1941425394 4027 1783668446.059 1 
1951426659 4028 1783668446.109 1 
1961425428 4029 1783668446.159 1 
1971424945 4030 1783668446.209 1 
1981426517 4031 1783668446.259 1 
1991493387 4032 1783668446.309 1 
2001425396 4033 1783668446.359 1 
2011427498 4034 1783668446.409 1 
2021427562 4035 1783668446.459 1 
2031427060 4036 1783668446.509 1 
2041425281 4037 1783668446.559 1 
2051425313 4038 1783668446.609 1 
2061424690 4039 1783668446.659 1 
2071426338 4040 1783668446.709 1 
2081441240 4041 1783668446.759 1 
2091426574 4042 1783668446.809 1 
2101425906 4043 1783668446.859 1 
2111424866 4044 1783668446.909 1 
2121425816 4045 1783668446.959 1 
2131425149 4046 1783668447.009 1 
2141426275 4047 1783668447.059 1 
2151424431 4048 1783668447.109 1 
2161425673 4049 1783668447.159 1 
2171426869 4050 1783668447.209 1 
2181425863 4051 1783668447.259 1 
2191424625 4052 1783668447.309 1 
2201426037 4053 1783668447.359 1 
2211424900 4054 1783668447.409 1 
2221425799 4055 1783668447.459 1 
2231427005 4056 1783668447.509 1 
2241425173 4057 1783668447.559 1 
2251425734 4058 1783668447.609 1 
2261424950 4059 1783668447.659 1 
2271442167 4060 1783668447.709 1 
2281440799 4061 1783668447.759 1 
2291425206 4062 1783668447.809 1 
2301425779 4063 1783668447.859 1 
2311425103 4064 1783668447.909 1 
2321424335 4065 1783668447.959 1 
2331426775 4066 1783668448.009 1 
2341426605 4067 1783668448.059 1 
2351425618 4068 1783668448.109 1 
2361443491 4069 1783668448.159 1 
2371425703 4070 1783668448.209 1 
2381424231 4071 1783668448.259 1 
2391426011 4072 1783668448.309 1 
2401425656 4073 1783668448.359 1 
2411427362 4074 1783668448.409 1 
2421425288 4075 1783668448.459 1 
2431425698 4076 1783668448.509 1 
2441425702 4077 1783668448.559 1 
2451424833 4078 1783668448.609 1 
2461425864 4079 1783668448.659 1 
2471425934 4080 1783668448.709 1 
2481518258 4081 1783668448.759 1 
2491425143 4082 1783668448.809 1 
2501425589 4083 1783668448.859 1 
2511426146 4084 1783668448.909 1 
2521425243 4085 1783668448.959 1 
2531425738 4086 1783668449.009 1 
2541424999 4087 1783668449.059 1 
2551439631 4088 1783668449.109 1 
2561425638 4089 1783668449.159 1 
2571426480 4090 1783668449.209 1 
2581425724 4091 1783668449.259 1 
2591426717 4092 1783668449.309 1 
2601425246 4093 1783668449.359 1 
2611427154 4094 1783668449.409 1 
2621426205 4095 1783668449.459 1 
2631426588 4096 1783668449.509 1 
2641425700 4097 1783668449.559 1 
2651423742 4098 1783668449.609 1 
2661426060 4099 1783668449.659 1 
2671424397 4100 1783668449.709 1 
2681440649 4101 1783668449.759 1 
2691425711 4102 1783668449.809 1 
2701425191 4103 1783668449.859 1 
2711427026 4104 1783668449.909 1 
2721491200 4105 1783668449.959 1 
2731426789 4106 1783668450.009 1 
2741424990 4107 1783668450.059 1 
2751444679 4108 1783668450.109 1 
2761425406 4109 1783668450.159 1 
2771491442 4110 1783668450.209 1 
2781424499 4111 1783668450.259 1 
2791424656 4112 1783668450.309 1 
2801427238 4113 1783668450.359 1 
2811425540 4114 1783668450.409 1 
2821425055 4115 1783668450.459 1 
2831427369 4116 1783668450.509 1 
2841425813 4117 1783668450.559 1 
2851426086 4118 1783668450.609 1 
2861426038 4119 1783668450.660 1 
2871426130 4120 1783668450.709 1 
2881442035 4121 1783668450.759 1 
2891426991 4122 1783668450.809 1 
2901425957 4123 1783668450.859 1 
2911425790 4124 1783668450.909 1 
2921427452 4125 1783668450.959 1 
2931426450 4126 1783668451.009 1 
2941426267 4127 1783668451.059 1 
2951427551 4128 1783668451.109 1 
2961426693 4129 1783668451.159 1 
2971427375 4130 1783668451.209 1 
2981446728 4131 1783668451.259 1 
2991493218 4132 1783668451.309 1 
3001492331 4133 1783668451.359 1 
3011427131 4134 1783668451.409 1 
3021426176 4135 1783668451.459 1 
3031425260 4136 1783668451.509 1 
3041427060 4137 1783668451.559 1 
3051427228 4138 1783668451.609 1 
3061425104 4139 1783668451.659 1 
3071424187 4140 1783668451.709 1 
3081514874 4141 1783668451.759 1 
3091426612 4142 1783668451.810 1 
3101425268 4143 1783668451.859 1 
3111425571 4144 1783668451.909 1 
3121426815 4145 1783668451.959 1 
3131426099 4146 1783668452.009 1 
3141424333 4147 1783668452.059 1 
3151426474 4148 1783668452.109 1 
3161426034 4149 1783668452.159 1 
3171425867 4150 1783668452.209 1 
3181426205 4151 1783668452.259 1 
3191425303 4152 1783668452.309 1 
3201425176 4153 1783668452.359 1 
3211426688 4154 1783668452.409 1 
3221425822 4155 1783668452.459 1 
3231425461 4156 1783668452.509 1 
3241425662 4157 1783668452.559 1 
3251426020 4158 1783668452.609 1 
3261427514 4159 1783668452.659 1 
3271427361 4160 1783668452.709 1 
3281483720 4161 1783668452.759 1 
3291569492 4162 1783668452.809 1 
3301425579 4163 1783668452.860 1 
3311425807 4164 1783668452.909 1 
3321426555 4165 1783668452.959 1 
3331426262 4166 1783668453.009 1 
3341425829 4167 1783668453.059 1 
3351426514 4168 1783668453.109 1 
3361426103 4169 1783668453.159 1 
3371425622 4170 1783668453.209 1 
3381426988 4171 1783668453.259 1 
3391426113 4172 1783668453.309 1 
3401425303 4173 1783668453.359 1 
3411424366 4174 1783668453.409 1 
3421425932 4175 1783668453.459 1 
3431426433 4176 1783668453.509 1 
3441426742 4177 1783668453.559 1 
3451424057 4178 1783668453.609 1 
3461425940 4179 1783668453.659 1 
3471426996 4180 1783668453.709 1 
3481518570 4181 1783668453.759 1 
3491424739 4182 1783668453.810 1 
3501426183 4183 1783668453.859 1 
3511425787 4184 1783668453.909 1 
3521426498 4185 1783668453.959 1 
3531426043 4186 1783668454.009 1 
3541425682 4187 1783668454.059 1 
3551443357 4188 1783668454.109 1 
3561443508 4189 1783668454.159 1 
3571425321 4190 1783668454.209 1 
3581492515 4191 1783668454.259 1 
3591425464 4192 1783668454.309 1 
3601442834 4193 1783668454.359 1 
3611426975 4194 1783668454.409 1 
3621426331 4195 1783668454.459 1 
3631426139 4196 1783668454.509 1 
3641425361 4197 1783668454.559 1 
3651427282 4198 1783668454.609 1 
3661425138 4199 1783668454.659 1 
3671425648 4200 1783668454.709 1 
3681483752 4201 1783668454.759 1 
3691570175 4202 1783668454.809 1 
3701426405 4203 1783668454.860 1 
3711424982 4204 1783668454.909 1 
3721426287 4205 1783668454.959 1 
3731427829 4206 1783668455.009 1 
3741426144 4207 1783668455.059 1 
3751426670 4208 1783668455.109 1 
3761425595 4209 1783668455.159 1 
3771492815 4210 1783668455.209 1 
3781424718 4211 1783668455.260 1 
3791426377 4212 1783668455.309 1 
3801425114 4213 1783668455.359 1 
3811426577 4214 1783668455.409 1 
3821423983 4215 1783668455.459 1 
3831426859 4216 1783668455.509 1 
3841426457 4217 1783668455.559 1 
3851426179 4218 1783668455.609 1 
3861425240 4219 1783668455.660 1 
3871426780 4220 1783668455.709 1 
3881461043 4221 1783668455.759 1 
3891424407 4222 1783668455.809 1 
3901424417 4223 1783668455.859 1 
3911425745 4224 1783668455.909 1 
3921424906 4225 1783668455.959 1 
3931424928 4226 1783668456.009 1 
3941450593 4227 1783668456.059 1 
3951425382 4228 1783668456.109 1 
3961425676 4229 1783668456.159 1 
3971424972 4230 1783668456.209 1 
3981492877 4231 1783668456.259 1 
3991425130 4232 1783668456.310 1 
4001426781 4233 1783668456.359 1 
4011427883 4234 1783668456.409 1 
4021425485 4235 1783668456.459 1 
4031491951 4236 1783668456.509 1 
4041426397 4237 1783668456.559 1 
4051492839 4238 1783668456.609 1 
4061424984 4239 1783668456.660 1 
4071427308 4240 1783668456.709 1 
4081579421 4241 1783668456.759 1 
4091438416 4242 1783668456.810 1 
4101441463 4243 1783668456.859 1 
4111425723 4244 1783668456.909 1 
4121425585 4245 1783668456.959 1 
4131425552 4246 1783668457.009 1 
4141425088 4247 1783668457.059 1 
4151427051 4248 1783668457.109 1 
4161426744 4249 1783668457.159 1 
4171425617 4250 1783668457.209 1 
4181442995 4251 1783668457.259 1 
4191427272 4252 1783668457.309 1 
4201426638 4253 1783668457.359 1 
4211425848 4254 1783668457.409 1 
4221426567 4255 1783668457.459 1 
4231425780 4256 1783668457.509 1 
4241492729 4257 1783668457.559 1 
4251426769 4258 1783668457.610 1 
4261426539 4259 1783668457.659 1 
4271425897 4260 1783668457.709 1 
4281460545 4261 1783668457.759 1 
4291426824 4262 1783668457.810 1 
6478021 4263 1783668457.859 1 
16465346 4264 1783668457.910 1 
26474198 4265 1783668457.959 1 
36460491 4266 1783668458.009 1 
46458127 4267 1783668458.059 1 
56460156 4268 1783668458.109 1 
66457285 4269 1783668458.159 1 
76457637 4270 1783668458.209 1 
86460048 4271 1783668458.259 1 
96460812 4272 1783668458.309 1 
106457598 4273 1783668458.359 1 
116460694 4274 1783668458.409 1 
126459228 4275 1783668458.459 1 
136509069 4276 1783668458.509 1 
146459455 4277 1783668458.560 1 
156474762 4278 1783668458.609 1 
166459210 4279 1783668458.659 1 
176459439 4280 1783668458.709 1 
186528303 4281 1783668458.759 1 
196601257 4282 1783668458.810 1 
206457937 4283 1783668458.860 1 
216475217 4284 1783668458.909 1 
226458404 4285 1783668458.960 1 
236459147 4286 1783668459.009 1 
246459962 4287 1783668459.060 1 
256458365 4288 1783668459.109 1 
266456978 4289 1783668459.160 1 
276470347 4290 1783668459.209 1 
286459819 4291 1783668459.260 1 
296457594 4292 1783668459.309 1 
306459323 4293 1783668459.360 1 
316459990 4294 1783668459.409 1 
326458939 4295 1783668459.459 1 
336458359 4296 1783668459.509 1 
346459300 4297 1783668459.559 1 
356460360 4298 1783668459.609 1 
366456974 4299 1783668459.659 1 
376457619 4300 1783668459.710 1 
386494098 4301 1783668459.759 1 
396469847 4302 1783668459.810 1 
406458028 4303 1783668459.860 1 
416456976 4304 1783668459.910 1 
426458268 4305 1783668459.959 1 
436457238 4306 1783668460.010 1 
446457314 4307 1783668460.059 1 
456458194 4308 1783668460.110 1 
466459862 4309 1783668460.159 1 
476458740 4310 1783668460.210 1 
486458426 4311 1783668460.260 1 
496458705 4312 1783668460.310 1 
506459709 4313 1783668460.360 1 
516460593 4314 1783668460.409 1 
526526100 4315 1783668460.460 1 
536477658 4316 1783668460.510 1 
546459033 4317 1783668460.560 1 
556475017 4318 1783668460.609 1 
566460415 4319 1783668460.660 1 
576477313 4320 1783668460.710 1 
586532661 4321 1783668460.760 1 
596601225 4322 1783668460.810 1 
606458692 4323 1783668460.860 1 
616457544 4324 1783668460.910 1 
626459111 4325 1783668460.960 1 
636458586 4326 1783668461.009 1 
646458728 4327 1783668461.060 1 
656458130 4328 1783668461.109 1 
666458907 4329 1783668461.160 1 
676457712 4330 1783668461.209 1 
686459174 4331 1783668461.260 1 
696459648 4332 1783668461.309 1 
706458172 4333 1783668461.360 1 
716459099 4334 1783668461.409 1 
726470176 4335 1783668461.460 1 -6.104 7.568 0.916 -5.049 88 423 
736472170 4336 1783668461.510 1 -6.249 7.129 0.893 -4.207 100 425 
746540824 4337 1783668461.560 1 -6.088 6.848 1.450 -4.207 119 440 
756565653 4338 1783668461.611 1 -5.081 7.383 1.129 -4.207 74 437 
766505554 4339 1783668461.661 1 -5.219 6.986 1.099 -4.207 114 421 
776502337 4340 1783668461.710 1 -6.493 5.860 2.258 -5.049 110 421 -4.807 6.881 1.602 -4.207 134 428 
786488317 4341 1783668461.761 1 -4.005 7.313 1.869 -4.207 96 438 
796497052 4342 1783668461.810 1 -5.341 6.403 1.869 -5.049 82 427 -4.120 7.360 2.472 -3.366 79 435 
806457058 4343 1783668461.861 1 
816563349 4344 1783668461.910 1 -3.311 6.601 1.656 -3.366 90 431 -3.891 7.104 1.816 -3.366 96 433 
826460189 4345 1783668461.975 1 
836472283 4346 1783668462.010 1 -3.372 7.473 1.297 -3.366 116 429 
846571299 4347 1783668462.064 1 -2.518 6.689 1.602 -2.524 133 431 
856500989 4348 1783668462.114 1 -1.831 6.908 1.602 -2.524 153 431 -2.670 8.006 1.335 -2.524 85 437 
866510841 4349 1783668462.168 1 -3.471 7.735 1.068 -3.366 97 433 -2.518 6.401 2.518 -2.524 153 421 -3.296 8.073 1.099 -2.524 74 434 
876473743 4350 1783668462.219 1 -2.136 6.132 2.136 -2.524 154 432 
886542460 4351 1783668462.263 1 -1.770 6.678 1.549 -3.366 99 430 -2.403 8.130 1.068 -2.524 101 431 -1.854 5.731 2.678 -1.683 113 425 -1.106 6.704 1.991 -1.683 105 430 
896517896 4352 1783668462.319 1 -2.670 8.077 0.801 -2.524 110 431 -1.442 6.093 2.060 -1.683 226 422 -0.946 7.044 2.602 -1.683 86 440 
906601424 4353 1783668462.369 1 -2.434 6.556 1.106 -2.524 108 423 -2.365 6.996 1.656 -2.524 97 437 -0.824 6.135 2.266 -1.683 164 427 -1.259 7.894 1.007 -1.683 110 433 
916583576 4354 1783668462.421 1 -3.471 7.693 1.335 -3.366 70 433 -1.923 6.387 1.495 -1.683 134 416 -0.977 7.655 1.221 -1.683 134 430 
926539581 4355 1783668462.470 1 -2.975 6.550 1.373 -5.890 93 430 -2.876 6.223 1.770 -2.524 113 421 0.000 6.326 1.854 -0.841 191 420 -0.488 7.608 1.709 -0.841 116 413 
936503045 4356 1783668462.520 1 -0.252 7.954 1.259 -1.683 77 427 -0.198 6.191 1.389 -0.841 200 417 
946565937 4357 1783668462.570 1 -1.991 6.615 1.549 -2.524 118 431 
956499774 4358 1783668462.616 1 -1.953 7.238 2.197 -1.683 89 429 
966513067 4359 1783668462.666 1 -1.068 6.330 2.350 -1.683 104 444 
976511945 4360 1783668462.716 1 -1.373 6.441 3.204 -1.683 79 432 
986586301 4361 1783668462.767 1 -0.824 6.207 2.060 -1.683 144 425 0.000 7.717 1.221 -0.841 112 431 
996545451 4362 1783668462.818 1 
1006498463 4363 1783668462.860 1 0.000 6.190 2.266 -0.841 213 422 
1016511895 4364 1783668462.910 1 0.000 6.190 2.266 -0.841 156 421 
1026502381 4365 1783668462.961 1 
1036499958 4366 1783668463.010 1 
1046547049 4367 1783668463.060 1 
1056547669 4368 1783668463.110 1 
1066471255 4369 1783668463.160 1 
1076514571 4370 1783668463.210 1 
1086497296 4371 1783668463.260 1 
1096516653 4372 1783668463.310 1 
1106500828 4373 1783668463.360 1 
1116503481 4374 1783668463.410 1 
1126502192 4375 1783668463.460 1 
1136552392 4376 1783668463.510 1 
1146499912 4377 1783668463.560 1 
1156459074 4378 1783668463.610 1 
1166457787 4379 1783668463.660 1 
1176458406 4380 1783668463.710 1 
1186550015 4381 1783668463.760 1 
1196525550 4382 1783668463.810 1 
1206457775 4383 1783668463.860 1 
1216458824 4384 1783668463.910 1 
1226478035 4385 1783668463.960 1 
1236459982 4386 1783668464.010 1 
1246458989 4387 1783668464.060 1 
1256475218 4388 1783668464.110 1 
1266458271 4389 1783668464.160 1 
1276525568 4390 1783668464.210 1 
1286526963 4391 1783668464.260 1 
1296458912 4392 1783668464.310 1 
1306460642 4393 1783668464.360 1 
1316457493 4394 1783668464.410 1 
1326458258 4395 1783668464.460 1 
1336460130 4396 1783668464.510 1 
1346457065 4397 1783668464.560 1 
1356459062 4398 1783668464.610 1 
1366457937 4399 1783668464.660 1 
1376459142 4400 1783668464.710 1 
1386549631 4401 1783668464.760 1 
1396525258 4402 1783668464.810 1 
1406458883 4403 1783668464.860 1 
1416458777 4404 1783668464.910 1 
1426457756 4405 1783668464.960 1 
1436459342 4406 1783668465.010 1 
1446459154 4407 1783668465.060 1 
1456458362 4408 1783668465.110 1 
1466460260 4409 1783668465.160 1 
1476458140 4410 1783668465.210 1 
1486460639 4411 1783668465.260 1 
1496457476 4412 1783668465.310 1 
1506457044 4413 1783668465.360 1 
1516457562 4414 1783668465.410 1 
1526458269 4415 1783668465.460 1 
1536457142 4416 1783668465.510 1 
1546458699 4417 1783668465.560 1 
1556458965 4418 1783668465.610 1 
1566457868 4419 1783668465.660 1 
1576461159 4420 1783668465.711 1 
1586550271 4421 1783668465.760 1 
1596458044 4422 1783668465.810 1 
1606524774 4423 1783668465.860 1 
1616458220 4424 1783668465.910 1 
1626458953 4425 1783668465.960 1 
1636458500 4426 1783668466.010 1 
1646458471 4427 1783668466.060 1 
1656457714 4428 1783668466.110 1 
1666458240 4429 1783668466.160 1 
1676459832 4430 1783668466.210 1 
1686457715 4431 1783668466.260 1 
1696458074 4432 1783668466.310 1 
1706526423 4433 1783668466.360 1 
1716457449 4434 1783668466.410 1 
1726457200 4435 1783668466.460 1 
1736456456 4436 1783668466.510 1 
1746456831 4437 1783668466.560 1 
1756458449 4438 1783668466.610 1 
1766458274 4439 1783668466.660 1 
1776456843 4440 1783668466.710 1 
1786494302 4441 1783668466.760 1 
1796459143 4442 1783668466.810 1 
1806457731 4443 1783668466.860 1 
1816457472 4444 1783668466.910 1 
1826457895 4445 1783668466.960 1 
1836458294 4446 1783668467.010 1 
1846458864 4447 1783668467.060 1 
1856458463 4448 1783668467.110 1 
1866475622 4449 1783668467.160 1 
1876526256 4450 1783668467.210 1 
1886458563 4451 1783668467.260 1 
1896458388 4452 1783668467.310 1 
1906458767 4453 1783668467.360 1 
1916457304 4454 1783668467.410 1 
1926458274 4455 1783668467.460 1 
1936459495 4456 1783668467.510 1 
1946458906 4457 1783668467.560 1 
1956460874 4458 1783668467.610 1 
1966458845 4459 1783668467.660 1 
1976458994 4460 1783668467.710 1 
1986566592 4461 1783668467.760 1 
1996457513 4462 1783668467.811 1 
2006458362 4463 1783668467.860 1 
2016460320 4464 1783668467.910 1 
2026457829 4465 1783668467.960 1 
2036459159 4466 1783668468.010 1 
2046459837 4467 1783668468.060 1 
2056460337 4468 1783668468.110 1 
2066457317 4469 1783668468.160 1 
2076458576 4470 1783668468.210 1 
2086458776 4471 1783668468.260 1 
2096459550 4472 1783668468.310 1 
2106458207 4473 1783668468.360 1 
2116457551 4474 1783668468.410 1 
2126459199 4475 1783668468.460 1 
2136459309 4476 1783668468.510 1 
2146458184 4477 1783668468.560 1 
2156457610 4478 1783668468.610 1 
2166457679 4479 1783668468.660 1 
2176460070 4480 1783668468.710 1 
2186464085 4481 1783668468.760 1 
2196459003 4482 1783668468.810 1 
2206458343 4483 1783668468.860 1 
2216458381 4484 1783668468.910 1 
2226458218 4485 1783668468.960 1 
2236458397 4486 1783668469.010 1 
2246458239 4487 1783668469.060 1 
2256457565 4488 1783668469.110 1 
2266459840 4489 1783668469.160 1 
2276459369 4490 1783668469.210 1 
2286456076 4491 1783668469.260 1 
2296458473 4492 1783668469.310 1 
2306458384 4493 1783668469.360 1 
2316458976 4494 1783668469.410 1 
2326458368 4495 1783668469.460 1 
2336458753 4496 1783668469.510 1 
2346461067 4497 1783668469.560 1 
2356459104 4498 1783668469.610 1 
2366457427 4499 1783668469.660 1 
2376459699 4500 1783668469.710 1 
2386463634 4501 1783668469.760 1 
2396459475 4502 1783668469.810 1 
2406459064 4503 1783668469.860 1 
2416457120 4504 1783668469.910 1 
2426458064 4505 1783668469.960 1 
2436458261 4506 1783668470.010 1 
2446458679 4507 1783668470.060 1 
2456458884 4508 1783668470.110 1 
2466459988 4509 1783668470.160 1 
2476460057 4510 1783668470.210 1 
2486457565 4511 1783668470.260 1 
2496456043 4512 1783668470.310 1 
2506459204 4513 1783668470.360 1 
2516457039 4514 1783668470.410 1 
2526457182 4515 1783668470.460 1 
2536458958 4516 1783668470.510 1 
2546459031 4517 1783668470.560 1 
2556459889 4518 1783668470.610 1 
2566457857 4519 1783668470.660 1 
2576456125 4520 1783668470.712 1 
2586492565 4521 1783668470.760 1 
2596458416 4522 1783668470.810 1 
2606459011 4523 1783668470.860 1 
2616459461 4524 1783668470.910 1 
2626459075 4525 1783668470.960 1 
2636458846 4526 1783668471.010 1 
2646458357 4527 1783668471.060 1 
2656458569 4528 1783668471.110 1 
2666456322 4529 1783668471.160 1 
2676460145 4530 1783668471.210 1 
2686459969 4531 1783668471.260 1 
2696460464 4532 1783668471.310 1 
2706459053 4533 1783668471.360 1 
2716458425 4534 1783668471.410 1 
2726458768 4535 1783668471.460 1 
2736460125 4536 1783668471.510 1 
2746457166 4537 1783668471.560 1 
2756457714 4538 1783668471.610 1 
2766457381 4539 1783668471.660 1 
2776524971 4540 1783668471.710 1 
2786569986 4541 1783668471.760 1 
2796457929 4542 1783668471.811 1 
2806457047 4543 1783668471.860 1 
2816457668 4544 1783668471.910 1 
2826458836 4545 1783668471.960 1 
2836458568 4546 1783668472.010 1 
2846458378 4547 1783668472.060 1 
2856457168 4548 1783668472.110 1 
2866459019 4549 1783668472.160 1 
2876459563 4550 1783668472.210 1 
2886460098 4551 1783668472.260 1 
2896459491 4552 1783668472.310 1 
2906457239 4553 1783668472.360 1 
2916459337 4554 1783668472.410 1 
2926458776 4555 1783668472.460 1 
2936459750 4556 1783668472.510 1 
2946458004 4557 1783668472.560 1 
2956459259 4558 1783668472.610 1 
2966456349 4559 1783668472.660 1 
2976457908 4560 1783668472.710 1 
2986476238 4561 1783668472.760 1 
2996457487 4562 1783668472.810 1 
3006460164 4563 1783668472.860 1 
3016458689 4564 1783668472.910 1 
3026457552 4565 1783668472.960 1 
3036458307 4566 1783668473.010 1 
3046457366 4567 1783668473.060 1 
3056459350 4568 1783668473.110 1 
3066458182 4569 1783668473.160 1 
3076459447 4570 1783668473.210 1 
3086458903 4571 1783668473.260 1 
3096458203 4572 1783668473.310 1 
3106458421 4573 1783668473.360 1 
3116458384 4574 1783668473.410 1 
3126458044 4575 1783668473.460 1 
3136458180 4576 1783668473.510 1 
3146457544 4577 1783668473.560 1 
3156458090 4578 1783668473.610 1 
3166524651 4579 1783668473.660 1 
3176458537 4580 1783668473.711 1 
3186495627 4581 1783668473.760 1 
3196459102 4582 1783668473.810 1 
3206458861 4583 1783668473.860 1 
3216459077 4584 1783668473.910 1 
3226457576 4585 1783668473.960 1 
3236457415 4586 1783668474.010 1 
3246458873 4587 1783668474.060 1 
3256459054 4588 1783668474.110 1 
3266458045 4589 1783668474.160 1 
3276459284 4590 1783668474.210 1 
3286458857 4591 1783668474.260 1 
3296459500 4592 1783668474.310 1 
3306458723 4593 1783668474.360 1 
3316458481 4594 1783668474.410 1 
3326459212 4595 1783668474.460 1 
3336460145 4596 1783668474.510 1 
3346458699 4597 1783668474.560 1 
3356458645 4598 1783668474.610 1 
3366457141 4599 1783668474.660 1 
3376458763 4600 1783668474.710 1 
3386493024 4601 1783668474.760 1 
3396458718 4602 1783668474.810 1 
3406458860 4603 1783668474.860 1 
3416457329 4604 1783668474.910 1 
3426458160 4605 1783668474.960 1 
3436459156 4606 1783668475.010 1 
3446459208 4607 1783668475.060 1 
3456458959 4608 1783668475.110 1 
3466459626 4609 1783668475.160 1 
3476458241 4610 1783668475.210 1 
3486458285 4611 1783668475.260 1 
3496459096 4612 1783668475.310 1 
3506458724 4613 1783668475.360 1 
3516458560 4614 1783668475.410 1 
3526459387 4615 1783668475.460 1 
3536460195 4616 1783668475.510 1 
3546525482 4617 1783668475.560 1 
3556458902 4618 1783668475.611 1 
3566457306 4619 1783668475.660 1 
3576458695 4620 1783668475.712 1 
3586474091 4621 1783668475.760 1 
3596457274 4622 1783668475.810 1 
3606456952 4623 1783668475.860 1 
3616459686 4624 1783668475.910 1 
3626460705 4625 1783668475.960 1 
3636457529 4626 1783668476.011 1 
3646458794 4627 1783668476.060 1 
3656458624 4628 1783668476.110 1 
3666458890 4629 1783668476.160 1 
3676458138 4630 1783668476.210 1 
3686460232 4631 1783668476.260 1 
3696458548 4632 1783668476.310 1 
3706458821 4633 1783668476.360 1 
3716460176 4634 1783668476.410 1 
3726457808 4635 1783668476.460 1 
3736458877 4636 1783668476.510 1 
3746525324 4637 1783668476.560 1 
3756458853 4638 1783668476.611 1 
3766459136 4639 1783668476.660 1 
3776459526 4640 1783668476.710 1 
3786494640 4641 1783668476.760 1 
3796457997 4642 1783668476.811 1 
3806524782 4643 1783668476.860 1 
3816458707 4644 1783668476.911 1 
3826458422 4645 1783668476.960 1 
3836458410 4646 1783668477.010 1 
3846457783 4647 1783668477.060 1 
3856459157 4648 1783668477.110 1 
3866458835 4649 1783668477.160 1 
3876457664 4650 1783668477.210 1 
3886526928 4651 1783668477.260 1 
3896459905 4652 1783668477.311 1 
3906458913 4653 1783668477.360 1 
3916458638 4654 1783668477.410 1 
3926458123 4655 1783668477.460 1 
3936458026 4656 1783668477.510 1 
3946459995 4657 1783668477.560 1 
3956458816 4658 1783668477.610 1 
3966458894 4659 1783668477.660 1 
3976458508 4660 1783668477.710 1 
3986564170 4661 1783668477.760 1 
3996459108 4662 1783668477.811 1 
4006457784 4663 1783668477.860 1 
4016458344 4664 1783668477.911 1 
4026459131 4665 1783668477.960 1 
4036527059 4666 1783668478.010 1 
4046481464 4667 1783668478.061 1 
4056458439 4668 1783668478.110 1 
4066456429 4669 1783668478.160 1 
4076458530 4670 1783668478.210 1 
4086458111 4671 1783668478.260 1 
4096458149 4672 1783668478.310 1 
4106461026 4673 1783668478.360 1 
4116459948 4674 1783668478.410 1 
4126458208 4675 1783668478.460 1 
4136458838 4676 1783668478.510 1 
4146459528 4677 1783668478.560 1 
4156457030 4678 1783668478.610 1 
4166456952 4679 1783668478.660 1 
4176459249 4680 1783668478.710 1 
4186550938 4681 1783668478.760 1 
4196459346 4682 1783668478.811 1 
4206458669 4683 1783668478.860 1 
4216458089 4684 1783668478.911 1 
4226459093 4685 1783668478.960 1 
4236459345 4686 1783668479.011 1 
4246459771 4687 1783668479.060 1 
4256456566 4688 1783668479.110 1 
4266458251 4689 1783668479.160 1 
4276525073 4690 1783668479.211 1 
4286482789 4691 1783668479.261 1 
1492760 4692 1783668479.311 1 
11491692 4693 1783668479.360 1 
21509295 4694 1783668479.410 1 
31491074 4695 1783668479.461 1 
41491061 4696 1783668479.510 1 
51492913 4697 1783668479.560 1 
61490533 4698 1783668479.610 1 
71492332 4699 1783668479.660 1 
81489484 4700 1783668479.710 1 
91525905 4701 1783668479.760 1 
101490625 4702 1783668479.811 1 
111492711 4703 1783668479.860 1 
121491347 4704 1783668479.911 1 
131492049 4705 1783668479.961 1 
141492335 4706 1783668480.010 1 
151491850 4707 1783668480.061 1 
161490845 4708 1783668480.110 1 
171493885 4709 1783668480.160 1 
181493308 4710 1783668480.211 1 
191491716 4711 1783668480.260 1 
201492135 4712 1783668480.310 1 
211506576 4713 1783668480.361 1 
221489862 4714 1783668480.411 1 
231491270 4715 1783668480.461 1 
241491986 4716 1783668480.510 1 
251489878 4717 1783668480.561 1 
261491403 4718 1783668480.611 1 
271492294 4719 1783668480.661 1 
281490084 4720 1783668480.712 1 
291525160 4721 1783668480.761 1 
301492564 4722 1783668480.811 1 
311490569 4723 1783668480.860 1 
321491289 4724 1783668480.911 1 
331493240 4725 1783668480.960 1 
341490876 4726 1783668481.011 1 
351491170 4727 1783668481.060 1 
361491330 4728 1783668481.111 1 
371491595 4729 1783668481.160 1 
381489506 4730 1783668481.211 1 
391491215 4731 1783668481.260 1 
401492490 4732 1783668481.311 1 
411492819 4733 1783668481.360 1 
421490200 4734 1783668481.411 1 
431490700 4735 1783668481.460 1 
441491469 4736 1783668481.511 1 
451490459 4737 1783668481.560 1 
461491422 4738 1783668481.611 1 
471491184 4739 1783668481.661 1 
481492122 4740 1783668481.711 1 
491507449 4741 1783668481.761 1 
501507612 4742 1783668481.811 1 
511490942 4743 1783668481.861 1 
521492055 4744 1783668481.911 1 
531491876 4745 1783668481.961 1 
541492003 4746 1783668482.011 1 
551490371 4747 1783668482.061 1 
561491179 4748 1783668482.111 1 
571491859 4749 1783668482.160 1 
581490707 4750 1783668482.211 1 
591490310 4751 1783668482.261 1 
601489603 4752 1783668482.311 1 
611492693 4753 1783668482.360 1 
621491092 4754 1783668482.411 1 
631490602 4755 1783668482.461 1 
641490668 4756 1783668482.511 1 
651492900 4757 1783668482.561 1 
661491804 4758 1783668482.611 1 
671491925 4759 1783668482.661 1 
681490405 4760 1783668482.711 1 
691527651 4761 1783668482.761 1 
701490868 4762 1783668482.811 1 
711490078 4763 1783668482.861 1 
721491093 4764 1783668482.911 1 
731491350 4765 1783668482.961 1 
741491616 4766 1783668483.011 1 
751490417 4767 1783668483.061 1 
761491089 4768 1783668483.111 1 
771492359 4769 1783668483.161 1 
781492398 4770 1783668483.211 1 
791492885 4771 1783668483.261 1 
801492993 4772 1783668483.311 1 
811491315 4773 1783668483.361 1 
821490595 4774 1783668483.411 1 
831559401 4775 1783668483.461 1 
841489745 4776 1783668483.511 1 
851491800 4777 1783668483.561 1 
861492884 4778 1783668483.611 1 
871493370 4779 1783668483.661 1 
881492191 4780 1783668483.711 1 
891508338 4781 1783668483.761 1 
901492127 4782 1783668483.811 1 
911490883 4783 1783668483.861 1 
921491266 4784 1783668483.911 1 
931507828 4785 1783668483.961 1 
941491499 4786 1783668484.011 1 
951491545 4787 1783668484.061 1 
961490873 4788 1783668484.111 1 
971491148 4789 1783668484.161 1 
981490558 4790 1783668484.211 1 
991490816 4791 1783668484.261 1 
1001490841 4792 1783668484.311 1 
1011491971 4793 1783668484.361 1 
1021489976 4794 1783668484.411 1 
1031490225 4795 1783668484.461 1 
1041490241 4796 1783668484.511 1 
1051491329 4797 1783668484.561 1 
1061492179 4798 1783668484.611 1 
1071492192 4799 1783668484.661 1 
1081490975 4800 1783668484.711 1 
1091549706 4801 1783668484.761 1 
1101635774 4802 1783668484.811 1 
1111506210 4803 1783668484.861 1 
1121491125 4804 1783668484.911 1 
1131489457 4805 1783668484.961 1 
1141490701 4806 1783668485.011 1 
1151489288 4807 1783668485.061 1 
1161492693 4808 1783668485.111 1 
1171558829 4809 1783668485.161 1 
1181491934 4810 1783668485.211 1 
1191491507 4811 1783668485.261 1 
1201489273 4812 1783668485.311 1 
1211490412 4813 1783668485.361 1 
1221491841 4814 1783668485.411 1 
1231492158 4815 1783668485.461 1 
1241490736 4816 1783668485.511 1 
1251491772 4817 1783668485.561 1 
1261491127 4818 1783668485.611 1 
1271489530 4819 1783668485.661 1 
1281492048 4820 1783668485.712 1 
1291507343 4821 1783668485.761 1 
1301490586 4822 1783668485.811 1 
1311491801 4823 1783668485.861 1 
1321490698 4824 1783668485.911 1 
1331492708 4825 1783668485.961 1 
1341491239 4826 1783668486.011 1 
1351491148 4827 1783668486.061 1 
1361491204 4828 1783668486.111 1 
1371492691 4829 1783668486.161 1 
1381490284 4830 1783668486.211 1 
1391491351 4831 1783668486.261 1 
1401492290 4832 1783668486.311 1 
1411490390 4833 1783668486.361 1 
1421494128 4834 1783668486.411 1 
1431490976 4835 1783668486.461 1 
1441492562 4836 1783668486.511 1 
1451490654 4837 1783668486.561 1 
1461492759 4838 1783668486.611 1 
1471491846 4839 1783668486.661 1 
1481505107 4840 1783668486.711 1 
1491583987 4841 1783668486.761 1 
1501490425 4842 1783668486.811 1 
1511491712 4843 1783668486.861 1 
1521493195 4844 1783668486.911 1 
1531491877 4845 1783668486.961 1 
1541492773 4846 1783668487.011 1 
1551507121 4847 1783668487.061 1 
1561491560 4848 1783668487.111 1 
1571491053 4849 1783668487.161 1 
1581491694 4850 1783668487.211 1 
1591492228 4851 1783668487.261 1 
1601492273 4852 1783668487.311 1 
1611491019 4853 1783668487.361 1 
1621490725 4854 1783668487.411 1 
1631490114 4855 1783668487.461 1 
1641488561 4856 1783668487.511 1 
1651491551 4857 1783668487.561 1 
1661511647 4858 1783668487.611 1 
1671492143 4859 1783668487.661 1 
1681557895 4860 1783668487.711 1 
1691527439 4861 1783668487.761 1 
1701490819 4862 1783668487.811 1 
1711492096 4863 1783668487.861 1 
1721491978 4864 1783668487.911 1 
1731492657 4865 1783668487.961 1 
1741490788 4866 1783668488.011 1 
1751490986 4867 1783668488.061 1 
1761490344 4868 1783668488.111 1 
1771490620 4869 1783668488.161 1 
1781489340 4870 1783668488.211 1 
1791491531 4871 1783668488.261 1 
1801491092 4872 1783668488.311 1 
1811509747 4873 1783668488.361 1 
1821491874 4874 1783668488.411 1 
1831491955 4875 1783668488.461 1 
1841557003 4876 1783668488.511 1 
1851492050 4877 1783668488.561 1 
1861557345 4878 1783668488.611 1 
1871491368 4879 1783668488.661 1 
1881494066 4880 1783668488.711 1 
1891508385 4881 1783668488.761 1 
1901492602 4882 1783668488.811 1 
1911489776 4883 1783668488.861 1 
1921493000 4884 1783668488.911 1 
1931491656 4885 1783668488.961 1 
1941490932 4886 1783668489.011 1 
1951559278 4887 1783668489.061 1 
1961490682 4888 1783668489.111 1 
1971492649 4889 1783668489.161 1 
1981490356 4890 1783668489.211 1 
1991514080 4891 1783668489.261 1 
2001491153 4892 1783668489.311 1 
2011490980 4893 1783668489.361 1 
2021491920 4894 1783668489.411 1 
2031491578 4895 1783668489.461 1 
2041491476 4896 1783668489.511 1 
2051491805 4897 1783668489.561 1 
2061491263 4898 1783668489.611 1 
2071491062 4899 1783668489.661 1 
2081491040 4900 1783668489.711 1 
2091526028 4901 1783668489.761 1 
2101491381 4902 1783668489.811 1 
2111490686 4903 1783668489.861 1 
2121491490 4904 1783668489.911 1 
2131490118 4905 1783668489.961 1 
2141492151 4906 1783668490.011 1 
2151489391 4907 1783668490.061 1 
2161502933 4908 1783668490.111 1 
2171491128 4909 1783668490.161 1 
2181492273 4910 1783668490.211 1 
2191491800 4911 1783668490.261 1 
2201489282 4912 1783668490.311 1 
2211559063 4913 1783668490.361 1 
2221492545 4914 1783668490.411 1 
2231556730 4915 1783668490.461 1 
2241491167 4916 1783668490.511 1 
2251491944 4917 1783668490.561 1 
2261491783 4918 1783668490.611 1 
2271492031 4919 1783668490.661 1 
2281493498 4920 1783668490.742 1 
2291525730 4921 1783668490.761 1 
2301491484 4922 1783668490.811 1 
2311490963 4923 1783668490.861 1 
2321492847 4924 1783668490.911 1 
2331491996 4925 1783668490.961 1 
2341490340 4926 1783668491.011 1 
2351557532 4927 1783668491.061 1 
2361491006 4928 1783668491.111 1 
2371493617 4929 1783668491.161 1 
2381491468 4930 1783668491.211 1 
2391492154 4931 1783668491.261 1 
2401489239 4932 1783668491.311 1 
2411491072 4933 1783668491.361 1 
2421489604 4934 1783668491.411 1 
2431492500 4935 1783668491.461 1 
2441490110 4936 1783668491.511 1 
2451490511 4937 1783668491.561 1 
2461490808 4938 1783668491.611 1 
2471559201 4939 1783668491.661 1 
2481490352 4940 1783668491.711 1 
2491523582 4941 1783668491.761 1 
2501492902 4942 1783668491.811 1 
2511493176 4943 1783668491.861 1 
2521491871 4944 1783668491.911 1 
2531559321 4945 1783668491.961 1 
2541489707 4946 1783668492.011 1 
2551491919 4947 1783668492.061 1 
2561490195 4948 1783668492.111 1 
2571491196 4949 1783668492.161 1 
2581489744 4950 1783668492.211 1 
2591491716 4951 1783668492.261 1 
2601490553 4952 1783668492.311 1 
2611490292 4953 1783668492.361 1 
2621490912 4954 1783668492.411 1 
2631492890 4955 1783668492.461 1 
2641492430 4956 1783668492.511 1 
2651558384 4957 1783668492.561 1 
2661491706 4958 1783668492.612 1 
2671492382 4959 1783668492.661 1 
2681491860 4960 1783668492.711 1 
2691525096 4961 1783668492.761 1 
2701491304 4962 1783668492.811 1 
2711490557 4963 1783668492.861 1 
2721492249 4964 1783668492.911 1 
2731491477 4965 1783668492.961 1 
2741492810 4966 1783668493.011 1 
2751559378 4967 1783668493.061 1 
2761489150 4968 1783668493.111 1 
2771490652 4969 1783668493.161 1 
2781491646 4970 1783668493.211 1 
2791558860 4971 1783668493.261 1 
2801490584 4972 1783668493.311 1 
2811490913 4973 1783668493.361 1 
2821492833 4974 1783668493.411 1 
2831490127 4975 1783668493.461 1 
2841491272 4976 1783668493.511 1 
2851510659 4977 1783668493.561 1 
2861557575 4978 1783668493.611 1 
2871492206 4979 1783668493.661 1 
2881490918 4980 1783668493.711 1 
2891507950 4981 1783668493.761 1 
2901491010 4982 1783668493.811 1 
2911489739 4983 1783668493.861 1 
2921492675 4984 1783668493.911 1 
2931491307 4985 1783668493.961 1 
2941558196 4986 1783668494.011 1 
2951490376 4987 1783668494.062 1 
2961491068 4988 1783668494.111 1 
2971489930 4989 1783668494.161 1 
2981492509 4990 1783668494.211 1 
2991489961 4991 1783668494.261 1 
3001489857 4992 1783668494.311 1 
3011490237 4993 1783668494.361 1 
3021491488 4994 1783668494.411 1 
3031491829 4995 1783668494.461 1 
3041490971 4996 1783668494.511 1 
3051490666 4997 1783668494.561 1 
3061489116 4998 1783668494.611 1 
3071491194 4999 1783668494.661 1 
3081492180 5000 1783668494.711 1 
3091505881 5001 1783668494.761 1 
3101491911 5002 1783668494.811 1 
3111492562 5003 1783668494.861 1 
3121491129 5004 1783668494.911 1 
3131489911 5005 1783668494.961 1 
3141491427 5006 1783668495.011 1 
3151491440 5007 1783668495.061 1 
3161491305 5008 1783668495.111 1 
3171490436 5009 1783668495.161 1 
3181490272 5010 1783668495.211 1 
3191491359 5011 1783668495.261 1 
3201491375 5012 1783668495.311 1 
3211492180 5013 1783668495.361 1 
3221557249 5014 1783668495.411 1 
3231491703 5015 1783668495.462 1 
3241491544 5016 1783668495.511 1 
3251490591 5017 1783668495.561 1 
3261559034 5018 1783668495.611 1 
3271558489 5019 1783668495.662 1 
3281492273 5020 1783668495.714 1 
3291560345 5021 1783668495.761 1 
3301633227 5022 1783668495.812 1 
3311491979 5023 1783668495.862 1 
3321490709 5024 1783668495.911 1 
3331491311 5025 1783668495.961 1 
3341490043 5026 1783668496.011 1 
3351491840 5027 1783668496.061 1 
3361490975 5028 1783668496.111 1 
3371492068 5029 1783668496.161 1 
3381491429 5030 1783668496.211 1 
3391493067 5031 1783668496.261 1 
3401558785 5032 1783668496.311 1 
3411490615 5033 1783668496.362 1 
3421489988 5034 1783668496.411 1 
3431492756 5035 1783668496.461 1 
3441490967 5036 1783668496.511 1 
3451491980 5037 1783668496.561 1 
3461491604 5038 1783668496.611 1 
3471491430 5039 1783668496.661 1 
3481492465 5040 1783668496.711 1 
3491507030 5041 1783668496.761 1 
3501491965 5042 1783668496.811 1 
3511490206 5043 1783668496.861 1 
3521491080 5044 1783668496.911 1 
3531493596 5045 1783668496.961 1 
3541557738 5046 1783668497.011 1 
3551491607 5047 1783668497.062 1 
3561490179 5048 1783668497.111 1 
3571491041 5049 1783668497.161 1 
3581556869 5050 1783668497.211 1 
3591504773 5051 1783668497.262 1 
3601493920 5052 1783668497.311 1 
3611491441 5053 1783668497.361 1 
3621489469 5054 1783668497.411 1 
3631491562 5055 1783668497.461 1 
3641489885 5056 1783668497.511 1 
3651492582 5057 1783668497.561 1 
3661491044 5058 1783668497.611 1 
3671491857 5059 1783668497.661 1 
3681491323 5060 1783668497.711 1 
3691524746 5061 1783668497.761 1 
3701492356 5062 1783668497.812 1 
3711491475 5063 1783668497.861 1 
3721492600 5064 1783668497.911 1 
3731488954 5065 1783668497.961 1 
3741489653 5066 1783668498.011 1 
3751492175 5067 1783668498.061 1 
3761491316 5068 1783668498.111 1 
3771490040 5069 1783668498.161 1 
3781491489 5070 1783668498.211 1 
3791490554 5071 1783668498.261 1 
3801491132 5072 1783668498.311 1 
3811559605 5073 1783668498.361 1 
3821490700 5074 1783668498.412 1 
3831490577 5075 1783668498.461 1 
3841558355 5076 1783668498.511 1 
3851490965 5077 1783668498.562 1 
3861493708 5078 1783668498.611 1 
3871492956 5079 1783668498.661 1 
3881558768 5080 1783668498.711 1 
3891505961 5081 1783668498.762 1 
3901558805 5082 1783668498.812 1 
3911490777 5083 1783668498.862 1 
3921491973 5084 1783668498.912 1 
3931490051 5085 1783668498.961 1 
3941489349 5086 1783668499.011 1 
3951491505 5087 1783668499.061 1 
3961517725 5088 1783668499.111 1 
3971490888 5089 1783668499.162 1 
3981490919 5090 1783668499.211 1 
3991492191 5091 1783668499.261 1 
4001490212 5092 1783668499.312 1 
4011490066 5093 1783668499.361 1 
4021490358 5094 1783668499.411 1 
4031492397 5095 1783668499.461 1 
4041490899 5096 1783668499.512 1 
4051491924 5097 1783668499.561 1 
4061491500 5098 1783668499.612 1 
4071491687 5099 1783668499.661 1 
4081489918 5100 1783668499.712 1 
4091583253 5101 1783668499.761 1 
4101491535 5102 1783668499.812 1 
4111490549 5103 1783668499.861 1 
4121491127 5104 1783668499.912 1 
4131492472 5105 1783668499.961 1 
4141490382 5106 1783668500.012 1 
4151491697 5107 1783668500.061 1 
4161505850 5108 1783668500.111 1 
4171492548 5109 1783668500.161 1 
4181493022 5110 1783668500.212 1 
4191504021 5111 1783668500.261 1 
4201491419 5112 1783668500.312 1 
4211490750 5113 1783668500.362 1 
4221491688 5114 1783668500.412 1 
4231491130 5115 1783668500.461 1 
4241491249 5116 1783668500.512 1 
4251491664 5117 1783668500.561 1 
4261490099 5118 1783668500.611 1 
4271492183 5119 1783668500.661 1 
4281490314 5120 1783668500.712 1 
4291494646 5121 1783668500.761 1 
6589982 5122 1783668500.812 1 
16524045 5123 1783668500.862 1 
26524399 5124 1783668500.912 1 
36524692 5125 1783668500.962 1 
46522785 5126 1783668501.011 1 
56524947 5127 1783668501.062 1 
66524158 5128 1783668501.111 1 
76524222 5129 1783668501.162 1 
86523666 5130 1783668501.212 1 
96523153 5131 1783668501.262 1 
106589439 5132 1783668501.311 1 
116524577 5133 1783668501.362 1 
126524873 5134 1783668501.412 1 
136524347 5135 1783668501.462 1 
146524443 5136 1783668501.511 1 
156524239 5137 1783668501.562 1 
166524296 5138 1783668501.611 1 
176527120 5139 1783668501.662 1 
186523953 5140 1783668501.712 1 
196559860 5141 1783668501.762 1 
206523676 5142 1783668501.812 1 
216524941 5143 1783668501.862 1 
226591180 5144 1783668501.912 1 
236524586 5145 1783668501.962 1 
246525756 5146 1783668502.012 1 
256523846 5147 1783668502.062 1 
266523575 5148 1783668502.112 1 
276522677 5149 1783668502.162 1 
286523368 5150 1783668502.212 1 
296523591 5151 1783668502.262 1 
306523393 5152 1783668502.311 1 
316522191 5153 1783668502.362 1 
326523611 5154 1783668502.412 1 
336523878 5155 1783668502.462 1 
346522411 5156 1783668502.511 1 
356526144 5157 1783668502.562 1 
366523184 5158 1783668502.612 1 
376523488 5159 1783668502.662 1 
386524807 5160 1783668502.712 1 
396541702 5161 1783668502.762 1 
406524334 5162 1783668502.812 1 
416526149 5163 1783668502.862 1 
426523458 5164 1783668502.912 1 
436524979 5165 1783668502.962 1 
446523121 5166 1783668503.012 1 
456523427 5167 1783668503.062 1 
466523987 5168 1783668503.112 1 
476523271 5169 1783668503.162 1 
486591312 5170 1783668503.212 1 
496524917 5171 1783668503.262 1 
506525631 5172 1783668503.312 1 
516523759 5173 1783668503.362 1 
526523643 5174 1783668503.412 1 
536522344 5175 1783668503.462 1 
546522958 5176 1783668503.512 1 
556525678 5177 1783668503.562 1 
566525511 5178 1783668503.612 1 
576524212 5179 1783668503.662 1 
586524265 5180 1783668503.712 1 
596540872 5181 1783668503.762 1 
606523293 5182 1783668503.812 1 
616524594 5183 1783668503.862 1 
626524845 5184 1783668503.912 1 
636522328 5185 1783668503.962 1 
646522915 5186 1783668504.012 1 
656525901 5187 1783668504.062 1 
666592184 5188 1783668504.112 1 
676522434 5189 1783668504.162 1 
686523186 5190 1783668504.212 1 
696523637 5191 1783668504.262 1 
706523392 5192 1783668504.312 1 
716523500 5193 1783668504.362 1 
726525472 5194 1783668504.412 1 
736524159 5195 1783668504.462 1 
746522776 5196 1783668504.512 1 
756523308 5197 1783668504.562 1 
766524978 5198 1783668504.612 1 
776525845 5199 1783668504.662 1 
786523331 5200 1783668504.712 1 
796539989 5201 1783668504.762 1 
806522278 5202 1783668504.812 1 
816523521 5203 1783668504.862 1 
826524915 5204 1783668504.912 1 
836590224 5205 1783668504.962 1 
846522038 5206 1783668505.012 1 
856523709 5207 1783668505.062 1 
866591104 5208 1783668505.112 1 
876522256 5209 1783668505.162 1 
886524636 5210 1783668505.212 1 
896524946 5211 1783668505.262 1 
906525940 5212 1783668505.312 1 
916523790 5213 1783668505.362 1 
926524565 5214 1783668505.412 1 
936591998 5215 1783668505.462 1 
946523633 5216 1783668505.512 1 
956524180 5217 1783668505.562 1 
966524099 5218 1783668505.612 1 
976525109 5219 1783668505.662 1 
986524193 5220 1783668505.712 1 
996615466 5221 1783668505.763 1 
1006525205 5222 1783668505.812 1 
1016524926 5223 1783668505.862 1 
1026524895 5224 1783668505.912 1 
1036523212 5225 1783668505.962 1 
1046525352 5226 1783668506.012 1 
1056523591 5227 1783668506.062 1 
1066523459 5228 1783668506.112 1 
1076524627 5229 1783668506.162 1 
1086536242 5230 1783668506.212 1 
1096523311 5231 1783668506.262 1 
1106524519 5232 1783668506.312 1 
1116525312 5233 1783668506.362 1 
1126523946 5234 1783668506.412 1 
1136524668 5235 1783668506.462 1 
1146523456 5236 1783668506.512 1 
1156524541 5237 1783668506.562 1 
1166524671 5238 1783668506.612 1 
1176525559 5239 1783668506.662 1 
1186522305 5240 1783668506.712 1 
1196558444 5241 1783668506.762 1 
1206523787 5242 1783668506.812 1 
1216590697 5243 1783668506.862 1 
1226525889 5244 1783668506.912 1 
1236523689 5245 1783668506.962 1 
1246522662 5246 1783668507.012 1 
1256541537 5247 1783668507.062 1 
1266526158 5248 1783668507.112 1 
1276523100 5249 1783668507.162 1 
1286523794 5250 1783668507.212 1 
1296525344 5251 1783668507.262 1 
1306591208 5252 1783668507.312 1 
1316521820 5253 1783668507.362 1 
1326539434 5254 1783668507.412 1 
1336523537 5255 1783668507.462 1 
1346523534 5256 1783668507.512 1 
1356522956 5257 1783668507.562 1 
1366523476 5258 1783668507.612 1 
1376525045 5259 1783668507.662 1 
1386524638 5260 1783668507.712 1 
1396539921 5261 1783668507.762 1 
1406522750 5262 1783668507.812 1 
1416521261 5263 1783668507.862 1 
1426524226 5264 1783668507.912 1 
1436524212 5265 1783668507.962 1 
1446525503 5266 1783668508.012 1 
1456520094 5267 1783668508.062 1 
1466524406 5268 1783668508.112 1 
1476523759 5269 1783668508.162 1 
1486524324 5270 1783668508.212 1 
1496524667 5271 1783668508.262 1 
1506525096 5272 1783668508.312 1 
1516523059 5273 1783668508.362 1 
1526539826 5274 1783668508.412 1 
1536525165 5275 1783668508.462 1 
1546523385 5276 1783668508.512 1 
1556523948 5277 1783668508.562 1 
1566525003 5278 1783668508.612 1 
1576525933 5279 1783668508.662 1 
1586525030 5280 1783668508.712 1 
1596559845 5281 1783668508.762 1 
1606523523 5282 1783668508.812 1 
1616524019 5283 1783668508.862 1 
1626522565 5284 1783668508.912 1 
1636523944 5285 1783668508.962 1 
1646522732 5286 1783668509.012 1 
1656543507 5287 1783668509.062 1 
1666524720 5288 1783668509.112 1 
1676523941 5289 1783668509.162 1 
1686523931 5290 1783668509.212 1 
1696523376 5291 1783668509.262 1 
1706523959 5292 1783668509.312 1 
1716522578 5293 1783668509.362 1 
1726523900 5294 1783668509.412 1 
1736523562 5295 1783668509.462 1 
1746592190 5296 1783668509.512 1 
1756524698 5297 1783668509.562 1 
1766524085 5298 1783668509.612 1 
1776522000 5299 1783668509.662 1 
1786522917 5300 1783668509.712 1 
1796582805 5301 1783668509.762 1 
1806667718 5302 1783668509.812 1 
1816523600 5303 1783668509.863 1 
1826523916 5304 1783668509.912 1 
1836524574 5305 1783668509.962 1 
1846523675 5306 1783668510.012 1 
1856523157 5307 1783668510.062 1 
1866525000 5308 1783668510.112 1 
1876522984 5309 1783668510.162 1 
1886522631 5310 1783668510.212 1 
1896525481 5311 1783668510.262 1 
1906524008 5312 1783668510.312 1 
1916523844 5313 1783668510.362 1 
1926522043 5314 1783668510.412 1 
1936523586 5315 1783668510.462 1 
1946522040 5316 1783668510.512 1 
1956524152 5317 1783668510.562 1 
1966523910 5318 1783668510.612 1 
1976525029 5319 1783668510.662 1 
1986524254 5320 1783668510.712 1 
1996582329 5321 1783668510.764 1 
2006667214 5322 1783668510.812 1 
2016524977 5323 1783668510.863 1 
2026524433 5324 1783668510.912 1 
2036523570 5325 1783668510.962 1 
2046522693 5326 1783668511.012 1 
2056591263 5327 1783668511.062 1 
2066525207 5328 1783668511.112 1 
2076525488 5329 1783668511.162 1 
2086524149 5330 1783668511.212 1 
2096590245 5331 1783668511.262 1 
2106523289 5332 1783668511.312 1 
2116525051 5333 1783668511.362 1 
2126525378 5334 1783668511.412 1 
2136522211 5335 1783668511.462 1 
2146522551 5336 1783668511.512 1 
2156522988 5337 1783668511.562 1 
2166522966 5338 1783668511.612 1 
2176525737 5339 1783668511.662 1 
2186524285 5340 1783668511.712 1 
2196558988 5341 1783668511.762 1 
2206524199 5342 1783668511.812 1 
2216547913 5343 1783668511.862 1 
2226524517 5344 1783668511.912 1 
2236523093 5345 1783668511.962 1 
2246524844 5346 1783668512.012 1 
2256525028 5347 1783668512.062 1 
2266522286 5348 1783668512.112 1 
2276522440 5349 1783668512.162 1 
2286523866 5350 1783668512.212 1 
2296524470 5351 1783668512.262 1 
2306524896 5352 1783668512.312 1 
2316521971 5353 1783668512.362 1 
2326542386 5354 1783668512.412 1 
2336522870 5355 1783668512.462 1 
2346522866 5356 1783668512.512 1 
2356524076 5357 1783668512.562 1 
2366524262 5358 1783668512.612 1 
2376523887 5359 1783668512.662 1 
2386523101 5360 1783668512.712 1 
2396559255 5361 1783668512.762 1 
2406523420 5362 1783668512.812 1 
2416523959 5363 1783668512.862 1 
2426524197 5364 1783668512.912 1 
2436524541 5365 1783668512.962 1 
2446522797 5366 1783668513.012 1 
2456522914 5367 1783668513.062 1 
2466523508 5368 1783668513.112 1 
2476523964 5369 1783668513.162 1 
2486522744 5370 1783668513.212 1 
2496525187 5371 1783668513.262 1 
2506524038 5372 1783668513.312 1 
2516524085 5373 1783668513.362 1 
2526591686 5374 1783668513.412 1 
2536524238 5375 1783668513.462 1 
2546523457 5376 1783668513.512 1 
2556540648 5377 1783668513.562 1 
2566522797 5378 1783668513.612 1 
2576543199 5379 1783668513.662 1 
2586524091 5380 1783668513.712 1 
2596541652 5381 1783668513.762 1 
2606523607 5382 1783668513.812 1 
2616525316 5383 1783668513.862 1 
2626525192 5384 1783668513.912 1 
2636523332 5385 1783668513.962 1 
2646523263 5386 1783668514.012 1 
2656523530 5387 1783668514.062 1 
2666523755 5388 1783668514.112 1 
2676523495 5389 1783668514.162 1 
2686524925 5390 1783668514.212 1 
2696521846 5391 1783668514.262 1 
2706524542 5392 1783668514.312 1 
2716525201 5393 1783668514.362 1 
2726524566 5394 1783668514.412 1 
2736523421 5395 1783668514.462 1 
2746524202 5396 1783668514.512 1 
2756525363 5397 1783668514.562 1 
2766525399 5398 1783668514.612 1 
2776524523 5399 1783668514.662 1 
2786522064 5400 1783668514.712 1 
2796558313 5401 1783668514.762 1 
2806523252 5402 1783668514.812 1 
2816524360 5403 1783668514.862 1 
2826523633 5404 1783668514.912 1 
2836523824 5405 1783668514.962 1 
2846523386 5406 1783668515.012 1 
2856524314 5407 1783668515.062 1 
2866522700 5408 1783668515.112 1 
2876524503 5409 1783668515.162 1 
2886522867 5410 1783668515.212 1 
2896524366 5411 1783668515.262 1 
2906522786 5412 1783668515.312 1 
2916522609 5413 1783668515.362 1 
2926522840 5414 1783668515.412 1 
2936525707 5415 1783668515.462 1 
2946523902 5416 1783668515.512 1 
2956523945 5417 1783668515.562 1 
2966524400 5418 1783668515.612 1 
2976524082 5419 1783668515.662 1 
2986525081 5420 1783668515.712 1 
2996541617 5421 1783668515.764 1 
3006525225 5422 1783668515.812 1 
3016524215 5423 1783668515.862 1 
3026524657 5424 1783668515.912 1 
3036522888 5425 1783668515.962 1 
3046522400 5426 1783668516.012 1 
3056591769 5427 1783668516.063 1 
3066523706 5428 1783668516.112 1 
3076523419 5429 1783668516.162 1 
3086522734 5430 1783668516.212 1 
3096524616 5431 1783668516.262 1 
3106522822 5432 1783668516.312 1 
3116522734 5433 1783668516.362 1 
3126522213 5434 1783668516.412 1 
3136523259 5435 1783668516.462 1 
3146524064 5436 1783668516.512 1 
3156524311 5437 1783668516.562 1 
3166523768 5438 1783668516.612 1 
3176524152 5439 1783668516.662 1 
3186522975 5440 1783668516.712 1 
3196540104 5441 1783668516.762 1 
3206523700 5442 1783668516.812 1 
3216524650 5443 1783668516.862 1 
3226522837 5444 1783668516.912 1 
3236590801 5445 1783668516.962 1 
3246524110 5446 1783668517.013 1 
3256524508 5447 1783668517.062 1 
3266523191 5448 1783668517.112 1 
3276537911 5449 1783668517.162 1 
3286523431 5450 1783668517.212 1 
3296526320 5451 1783668517.262 1 
3306522344 5452 1783668517.312 1 
3316522169 5453 1783668517.362 1 
3326524730 5454 1783668517.412 1 
3336591475 5455 1783668517.462 1 
3346521754 5456 1783668517.513 1 
3356524066 5457 1783668517.562 1 
3366522156 5458 1783668517.612 1 
3376590950 5459 1783668517.662 1 
3386522788 5460 1783668517.713 1 
3396559485 5461 1783668517.762 1 
3406523868 5462 1783668517.812 1 
3416591167 5463 1783668517.862 1 
3426523227 5464 1783668517.913 1 
3436591898 5465 1783668517.962 1 
3446591220 5466 1783668518.013 1 
3456591906 5467 1783668518.063 1 
3466524076 5468 1783668518.113 1 
3476523725 5469 1783668518.162 1 
3486524327 5470 1783668518.212 1 
3496524843 5471 1783668518.262 1 
3506523706 5472 1783668518.312 1 
3516524018 5473 1783668518.362 1 
3526524888 5474 1783668518.412 1 
3536524312 5475 1783668518.463 1 
3546524747 5476 1783668518.512 1 
3556523186 5477 1783668518.562 1 
3566522334 5478 1783668518.612 1 
3576521924 5479 1783668518.662 1 
3586524632 5480 1783668518.712 1 
3596615088 5481 1783668518.762 1 
3606524085 5482 1783668518.813 1 
3616523519 5483 1783668518.862 1 
3626521780 5484 1783668518.912 1 
3636523560 5485 1783668518.962 1 
3646523843 5486 1783668519.012 1 
3656590507 5487 1783668519.062 1 
3666525177 5488 1783668519.113 1 
3676524235 5489 1783668519.163 1 
3686523318 5490 1783668519.212 1 
3696524813 5491 1783668519.262 1 
3706522948 5492 1783668519.312 1 
3716525082 5493 1783668519.362 1 
3726523799 5494 1783668519.412 1 
3736523402 5495 1783668519.462 1 
3746523682 5496 1783668519.512 1 
3756523502 5497 1783668519.562 1 
3766524831 5498 1783668519.612 1 
3776523761 5499 1783668519.662 1 
3786523960 5500 1783668519.712 1 
3796675272 5501 1783668519.762 1 
3806589924 5502 1783668519.813 1 
3816524159 5503 1783668519.863 1 
3826522929 5504 1783668519.912 1 
3836523748 5505 1783668519.963 1 
3846522723 5506 1783668520.012 1 
3856536121 5507 1783668520.063 1 
3866523081 5508 1783668520.112 1 
3876522858 5509 1783668520.163 1 
3886524912 5510 1783668520.212 1 
3896524045 5511 1783668520.263 1 
3906524009 5512 1783668520.312 1 
3916524487 5513 1783668520.363 1 
3926523810 5514 1783668520.412 1 
3936523853 5515 1783668520.463 1 
3946522965 5516 1783668520.512 1 
3956523993 5517 1783668520.563 1 
3966524010 5518 1783668520.612 1 
3976523642 5519 1783668520.663 1 
3986523196 5520 1783668520.712 1 
3996616516 5521 1783668520.764 1 
4006523776 5522 1783668520.813 1 
4016523283 5523 1783668520.863 1 
4026524750 5524 1783668520.913 1 
4036523360 5525 1783668520.963 1 
4046523059 5526 1783668521.012 1 
4056523131 5527 1783668521.063 1 
4066523821 5528 1783668521.112 1 
4076523706 5529 1783668521.162 1 
4086522902 5530 1783668521.212 1 
4096524094 5531 1783668521.263 1 
4106591036 5532 1783668521.312 1 
4116523778 5533 1783668521.363 1 
4126522963 5534 1783668521.412 1 
4136524212 5535 1783668521.462 1 
4146525181 5536 1783668521.513 1 
4156524173 5537 1783668521.562 1 
4166524468 5538 1783668521.613 1 
4176591258 5539 1783668521.662 1 
4186525888 5540 1783668521.713 1 
4196559291 5541 1783668521.763 1 
4206525817 5542 1783668521.813 1 
4216523616 5543 1783668521.863 1 
4226523013 5544 1783668521.913 1 
4236525050 5545 1783668521.963 1 
4246525619 5546 1783668522.013 1 
4256524542 5547 1783668522.063 1 
4266524321 5548 1783668522.113 1 
4276523081 5549 1783668522.163 1 
4286523113 5550 1783668522.213 1 
1557294 5551 1783668522.263 1 
11556542 5552 1783668522.313 1 
21557026 5553 1783668522.362 1 
31557396 5554 1783668522.413 1 
41623643 5555 1783668522.463 1 
51557083 5556 1783668522.513 1 
61555790 5557 1783668522.563 1 
71555892 5558 1783668522.613 1 
81624486 5559 1783668522.663 1 
91557608 5560 1783668522.713 1 
101614627 5561 1783668522.763 1 
111699979 5562 1783668522.813 1 
121556614 5563 1783668522.863 1 
131557249 5564 1783668522.913 1 
141557468 5565 1783668522.963 1 
151556061 5566 1783668523.013 1 
161558496 5567 1783668523.063 1 
171574511 5568 1783668523.113 1 
181556698 5569 1783668523.163 1 
191556992 5570 1783668523.213 1 
201555337 5571 1783668523.263 1 
211557628 5572 1783668523.313 1 
221556955 5573 1783668523.363 1 
231557009 5574 1783668523.413 1 
241556765 5575 1783668523.463 1 
251556114 5576 1783668523.513 1 
261555901 5577 1783668523.563 1 
271557666 5578 1783668523.613 1 
281557235 5579 1783668523.663 1 
291556249 5580 1783668523.713 1 
301648698 5581 1783668523.763 1 
311555563 5582 1783668523.813 1 
321557285 5583 1783668523.863 1 
331554371 5584 1783668523.913 1 
341555544 5585 1783668523.963 1 
351558107 5586 1783668524.013 1 
361554886 5587 1783668524.063 1 
371556304 5588 1783668524.113 1 
381558250 5589 1783668524.163 1 
391555266 5590 1783668524.213 1 
401558231 5591 1783668524.263 1 
411555710 5592 1783668524.313 1 
421554831 5593 1783668524.363 1 
431555510 5594 1783668524.413 1 
441556543 5595 1783668524.463 1 
451555947 5596 1783668524.513 1 
461555721 5597 1783668524.563 1 
471556858 5598 1783668524.613 1 
481558496 5599 1783668524.663 1 
491557457 5600 1783668524.713 1 
501592429 5601 1783668524.763 1 
511557604 5602 1783668524.813 1 
521557024 5603 1783668524.863 1 
531557235 5604 1783668524.913 1 
541556931 5605 1783668524.963 1 
551556529 5606 1783668525.013 1 
561556910 5607 1783668525.063 1 
571623295 5608 1783668525.113 1 
581556924 5609 1783668525.163 1 
591556923 5610 1783668525.213 1 
601557862 5611 1783668525.263 1 
611556829 5612 1783668525.313 1 
621556726 5613 1783668525.363 1 
631556494 5614 1783668525.413 1 
641557195 5615 1783668525.463 1 
651573261 5616 1783668525.513 1 
661556556 5617 1783668525.563 1 
671556833 5618 1783668525.613 1 
681556524 5619 1783668525.663 1 
691556902 5620 1783668525.713 1 
701648218 5621 1783668525.764 1 
711557138 5622 1783668525.813 1 
721556737 5623 1783668525.863 1 
731556481 5624 1783668525.913 1 
741574583 5625 1783668525.963 1 
751557196 5626 1783668526.013 1 
761555793 5627 1783668526.063 1 
771555808 5628 1783668526.113 1 
781554123 5629 1783668526.163 1 
791557342 5630 1783668526.213 1 
801558156 5631 1783668526.263 1 
811557203 5632 1783668526.313 1 
821557369 5633 1783668526.363 1 
831555305 5634 1783668526.413 1 
841557121 5635 1783668526.463 1 
851557323 5636 1783668526.513 1 
861555161 5637 1783668526.563 1 
871557205 5638 1783668526.613 1 
881557033 5639 1783668526.663 1 
891555522 5640 1783668526.713 1 
901627954 5641 1783668526.763 1 
911557759 5642 1783668526.813 1 
921556766 5643 1783668526.863 1 
931556282 5644 1783668526.913 1 
941557035 5645 1783668526.963 1 
951554329 5646 1783668527.013 1 
961555987 5647 1783668527.063 1 
971578745 5648 1783668527.113 1 
981556071 5649 1783668527.163 1 
991556903 5650 1783668527.213 1 
1001556583 5651 1783668527.263 1 
1011555246 5652 1783668527.313 1 
1021575504 5653 1783668527.363 1 
1031557535 5654 1783668527.413 1 
1041557175 5655 1783668527.463 1 
1051557154 5656 1783668527.513 1 
1061557416 5657 1783668527.563 1 
1071556664 5658 1783668527.613 1 
1081557512 5659 1783668527.663 1 
1091556939 5660 1783668527.713 1 
1101591055 5661 1783668527.763 1 
1111555766 5662 1783668527.813 1 
1121556649 5663 1783668527.863 1 
1131556408 5664 1783668527.913 1 
1141578210 5665 1783668527.963 1 
1151557975 5666 1783668528.013 1 
1161557702 5667 1783668528.063 1 
1171557230 5668 1783668528.113 1 
1181572305 5669 1783668528.163 1 
1191557109 5670 1783668528.213 1 
1201555277 5671 1783668528.263 1 
1211558351 5672 1783668528.313 1 
1221557600 5673 1783668528.363 1 
1231556821 5674 1783668528.413 1 
1241557408 5675 1783668528.463 1 
1251557626 5676 1783668528.513 1 
1261557685 5677 1783668528.563 1 
1271558328 5678 1783668528.613 1 
1281557012 5679 1783668528.663 1 
1291554887 5680 1783668528.713 1 
1301592175 5681 1783668528.763 1 
1311556325 5682 1783668528.813 1 
1321556133 5683 1783668528.863 1 
1331556038 5684 1783668528.913 1 
1341556785 5685 1783668528.963 1 
1351556866 5686 1783668529.013 1 
1361555295 5687 1783668529.063 1 
1371556632 5688 1783668529.113 1 
1381558031 5689 1783668529.163 1 
1391556321 5690 1783668529.213 1 
1401555842 5691 1783668529.263 1 
1411557058 5692 1783668529.313 1 
1421553998 5693 1783668529.363 1 
1431555819 5694 1783668529.413 1 
1441554702 5695 1783668529.463 1 
1451622835 5696 1783668529.513 1 
1461557976 5697 1783668529.563 1 
1471556312 5698 1783668529.613 1 
1481557275 5699 1783668529.663 1 
1491556762 5700 1783668529.713 1 
1501573998 5701 1783668529.763 1 
1511558245 5702 1783668529.813 1 
1521557461 5703 1783668529.863 1 
1531555579 5704 1783668529.913 1 
1541557473 5705 1783668529.963 1 
1551556681 5706 1783668530.013 1 
1561557177 5707 1783668530.063 1 
1571557253 5708 1783668530.113 1 
1581557547 5709 1783668530.163 1 
1591557429 5710 1783668530.213 1 
1601556428 5711 1783668530.263 1 
1611557613 5712 1783668530.313 1 
1621556493 5713 1783668530.363 1 
1631573649 5714 1783668530.413 1 
1641555331 5715 1783668530.463 1 
1651570747 5716 1783668530.513 1 
1661557719 5717 1783668530.563 1 
1671557411 5718 1783668530.613 1 
1681555477 5719 1783668530.663 1 
1691558343 5720 1783668530.713 1 
1701615399 5721 1783668530.764 1 
1711557621 5722 1783668530.813 1 
1721557643 5723 1783668530.863 1 
1731557443 5724 1783668530.913 1 
1741557849 5725 1783668530.963 1 
1751557692 5726 1783668531.013 1 
1761556671 5727 1783668531.063 1 
1771556256 5728 1783668531.113 1 
1781557083 5729 1783668531.163 1 
1791555604 5730 1783668531.213 1 
1801557638 5731 1783668531.263 1 
1811623145 5732 1783668531.313 1 
1821554983 5733 1783668531.363 1 
1831557402 5734 1783668531.413 1 
1841557114 5735 1783668531.463 1 
1851557114 5736 1783668531.513 1 
1861557018 5737 1783668531.563 1 
1871624423 5738 1783668531.613 1 
1881558173 5739 1783668531.663 1 
1891557348 5740 1783668531.713 1 
1901572834 5741 1783668531.763 1 
1911556836 5742 1783668531.813 1 
1921557346 5743 1783668531.863 1 
1931557444 5744 1783668531.913 1 
1941556496 5745 1783668531.963 1 
1951555953 5746 1783668532.013 1 
1961556548 5747 1783668532.063 1 
1971557662 5748 1783668532.113 1 
1981557270 5749 1783668532.163 1 
1991554644 5750 1783668532.213 1 
2001554849 5751 1783668532.263 1 
2011557702 5752 1783668532.313 1 
2021557221 5753 1783668532.363 1 
2031556110 5754 1783668532.413 1 
2041555725 5755 1783668532.463 1 
2051557017 5756 1783668532.513 1 
2061556059 5757 1783668532.563 1 
2071555863 5758 1783668532.613 1 
2081554799 5759 1783668532.663 1 
2091574452 5760 1783668532.713 1 
2101709053 5761 1783668532.763 1 
2111622350 5762 1783668532.814 1 
2121557159 5763 1783668532.863 1 
2131558792 5764 1783668532.913 1 
2141557570 5765 1783668532.963 1 
2151556475 5766 1783668533.013 1 
2161556161 5767 1783668533.063 1 
2171558535 5768 1783668533.113 1 
2181555895 5769 1783668533.163 1 
2191557275 5770 1783668533.213 1 
2201555850 5771 1783668533.263 1 
2211556995 5772 1783668533.313 1 
2221556847 5773 1783668533.363 1 
2231556356 5774 1783668533.413 1 
2241556706 5775 1783668533.463 1 
2251557458 5776 1783668533.513 1 
2261557466 5777 1783668533.563 1 
2271556541 5778 1783668533.613 1 
2281557065 5779 1783668533.663 1 
2291556859 5780 1783668533.713 1 
2301649372 5781 1783668533.763 1 
2311557666 5782 1783668533.813 1 
2321556092 5783 1783668533.863 1 
2331557140 5784 1783668533.913 1 
2341556227 5785 1783668533.963 1 
2351559135 5786 1783668534.013 1 
2361555565 5787 1783668534.063 1 
2371558612 5788 1783668534.113 1 
2381555199 5789 1783668534.163 1 
2391623558 5790 1783668534.213 1 
2401557813 5791 1783668534.264 1 
2411556319 5792 1783668534.313 1 
2421558610 5793 1783668534.363 1 
2431555943 5794 1783668534.413 1 
2441555966 5795 1783668534.463 1 
2451556903 5796 1783668534.513 1 
2461556674 5797 1783668534.563 1 
2471557766 5798 1783668534.613 1 
2481556807 5799 1783668534.663 1 
2491557131 5800 1783668534.713 1 
2501592322 5801 1783668534.763 1 
2511556077 5802 1783668534.813 1 
2521556101 5803 1783668534.863 1 
2531555211 5804 1783668534.913 1 
2541556676 5805 1783668534.963 1 
2551554885 5806 1783668535.013 1 
2561558695 5807 1783668535.063 1 
2571623839 5808 1783668535.113 1 
2581554860 5809 1783668535.164 1 
2591557337 5810 1783668535.213 1 
2601556722 5811 1783668535.263 1 
2611556150 5812 1783668535.313 1 
2621556001 5813 1783668535.363 1 
2631555971 5814 1783668535.413 1 
2641556440 5815 1783668535.463 1 
2651557477 5816 1783668535.513 1 
2661555526 5817 1783668535.563 1 
2671557496 5818 1783668535.613 1 
2681554678 5819 1783668535.663 1 
2691556909 5820 1783668535.713 1 
2701573232 5821 1783668535.794 1 
2711556453 5822 1783668535.813 1 
2721558130 5823 1783668535.863 1 
2731573324 5824 1783668535.913 1 
2741572272 5825 1783668535.963 1 
2751557647 5826 1783668536.013 1 
2761556656 5827 1783668536.063 1 
2771555420 5828 1783668536.113 1 
2781557034 5829 1783668536.163 1 
2791555243 5830 1783668536.213 1 
2801556798 5831 1783668536.263 1 
2811556874 5832 1783668536.313 1 
2821557540 5833 1783668536.363 1 
2831557214 5834 1783668536.413 1 
2841557241 5835 1783668536.463 1 
2851557576 5836 1783668536.513 1 
2861558388 5837 1783668536.563 1 
2871557620 5838 1783668536.613 1 
2881556439 5839 1783668536.663 1 
2891556534 5840 1783668536.713 1 
2901648372 5841 1783668536.763 1 
2911556130 5842 1783668536.814 1 
2921555847 5843 1783668536.863 1 
2931557451 5844 1783668536.913 1 
2941556428 5845 1783668536.963 1 
2951554903 5846 1783668537.013 1 
2961556319 5847 1783668537.063 1 
2971556287 5848 1783668537.113 1 
2981556033 5849 1783668537.163 1 
2991556864 5850 1783668537.213 1 
3001557619 5851 1783668537.263 1 
3011557224 5852 1783668537.313 1 
3021556350 5853 1783668537.363 1 
3031556423 5854 1783668537.413 1 
3041557720 5855 1783668537.463 1 
3051555719 5856 1783668537.513 1 
3061554349 5857 1783668537.563 1 
3071555592 5858 1783668537.613 1 
3081555445 5859 1783668537.663 1 
3091557570 5860 1783668537.713 1 
3101592271 5861 1783668537.763 1 
3111555730 5862 1783668537.813 1 
3121556814 5863 1783668537.863 1 
3131555857 5864 1783668537.913 1 
3141623330 5865 1783668537.963 1 
3151557796 5866 1783668538.014 1 
3161558102 5867 1783668538.063 1 
3171556314 5868 1783668538.113 1 
3181555972 5869 1783668538.163 1 
3191558467 5870 1783668538.213 1 
3201556198 5871 1783668538.263 1 
3211557087 5872 1783668538.313 1 
3221557115 5873 1783668538.363 1 
3231557653 5874 1783668538.413 1 
3241555402 5875 1783668538.463 1 
3251557158 5876 1783668538.513 1 
3261558224 5877 1783668538.563 1 
3271555963 5878 1783668538.613 1 
3281554756 5879 1783668538.663 1 
3291555286 5880 1783668538.713 1 
3301592551 5881 1783668538.763 1 
3311557377 5882 1783668538.814 1 
3321555933 5883 1783668538.863 1 
3331558707 5884 1783668538.913 1 
3341555051 5885 1783668538.963 1 
3351555047 5886 1783668539.013 1 
3361556651 5887 1783668539.063 1 
3371555158 5888 1783668539.113 1 
3381557966 5889 1783668539.163 1 
3391556133 5890 1783668539.213 1 
3401557637 5891 1783668539.263 1 
3411555822 5892 1783668539.313 1 
3421557074 5893 1783668539.363 1 
3431556254 5894 1783668539.413 1 
3441556380 5895 1783668539.463 1 
3451557391 5896 1783668539.513 1 
3461556492 5897 1783668539.563 1 
3471557731 5898 1783668539.613 1 
3481556150 5899 1783668539.663 1 
3491554838 5900 1783668539.713 1 
3501631558 5901 1783668539.764 1 
3511700566 5902 1783668539.814 1 
3521556940 5903 1783668539.864 1 
3531574685 5904 1783668539.913 1 
3541559713 5905 1783668539.963 1 
3551556962 5906 1783668540.013 1 
3561556399 5907 1783668540.063 1 
3571556523 5908 1783668540.113 1 
3581556574 5909 1783668540.163 1 
3591556315 5910 1783668540.213 1 
3601554991 5911 1783668540.263 1 
3611555636 5912 1783668540.313 1 
3621555485 5913 1783668540.364 1 
3631556048 5914 1783668540.413 1 
3641557189 5915 1783668540.463 1 
3651556571 5916 1783668540.513 1 
3661557165 5917 1783668540.563 1 
3671623322 5918 1783668540.613 1 
3681555518 5919 1783668540.664 1 
3691555944 5920 1783668540.714 1 
3701648755 5921 1783668540.764 1 
3711556888 5922 1783668540.814 1 
3721556478 5923 1783668540.863 1 
3731556884 5924 1783668540.914 1 
3741556701 5925 1783668540.963 1 
3751555530 5926 1783668541.013 1 
3761557748 5927 1783668541.063 1 
3771556150 5928 1783668541.113 1 
3781556725 5929 1783668541.163 1 
3791556752 5930 1783668541.214 1 
3801556779 5931 1783668541.263 1 
3811557593 5932 1783668541.314 1 
3821556488 5933 1783668541.363 1 
3831558162 5934 1783668541.413 1 
3841556189 5935 1783668541.463 1 
3851555618 5936 1783668541.513 1 
3861556392 5937 1783668541.563 1 
3871556793 5938 1783668541.613 1 
3881557102 5939 1783668541.664 1 
3891556274 5940 1783668541.713 1 
3901670403 5941 1783668541.764 1 
3911699312 5942 1783668541.814 1 
3921556447 5943 1783668541.864 1 
3931555438 5944 1783668541.914 1 
3941571939 5945 1783668541.964 1 
3951572540 5946 1783668542.013 1 
3961556162 5947 1783668542.064 1 
3971556985 5948 1783668542.113 1 
3981555604 5949 1783668542.164 1 
3991556247 5950 1783668542.213 1 
4001556659 5951 1783668542.264 1 
4011557341 5952 1783668542.313 1 
4021556398 5953 1783668542.364 1 
4031556331 5954 1783668542.413 1 
4041556194 5955 1783668542.464 1 
4051556609 5956 1783668542.513 1 
4061555433 5957 1783668542.564 1 
4071556381 5958 1783668542.613 1 
4081556910 5959 1783668542.664 1 
4091556442 5960 1783668542.713 1 
4101646408 5961 1783668542.764 1 
4111556829 5962 1783668542.814 1 
4121556480 5963 1783668542.864 1 
4131554689 5964 1783668542.914 1 
4141556900 5965 1783668542.964 1 
4151557413 5966 1783668543.013 1 
4161557010 5967 1783668543.064 1 
4171557693 5968 1783668543.113 1 
4181557083 5969 1783668543.164 1 
4191555272 5970 1783668543.214 1 
4201556282 5971 1783668543.264 1 
4211556524 5972 1783668543.313 1 
4221556969 5973 1783668543.364 1 
4231557425 5974 1783668543.413 1 
4241559137 5975 1783668543.464 1 
4251557692 5976 1783668543.513 1 
4261556019 5977 1783668543.564 1 
4271557160 5978 1783668543.613 1 
4281556259 5979 1783668543.664 1 
4291555971 5980 1783668543.714 1 
6680870 5981 1783668543.764 1 
16589866 5982 1783668543.814 1 
26587514 5983 1783668543.864 1 
36589930 5984 1783668543.914 1 
46588260 5985 1783668543.964 1 
56589993 5986 1783668544.014 1 
66588197 5987 1783668544.064 1 
76604152 5988 1783668544.113 1 
86588651 5989 1783668544.164 1 
96588443 5990 1783668544.214 1 
106589050 5991 1783668544.264 1 
116588776 5992 1783668544.314 1 
126589934 5993 1783668544.364 1 
136588455 5994 1783668544.414 1 
146588512 5995 1783668544.464 1 
156656169 5996 1783668544.514 1 
166589525 5997 1783668544.564 1 
176591678 5998 1783668544.614 1 
186590128 5999 1783668544.664 1 
196588393 6000 1783668544.714 1 
206660179 6001 1783668544.764 1 
216586284 6002 1783668544.814 1 
226589466 6003 1783668544.864 1 
236588813 6004 1783668544.914 1 
246589282 6005 1783668544.964 1 
256590440 6006 1783668545.014 1 
266590384 6007 1783668545.064 1 
276591063 6008 1783668545.114 1 
286655702 6009 1783668545.164 1 
296590313 6010 1783668545.214 1 
306590149 6011 1783668545.264 1 
316590164 6012 1783668545.314 1 
326655664 6013 1783668545.364 1 
336589425 6014 1783668545.414 1 
346590546 6015 1783668545.464 1 
356589369 6016 1783668545.514 1 
366588948 6017 1783668545.564 1 
376590393 6018 1783668545.614 1 
386589348 6019 1783668545.664 1 
396656499 6020 1783668545.714 1 
406742187 6021 1783668545.764 1 
416590229 6022 1783668545.815 1 
426588648 6023 1783668545.864 1 
436604014 6024 1783668545.914 1 
446588828 6025 1783668545.964 1 
456589060 6026 1783668546.014 1 
466590156 6027 1783668546.064 1 
476590054 6028 1783668546.114 1 
486588573 6029 1783668546.164 1 
496656281 6030 1783668546.214 1 
506589622 6031 1783668546.264 1 
516588893 6032 1783668546.314 1 
526589351 6033 1783668546.364 1 
536589184 6034 1783668546.414 1 
546588805 6035 1783668546.464 1 
556590440 6036 1783668546.514 1 
566589367 6037 1783668546.564 1 
576588613 6038 1783668546.614 1 
586588473 6039 1783668546.664 1 
596588065 6040 1783668546.714 1 
606682038 6041 1783668546.764 1 
616590497 6042 1783668546.814 1 
626590595 6043 1783668546.864 1 
636587351 6044 1783668546.914 1 
646590332 6045 1783668546.964 1 
656589735 6046 1783668547.014 1 
666588668 6047 1783668547.064 1 
676589625 6048 1783668547.114 1 
686588780 6049 1783668547.164 1 
696590852 6050 1783668547.214 1 
706589378 6051 1783668547.264 1 
716591329 6052 1783668547.314 1 
726591506 6053 1783668547.364 1 
736589443 6054 1783668547.414 1 
746588602 6055 1783668547.464 1 
756589024 6056 1783668547.514 1 
766606305 6057 1783668547.564 1 
776589466 6058 1783668547.614 1 
786587596 6059 1783668547.664 1 
796589573 6060 1783668547.714 1 
806645436 6061 1783668547.764 1 
816732815 6062 1783668547.814 1 
826590482 6063 1783668547.864 1 
836589419 6064 1783668547.914 1 
846588366 6065 1783668547.964 1 
856608247 6066 1783668548.014 1 
866588976 6067 1783668548.064 1 
876587960 6068 1783668548.114 1 
886589969 6069 1783668548.164 1 
896589416 6070 1783668548.214 1 
906656298 6071 1783668548.264 1 
916655908 6072 1783668548.314 1 
926589726 6073 1783668548.364 1 
936657471 6074 1783668548.414 1 
946589454 6075 1783668548.464 1 
956591021 6076 1783668548.514 1 
966590482 6077 1783668548.564 1 
976589743 6078 1783668548.614 1 
986589971 6079 1783668548.664 1 
996589426 6080 1783668548.714 1 
1006681401 6081 1783668548.764 1 
1016673863 6082 1783668548.814 1 
1026589216 6083 1783668548.864 1 
1036589676 6084 1783668548.914 1 
1046587457 6085 1783668548.964 1 
1056590292 6086 1783668549.014 1 
1066589698 6087 1783668549.064 1 
1076589378 6088 1783668549.114 1 
1086587627 6089 1783668549.164 1 
1096588121 6090 1783668549.214 1 
1106601990 6091 1783668549.264 1 
1116589440 6092 1783668549.314 1 
1126589021 6093 1783668549.364 1 
1136605443 6094 1783668549.414 1 
1146590176 6095 1783668549.464 1 
1156588824 6096 1783668549.514 1 
1166589017 6097 1783668549.564 1 
1176591225 6098 1783668549.614 1 
1186608518 6099 1783668549.664 1 -1.427 3.889 -0.259 0.841 101 423 
1196669371 6100 1783668549.715 1 
1206636480 6101 1783668549.764 1 
1216602948 6102 1783668549.814 1 
1226608079 6103 1783668549.864 1 
1236588272 6104 1783668549.914 1 
1246673950 6105 1783668549.964 1 
1256608570 6106 1783668550.014 1 -2.174 4.087 -0.290 0.841 78 426 
1266604295 6107 1783668550.065 1 
1276605855 6108 1783668550.114 1 
1286606296 6109 1783668550.164 1 
1296664282 6110 1783668550.214 1 
1306602343 6111 1783668550.264 1 
1316604342 6112 1783668550.314 1 
1326666598 6113 1783668550.364 1 
1336673576 6114 1783668550.414 1 
1346668902 6115 1783668550.464 1 
1356636892 6116 1783668550.514 1 
1366625853 6117 1783668550.564 1 
1376602785 6118 1783668550.614 1 
1386637310 6119 1783668550.664 1 -1.373 4.562 -1.068 0.841 120 424 
1396599400 6120 1783668550.715 1 
1406635237 6121 1783668550.764 1 
1416602816 6122 1783668550.815 1 
1426603816 6123 1783668550.864 1 
1436600895 6124 1783668550.914 1 
1446600269 6125 1783668550.964 1 
1456632205 6126 1783668551.014 1 
1466597921 6127 1783668551.064 1 
1476637771 6128 1783668551.114 1 
1486602480 6129 1783668551.164 1 
1496631552 6130 1783668551.214 1 
1506601573 6131 1783668551.264 1 
1516692495 6132 1783668551.314 1 -4.700 2.512 -0.671 0.841 129 406 
1526603555 6133 1783668551.370 1 
1536605175 6134 1783668551.414 1 
1546599650 6135 1783668551.464 1 
1556597246 6136 1783668551.514 1 
1566601595 6137 1783668551.564 1 
1576669315 6138 1783668551.614 1 
1586597435 6139 1783668551.664 1 
1596598395 6140 1783668551.714 1 
1606692952 6141 1783668551.764 1 
1616604290 6142 1783668551.814 1 
1626603425 6143 1783668551.864 1 
1636598658 6144 1783668551.914 1 
1646607474 6145 1783668551.964 1 -4.944 3.140 -0.183 0.841 166 424 
1656602770 6146 1783668552.020 1 
1666610212 6147 1783668552.064 1 -3.052 5.282 -0.191 0.841 178 422 
1676599004 6148 1783668552.115 1 
1686601149 6149 1783668552.164 1 
1696602894 6150 1783668552.214 1 
1706601991 6151 1783668552.264 1 
1716597868 6152 1783668552.314 1 
1726604651 6153 1783668552.364 1 
1736602298 6154 1783668552.414 1 
1746602464 6155 1783668552.464 1 
1756598889 6156 1783668552.514 1 
1766602159 6157 1783668552.564 1 
1776605324 6158 1783668552.614 1 
1786637861 6159 1783668552.664 1 
1796599833 6160 1783668552.714 1 
1806691481 6161 1783668552.764 1 
1816603685 6162 1783668552.814 1 
1826608401 6163 1783668552.864 1 
1836597249 6164 1783668552.914 1 
1846604744 6165 1783668552.964 1 
1856599875 6166 1783668553.014 1 
1866601450 6167 1783668553.064 1 
1876601268 6168 1783668553.114 1 
1886602069 6169 1783668553.164 1 
1896604130 6170 1783668553.214 1 
1906606907 6171 1783668553.264 1 
1916601282 6172 1783668553.314 1 
1926601843 6173 1783668553.364 1 
1936598117 6174 1783668553.414 1 
1946601027 6175 1783668553.464 1 
1956604165 6176 1783668553.514 1 
1966668111 6177 1783668553.564 1 -7.332 1.877 0.000 0.841 108 430 -5.440 5.067 -1.419 0.841 108 430 -4.730 5.671 -1.656 0.841 108 430 
1976601997 6178 1783668553.632 1 
1986598785 6179 1783668553.664 1 
1996590009 6180 1783668553.714 1 
2006690985 6181 1783668553.764 1 
2016590164 6182 1783668553.815 1 
2026598442 6183 1783668553.864 1 
2036602589 6184 1783668553.914 1 
2046597060 6185 1783668553.964 1 
2056598626 6186 1783668554.014 1 
2066603255 6187 1783668554.064 1 
2076608162 6188 1783668554.114 1 
2086604099 6189 1783668554.164 1 
2096602305 6190 1783668554.215 1 
2106590107 6191 1783668554.264 1 
2116600596 6192 1783668554.314 1 
2126591322 6193 1783668554.364 1 
2136592488 6194 1783668554.414 1 
2146592121 6195 1783668554.464 1 
2156608850 6196 1783668554.514 1 
2166602644 6197 1783668554.564 1 
2176589932 6198 1783668554.614 1 
2186589285 6199 1783668554.664 1 
2196602708 6200 1783668554.714 1 
2206682084 6201 1783668554.764 1 
2216587976 6202 1783668554.815 1 
2226656363 6203 1783668554.864 1 
2236591005 6204 1783668554.915 1 
2246590977 6205 1783668554.964 1 
2256589563 6206 1783668555.014 1 
2266589640 6207 1783668555.064 1 
2276589443 6208 1783668555.114 1 
2286589422 6209 1783668555.164 1 
2296588897 6210 1783668555.214 1 
2306589961 6211 1783668555.264 1 
2316590466 6212 1783668555.314 1 
2326589747 6213 1783668555.364 1 
2336590165 6214 1783668555.414 1 
2346602949 6215 1783668555.464 1 
2356590623 6216 1783668555.514 1 
2366589494 6217 1783668555.564 1 
2376590267 6218 1783668555.614 1 
2386606140 6219 1783668555.664 1 
2396609493 6220 1783668555.714 1 
2406680807 6221 1783668555.764 1 
2416589817 6222 1783668555.816 1 
2426588010 6223 1783668555.864 1 
2436588461 6224 1783668555.914 1 
2446589612 6225 1783668555.964 1 
2456591649 6226 1783668556.014 1 
2466588313 6227 1783668556.064 1 
2476590674 6228 1783668556.114 1 
2486590616 6229 1783668556.164 1 
2496590638 6230 1783668556.214 1 
2506589579 6231 1783668556.264 1 
2516588404 6232 1783668556.314 1 
2526590040 6233 1783668556.364 1 
2536589727 6234 1783668556.414 1 
2546589233 6235 1783668556.464 1 
2556588708 6236 1783668556.514 1 
2566587933 6237 1783668556.564 1 
2576589318 6238 1783668556.614 1 
2586606949 6239 1783668556.664 1 
2596588897 6240 1783668556.714 1 
2606622792 6241 1783668556.764 1 
2616590381 6242 1783668556.814 1 
2626589877 6243 1783668556.864 1 
2636590596 6244 1783668556.914 1 
2646606832 6245 1783668556.964 1 
2656590203 6246 1783668557.014 1 
2666589813 6247 1783668557.064 1 
2676588099 6248 1783668557.114 1 
2686589612 6249 1783668557.164 1 
2696587514 6250 1783668557.214 1 
2706589759 6251 1783668557.264 1 
2716587415 6252 1783668557.314 1 
2726590439 6253 1783668557.364 1 
2736590260 6254 1783668557.414 1 
2746588218 6255 1783668557.464 1 
2756589748 6256 1783668557.514 1 
2766590798 6257 1783668557.564 1 
2776588896 6258 1783668557.614 1 
2786589287 6259 1783668557.664 1 
2796655641 6260 1783668557.714 1 
2806605737 6261 1783668557.765 1 
2816590124 6262 1783668557.814 1 
2826589244 6263 1783668557.864 1 
2836587159 6264 1783668557.914 1 
2846588256 6265 1783668557.964 1 
2856588854 6266 1783668558.014 1 
2866589288 6267 1783668558.064 1 
2876589283 6268 1783668558.114 1 
2886589557 6269 1783668558.164 1 
2896590458 6270 1783668558.214 1 
2906591739 6271 1783668558.264 1 
2916590837 6272 1783668558.314 1 
2926588804 6273 1783668558.364 1 
2936590705 6274 1783668558.414 1 
2946589449 6275 1783668558.464 1 
2956588550 6276 1783668558.514 1 
2966590674 6277 1783668558.564 1 
2976588770 6278 1783668558.614 1 
2986589540 6279 1783668558.664 1 
2996589732 6280 1783668558.714 1 
3006623652 6281 1783668558.764 1 
3016590030 6282 1783668558.814 1 
3026590229 6283 1783668558.864 1 
3036587533 6284 1783668558.915 1 
3046589766 6285 1783668558.964 1 
3056588557 6286 1783668559.014 1 
3066590684 6287 1783668559.064 1 
3076589153 6288 1783668559.114 1 
3086589829 6289 1783668559.164 1 
3096590664 6290 1783668559.214 1 
3106588283 6291 1783668559.264 1 
3116588390 6292 1783668559.314 1 
3126609588 6293 1783668559.364 1 
3136591279 6294 1783668559.414 1 
3146588557 6295 1783668559.464 1 
3156590974 6296 1783668559.514 1 
3166589670 6297 1783668559.564 1 
3176589787 6298 1783668559.614 1 
3186588784 6299 1783668559.664 1 
3196590209 6300 1783668559.714 1 
3206624518 6301 1783668559.764 1 
3216589244 6302 1783668559.814 1 
3226588591 6303 1783668559.864 1 
3236588849 6304 1783668559.914 1 
3246589343 6305 1783668559.964 1 
3256588276 6306 1783668560.014 1 
3266590399 6307 1783668560.064 1 
3276590418 6308 1783668560.114 1 
3286591011 6309 1783668560.164 1 
3296589146 6310 1783668560.215 1 
3306589238 6311 1783668560.265 1 
3316600378 6312 1783668560.315 1 
3326587473 6313 1783668560.365 1 
3336588945 6314 1783668560.414 1 
3346608038 6315 1783668560.465 1 
3356654614 6316 1783668560.515 1 
3366589313 6317 1783668560.565 1 
3376590267 6318 1783668560.614 1 
3386588677 6319 1783668560.665 1 
3396588647 6320 1783668560.714 1 
3406646099 6321 1783668560.765 1 
3416731961 6322 1783668560.816 1 
3426589480 6323 1783668560.865 1 
3436590128 6324 1783668560.915 1 
3446588825 6325 1783668560.965 1 
3456588647 6326 1783668561.014 1 
3466589505 6327 1783668561.065 1 
3476588181 6328 1783668561.114 1 
3486589252 6329 1783668561.165 1 
3496589185 6330 1783668561.215 1 
3506590484 6331 1783668561.265 1 
3516588371 6332 1783668561.314 1 
3526590689 6333 1783668561.365 1 
3536590167 6334 1783668561.414 1 
3546590877 6335 1783668561.465 1 
3556588886 6336 1783668561.514 1 
3566589396 6337 1783668561.565 1 
3576588204 6338 1783668561.614 1 
3586588616 6339 1783668561.665 1 
3596588848 6340 1783668561.714 1 
3606698111 6341 1783668561.765 1 
3616605314 6342 1783668561.815 1 
3626590675 6343 1783668561.865 1 
3636588748 6344 1783668561.915 1 
3646587560 6345 1783668561.965 1 
3656657661 6346 1783668562.015 1 
3666589059 6347 1783668562.065 1 
3676591176 6348 1783668562.115 1 
3686589877 6349 1783668562.165 1 
3696656096 6350 1783668562.215 1 
3706588815 6351 1783668562.265 1 
3716656002 6352 1783668562.315 1 
3726605850 6353 1783668562.365 1 
3736657075 6354 1783668562.415 1 
3746609777 6355 1783668562.465 1 
3756590063 6356 1783668562.515 1 
3766589486 6357 1783668562.565 1 
3776591000 6358 1783668562.615 1 
3786590098 6359 1783668562.664 1 
3796590557 6360 1783668562.715 1 
3806627497 6361 1783668562.765 1 
3816588643 6362 1783668562.815 1 
3826588102 6363 1783668562.865 1 
3836589290 6364 1783668562.915 1 
3846657449 6365 1783668562.965 1 
3856589501 6366 1783668563.015 1 
3866588417 6367 1783668563.065 1 
3876590109 6368 1783668563.115 1 
3886654853 6369 1783668563.165 1 
3896588250 6370 1783668563.215 1 
3906589017 6371 1783668563.265 1 
3916588881 6372 1783668563.315 1 
3926591019 6373 1783668563.365 1 
3936589604 6374 1783668563.415 1 
3946589917 6375 1783668563.465 1 
3956588630 6376 1783668563.515 1 
3966588359 6377 1783668563.565 1 
3976590038 6378 1783668563.615 1 
3986588489 6379 1783668563.665 1 
3996589614 6380 1783668563.715 1 
4006682046 6381 1783668563.765 1 
4016655933 6382 1783668563.815 1 
4026656730 6383 1783668563.865 1 
4036591048 6384 1783668563.915 1 
4046589662 6385 1783668563.965 1 
4056589408 6386 1783668564.015 1 
4066588623 6387 1783668564.065 1 
4076589324 6388 1783668564.115 1 
4086588216 6389 1783668564.165 1 
4096589738 6390 1783668564.215 1 
4106591822 6391 1783668564.265 1 
4116589625 6392 1783668564.315 1 
4126589624 6393 1783668564.365 1 
4136588796 6394 1783668564.415 1 
4146657664 6395 1783668564.465 1 
4156590953 6396 1783668564.515 1 
4166590812 6397 1783668564.565 1 
4176590657 6398 1783668564.615 1 
4186589921 6399 1783668564.665 1 
4196589644 6400 1783668564.715 1 
4206604952 6401 1783668564.765 1 
4216589272 6402 1783668564.815 1 
4226611659 6403 1783668564.865 1 
4236589543 6404 1783668564.915 1 
4246587971 6405 1783668564.965 1 
4256589148 6406 1783668565.015 1 
4266590264 6407 1783668565.065 1 
4276656360 6408 1783668565.115 1 
4286587900 6409 1783668565.165 1 
1623166 6410 1783668565.215 1 
11622322 6411 1783668565.265 1 
21622907 6412 1783668565.315 1 
31623679 6413 1783668565.365 1 
41623124 6414 1783668565.415 1 
51623656 6415 1783668565.465 1 
61620411 6416 1783668565.515 1 
71638408 6417 1783668565.565 1 
81621916 6418 1783668565.615 1 
91622115 6419 1783668565.665 1 
101622260 6420 1783668565.715 1 
111714352 6421 1783668565.765 1 
121621975 6422 1783668565.816 1 
131622722 6423 1783668565.865 1 
141623242 6424 1783668565.915 1 
151624040 6425 1783668565.965 1 
161623225 6426 1783668566.015 1 
171621545 6427 1783668566.065 1 
181687766 6428 1783668566.115 1 
191622094 6429 1783668566.165 1 
201622898 6430 1783668566.215 1 
211621972 6431 1783668566.265 1 
221620141 6432 1783668566.315 1 
231621801 6433 1783668566.365 1 
241623048 6434 1783668566.415 1 
251624036 6435 1783668566.465 1 
261622865 6436 1783668566.515 1 
271621670 6437 1783668566.565 1 
281622389 6438 1783668566.615 1 
291622220 6439 1783668566.665 1 
301621215 6440 1783668566.715 1 
311773324 6441 1783668566.765 1 
321622693 6442 1783668566.815 1 
331621555 6443 1783668566.865 1 
341620824 6444 1783668566.915 1 
351621345 6445 1783668566.965 1 
361622071 6446 1783668567.015 1 
371622361 6447 1783668567.065 1 
381623211 6448 1783668567.115 1 
391622212 6449 1783668567.165 1 
401623482 6450 1783668567.215 1 
411620700 6451 1783668567.265 1 
421688764 6452 1783668567.315 1 
431622232 6453 1783668567.365 1 
441619964 6454 1783668567.415 1 
451621237 6455 1783668567.465 1 
461623264 6456 1783668567.515 1 
471621871 6457 1783668567.565 1 
481622295 6458 1783668567.615 1 
491622393 6459 1783668567.665 1 
501620050 6460 1783668567.715 1 
511639029 6461 1783668567.765 1 
521689988 6462 1783668567.815 1 
531623233 6463 1783668567.865 1 
541623932 6464 1783668567.915 1 
551622081 6465 1783668567.965 1 
561621948 6466 1783668568.015 1 
571622166 6467 1783668568.065 1 
581622538 6468 1783668568.115 1 
591623586 6469 1783668568.165 1 
601622745 6470 1783668568.215 1 
611622871 6471 1783668568.265 1 
621623598 6472 1783668568.315 1 
631622007 6473 1783668568.365 1 
641622319 6474 1783668568.415 1 
651623941 6475 1783668568.465 1 
661622459 6476 1783668568.515 1 
671622480 6477 1783668568.565 1 
681636417 6478 1783668568.615 1 
691624051 6479 1783668568.665 1 
701623482 6480 1783668568.715 1 
711637524 6481 1783668568.765 1 
721622472 6482 1783668568.815 1 
731620412 6483 1783668568.865 1 
741623310 6484 1783668568.915 1 
751625080 6485 1783668568.965 1 
761623538 6486 1783668569.015 1 
771620698 6487 1783668569.065 1 
781622243 6488 1783668569.115 1 
791621653 6489 1783668569.165 1 
801622483 6490 1783668569.215 1 
811620956 6491 1783668569.265 1 
821619958 6492 1783668569.315 1 
831640307 6493 1783668569.365 1 
841622900 6494 1783668569.415 1 
851622461 6495 1783668569.465 1 
861622747 6496 1783668569.515 1 
871620429 6497 1783668569.565 1 
881619617 6498 1783668569.615 1 
891621944 6499 1783668569.665 1 
901623505 6500 1783668569.715 1 
911773113 6501 1783668569.765 1 
921622016 6502 1783668569.815 1 
931622785 6503 1783668569.865 1 
941623333 6504 1783668569.915 1 
951622338 6505 1783668569.965 1 
961622646 6506 1783668570.015 1 
971688843 6507 1783668570.065 1 
981621738 6508 1783668570.115 1 
991621570 6509 1783668570.165 1 
1001622316 6510 1783668570.215 1 
1011623383 6511 1783668570.265 1 
1021623323 6512 1783668570.315 1 
1031622363 6513 1783668570.365 1 
1041621117 6514 1783668570.415 1 
1051623965 6515 1783668570.465 1 
1061623191 6516 1783668570.515 1 
1071646378 6517 1783668570.565 1 
1081622762 6518 1783668570.615 1 
1091690520 6519 1783668570.665 1 
1101622571 6520 1783668570.715 1 
1111638200 6521 1783668570.765 1 
1121689079 6522 1783668570.816 1 
1131688887 6523 1783668570.865 1 
1141623128 6524 1783668570.915 1 
1151638308 6525 1783668570.965 1 
1161622385 6526 1783668571.015 1 
1171623089 6527 1783668571.065 1 
1181622208 6528 1783668571.115 1 
1191621112 6529 1783668571.165 1 
1201621605 6530 1783668571.215 1 
1211621433 6531 1783668571.265 1 
1221621910 6532 1783668571.315 1 
1231622718 6533 1783668571.365 1 
1241624040 6534 1783668571.415 1 
1251622895 6535 1783668571.465 1 
1261623303 6536 1783668571.515 1 
1271620968 6537 1783668571.565 1 
1281621484 6538 1783668571.615 1 
1291688473 6539 1783668571.665 1 
1301621006 6540 1783668571.715 1 
1311637599 6541 1783668571.765 1 
1321621872 6542 1783668571.815 1 
1331621020 6543 1783668571.865 1 
1341622644 6544 1783668571.915 1 
1351620699 6545 1783668571.965 1 
1361621488 6546 1783668572.015 1 
1371623310 6547 1783668572.065 1 
1381623442 6548 1783668572.115 1 
1391622184 6549 1783668572.165 1 
1401620685 6550 1783668572.215 1 
1411622447 6551 1783668572.265 1 
1421622749 6552 1783668572.315 1 
1431621668 6553 1783668572.365 1 
1441623035 6554 1783668572.415 1 
1451624366 6555 1783668572.465 1 
1461635671 6556 1783668572.515 1 
1471622632 6557 1783668572.565 1 
1481622131 6558 1783668572.615 1 
1491688470 6559 1783668572.665 1 
1501622357 6560 1783668572.715 1 
1511679649 6561 1783668572.765 1 
1521764370 6562 1783668572.815 1 
1531622112 6563 1783668572.866 1 
1541621225 6564 1783668572.915 1 
1551623011 6565 1783668572.965 1 
1561622150 6566 1783668573.015 1 
1571622390 6567 1783668573.065 1 
1581689684 6568 1783668573.115 1 
1591623060 6569 1783668573.165 1 
1601622417 6570 1783668573.215 1 
1611689314 6571 1783668573.265 1 
1621624363 6572 1783668573.315 1 
1631621793 6573 1783668573.365 1 
1641621616 6574 1783668573.415 1 
1651689513 6575 1783668573.465 1 
1661622949 6576 1783668573.515 1 
1671622832 6577 1783668573.565 1 
1681620700 6578 1783668573.615 1 
1691621053 6579 1783668573.665 1 
1701622488 6580 1783668573.715 1 
1711657520 6581 1783668573.765 1 
1721622359 6582 1783668573.815 1 
1731623728 6583 1783668573.865 1 
1741689195 6584 1783668573.915 1 
1751642201 6585 1783668573.965 1 
1761689051 6586 1783668574.015 1 
1771622211 6587 1783668574.065 1 
1781621374 6588 1783668574.115 1 
1791622157 6589 1783668574.165 1 
1801622476 6590 1783668574.215 1 
1811621335 6591 1783668574.265 1 
1821622868 6592 1783668574.315 1 
1831622456 6593 1783668574.365 1 
1841623996 6594 1783668574.415 1 
1851689570 6595 1783668574.465 1 
1861622407 6596 1783668574.515 1 
1871689466 6597 1783668574.565 1 
1881622997 6598 1783668574.615 1 
1891622493 6599 1783668574.665 1 
1901622934 6600 1783668574.715 1 
1911638867 6601 1783668574.765 1 
1921621557 6602 1783668574.815 1 
1931622149 6603 1783668574.865 1 
1941621034 6604 1783668574.915 1 
1951622445 6605 1783668574.965 1 
1961622428 6606 1783668575.015 1 
1971622474 6607 1783668575.065 1 
1981621982 6608 1783668575.115 1 
1991687650 6609 1783668575.165 1 
2001621264 6610 1783668575.215 1 
2011622221 6611 1783668575.265 1 
2021621374 6612 1783668575.315 1 
2031621623 6613 1783668575.365 1 
2041623092 6614 1783668575.415 1 
2051621847 6615 1783668575.465 1 
2061687373 6616 1783668575.515 1 
2071620622 6617 1783668575.565 1 
2081624003 6618 1783668575.615 1 
2091620296 6619 1783668575.665 1 
2101621593 6620 1783668575.715 1 
2111714126 6621 1783668575.765 1 
2121622837 6622 1783668575.816 1 
2131622955 6623 1783668575.865 1 
2141622699 6624 1783668575.915 1 
2151623710 6625 1783668575.965 1 
2161622693 6626 1783668576.015 1 
2171621274 6627 1783668576.065 1 
2181621856 6628 1783668576.115 1 
2191622694 6629 1783668576.165 1 
2201621750 6630 1783668576.215 1 
2211623591 6631 1783668576.265 1 
2221688117 6632 1783668576.315 1 
2231622286 6633 1783668576.365 1 
2241621376 6634 1783668576.415 1 
2251620898 6635 1783668576.465 1 
2261622771 6636 1783668576.515 1 
2271621795 6637 1783668576.565 1 
2281622162 6638 1783668576.615 1 
2291620948 6639 1783668576.665 1 
2301621746 6640 1783668576.715 1 
2311775224 6641 1783668576.765 1 
2321705731 6642 1783668576.816 1 
2331622702 6643 1783668576.866 1 
2341623303 6644 1783668576.915 1 
2351622141 6645 1783668576.965 1 
2361623141 6646 1783668577.015 1 
2371622063 6647 1783668577.065 1 
2381622487 6648 1783668577.115 1 
2391621802 6649 1783668577.165 1 
2401624238 6650 1783668577.215 1 
2411622403 6651 1783668577.265 1 
2421621013 6652 1783668577.315 1 
2431621914 6653 1783668577.365 1 
2441623562 6654 1783668577.417 1 
2451622057 6655 1783668577.465 1 
2461620595 6656 1783668577.515 1 
2471622277 6657 1783668577.565 1 
2481621406 6658 1783668577.615 1 
2491621785 6659 1783668577.665 1 
2501622665 6660 1783668577.715 1 
2511713638 6661 1783668577.765 1 
2521643489 6662 1783668577.816 1 
2531620824 6663 1783668577.865 1 
2541622207 6664 1783668577.915 1 
2551687954 6665 1783668577.965 1 
2561622764 6666 1783668578.016 1 
2571621705 6667 1783668578.065 1 
2581622873 6668 1783668578.115 1 
2591622791 6669 1783668578.165 1 
2601620968 6670 1783668578.215 1 
2611620792 6671 1783668578.265 1 
2621622212 6672 1783668578.315 1 
2631621021 6673 1783668578.365 1 
2641621918 6674 1783668578.415 1 
2651623261 6675 1783668578.465 1 
2661621371 6676 1783668578.515 1 
2671621897 6677 1783668578.565 1 
2681622362 6678 1783668578.615 1 
2691622379 6679 1783668578.665 1 
2701620828 6680 1783668578.715 1 
2711713836 6681 1783668578.765 1 
2721622303 6682 1783668578.816 1 
2731622002 6683 1783668578.865 1 
2741621302 6684 1783668578.915 1 
2751622873 6685 1783668578.965 1 
2761620335 6686 1783668579.015 1 
2771622078 6687 1783668579.065 1 
2781621365 6688 1783668579.115 1 
2791622390 6689 1783668579.165 1 
2801624439 6690 1783668579.215 1 
2811621519 6691 1783668579.265 1 
2821621528 6692 1783668579.315 1 
2831622316 6693 1783668579.365 1 
2841622957 6694 1783668579.415 1 
2851621948 6695 1783668579.465 1 
2861623760 6696 1783668579.515 1 
2871622950 6697 1783668579.565 1 
2881622829 6698 1783668579.615 1 
2891622031 6699 1783668579.665 1 
2901623770 6700 1783668579.715 1 
2911713350 6701 1783668579.765 1 
2921620926 6702 1783668579.816 1 
2931622449 6703 1783668579.865 1 
2941622027 6704 1783668579.915 1 
2951620938 6705 1783668579.965 1 
2961623188 6706 1783668580.015 1 
2971622411 6707 1783668580.065 1 
2981621481 6708 1783668580.115 1 
2991621096 6709 1783668580.165 1 
3001622279 6710 1783668580.215 1 
3011621866 6711 1783668580.265 1 
3021623031 6712 1783668580.315 1 
3031622232 6713 1783668580.365 1 
3041623186 6714 1783668580.415 1 
3051622631 6715 1783668580.465 1 
3061621084 6716 1783668580.515 1 
3071622166 6717 1783668580.565 1 
3081621178 6718 1783668580.615 1 
3091620653 6719 1783668580.665 1 
3101620505 6720 1783668580.715 1 
3111714814 6721 1783668580.765 1 
3121621099 6722 1783668580.816 1 
3131621859 6723 1783668580.865 1 
3141687951 6724 1783668580.915 1 
3151623196 6725 1783668580.966 1 
3161620851 6726 1783668581.015 1 
3171622503 6727 1783668581.065 1 
3181622793 6728 1783668581.115 1 
3191622147 6729 1783668581.165 1 
3201621366 6730 1783668581.215 1 
3211623357 6731 1783668581.265 1 
3221621304 6732 1783668581.315 1 
3231620971 6733 1783668581.365 1 
3241621010 6734 1783668581.415 1 
3251623210 6735 1783668581.465 1 
3261623284 6736 1783668581.515 1 
3271620668 6737 1783668581.565 1 
3281622138 6738 1783668581.615 1 
3291622449 6739 1783668581.665 1 
3301621064 6740 1783668581.715 1 
3311680528 6741 1783668581.765 1 
3321765397 6742 1783668581.816 1 
3331622756 6743 1783668581.866 1 
3341622614 6744 1783668581.916 1 
3351688333 6745 1783668581.965 1 
3361622510 6746 1783668582.016 1 
3371621814 6747 1783668582.065 1 
3381622168 6748 1783668582.115 1 
3391621034 6749 1783668582.165 1 
3401622362 6750 1783668582.215 1 
3411620462 6751 1783668582.265 1 
3421622734 6752 1783668582.315 1 
3431622072 6753 1783668582.365 1 
3441622995 6754 1783668582.415 1 
3451622151 6755 1783668582.465 1 
3461622792 6756 1783668582.515 1 
3471622589 6757 1783668582.565 1 
3481622382 6758 1783668582.615 1 
3491689139 6759 1783668582.665 1 
3501621856 6760 1783668582.716 1 
3511679508 6761 1783668582.766 1 
3521764319 6762 1783668582.816 1 
3531622601 6763 1783668582.866 1 
3541621600 6764 1783668582.916 1 
3551621261 6765 1783668582.965 1 
3561623212 6766 1783668583.015 1 
3571621888 6767 1783668583.066 1 
3581621563 6768 1783668583.115 1 
3591622262 6769 1783668583.165 1 
3601620649 6770 1783668583.215 1 
3611624624 6771 1783668583.265 1 
3621623007 6772 1783668583.315 1 
3631621110 6773 1783668583.366 1 
3641622532 6774 1783668583.415 1 
3651620741 6775 1783668583.465 1 
3661621518 6776 1783668583.515 1 
3671623433 6777 1783668583.565 1 
3681621702 6778 1783668583.615 1 
3691622155 6779 1783668583.665 1 
3701622560 6780 1783668583.715 1 
3711657344 6781 1783668583.766 1 
3721620341 6782 1783668583.816 1 
3731622267 6783 1783668583.866 1 
3741622649 6784 1783668583.916 1 
3751622967 6785 1783668583.966 1 
3761621915 6786 1783668584.015 1 
3771622871 6787 1783668584.066 1 
3781621240 6788 1783668584.115 1 
3791622065 6789 1783668584.166 1 
3801622390 6790 1783668584.215 1 
3811622606 6791 1783668584.266 1 
3821621716 6792 1783668584.315 1 
3831622191 6793 1783668584.366 1 
3841621140 6794 1783668584.415 1 
3851622330 6795 1783668584.466 1 
3861622473 6796 1783668584.515 1 
3871689863 6797 1783668584.566 1 
3881622784 6798 1783668584.616 1 
3891622851 6799 1783668584.666 1 
3901689001 6800 1783668584.715 1 
3911656942 6801 1783668584.766 1 
3921622846 6802 1783668584.816 1 
3931623194 6803 1783668584.866 1 
3941622592 6804 1783668584.916 1 
3951620827 6805 1783668584.966 1 
3961622756 6806 1783668585.015 1 
3971622710 6807 1783668585.066 1 
3981622039 6808 1783668585.115 1 
3991619660 6809 1783668585.166 1 
4001622630 6810 1783668585.215 1 
4011622409 6811 1783668585.266 1 
4021621974 6812 1783668585.315 1 
4031622624 6813 1783668585.366 1 
4041622514 6814 1783668585.416 1 
4051623096 6815 1783668585.466 1 
4061621166 6816 1783668585.516 1 
4071621031 6817 1783668585.566 1 
4081622445 6818 1783668585.616 1 
4091622076 6819 1783668585.666 1 
4101621621 6820 1783668585.716 1 
4111658017 6821 1783668585.766 1 
4121688369 6822 1783668585.816 1 
4131621415 6823 1783668585.868 1 
4141621645 6824 1783668585.916 1 
4151621365 6825 1783668585.966 1 
4161622533 6826 1783668586.016 1 
4171689145 6827 1783668586.066 1 
4181622261 6828 1783668586.116 1 
4191622239 6829 1783668586.166 1 
4201621511 6830 1783668586.216 1 
4211622099 6831 1783668586.266 1 
4221621526 6832 1783668586.316 1 
4231621838 6833 1783668586.366 1 
4241621285 6834 1783668586.416 1 
4251622529 6835 1783668586.466 1 
4261621873 6836 1783668586.516 1 
4271621442 6837 1783668586.566 1 
4281621884 6838 1783668586.616 1 
4291621542 6839 1783668586.666 1 
6654814 6840 1783668586.716 1 
16692720 6841 1783668586.766 1 
26654942 6842 1783668586.816 1 
36654598 6843 1783668586.866 1 
46654239 6844 1783668586.916 1 
56653602 6845 1783668586.966 1 
66653544 6846 1783668587.016 1 
76655245 6847 1783668587.066 1 
86654553 6848 1783668587.116 1 
96655309 6849 1783668587.166 1 
106654241 6850 1783668587.216 1 
116654071 6851 1783668587.266 1 
126654522 6852 1783668587.316 1 
136656691 6853 1783668587.366 1 
146655487 6854 1783668587.416 1 
156654149 6855 1783668587.466 1 
166656293 6856 1783668587.516 1 
176654403 6857 1783668587.566 1 
186656391 6858 1783668587.616 1 
196653744 6859 1783668587.666 1 
206655685 6860 1783668587.716 1 
216672440 6861 1783668587.766 1 
226655975 6862 1783668587.816 1 
236654015 6863 1783668587.866 1 
246668314 6864 1783668587.916 1 
256655004 6865 1783668587.966 1 
266653652 6866 1783668588.016 1 
276655652 6867 1783668588.066 1 
286654727 6868 1783668588.116 1 
296655799 6869 1783668588.166 1 
306740521 6870 1783668588.216 1 
316721626 6871 1783668588.266 1 
326654393 6872 1783668588.316 1 
336655560 6873 1783668588.366 1 
346679646 6874 1783668588.416 1 
356655586 6875 1783668588.466 1 
366656365 6876 1783668588.516 1 
376674128 6877 1783668588.566 1 
386655120 6878 1783668588.616 1 
396655418 6879 1783668588.666 1 
406653541 6880 1783668588.716 1 
416690175 6881 1783668588.766 1 
426654795 6882 1783668588.816 1 
436653215 6883 1783668588.866 1 
446655613 6884 1783668588.916 1 
456654674 6885 1783668588.966 1 
466653293 6886 1783668589.016 1 
476655923 6887 1783668589.066 1 
486656203 6888 1783668589.116 1 
496653310 6889 1783668589.166 1 
506656571 6890 1783668589.216 1 
516654509 6891 1783668589.266 1 
526654390 6892 1783668589.316 1 
536655218 6893 1783668589.366 1 
546655470 6894 1783668589.416 1 
556653886 6895 1783668589.466 1 
566653339 6896 1783668589.516 1 
576654265 6897 1783668589.566 1 
586655811 6898 1783668589.616 1 
596655827 6899 1783668589.666 1 
606654675 6900 1783668589.716 1 
616671158 6901 1783668589.766 1 
626654617 6902 1783668589.816 1 
636654226 6903 1783668589.866 1 
646652637 6904 1783668589.916 1 
656654031 6905 1783668589.966 1 
666654905 6906 1783668590.016 1 
676653801 6907 1783668590.066 1 
686654474 6908 1783668590.116 1 
696655810 6909 1783668590.166 1 
706653929 6910 1783668590.216 1 
716654326 6911 1783668590.266 1 
726654709 6912 1783668590.316 1 
736657418 6913 1783668590.366 1 
746654674 6914 1783668590.416 1 
756654222 6915 1783668590.466 1 
766721518 6916 1783668590.516 1 
776655318 6917 1783668590.566 1 
786655126 6918 1783668590.616 1 
796655920 6919 1783668590.666 1 
806654009 6920 1783668590.716 1 
816671235 6921 1783668590.766 1 
826655847 6922 1783668590.816 1 
836656035 6923 1783668590.867 1 
846654179 6924 1783668590.916 1 
856653912 6925 1783668590.966 1 
866655062 6926 1783668591.016 1 
876655891 6927 1783668591.066 1 
886655214 6928 1783668591.116 1 
896654265 6929 1783668591.166 1 
906655819 6930 1783668591.216 1 
916655169 6931 1783668591.266 1 
926655112 6932 1783668591.316 1 
936670854 6933 1783668591.366 1 
946655024 6934 1783668591.416 1 
956654110 6935 1783668591.466 1 
966653083 6936 1783668591.516 1 
976652945 6937 1783668591.566 1 
986656249 6938 1783668591.616 1 
996720503 6939 1783668591.666 1 
1006654714 6940 1783668591.716 1 
1016802429 6941 1783668591.766 1 
1026723013 6942 1783668591.817 1 
1036655125 6943 1783668591.866 1 
1046654002 6944 1783668591.916 1 
1056655253 6945 1783668591.966 1 
1066655394 6946 1783668592.016 1 
1076654995 6947 1783668592.066 1 
1086654170 6948 1783668592.116 1 
1096653603 6949 1783668592.166 1 
1106655908 6950 1783668592.216 1 
1116654515 6951 1783668592.266 1 
1126653688 6952 1783668592.316 1 
1136654501 6953 1783668592.366 1 
1146655741 6954 1783668592.416 1 
1156655327 6955 1783668592.466 1 
1166654436 6956 1783668592.516 1 
1176655455 6957 1783668592.566 1 
1186654784 6958 1783668592.616 1 
1196654499 6959 1783668592.666 1 
1206655377 6960 1783668592.716 1 
1216670032 6961 1783668592.766 1 
1226653126 6962 1783668592.816 1 
1236654834 6963 1783668592.866 1 
1246654306 6964 1783668592.916 1 
1256653779 6965 1783668592.966 1 
1266655628 6966 1783668593.016 1 
1276654882 6967 1783668593.066 1 
1286654842 6968 1783668593.116 1 
1296656084 6969 1783668593.166 1 
1306654200 6970 1783668593.216 1 
1316654698 6971 1783668593.266 1 
1326654586 6972 1783668593.316 1 
1336656282 6973 1783668593.366 1 
1346654179 6974 1783668593.416 1 
1356654889 6975 1783668593.466 1 
1366654011 6976 1783668593.516 1 
1376656835 6977 1783668593.566 1 
1386654270 6978 1783668593.616 1 
1396654409 6979 1783668593.666 1 
1406654964 6980 1783668593.716 1 
1416689349 6981 1783668593.766 1 
1426655102 6982 1783668593.816 1 
1436654788 6983 1783668593.866 1 
1446656171 6984 1783668593.916 1 
1456655836 6985 1783668593.966 1 
1466654656 6986 1783668594.016 1 
1476655143 6987 1783668594.066 1 
1486655297 6988 1783668594.116 1 
1496655181 6989 1783668594.166 1 
1506653963 6990 1783668594.216 1 
1516655949 6991 1783668594.266 1 
1526653623 6992 1783668594.316 1 
1536746712 6993 1783668594.366 1 
1546654237 6994 1783668594.416 1 
1556655382 6995 1783668594.466 1 
1566654531 6996 1783668594.516 1 
1576655900 6997 1783668594.566 1 
1586655791 6998 1783668594.616 1 
1596654674 6999 1783668594.666 1 
1606670862 7000 1783668594.716 1 
1616671127 7001 1783668594.766 1 
1626654720 7002 1783668594.816 1 
1636654128 7003 1783668594.866 1 
1646655925 7004 1783668594.916 1 
1656656035 7005 1783668594.966 1 
1666654132 7006 1783668595.016 1 
1676654611 7007 1783668595.066 1 
1686654047 7008 1783668595.116 1 
1696654616 7009 1783668595.166 1 
1706655915 7010 1783668595.216 1 
1716654642 7011 1783668595.266 1 
1726653183 7012 1783668595.316 1 
1736655772 7013 1783668595.366 1 
1746653485 7014 1783668595.416 1 
1756655519 7015 1783668595.466 1 
1766654394 7016 1783668595.516 1 
1776654309 7017 1783668595.566 1 
1786653459 7018 1783668595.616 1 
1796654272 7019 1783668595.666 1 
1806655833 7020 1783668595.716 1 
1816670383 7021 1783668595.766 1 
1826654582 7022 1783668595.816 1 
1836653759 7023 1783668595.868 1 
1846654062 7024 1783668595.916 1 
1856653159 7025 1783668595.966 1 
1866653973 7026 1783668596.016 1 
1876722138 7027 1783668596.066 1 
1886653940 7028 1783668596.116 1 
1896720199 7029 1783668596.166 1 
1906652998 7030 1783668596.216 1 
1916655082 7031 1783668596.266 1 
1926721971 7032 1783668596.316 1 
1936654187 7033 1783668596.366 1 
1946656016 7034 1783668596.416 1 
1956655184 7035 1783668596.466 1 
1966653084 7036 1783668596.516 1 
1976656820 7037 1783668596.566 1 
1986654411 7038 1783668596.616 1 
1996654951 7039 1783668596.666 1 
2006655457 7040 1783668596.716 1 
2016690608 7041 1783668596.766 1 
2026663425 7042 1783668596.816 1 
2036653679 7043 1783668596.866 1 
2046655738 7044 1783668596.916 1 
2056654459 7045 1783668596.966 1 
2066655283 7046 1783668597.016 1 
2076653915 7047 1783668597.066 1 
2086653885 7048 1783668597.116 1 
2096655326 7049 1783668597.166 1 
2106654382 7050 1783668597.216 1 
2116655938 7051 1783668597.266 1 
2126656397 7052 1783668597.316 1 
2136654508 7053 1783668597.366 1 
2146653821 7054 1783668597.416 1 
2156654779 7055 1783668597.466 1 
2166654651 7056 1783668597.516 1 
2176675889 7057 1783668597.566 1 
2186654058 7058 1783668597.616 1 
2196655225 7059 1783668597.666 1 
2206653904 7060 1783668597.716 1 
2216671843 7061 1783668597.766 1 
2226653667 7062 1783668597.816 1 
2236654708 7063 1783668597.866 1 
2246653564 7064 1783668597.916 1 
2256653826 7065 1783668597.966 1 
2266655552 7066 1783668598.016 1 
2276654878 7067 1783668598.066 1 
2286655322 7068 1783668598.116 1 
2296656530 7069 1783668598.166 1 
2306653594 7070 1783668598.216 1 
2316654734 7071 1783668598.266 1 
2326653630 7072 1783668598.316 1 
2336654280 7073 1783668598.366 1 
2346653724 7074 1783668598.416 1 
2356654980 7075 1783668598.466 1 
2366653043 7076 1783668598.516 1 
2376655132 7077 1783668598.566 1 
2386655564 7078 1783668598.616 1 
2396653737 7079 1783668598.666 1 
2406655193 7080 1783668598.716 1 
2416747089 7081 1783668598.766 1 
2426654664 7082 1783668598.817 1 
2436655253 7083 1783668598.866 1 
2446657034 7084 1783668598.916 1 
2456654410 7085 1783668598.966 1 
2466655462 7086 1783668599.016 1 
2476656074 7087 1783668599.066 1 
2486656294 7088 1783668599.116 1 
2496655462 7089 1783668599.166 1 
2506654064 7090 1783668599.216 1 
2516655229 7091 1783668599.266 1 
2526654210 7092 1783668599.316 1 
2536655565 7093 1783668599.367 1 
2546720341 7094 1783668599.416 1 
2556656034 7095 1783668599.467 1 
2566653353 7096 1783668599.516 1 
2576655669 7097 1783668599.566 1 
2586655591 7098 1783668599.616 1 
2596654369 7099 1783668599.667 1 
2606654279 7100 1783668599.716 1 
2616746597 7101 1783668599.766 1 
2626655307 7102 1783668599.817 1 
2636654003 7103 1783668599.866 1 
2646655671 7104 1783668599.916 1 
2656654701 7105 1783668599.966 1 
2666654448 7106 1783668600.016 1 
2676654597 7107 1783668600.066 1 
2686653936 7108 1783668600.116 1 
2696653721 7109 1783668600.166 1 
2706654796 7110 1783668600.216 1 
2716653634 7111 1783668600.266 1 
2726654106 7112 1783668600.316 1 
2736655887 7113 1783668600.366 1 
2746669148 7114 1783668600.416 1 
2756719690 7115 1783668600.466 1 
2766657572 7116 1783668600.517 1 
2776655221 7117 1783668600.566 1 
2786654045 7118 1783668600.616 1 
2796653837 7119 1783668600.667 1 
2806653150 7120 1783668600.717 1 
2816690949 7121 1783668600.766 1 
2826654812 7122 1783668600.816 1 
2836656897 7123 1783668600.898 1 
2846654981 7124 1783668600.916 1 
2856654768 7125 1783668600.966 1 
2866655725 7126 1783668601.016 1 
2876656121 7127 1783668601.066 1 
2886669406 7128 1783668601.116 1 
2896655276 7129 1783668601.166 1 
2906654515 7130 1783668601.216 1 
2916655578 7131 1783668601.266 1 
2926654550 7132 1783668601.316 1 
2936653752 7133 1783668601.366 1 
2946654534 7134 1783668601.416 1 
2956653229 7135 1783668601.466 1 
2966654960 7136 1783668601.516 1 
2976654861 7137 1783668601.566 1 
2986654871 7138 1783668601.616 1 
2996655788 7139 1783668601.666 1 
3006654768 7140 1783668601.716 1 
3016746569 7141 1783668601.766 1 
3026655057 7142 1783668601.817 1 
3036655629 7143 1783668601.866 1 
3046654601 7144 1783668601.916 1 
3056655245 7145 1783668601.966 1 
3066654835 7146 1783668602.016 1 
3076654958 7147 1783668602.066 1 
3086655147 7148 1783668602.116 1 
3096655299 7149 1783668602.167 1 
3106722400 7150 1783668602.216 1 
3116655803 7151 1783668602.267 1 
3126655036 7152 1783668602.316 1 
3136655474 7153 1783668602.366 1 
3146653520 7154 1783668602.416 1 
3156654216 7155 1783668602.466 1 
3166653026 7156 1783668602.516 1 
3176655049 7157 1783668602.566 1 
3186655053 7158 1783668602.616 1 
3196654216 7159 1783668602.666 1 
3206654655 7160 1783668602.716 1 
3216805946 7161 1783668602.766 1 
3226654249 7162 1783668602.816 1 
3236654067 7163 1783668602.866 1 
3246722065 7164 1783668602.916 1 
3256654684 7165 1783668602.966 1 
3266654708 7166 1783668603.016 1 
3276654871 7167 1783668603.066 1 
3286654760 7168 1783668603.116 1 
3296654353 7169 1783668603.166 1 
3306655289 7170 1783668603.216 1 
3316654634 7171 1783668603.266 1 
3326655285 7172 1783668603.316 1 
3336654707 7173 1783668603.366 1 
3346654542 7174 1783668603.416 1 
3356655005 7175 1783668603.466 1 
3366655900 7176 1783668603.516 1 
3376655787 7177 1783668603.566 1 
3386654605 7178 1783668603.616 1 
3396656079 7179 1783668603.666 1 
3406654430 7180 1783668603.716 1 
3416688070 7181 1783668603.766 1 
3426654840 7182 1783668603.816 1 
3436655492 7183 1783668603.866 1 
3446652781 7184 1783668603.916 1 
3456654775 7185 1783668603.966 1 
3466654723 7186 1783668604.016 1 
3476655859 7187 1783668604.066 1 
3486654010 7188 1783668604.116 1 
3496653921 7189 1783668604.166 1 
3506655194 7190 1783668604.216 1 
3516672216 7191 1783668604.266 1 
3526655453 7192 1783668604.316 1 
3536656289 7193 1783668604.366 1 
3546656829 7194 1783668604.418 1 
3556655904 7195 1783668604.466 1 
3566654224 7196 1783668604.516 1 
3576656021 7197 1783668604.566 1 
3586653642 7198 1783668604.616 1 
3596654496 7199 1783668604.666 1 
3606667558 7200 1783668604.716 1 
3616690159 7201 1783668604.766 1 
3626653128 7202 1783668604.816 1 
3636655002 7203 1783668604.866 1 
3646654672 7204 1783668604.916 1 
3656673675 7205 1783668604.966 1 
3666654555 7206 1783668605.016 1 
3676654062 7207 1783668605.066 1 
3686720264 7208 1783668605.116 1 
3696655889 7209 1783668605.166 1 
3706653701 7210 1783668605.216 1 
3716655979 7211 1783668605.266 1 
3726655236 7212 1783668605.316 1 
3736655026 7213 1783668605.366 1 
3746655462 7214 1783668605.416 1 
3756653826 7215 1783668605.466 1 
3766655159 7216 1783668605.516 1 
3776656079 7217 1783668605.566 1 
3786653925 7218 1783668605.616 1 
3796654279 7219 1783668605.666 1 
3806654866 7220 1783668605.716 1 
3816690316 7221 1783668605.766 1 
3826653556 7222 1783668605.816 1 
3836654484 7223 1783668605.867 1 
3846654691 7224 1783668605.916 1 
3856654414 7225 1783668605.966 1 
3866674274 7226 1783668606.016 1 
3876653754 7227 1783668606.066 1 
3886732834 7228 1783668606.116 1 
3896655446 7229 1783668606.166 1 
3906722164 7230 1783668606.216 1 
3916654198 7231 1783668606.266 1 
3926655333 7232 1783668606.316 1 
3936655687 7233 1783668606.366 1 
3946654844 7234 1783668606.416 1 
3956656479 7235 1783668606.466 1 
3966654777 7236 1783668606.516 1 
3976654163 7237 1783668606.566 1 
3986654960 7238 1783668606.616 1 
3996656092 7239 1783668606.666 1 
4006656015 7240 1783668606.716 1 
4016673125 7241 1783668606.766 1 
4026655255 7242 1783668606.816 1 
4036654521 7243 1783668606.866 1 
4046655739 7244 1783668606.916 1 
4056654883 7245 1783668606.966 1 
4066656939 7246 1783668607.016 1 
4076653507 7247 1783668607.066 1 
4086655714 7248 1783668607.116 1 
4096655980 7249 1783668607.166 1 
4106655109 7250 1783668607.216 1 
4116655221 7251 1783668607.266 1 
4126656187 7252 1783668607.317 1 
4136655748 7253 1783668607.367 1 
4146655872 7254 1783668607.417 1 
4156653641 7255 1783668607.467 1 
4166655024 7256 1783668607.517 1 
4176654799 7257 1783668607.567 1 
4186655742 7258 1783668607.617 1 
4196655415 7259 1783668607.667 1 
4206655512 7260 1783668607.717 1 
4216807219 7261 1783668607.767 1 
4226656425 7262 1783668607.817 1 
4236654651 7263 1783668607.867 1 
4246656182 7264 1783668607.917 1 
4256654701 7265 1783668607.967 1 
4266665065 7266 1783668608.017 1 
4276655129 7267 1783668608.067 1 
4286656390 7268 1783668608.117 1 
1687107 7269 1783668608.167 1 
11686062 7270 1783668608.217 1 
21754559 7271 1783668608.267 1 
31688847 7272 1783668608.317 1 
41685721 7273 1783668608.367 1 
51687266 7274 1783668608.417 1 
61754607 7275 1783668608.467 1 
71686148 7276 1783668608.517 1 
81686198 7277 1783668608.567 1 
91706644 7278 1783668608.617 1 
101687159 7279 1783668608.667 1 
111686395 7280 1783668608.717 1 
121702946 7281 1783668608.767 1 
131689433 7282 1783668608.817 1 
141686834 7283 1783668608.867 1 
151687157 7284 1783668608.917 1 
161686959 7285 1783668608.967 1 
171754563 7286 1783668609.017 1 
181687071 7287 1783668609.067 1 
191688413 7288 1783668609.117 1 
201689217 7289 1783668609.167 1 
211687118 7290 1783668609.217 1 
221687410 7291 1783668609.267 1 
231686903 7292 1783668609.317 1 
241685284 7293 1783668609.367 1 
251687004 7294 1783668609.417 1 
261688131 7295 1783668609.467 1 
271688054 7296 1783668609.517 1 
281688618 7297 1783668609.567 1 
291687122 7298 1783668609.617 1 
301687787 7299 1783668609.667 1 
311753271 7300 1783668609.717 1 
321702792 7301 1783668609.767 1 
331686865 7302 1783668609.817 1 
341689273 7303 1783668609.867 1 
351687408 7304 1783668609.917 1 
361687928 7305 1783668609.967 1 
371688399 7306 1783668610.017 1 
381687031 7307 1783668610.067 1 
391688193 7308 1783668610.117 1 
401687067 7309 1783668610.167 1 
411687248 7310 1783668610.217 1 
421687354 7311 1783668610.267 1 
431686500 7312 1783668610.317 1 
441687389 7313 1783668610.367 1 
451689757 7314 1783668610.417 1 
461686808 7315 1783668610.467 1 
471686523 7316 1783668610.517 1 
481686444 7317 1783668610.567 1 
491754620 7318 1783668610.617 1 
501687370 7319 1783668610.667 1 
511687842 7320 1783668610.717 1 
521704066 7321 1783668610.767 1 
531687438 7322 1783668610.817 1 
541687807 7323 1783668610.868 1 
551688506 7324 1783668610.917 1 
561752456 7325 1783668610.967 1 
571688477 7326 1783668611.017 1 
581686904 7327 1783668611.067 1 
591686658 7328 1783668611.117 1 
601688596 7329 1783668611.167 1 
611686965 7330 1783668611.217 1 
621687371 7331 1783668611.267 1 
631688250 7332 1783668611.317 1 
641687506 7333 1783668611.367 1 
651687435 7334 1783668611.417 1 
661688500 7335 1783668611.467 1 
671686634 7336 1783668611.517 1 
681754391 7337 1783668611.567 1 
691688105 7338 1783668611.617 1 
701687490 7339 1783668611.667 1 
711689153 7340 1783668611.717 1 
721744693 7341 1783668611.767 1 
731829985 7342 1783668611.817 1 
741687818 7343 1783668611.868 1 
751754395 7344 1783668611.917 1 
761687760 7345 1783668611.967 1 
771688620 7346 1783668612.017 1 
781687204 7347 1783668612.067 1 
791754105 7348 1783668612.117 1 
801688465 7349 1783668612.167 1 
811687201 7350 1783668612.217 1 
821687179 7351 1783668612.267 1 
831688133 7352 1783668612.317 1 
841688554 7353 1783668612.367 1 
851687650 7354 1783668612.417 1 
861688894 7355 1783668612.467 1 
871704980 7356 1783668612.517 1 
881753908 7357 1783668612.567 1 
891688525 7358 1783668612.617 1 
901686673 7359 1783668612.667 1 
911755016 7360 1783668612.717 1 
921780240 7361 1783668612.767 1 
931687451 7362 1783668612.817 1 
941687929 7363 1783668612.867 1 
951687780 7364 1783668612.917 1 
961686034 7365 1783668612.967 1 
971706373 7366 1783668613.017 1 
981755161 7367 1783668613.067 1 
991686754 7368 1783668613.117 1 
1001687305 7369 1783668613.167 1 
1011686768 7370 1783668613.217 1 
1021688277 7371 1783668613.267 1 
1031687507 7372 1783668613.317 1 
1041686993 7373 1783668613.367 1 
1051685161 7374 1783668613.417 1 
1061687189 7375 1783668613.467 1 
1071687104 7376 1783668613.517 1 
1081687712 7377 1783668613.567 1 
1091686868 7378 1783668613.617 1 
1101688425 7379 1783668613.667 1 
1111687596 7380 1783668613.717 1 
1121778240 7381 1783668613.767 1 
1131686073 7382 1783668613.817 1 
1141686300 7383 1783668613.867 1 
1151705592 7384 1783668613.917 1 
1161686871 7385 1783668613.967 1 
1171687585 7386 1783668614.017 1 
1181688036 7387 1783668614.067 1 
1191686882 7388 1783668614.117 1 
1201688413 7389 1783668614.167 1 
1211753638 7390 1783668614.217 1 
1221707301 7391 1783668614.267 1 
1231686037 7392 1783668614.317 1 
1241755299 7393 1783668614.367 1 
1251688654 7394 1783668614.417 1 
1261686462 7395 1783668614.467 1 
1271686894 7396 1783668614.517 1 
1281753451 7397 1783668614.567 1 
1291687120 7398 1783668614.617 1 
1301686411 7399 1783668614.667 1 
1311688888 7400 1783668614.717 1 
1321702988 7401 1783668614.767 1 
1331755111 7402 1783668614.817 1 
1341688335 7403 1783668614.867 1 
1351686458 7404 1783668614.917 1 
1361685411 7405 1783668614.967 1 
1371687320 7406 1783668615.017 1 
1381688990 7407 1783668615.067 1 
1391687319 7408 1783668615.117 1 
1401687473 7409 1783668615.167 1 
1411686232 7410 1783668615.217 1 
1421687679 7411 1783668615.267 1 
1431686450 7412 1783668615.317 1 
1441755005 7413 1783668615.367 1 
1451687892 7414 1783668615.417 1 
1461687890 7415 1783668615.467 1 
1471686969 7416 1783668615.517 1 
1481686104 7417 1783668615.567 1 
1491688728 7418 1783668615.617 1 
1501688707 7419 1783668615.667 1 
1511686517 7420 1783668615.717 1 
1521744593 7421 1783668615.767 1 
1531831144 7422 1783668615.817 1 
1541687681 7423 1783668615.870 1 
1551687841 7424 1783668615.917 1 
1561689194 7425 1783668615.967 1 
1571687293 7426 1783668616.017 1 
1581686814 7427 1783668616.067 1 
1591687650 7428 1783668616.117 1 
1601686466 7429 1783668616.167 1 
1611686984 7430 1783668616.217 1 
1621688145 7431 1783668616.267 1 
1631687146 7432 1783668616.317 1 
1641687971 7433 1783668616.367 1 
1651685915 7434 1783668616.417 1 
1661754388 7435 1783668616.467 1 
1671704539 7436 1783668616.517 1 
1681688621 7437 1783668616.567 1 
1691687757 7438 1783668616.617 1 
1701689377 7439 1783668616.667 1 
1711687510 7440 1783668616.717 1 
1721723131 7441 1783668616.767 1 
1731686315 7442 1783668616.817 1 
1741687138 7443 1783668616.867 1 
1751686478 7444 1783668616.917 1 
1761686606 7445 1783668616.967 1 
1771687742 7446 1783668617.017 1 
1781688042 7447 1783668617.067 1 
1791688794 7448 1783668617.117 1 
1801688859 7449 1783668617.167 1 
1811687853 7450 1783668617.217 1 
1821686882 7451 1783668617.267 1 
1831687344 7452 1783668617.317 1 
1841685958 7453 1783668617.367 1 
1851688766 7454 1783668617.417 1 
1861686955 7455 1783668617.467 1 
1871688540 7456 1783668617.517 1 
1881687844 7457 1783668617.567 1 
1891688571 7458 1783668617.617 1 
1901687132 7459 1783668617.667 1 
1911685315 7460 1783668617.717 1 
1921745627 7461 1783668617.767 1 
1931847881 7462 1783668617.817 1 
1941687399 7463 1783668617.868 1 
1951687254 7464 1783668617.917 1 
1961687712 7465 1783668617.967 1 
1971687693 7466 1783668618.017 1 
1981685883 7467 1783668618.067 1 
1991688031 7468 1783668618.117 1 
2001687172 7469 1783668618.167 1 
2011686697 7470 1783668618.217 1 
2021687466 7471 1783668618.267 1 
2031687210 7472 1783668618.317 1 
2041688364 7473 1783668618.367 1 
2051686551 7474 1783668618.417 1 
2061754308 7475 1783668618.467 1 
2071686408 7476 1783668618.517 1 
2081688448 7477 1783668618.567 1 
2091687822 7478 1783668618.617 1 
2101686571 7479 1783668618.667 1 
2111688575 7480 1783668618.717 1 
2121721981 7481 1783668618.767 1 
2131687500 7482 1783668618.817 1 
2141686452 7483 1783668618.867 1 
2151686633 7484 1783668618.917 1 
2161687518 7485 1783668618.967 1 
2171754187 7486 1783668619.017 1 
2181687534 7487 1783668619.068 1 
2191686421 7488 1783668619.117 1 
2201687299 7489 1783668619.167 1 
2211687754 7490 1783668619.217 1 
2221685489 7491 1783668619.267 1 
2231687221 7492 1783668619.317 1 
2241686034 7493 1783668619.367 1 
2251686389 7494 1783668619.417 1 
2261687758 7495 1783668619.467 1 
2271688616 7496 1783668619.517 1 
2281688494 7497 1783668619.567 1 
2291687535 7498 1783668619.617 1 
2301688543 7499 1783668619.667 1 
2311698749 7500 1783668619.717 1 
2321722623 7501 1783668619.767 1 
2331686840 7502 1783668619.817 1 
2341687264 7503 1783668619.867 1 
2351688299 7504 1783668619.917 1 
2361687196 7505 1783668619.967 1 
2371688152 7506 1783668620.017 1 
2381689416 7507 1783668620.067 1 
2391685428 7508 1783668620.117 1 
2401687139 7509 1783668620.167 1 
2411688007 7510 1783668620.217 1 
2421687140 7511 1783668620.267 1 
2431755127 7512 1783668620.317 1 
2441686736 7513 1783668620.368 1 
2451688874 7514 1783668620.417 1 
2461685564 7515 1783668620.467 1 
2471688519 7516 1783668620.517 1 
2481687038 7517 1783668620.567 1 
2491689020 7518 1783668620.617 1 
2501687907 7519 1783668620.667 1 
2511687258 7520 1783668620.717 1 
2521723324 7521 1783668620.767 1 
2531688164 7522 1783668620.817 1 
2541686638 7523 1783668620.867 1 
2551753265 7524 1783668620.917 1 
2561686005 7525 1783668620.968 1 
2571687044 7526 1783668621.017 1 
2581688909 7527 1783668621.067 1 
2591688164 7528 1783668621.117 1 
2601687369 7529 1783668621.167 1 
2611687886 7530 1783668621.217 1 
2621686949 7531 1783668621.267 1 
2631688830 7532 1783668621.317 1 
2641686917 7533 1783668621.367 1 
2651686894 7534 1783668621.417 1 
2661687676 7535 1783668621.467 1 
2671686766 7536 1783668621.517 1 
2681687004 7537 1783668621.567 1 
2691688058 7538 1783668621.617 1 
2701688147 7539 1783668621.667 1 
2711686848 7540 1783668621.717 1 
2721722835 7541 1783668621.767 1 
2731754464 7542 1783668621.818 1 
2741686624 7543 1783668621.868 1 
2751688755 7544 1783668621.917 1 
2761687431 7545 1783668621.967 1 
2771687375 7546 1783668622.017 1 
2781685972 7547 1783668622.067 1 
2791687232 7548 1783668622.117 1 
2801687477 7549 1783668622.167 1 
2811687462 7550 1783668622.217 1 
2821753467 7551 1783668622.267 1 
2831687630 7552 1783668622.318 1 
2841688623 7553 1783668622.367 1 
2851687097 7554 1783668622.417 1 
2861687213 7555 1783668622.467 1 
2871687223 7556 1783668622.517 1 
2881690202 7557 1783668622.567 1 
2891687547 7558 1783668622.617 1 
2901687843 7559 1783668622.667 1 
2911686827 7560 1783668622.717 1 
2921703785 7561 1783668622.767 1 
2931687023 7562 1783668622.817 1 
2941687186 7563 1783668622.867 1 
2951686348 7564 1783668622.917 1 
2961686897 7565 1783668622.967 1 
2971687289 7566 1783668623.017 1 
2981688982 7567 1783668623.067 1 
2991689827 7568 1783668623.117 1 
3001686596 7569 1783668623.167 1 
3011686917 7570 1783668623.217 1 
3021687488 7571 1783668623.267 1 
3031686760 7572 1783668623.317 1 
3041688097 7573 1783668623.367 1 
3051687955 7574 1783668623.417 1 
3061688552 7575 1783668623.467 1 
3071754044 7576 1783668623.517 1 
3081685967 7577 1783668623.568 1 
3091688365 7578 1783668623.617 1 
3101686964 7579 1783668623.667 1 
3111687451 7580 1783668623.717 1 
3121705409 7581 1783668623.767 1 
3131688453 7582 1783668623.818 1 
3141689074 7583 1783668623.867 1 
3151753262 7584 1783668623.918 1 
3161686265 7585 1783668623.968 1 
3171687603 7586 1783668624.018 1 
3181687914 7587 1783668624.067 1 
3191686348 7588 1783668624.117 1 
3201690161 7589 1783668624.168 1 
3211685259 7590 1783668624.218 1 
3221688539 7591 1783668624.268 1 
3231688258 7592 1783668624.317 1 
3241687872 7593 1783668624.367 1 
3251687160 7594 1783668624.417 1 
3261686948 7595 1783668624.467 1 
3271753939 7596 1783668624.517 1 
3281686436 7597 1783668624.568 1 
3291686902 7598 1783668624.617 1 
3301689866 7599 1783668624.667 1 
3311686184 7600 1783668624.717 1 
3321778646 7601 1783668624.767 1 
3331686294 7602 1783668624.818 1 
3341687955 7603 1783668624.867 1 
3351688673 7604 1783668624.918 1 
3361689347 7605 1783668624.968 1 
3371755795 7606 1783668625.017 1 
3381754114 7607 1783668625.068 1 
3391687048 7608 1783668625.118 1 
3401686931 7609 1783668625.168 1 
3411686944 7610 1783668625.217 1 
3421686951 7611 1783668625.268 1 
3431753413 7612 1783668625.317 1 
3441685494 7613 1783668625.368 1 
3451688478 7614 1783668625.418 1 
3461687478 7615 1783668625.468 1 
3471688174 7616 1783668625.517 1 
3481688419 7617 1783668625.568 1 
3491687675 7618 1783668625.618 1 
3501688406 7619 1783668625.668 1 
3511687395 7620 1783668625.718 1 
3521722058 7621 1783668625.768 1 
3531687268 7622 1783668625.818 1 
3541686756 7623 1783668625.868 1 
3551689414 7624 1783668625.919 1 
3561687600 7625 1783668625.968 1 
3571687886 7626 1783668626.017 1 
3581686637 7627 1783668626.068 1 
3591687120 7628 1783668626.117 1 
3601686315 7629 1783668626.168 1 
3611685909 7630 1783668626.217 1 
3621687817 7631 1783668626.268 1 
3631686506 7632 1783668626.317 1 
3641687770 7633 1783668626.368 1 
3651686676 7634 1783668626.417 1 
3661686765 7635 1783668626.468 1 
3671686923 7636 1783668626.517 1 
3681686485 7637 1783668626.568 1 
3691688768 7638 1783668626.617 1 
3701687379 7639 1783668626.668 1 
3711687271 7640 1783668626.717 1 
3721703922 7641 1783668626.768 1 
3731686883 7642 1783668626.818 1 
3741688360 7643 1783668626.868 1 
3751704261 7644 1783668626.918 1 
3761688002 7645 1783668626.968 1 
3771711591 7646 1783668627.017 1 
3781686933 7647 1783668627.068 1 
3791686733 7648 1783668627.118 1 
3801687599 7649 1783668627.168 1 
3811687636 7650 1783668627.217 1 
3821690052 7651 1783668627.268 1 
3831754904 7652 1783668627.318 1 
3841687147 7653 1783668627.368 1 
3851753328 7654 1783668627.417 1 
3861687758 7655 1783668627.468 1 
3871685463 7656 1783668627.518 1 
3881686810 7657 1783668627.568 1 
3891687251 7658 1783668627.617 1 
3901687222 7659 1783668627.668 1 
3911687740 7660 1783668627.718 1 
3921703174 7661 1783668627.768 1 
3931687111 7662 1783668627.818 1 
3941687201 7663 1783668627.868 1 
3951688095 7664 1783668627.918 1 
3961687646 7665 1783668627.968 1 
3971687056 7666 1783668628.018 1 
3981686805 7667 1783668628.068 1 
3991686803 7668 1783668628.118 1 
4001687405 7669 1783668628.168 1 
4011689150 7670 1783668628.218 1 
4021687795 7671 1783668628.268 1 
4031685557 7672 1783668628.318 1 
4041687537 7673 1783668628.368 1 
4051687832 7674 1783668628.418 1 
4061686534 7675 1783668628.468 1 
4071687850 7676 1783668628.518 1 
4081688933 7677 1783668628.568 1 
4091686768 7678 1783668628.618 1 
4101753758 7679 1783668628.668 1 
4111687875 7680 1783668628.718 1 
4121703654 7681 1783668628.768 1 
4131686998 7682 1783668628.818 1 
4141686091 7683 1783668628.868 1 
4151689594 7684 1783668628.918 1 
4161687116 7685 1783668628.968 1 
4171687462 7686 1783668629.018 1 
4181685871 7687 1783668629.068 1 
4191687865 7688 1783668629.118 1 
4201687611 7689 1783668629.168 1 
4211686643 7690 1783668629.218 1 
4221688648 7691 1783668629.268 1 
4231687047 7692 1783668629.318 1 
4241754621 7693 1783668629.368 1 
4251687145 7694 1783668629.418 1 
4261687314 7695 1783668629.468 1 
4271688501 7696 1783668629.518 1 
4281686444 7697 1783668629.568 1 
4291688300 7698 1783668629.618 1 
6720927 7699 1783668629.668 1 
16719066 7700 1783668629.718 1 
26812223 7701 1783668629.768 1 
36720947 7702 1783668629.818 1 
46720738 7703 1783668629.868 1 
56718941 7704 1783668629.918 1 
66721684 7705 1783668629.968 1 
76721152 7706 1783668630.018 1 
86720260 7707 1783668630.068 1 
96718580 7708 1783668630.118 1 
106721222 7709 1783668630.168 1 
116718736 7710 1783668630.218 1 
126720147 7711 1783668630.268 1 
136719942 7712 1783668630.318 1 
146719224 7713 1783668630.368 1 
156720911 7714 1783668630.418 1 
166719634 7715 1783668630.468 1 
176720572 7716 1783668630.518 1 
186786556 7717 1783668630.568 1 
196720687 7718 1783668630.618 1 
206720103 7719 1783668630.668 1 
216719307 7720 1783668630.718 1 
226811284 7721 1783668630.768 1 
236721109 7722 1783668630.818 1 
246719256 7723 1783668630.868 1 
256719812 7724 1783668630.919 1 
266735281 7725 1783668630.968 1 -6.523 12.262 0.870 -0.841 108 408 
276720220 7726 1783668631.019 1 
286720163 7727 1783668631.068 1 
296718915 7728 1783668631.118 1 
306719405 7729 1783668631.168 1 
316721278 7730 1783668631.218 1 
326720580 7731 1783668631.268 1 
336786442 7732 1783668631.318 1 
346733909 7733 1783668631.368 1 -5.981 12.264 0.854 -0.841 77 425 
356720288 7734 1783668631.419 1 
366718600 7735 1783668631.468 1 
376720289 7736 1783668631.518 1 
386720797 7737 1783668631.568 1 
396719646 7738 1783668631.618 1 
406786055 7739 1783668631.668 1 
416734297 7740 1783668631.718 1 -5.127 12.645 0.854 -0.841 79 427 
426755515 7741 1783668631.768 1 
436718709 7742 1783668631.818 1 
446719466 7743 1783668631.868 1 
456719205 7744 1783668631.918 1 
466733405 7745 1783668631.968 1 -5.356 12.047 0.000 -0.841 81 433 
476720449 7746 1783668632.019 1 
486720394 7747 1783668632.068 1 
496720359 7748 1783668632.118 1 
506721797 7749 1783668632.168 1 
516719719 7750 1783668632.218 1 
526786438 7751 1783668632.268 1 
536719653 7752 1783668632.318 1 
546785798 7753 1783668632.368 1 
556720999 7754 1783668632.418 1 
566720610 7755 1783668632.468 1 
576787790 7756 1783668632.518 1 
586721133 7757 1783668632.568 1 
596738744 7758 1783668632.618 1 
606733896 7759 1783668632.668 1 -5.768 11.790 1.236 -0.841 83 417 
616732132 7760 1783668632.719 1 -5.257 11.817 0.404 -0.841 78 420 
626724896 7761 1783668632.768 1 
636720051 7762 1783668632.818 1 
646719605 7763 1783668632.868 1 
656719041 7764 1783668632.918 1 
666721162 7765 1783668632.968 1 
676720591 7766 1783668633.018 1 
686734760 7767 1783668633.068 1 -5.951 7.282 1.488 -4.207 111 436 
696733616 7768 1783668633.119 1 -6.378 6.325 2.319 -4.207 105 437 
706761843 7769 1783668633.168 1 -6.317 5.884 1.648 -4.207 101 430 -5.653 7.516 1.488 -4.207 104 430 
716834071 7770 1783668633.219 1 -5.188 6.433 0.778 -4.207 103 428 -6.210 6.159 2.258 -4.207 86 428 
726762071 7771 1783668633.270 1 -4.929 6.495 1.556 -4.207 127 430 -7.385 7.794 -0.336 -4.207 82 430 
736771895 7772 1783668633.319 1 -4.532 6.541 1.259 -4.207 105 424 -5.219 6.877 1.648 -4.207 129 425 -5.363 6.995 1.976 -3.366 124 429 
746811160 7773 1783668633.369 1 -6.088 8.245 -0.320 -4.207 113 432 -4.532 6.424 1.762 -3.366 168 415 -4.517 7.741 1.129 -3.366 70 447 -4.280 11.667 0.778 -0.841 93 422 
756763193 7774 1783668633.420 1 -6.256 7.789 0.626 -4.207 115 432 -3.784 6.447 1.183 -3.366 115 434 
766762088 7775 1783668633.475 1 -5.798 7.804 0.916 -4.207 79 440 -3.662 6.744 1.465 -3.366 122 435 
776806968 7776 1783668633.522 1 -5.341 6.665 0.267 -4.207 123 442 -5.798 7.804 0.916 -4.207 73 427 -2.975 6.630 0.916 -3.366 117 418 -4.150 6.394 1.709 -3.366 129 425 
786775996 7777 1783668633.573 1 -5.188 6.475 0.259 -4.207 135 430 -2.747 6.693 1.144 -3.366 111 423 -3.906 6.546 1.709 -3.366 146 425 
796804281 7778 1783668633.626 1 -5.035 6.244 0.755 -4.207 134 429 -5.219 7.067 0.275 -4.207 71 429 -3.418 5.728 1.495 -3.366 76 425 -3.075 6.715 1.656 -3.366 139 423 
806782621 7779 1783668633.677 1 -4.395 6.418 0.732 -4.207 142 422 -2.060 6.562 2.518 -3.366 88 428 -4.578 5.488 -1.602 -3.366 88 428 -3.204 5.901 1.282 -2.524 152 420 
816781039 7780 1783668633.726 1 -4.021 6.253 1.419 -4.207 78 428 -3.098 6.047 1.991 -3.366 130 427 -2.975 6.498 1.602 -2.524 149 416 
826959904 7781 1783668633.775 1 -5.203 5.067 2.129 -3.366 99 431 -2.350 6.243 1.495 -2.524 129 431 -3.571 7.956 1.099 -2.524 74 428 
836815349 7782 1783668633.826 1 -3.891 6.137 0.916 -3.366 141 433 -1.785 5.974 1.190 -2.524 121 428 -2.335 7.949 0.519 -2.524 105 427 -2.060 6.844 1.602 -1.683 122 431 -3.502 11.949 0.000 -0.841 85 429 
846818815 7783 1783668633.879 1 -3.540 6.067 0.885 -3.366 176 431 -3.525 7.135 1.259 -3.366 93 442 -3.273 7.253 1.259 -2.524 91 444 -1.785 5.824 1.785 -1.683 141 419 -3.502 11.942 0.389 -0.841 74 434 
856797830 7784 1783668633.929 1 -2.991 6.012 1.282 -3.366 150 416 -2.678 5.848 1.442 -2.524 163 419 -3.372 7.514 1.038 -2.524 100 429 -1.991 6.615 1.549 -1.683 124 429 
866818957 7785 1783668633.979 1 -4.532 6.488 1.511 -4.207 102 431 -3.662 6.744 1.465 -3.366 101 431 -2.136 6.437 0.854 -2.524 132 432 -2.602 6.964 1.419 -2.524 93 437 -1.335 5.642 1.907 -1.683 212 431 
876848191 7786 1783668634.031 1 -4.929 6.258 2.335 -4.207 83 440 -3.662 6.792 1.221 -3.366 101 432 -3.090 5.731 1.030 -2.524 166 430 -2.769 7.498 1.007 -2.524 109 432 -0.710 7.442 1.183 -1.683 116 441 -0.954 5.832 1.526 -0.841 195 433 
886874164 7787 1783668634.085 1 -4.395 6.229 1.709 -3.366 112 427 -2.266 6.104 1.030 -2.524 202 427 -0.763 5.860 1.526 -0.841 250 412 -0.710 7.442 1.183 -0.841 117 438 
896819396 7788 1783668634.131 1 -3.433 6.268 1.602 -3.366 111 443 -1.984 6.000 0.595 -2.524 180 422 -0.572 5.882 1.526 -0.841 208 431 -1.373 10.345 3.433 -0.841 90 434 
906837995 7789 1783668634.183 1 -3.540 5.718 2.213 -3.366 93 425 -4.280 6.594 1.762 -3.366 77 435 -2.686 7.234 1.221 -2.524 70 438 -1.526 5.798 1.144 -1.683 203 429 -0.366 5.706 1.282 -0.841 211 427 -0.710 7.475 0.946 -0.841 136 431 
916803646 7790 1783668634.233 1 -3.174 6.866 1.953 -3.366 73 439 -2.876 6.155 1.991 -2.524 126 433 -0.183 5.715 1.282 -0.841 226 424 -0.710 7.475 0.946 -0.841 98 446 
926803548 7791 1783668634.281 1 -7.042 15.502 3.250 0.841 89 408 -2.350 6.243 1.495 -2.524 124 428 0.000 5.787 0.916 -0.841 224 423 -0.710 7.400 1.419 -0.841 150 433 
936773122 7792 1783668634.332 1 -0.572 5.968 1.144 -0.841 229 418 -1.770 6.409 2.434 -0.841 69 442 
946839108 7793 1783668634.377 1 -2.266 6.065 1.236 -2.524 170 423 -2.975 6.437 1.831 -2.524 114 429 0.000 5.848 0.366 -0.841 133 420 -0.397 6.181 1.389 -0.841 107 430 -1.419 7.374 0.946 -0.841 71 446 
956800775 7794 1783668634.431 1 -2.350 6.188 1.709 -2.524 130 422 -1.389 5.797 2.182 -1.683 137 424 -0.183 5.831 0.549 -0.841 177 419 
966807699 7795 1783668634.480 1 -1.709 6.494 1.282 -2.524 143 423 -1.389 5.868 1.984 -1.683 161 421 
976776264 7796 1783668634.530 1 -1.984 5.127 3.174 -1.683 158 433 
986813531 7797 1783668634.576 1 -1.587 6.133 0.397 -1.683 122 436 -1.190 4.810 3.967 -1.683 122 436 
996815566 7798 1783668634.630 1 -1.465 11.482 1.831 0.841 77 432 -0.397 6.079 1.785 -0.841 183 427 
1006859085 7799 1783668634.677 1 -0.687 10.698 2.403 0.841 76 433 -0.397 5.871 2.380 -0.841 157 422 
1016888592 7800 1783668634.728 1 -0.595 5.854 2.380 -0.841 142 423 
1026840246 7801 1783668634.777 1 
1036876226 7802 1783668634.818 1 
1046758334 7803 1783668634.868 1 
1056868361 7804 1783668634.918 1 
1066759049 7805 1783668634.969 1 
1076812180 7806 1783668635.019 1 
1086775136 7807 1783668635.068 1 
1096777852 7808 1783668635.118 1 
1106774557 7809 1783668635.168 1 
1116805056 7810 1783668635.218 1 
1126801951 7811 1783668635.268 1 
1136777960 7812 1783668635.318 1 
1146771812 7813 1783668635.368 1 
1156736160 7814 1783668635.418 1 
1166783806 7815 1783668635.468 1 
1176759275 7816 1783668635.518 1 
1186733145 7817 1783668635.568 1 
1196731183 7818 1783668635.618 1 
1206731411 7819 1783668635.668 1 
1216735361 7820 1783668635.718 1 
1226804729 7821 1783668635.768 1 
1236731395 7822 1783668635.818 1 
1246727832 7823 1783668635.868 1 
1256731094 7824 1783668635.920 1 
1266730376 7825 1783668635.968 1 
1276736207 7826 1783668636.018 1 
1286734593 7827 1783668636.068 1 
1296733488 7828 1783668636.118 1 
1306729795 7829 1783668636.168 1 
1316739479 7830 1783668636.218 1 -4.700 4.964 0.000 -0.841 89 424 
1326732398 7831 1783668636.269 1 
1336728384 7832 1783668636.318 1 
1346731730 7833 1783668636.368 1 
1356738890 7834 1783668636.418 1 
1366733048 7835 1783668636.468 1 
1376731019 7836 1783668636.518 1 
1386727910 7837 1783668636.568 1 -3.204 6.038 0.000 -0.841 119 423 
1396809096 7838 1783668636.624 1 
1406737137 7839 1783668636.669 1 -1.854 6.312 -0.412 -0.841 142 418 
1416734120 7840 1783668636.723 1 
1426824450 7841 1783668636.768 1 
1436862950 7842 1783668636.819 1 
1446732484 7843 1783668636.869 1 
1456734132 7844 1783668636.918 1 
1466730980 7845 1783668636.968 1 
1476733887 7846 1783668637.018 1 
1486736057 7847 1783668637.068 1 
1496731831 7848 1783668637.118 1 -4.959 3.553 -0.191 -0.841 135 421 
1506733643 7849 1783668637.169 1 
1516746232 7850 1783668637.218 1 
1526732246 7851 1783668637.268 1 
1536740812 7852 1783668637.318 1 
1546735007 7853 1783668637.368 1 
1556730324 7854 1783668637.418 1 
1566733291 7855 1783668637.468 1 
1576732164 7856 1783668637.518 1 
1586737435 7857 1783668637.568 1 
1596732781 7858 1783668637.618 1 
1606730832 7859 1783668637.668 1 
1616732517 7860 1783668637.718 1 
1626758617 7861 1783668637.768 1 
1636737938 7862 1783668637.818 1 -2.686 4.575 -0.839 -0.841 149 426 
1646732233 7863 1783668637.876 1 
1656734535 7864 1783668637.918 1 
1666736657 7865 1783668637.968 1 -2.014 4.908 -0.839 -0.841 171 424 
1676767315 7866 1783668638.022 1 
1686731269 7867 1783668638.068 1 
1696732945 7868 1783668638.118 1 
1706727932 7869 1783668638.168 1 
1716802684 7870 1783668638.218 1 
1726733346 7871 1783668638.269 1 
1736734594 7872 1783668638.318 1 
1746733434 7873 1783668638.368 1 
1756738170 7874 1783668638.418 1 
1766728749 7875 1783668638.468 1 
1776732439 7876 1783668638.518 1 
1786759465 7877 1783668638.568 1 
1796735372 7878 1783668638.618 1 
1806733186 7879 1783668638.668 1 
1816731379 7880 1783668638.718 1 
1826789949 7881 1783668638.768 1 
1836876321 7882 1783668638.819 1 
1846738893 7883 1783668638.869 1 -2.029 4.131 -0.580 -0.841 141 415 
1856765721 7884 1783668638.924 1 
1866733672 7885 1783668638.968 1 
1876790761 7886 1783668639.018 1 
1886730856 7887 1783668639.068 1 
1896736174 7888 1783668639.118 1 -1.923 3.949 -0.137 -0.841 165 420 
1906735075 7889 1783668639.173 1 
1916731946 7890 1783668639.218 1 
1926757839 7891 1783668639.268 1 -2.472 3.592 -0.549 -0.841 125 429 
1936733585 7892 1783668639.323 1 
1946733856 7893 1783668639.368 1 
1956738830 7894 1783668639.418 1 
1966729872 7895 1783668639.468 1 -1.816 3.732 0.000 -0.841 152 417 
1976739064 7896 1783668639.523 1 
1986788649 7897 1783668639.568 1 
1996731271 7898 1783668639.619 1 -3.372 2.406 0.259 -0.841 110 419 
2006741339 7899 1783668639.673 1 
2016743721 7900 1783668639.718 1 
2026776341 7901 1783668639.768 1 
2036733120 7902 1783668639.819 1 
2046719206 7903 1783668639.868 1 
2056720876 7904 1783668639.918 1 
2066730637 7905 1783668639.968 1 
2076719063 7906 1783668640.018 1 
2086721266 7907 1783668640.068 1 
2096721240 7908 1783668640.118 1 
2106719488 7909 1783668640.168 1 
2116721406 7910 1783668640.218 1 
2126721890 7911 1783668640.268 1 
2136720024 7912 1783668640.318 1 
2146719960 7913 1783668640.368 1 
2156720306 7914 1783668640.418 1 
2166720553 7915 1783668640.468 1 
2176719344 7916 1783668640.518 1 
2186719171 7917 1783668640.568 1 
2196718771 7918 1783668640.618 1 
2206719667 7919 1783668640.668 1 
2216720642 7920 1783668640.718 1 
2226811785 7921 1783668640.768 1 
2236719290 7922 1783668640.819 1 
2246719754 7923 1783668640.868 1 
2256719926 7924 1783668640.920 1 
2266719305 7925 1783668640.968 1 
2276719766 7926 1783668641.018 1 
2286719891 7927 1783668641.068 1 
2296719953 7928 1783668641.118 1 
2306720380 7929 1783668641.168 1 
2316721654 7930 1783668641.218 1 
2326721542 7931 1783668641.268 1 
2336719783 7932 1783668641.318 1 
2346720593 7933 1783668641.368 1 
2356721500 7934 1783668641.418 1 
2366787391 7935 1783668641.468 1 
2376720941 7936 1783668641.519 1 
2386721515 7937 1783668641.568 1 
2396721727 7938 1783668641.618 1 
2406787855 7939 1783668641.668 1 
2416719108 7940 1783668641.719 1 
2426812918 7941 1783668641.768 1 
2436719351 7942 1783668641.819 1 
2446720799 7943 1783668641.868 1 
2456720807 7944 1783668641.918 1 
2466720083 7945 1783668641.968 1 
2476719459 7946 1783668642.018 1 
2486721403 7947 1783668642.068 1 
2496720998 7948 1783668642.118 1 
2506719592 7949 1783668642.168 1 
2516719519 7950 1783668642.218 1 
2526719003 7951 1783668642.268 1 
2536719049 7952 1783668642.318 1 
2546720246 7953 1783668642.368 1 
2556722021 7954 1783668642.418 1 
2566719760 7955 1783668642.468 1 
2576720387 7956 1783668642.518 1 
2586720749 7957 1783668642.568 1 
2596719870 7958 1783668642.618 1 
2606719606 7959 1783668642.668 1 
2616721865 7960 1783668642.718 1 
2626736844 7961 1783668642.768 1 
2636717994 7962 1783668642.818 1 
2646722111 7963 1783668642.868 1 
2656719363 7964 1783668642.918 1 
2666719355 7965 1783668642.968 1 
2676720921 7966 1783668643.018 1 
2686720329 7967 1783668643.068 1 
2696719577 7968 1783668643.118 1 
2706720492 7969 1783668643.168 1 
2716719306 7970 1783668643.218 1 
2726720758 7971 1783668643.268 1 
2736719954 7972 1783668643.318 1 
2746719267 7973 1783668643.368 1 
2756719939 7974 1783668643.418 1 
2766719247 7975 1783668643.468 1 
2776732629 7976 1783668643.518 1 
2786719160 7977 1783668643.568 1 
2796718901 7978 1783668643.618 1 
2806721221 7979 1783668643.668 1 
2816719345 7980 1783668643.718 1 
2826755370 7981 1783668643.768 1 
2836720620 7982 1783668643.819 1 
2846718726 7983 1783668643.868 1 
2856721202 7984 1783668643.918 1 
2866721185 7985 1783668643.968 1 
2876718810 7986 1783668644.018 1 
2886719303 7987 1783668644.068 1 
2896721214 7988 1783668644.118 1 
2906719064 7989 1783668644.168 1 
2916721101 7990 1783668644.218 1 
2926720754 7991 1783668644.268 1 
2936719008 7992 1783668644.318 1 
2946720866 7993 1783668644.368 1 
2956719843 7994 1783668644.418 1 
2966718353 7995 1783668644.468 1 
2976719778 7996 1783668644.518 1 
2986720781 7997 1783668644.568 1 
2996720865 7998 1783668644.618 1 
3006719716 7999 1783668644.668 1 
3016719026 8000 1783668644.718 1 
3026736486 8001 1783668644.768 1 
3036720511 8002 1783668644.819 1 
3046787964 8003 1783668644.868 1 
3056720827 8004 1783668644.919 1 
3066720379 8005 1783668644.968 1 
3076721859 8006 1783668645.018 1 
3086719798 8007 1783668645.068 1 
3096721540 8008 1783668645.118 1 
3106719145 8009 1783668645.168 1 
3116720602 8010 1783668645.218 1 
3126721714 8011 1783668645.269 1 
3136720611 8012 1783668645.319 1 
3146718964 8013 1783668645.368 1 
3156720419 8014 1783668645.419 1 
3166719638 8015 1783668645.468 1 
3176719946 8016 1783668645.519 1 
3186734049 8017 1783668645.568 1 
3196730962 8018 1783668645.619 1 
3206719402 8019 1783668645.668 1 
3216719906 8020 1783668645.718 1 
3226777125 8021 1783668645.768 1 
3236863846 8022 1783668645.819 1 
3246719603 8023 1783668645.869 1 
3256721285 8024 1783668645.920 1 
3266721320 8025 1783668645.968 1 
3276719966 8026 1783668646.019 1 
3286719832 8027 1783668646.068 1 
3296719799 8028 1783668646.119 1 
3306718833 8029 1783668646.168 1 
3316719218 8030 1783668646.219 1 
3326720068 8031 1783668646.268 1 
3336721726 8032 1783668646.319 1 
3346720157 8033 1783668646.368 1 
3356787196 8034 1783668646.419 1 
3366719032 8035 1783668646.469 1 
3376720851 8036 1783668646.519 1 
3386719524 8037 1783668646.568 1 
3396721098 8038 1783668646.619 1 
3406720972 8039 1783668646.668 1 
3416718806 8040 1783668646.719 1 
3426755967 8041 1783668646.768 1 
3436719995 8042 1783668646.819 1 
3446720399 8043 1783668646.868 1 
3456721131 8044 1783668646.919 1 
3466720709 8045 1783668646.968 1 
3476719676 8046 1783668647.019 1 
3486719416 8047 1783668647.068 1 
3496718648 8048 1783668647.119 1 
3506721744 8049 1783668647.168 1 
3516719817 8050 1783668647.219 1 
3526720073 8051 1783668647.268 1 
3536719494 8052 1783668647.319 1 
3546719357 8053 1783668647.368 1 
3556720924 8054 1783668647.419 1 
3566720318 8055 1783668647.468 1 
3576719557 8056 1783668647.519 1 
3586721310 8057 1783668647.568 1 
3596720543 8058 1783668647.619 1 
3606719758 8059 1783668647.668 1 
3616720975 8060 1783668647.719 1 
3626811085 8061 1783668647.769 1 
3636720113 8062 1783668647.819 1 
3646719277 8063 1783668647.869 1 
3656720999 8064 1783668647.919 1 
3666786825 8065 1783668647.969 1 
3676719346 8066 1783668648.019 1 
3686720137 8067 1783668648.069 1 
3696719995 8068 1783668648.119 1 
3706720681 8069 1783668648.168 1 
3716720837 8070 1783668648.219 1 
3726789172 8071 1783668648.269 1 
3736720413 8072 1783668648.319 1 
3746721096 8073 1783668648.369 1 
3756719839 8074 1783668648.419 1 
3766743252 8075 1783668648.469 1 
3776719635 8076 1783668648.519 1 
3786720101 8077 1783668648.569 1 
3796721804 8078 1783668648.619 1 
3806718499 8079 1783668648.669 1 
3816719984 8080 1783668648.719 1 
3826755085 8081 1783668648.769 1 
3836720786 8082 1783668648.819 1 
3846721799 8083 1783668648.869 1 
3856719840 8084 1783668648.919 1 
3866787889 8085 1783668648.969 1 
3876721601 8086 1783668649.019 1 
3886785488 8087 1783668649.069 1 
3896722042 8088 1783668649.119 1 
3906719284 8089 1783668649.169 1 
3916718824 8090 1783668649.219 1 
3926720170 8091 1783668649.269 1 
3936720785 8092 1783668649.319 1 
3946721120 8093 1783668649.369 1 
3956720506 8094 1783668649.419 1 
3966720588 8095 1783668649.469 1 
3976721972 8096 1783668649.519 1 
3986721084 8097 1783668649.569 1 
3996719356 8098 1783668649.619 1 
4006720815 8099 1783668649.669 1 
4016720826 8100 1783668649.719 1 
4026811345 8101 1783668649.769 1 
4036719303 8102 1783668649.819 1 
4046721369 8103 1783668649.869 1 
4056732929 8104 1783668649.919 1 
4066719567 8105 1783668649.969 1 
4076721018 8106 1783668650.019 1 
4086788097 8107 1783668650.069 1 
4096721529 8108 1783668650.119 1 
4106719664 8109 1783668650.169 1 
4116787869 8110 1783668650.219 1 
4126719469 8111 1783668650.269 1 
4136721292 8112 1783668650.319 1 
4146719944 8113 1783668650.369 1 
4156720748 8114 1783668650.419 1 
4166721397 8115 1783668650.469 1 
4176719155 8116 1783668650.519 1 
4186718609 8117 1783668650.569 1 
4196722111 8118 1783668650.619 1 
4206720918 8119 1783668650.669 1 
4216718890 8120 1783668650.719 1 
4226812488 8121 1783668650.769 1 
4236719725 8122 1783668650.819 1 
4246718960 8123 1783668650.869 1 
4256721114 8124 1783668650.920 1 
4266787325 8125 1783668650.969 1 
4276788300 8126 1783668651.019 1 
4286720619 8127 1783668651.069 1 
1752368 8128 1783668651.119 1 
11751449 8129 1783668651.169 1 
21754315 8130 1783668651.219 1 
31769297 8131 1783668651.269 1 
41751579 8132 1783668651.319 1 
51752575 8133 1783668651.369 1 
61754035 8134 1783668651.419 1 
71753057 8135 1783668651.469 1 
81752407 8136 1783668651.519 1 
91752100 8137 1783668651.569 1 
101752584 8138 1783668651.619 1 
111752037 8139 1783668651.669 1 
121753689 8140 1783668651.719 1 
131787372 8141 1783668651.769 1 
141753265 8142 1783668651.819 1 
151751930 8143 1783668651.869 1 
161753153 8144 1783668651.919 1 
171753584 8145 1783668651.969 1 
181752552 8146 1783668652.019 1 
191752557 8147 1783668652.069 1 
201819969 8148 1783668652.119 1 
211754105 8149 1783668652.169 1 
221751601 8150 1783668652.219 1 
231752051 8151 1783668652.269 1 
241754184 8152 1783668652.319 1 
251753335 8153 1783668652.369 1 
261753709 8154 1783668652.419 1 
271819728 8155 1783668652.469 1 
281753253 8156 1783668652.519 1 
291754115 8157 1783668652.569 1 
301751933 8158 1783668652.619 1 
311752390 8159 1783668652.669 1 
321753504 8160 1783668652.719 1 
331788834 8161 1783668652.769 1 
341753513 8162 1783668652.819 1 
351769283 8163 1783668652.869 1 
361751296 8164 1783668652.919 1 
371753311 8165 1783668652.969 1 
381752907 8166 1783668653.019 1 
391753512 8167 1783668653.069 1 
401752964 8168 1783668653.119 1 
411750448 8169 1783668653.169 1 
421750519 8170 1783668653.219 1 
431752435 8171 1783668653.269 1 
441751875 8172 1783668653.319 1 
451750638 8173 1783668653.369 1 
461769369 8174 1783668653.419 1 
471752079 8175 1783668653.469 1 
481753443 8176 1783668653.519 1 
491752420 8177 1783668653.569 1 
501819907 8178 1783668653.619 1 
511751704 8179 1783668653.669 1 
521751302 8180 1783668653.719 1 
531811784 8181 1783668653.769 1 
541895315 8182 1783668653.819 1 
551753834 8183 1783668653.869 1 
561818630 8184 1783668653.919 1 
571754170 8185 1783668653.969 1 
581752855 8186 1783668654.019 1 
591751969 8187 1783668654.069 1 
601753800 8188 1783668654.119 1 
611773883 8189 1783668654.169 1 
621754815 8190 1783668654.219 1 
631818525 8191 1783668654.269 1 
641753323 8192 1783668654.319 1 
651753213 8193 1783668654.369 1 
661753569 8194 1783668654.419 1 
671753324 8195 1783668654.469 1 
681752505 8196 1783668654.519 1 
691752604 8197 1783668654.569 1 
701751728 8198 1783668654.619 1 
711753552 8199 1783668654.669 1 
721751288 8200 1783668654.719 1 
731768943 8201 1783668654.769 1 
741751679 8202 1783668654.819 1 
751753167 8203 1783668654.869 1 
761754437 8204 1783668654.919 1 
771753431 8205 1783668654.969 1 
781753349 8206 1783668655.019 1 
791751256 8207 1783668655.069 1 
801753671 8208 1783668655.119 1 
811763044 8209 1783668655.169 1 
821751671 8210 1783668655.219 1 
831819545 8211 1783668655.269 1 
841752210 8212 1783668655.320 1 
851754533 8213 1783668655.369 1 
861753488 8214 1783668655.419 1 
871752070 8215 1783668655.469 1 
881754680 8216 1783668655.519 1 
891753090 8217 1783668655.569 1 
901752482 8218 1783668655.619 1 
911753188 8219 1783668655.669 1 
921753078 8220 1783668655.719 1 
931786686 8221 1783668655.769 1 
941753417 8222 1783668655.819 1 
951754360 8223 1783668655.869 1 
961754340 8224 1783668655.921 1 
971751759 8225 1783668655.969 1 
981753052 8226 1783668656.019 1 
991753295 8227 1783668656.069 1 
1001751579 8228 1783668656.119 1 
1011753357 8229 1783668656.169 1 
1021752976 8230 1783668656.219 1 
1031752997 8231 1783668656.269 1 
1041753103 8232 1783668656.319 1 
1051751496 8233 1783668656.369 1 
1061752349 8234 1783668656.419 1 
1071752510 8235 1783668656.469 1 
1081752608 8236 1783668656.519 1 
1091753570 8237 1783668656.569 1 
1101753919 8238 1783668656.619 1 
1111753647 8239 1783668656.669 1 
1121753123 8240 1783668656.719 1 
1131769728 8241 1783668656.769 1 
1141753300 8242 1783668656.819 1 
1151751243 8243 1783668656.869 1 
1161753363 8244 1783668656.919 1 
1171753545 8245 1783668656.969 1 
1181752966 8246 1783668657.019 1 
1191753267 8247 1783668657.069 1 
1201753042 8248 1783668657.119 1 
1211753318 8249 1783668657.169 1 
1221752738 8250 1783668657.219 1 
1231753002 8251 1783668657.269 1 
1241753181 8252 1783668657.319 1 
1251753251 8253 1783668657.369 1 
1261752879 8254 1783668657.419 1 
1271754361 8255 1783668657.469 1 
1281819456 8256 1783668657.519 1 
1291819747 8257 1783668657.569 1 
1301752590 8258 1783668657.619 1 
1311753008 8259 1783668657.669 1 
1321753444 8260 1783668657.719 1 
1331844647 8261 1783668657.769 1 
1341818845 8262 1783668657.819 1 
1351752762 8263 1783668657.869 1 
1361753703 8264 1783668657.919 1 
1371752740 8265 1783668657.969 1 
1381752946 8266 1783668658.019 1 
1391750881 8267 1783668658.069 1 
1401752400 8268 1783668658.119 1 
1411753014 8269 1783668658.169 1 
1421752487 8270 1783668658.219 1 
1431751868 8271 1783668658.269 1 
1441753844 8272 1783668658.319 1 
1451754385 8273 1783668658.369 1 
1461753365 8274 1783668658.419 1 
1471753291 8275 1783668658.469 1 
1481751149 8276 1783668658.519 1 
1491754963 8277 1783668658.569 1 
1501754033 8278 1783668658.619 1 
1511753750 8279 1783668658.669 1 
1521753919 8280 1783668658.719 1 
1531844625 8281 1783668658.769 1 
1541751831 8282 1783668658.820 1 
1551751303 8283 1783668658.869 1 
1561820216 8284 1783668658.919 1 
1571753447 8285 1783668658.969 1 
1581752472 8286 1783668659.019 1 
1591753240 8287 1783668659.069 1 
1601753983 8288 1783668659.119 1 
1611752699 8289 1783668659.169 1 
1621751340 8290 1783668659.219 1 
1631753839 8291 1783668659.269 1 
1641754503 8292 1783668659.319 1 
1651751055 8293 1783668659.369 1 
1661754020 8294 1783668659.419 1 
1671752738 8295 1783668659.469 1 
1681752402 8296 1783668659.519 1 
1691754140 8297 1783668659.569 1 
1701755307 8298 1783668659.619 1 
1711752017 8299 1783668659.669 1 
1721752086 8300 1783668659.719 1 
1731786396 8301 1783668659.769 1 
1741753328 8302 1783668659.819 1 
1751753870 8303 1783668659.869 1 
1761752282 8304 1783668659.919 1 
1771753807 8305 1783668659.969 1 
1781752611 8306 1783668660.019 1 
1791753728 8307 1783668660.069 1 
1801753990 8308 1783668660.119 1 
1811752485 8309 1783668660.169 1 
1821751946 8310 1783668660.219 1 
1831753890 8311 1783668660.269 1 
1841753498 8312 1783668660.319 1 
1851753199 8313 1783668660.369 1 
1861751995 8314 1783668660.419 1 
1871753711 8315 1783668660.469 1 
1881754345 8316 1783668660.519 1 
1891754071 8317 1783668660.569 1 
1901752911 8318 1783668660.619 1 
1911751667 8319 1783668660.669 1 
1921753296 8320 1783668660.719 1 
1931788049 8321 1783668660.769 1 
1941754111 8322 1783668660.819 1 
1951754172 8323 1783668660.869 1 
1961751662 8324 1783668660.919 1 
1971755321 8325 1783668660.969 1 
1981752145 8326 1783668661.019 1 
1991753243 8327 1783668661.069 1 
2001752859 8328 1783668661.119 1 
2011753356 8329 1783668661.169 1 
2021752511 8330 1783668661.219 1 
2031819452 8331 1783668661.269 1 
2041753631 8332 1783668661.320 1 
2051751108 8333 1783668661.369 1 
2061753648 8334 1783668661.419 1 
2071752067 8335 1783668661.469 1 
2081820152 8336 1783668661.519 1 
2091818591 8337 1783668661.569 1 
2101753524 8338 1783668661.620 1 
2111752936 8339 1783668661.669 1 
2121754270 8340 1783668661.719 1 
2131788690 8341 1783668661.769 1 
2141752629 8342 1783668661.819 1 
2151754212 8343 1783668661.869 1 
2161753662 8344 1783668661.919 1 
2171753706 8345 1783668661.969 1 
2181752798 8346 1783668662.019 1 
2191752404 8347 1783668662.069 1 
2201752511 8348 1783668662.119 1 
2211752961 8349 1783668662.169 1 
2221753433 8350 1783668662.219 1 
2231752913 8351 1783668662.269 1 
2241752952 8352 1783668662.319 1 
2251752248 8353 1783668662.369 1 
2261754011 8354 1783668662.419 1 
2271753741 8355 1783668662.469 1 
2281753413 8356 1783668662.519 1 
2291753915 8357 1783668662.569 1 
2301753087 8358 1783668662.619 1 
2311755139 8359 1783668662.669 1 
2321753137 8360 1783668662.719 1 
2331843184 8361 1783668662.769 1 
2341751015 8362 1783668662.820 1 
2351766120 8363 1783668662.869 1 
2361752100 8364 1783668662.919 1 
2371819615 8365 1783668662.969 1 
2381754493 8366 1783668663.020 1 
2391752072 8367 1783668663.069 1 
2401752016 8368 1783668663.119 1 
2411753063 8369 1783668663.169 1 
2421753690 8370 1783668663.219 1 
2431752705 8371 1783668663.269 1 
2441750988 8372 1783668663.319 1 
2451753000 8373 1783668663.369 1 
2461753586 8374 1783668663.419 1 
2471755086 8375 1783668663.469 1 
2481752573 8376 1783668663.519 1 
2491753350 8377 1783668663.569 1 
2501751319 8378 1783668663.619 1 
2511751801 8379 1783668663.669 1 
2521752928 8380 1783668663.719 1 
2531822929 8381 1783668663.769 1 
2541895079 8382 1783668663.820 1 
2551752203 8383 1783668663.870 1 
2561752811 8384 1783668663.919 1 
2571754650 8385 1783668663.969 1 
2581753096 8386 1783668664.019 1 
2591753214 8387 1783668664.069 1 
2601754319 8388 1783668664.119 1 
2611754596 8389 1783668664.169 1 
2621753431 8390 1783668664.219 1 
2631753289 8391 1783668664.269 1 
2641753552 8392 1783668664.319 1 
2651751884 8393 1783668664.369 1 
2661752438 8394 1783668664.419 1 
2671752129 8395 1783668664.469 1 
2681751549 8396 1783668664.519 1 
2691754460 8397 1783668664.569 1 
2701752947 8398 1783668664.619 1 
2711752384 8399 1783668664.669 1 
2721820194 8400 1783668664.719 1 
2731845544 8401 1783668664.770 1 
2741752164 8402 1783668664.820 1 
2751752581 8403 1783668664.869 1 
2761752437 8404 1783668664.920 1 
2771753605 8405 1783668664.969 1 
2781752854 8406 1783668665.020 1 
2791754167 8407 1783668665.069 1 
2801753262 8408 1783668665.119 1 
2811820439 8409 1783668665.169 1 
2821751897 8410 1783668665.220 1 
2831753284 8411 1783668665.269 1 
2841753913 8412 1783668665.319 1 
2851751632 8413 1783668665.369 1 
2861754312 8414 1783668665.419 1 
2871753164 8415 1783668665.469 1 
2881753258 8416 1783668665.519 1 
2891752673 8417 1783668665.569 1 
2901754730 8418 1783668665.619 1 
2911753540 8419 1783668665.669 1 
2921751854 8420 1783668665.719 1 
2931768470 8421 1783668665.769 1 
2941752998 8422 1783668665.819 1 
2951752775 8423 1783668665.869 1 
2961753123 8424 1783668665.920 1 
2971819645 8425 1783668665.970 1 
2981752898 8426 1783668666.020 1 
2991753662 8427 1783668666.070 1 
3001752149 8428 1783668666.120 1 
3011751400 8429 1783668666.169 1 
3021752610 8430 1783668666.219 1 
3031752572 8431 1783668666.269 1 
3041819600 8432 1783668666.319 1 
3051752720 8433 1783668666.370 1 
3061751935 8434 1783668666.420 1 
3071752764 8435 1783668666.470 1 
3081752211 8436 1783668666.520 1 
3091753189 8437 1783668666.569 1 
3101752908 8438 1783668666.619 1 
3111753345 8439 1783668666.669 1 
3121753242 8440 1783668666.719 1 
3131905706 8441 1783668666.769 1 
3141751222 8442 1783668666.820 1 
3151754637 8443 1783668666.869 1 
3161754169 8444 1783668666.920 1 
3171752768 8445 1783668666.970 1 
3181753351 8446 1783668667.019 1 
3191819076 8447 1783668667.070 1 
3201754103 8448 1783668667.120 1 
3211753547 8449 1783668667.169 1 
3221753190 8450 1783668667.219 1 
3231754245 8451 1783668667.269 1 
3241752018 8452 1783668667.319 1 
3251771619 8453 1783668667.369 1 
3261752951 8454 1783668667.420 1 
3271752927 8455 1783668667.469 1 
3281754508 8456 1783668667.519 1 
3291752401 8457 1783668667.570 1 
3301752833 8458 1783668667.620 1 
3311753053 8459 1783668667.669 1 
3321754903 8460 1783668667.719 1 
3331788364 8461 1783668667.770 1 
3341753438 8462 1783668667.820 1 
3351753288 8463 1783668667.870 1 
3361754548 8464 1783668667.920 1 
3371756973 8465 1783668667.970 1 
3381751762 8466 1783668668.020 1 
3391753359 8467 1783668668.070 1 
3401750890 8468 1783668668.119 1 
3411753112 8469 1783668668.170 1 
3421751711 8470 1783668668.219 1 
3431752067 8471 1783668668.270 1 
3441753173 8472 1783668668.319 1 
3451752045 8473 1783668668.370 1 
3461772192 8474 1783668668.419 1 
3471752221 8475 1783668668.470 1 
3481752680 8476 1783668668.519 1 
3491753252 8477 1783668668.570 1 
3501752782 8478 1783668668.620 1 
3511752158 8479 1783668668.670 1 
3521753078 8480 1783668668.719 1 
3531757456 8481 1783668668.770 1 
3541767243 8482 1783668668.819 1 
3551753738 8483 1783668668.870 1 
3561752632 8484 1783668668.920 1 
3571753348 8485 1783668668.970 1 
3581819944 8486 1783668669.020 1 
3591753418 8487 1783668669.070 1 
3601768197 8488 1783668669.120 1 
3611752637 8489 1783668669.170 1 
3621752061 8490 1783668669.220 1 
3631753533 8491 1783668669.270 1 
3641752367 8492 1783668669.320 1 
3651754415 8493 1783668669.369 1 
3661753833 8494 1783668669.420 1 
3671752323 8495 1783668669.470 1 
3681749872 8496 1783668669.520 1 
3691751914 8497 1783668669.570 1 
3701753570 8498 1783668669.620 1 
3711752762 8499 1783668669.670 1 
3721751301 8500 1783668669.720 1 
3731788581 8501 1783668669.770 1 
3741752552 8502 1783668669.820 1 
3751754967 8503 1783668669.870 1 
3761752326 8504 1783668669.920 1 
3771752646 8505 1783668669.970 1 
3781752509 8506 1783668670.020 1 
3791754310 8507 1783668670.070 1 
3801753026 8508 1783668670.120 1 
3811752856 8509 1783668670.170 1 
3821752507 8510 1783668670.220 1 
3831752249 8511 1783668670.270 1 
3841753516 8512 1783668670.320 1 
3851752358 8513 1783668670.370 1 
3861752563 8514 1783668670.420 1 
3871754643 8515 1783668670.470 1 
3881754077 8516 1783668670.520 1 
3891751394 8517 1783668670.570 1 
3901753508 8518 1783668670.620 1 
3911752492 8519 1783668670.670 1 
3921753283 8520 1783668670.720 1 
3931810766 8521 1783668670.770 1 
3941896149 8522 1783668670.820 1 
3951751650 8523 1783668670.870 1 
3961751842 8524 1783668670.920 1 
3971820545 8525 1783668670.971 1 
3981751424 8526 1783668671.020 1 
3991753938 8527 1783668671.070 1 
4001752835 8528 1783668671.120 1 
4011752594 8529 1783668671.170 1 
4021753837 8530 1783668671.220 1 
4031752223 8531 1783668671.270 1 
4041752069 8532 1783668671.320 1 
4051753650 8533 1783668671.370 1 
4061752687 8534 1783668671.420 1 
4071753124 8535 1783668671.470 1 
4081818970 8536 1783668671.520 1 
4091754074 8537 1783668671.570 1 
4101752780 8538 1783668671.620 1 
4111752086 8539 1783668671.670 1 
4121753681 8540 1783668671.720 1 
4131786976 8541 1783668671.770 1 
4141752504 8542 1783668671.820 1 
4151753722 8543 1783668671.870 1 
4161753377 8544 1783668671.920 1 
4171751945 8545 1783668671.970 1 
4181752936 8546 1783668672.020 1 
4191753585 8547 1783668672.070 1 
4201752906 8548 1783668672.120 1 
4211751099 8549 1783668672.170 1 
4221752122 8550 1783668672.220 1 
4231820059 8551 1783668672.270 1 
4241754904 8552 1783668672.320 1 
4251752856 8553 1783668672.370 1 
4261752902 8554 1783668672.420 1 
4271754770 8555 1783668672.470 1 
4281753563 8556 1783668672.520 1 
4291751557 8557 1783668672.570 1 
6852579 8558 1783668672.620 1 
16785382 8559 1783668672.670 1 
26785657 8560 1783668672.720 1 
36878027 8561 1783668672.770 1 
46785732 8562 1783668672.820 1 
56853933 8563 1783668672.870 1 
66785291 8564 1783668672.920 1 
76787791 8565 1783668672.970 1 
86784760 8566 1783668673.020 1 
96784970 8567 1783668673.070 1 
106786029 8568 1783668673.120 1 
116785860 8569 1783668673.170 1 
126785292 8570 1783668673.220 1 
136788387 8571 1783668673.270 1 
146785908 8572 1783668673.320 1 
156786099 8573 1783668673.370 1 
166784613 8574 1783668673.420 1 
176785795 8575 1783668673.470 1 
186786456 8576 1783668673.520 1 
196785976 8577 1783668673.570 1 
206784547 8578 1783668673.620 1 
216786483 8579 1783668673.670 1 
226784710 8580 1783668673.720 1 
236821166 8581 1783668673.770 1 
246785344 8582 1783668673.820 1 
256785216 8583 1783668673.870 1 
266785601 8584 1783668673.920 1 
276851610 8585 1783668673.970 1 
286786863 8586 1783668674.020 1 
296784796 8587 1783668674.070 1 
306785514 8588 1783668674.120 1 
316784004 8589 1783668674.170 1 
326786109 8590 1783668674.220 1 
336787126 8591 1783668674.270 1 
346784296 8592 1783668674.320 1 
356784695 8593 1783668674.370 1 
366787567 8594 1783668674.420 1 
376784211 8595 1783668674.470 1 
386784375 8596 1783668674.520 1 
396786211 8597 1783668674.570 1 
406785849 8598 1783668674.620 1 
416785453 8599 1783668674.670 1 
426784496 8600 1783668674.720 1 
436875876 8601 1783668674.770 1 
446785127 8602 1783668674.820 1 
456784774 8603 1783668674.870 1 
466785020 8604 1783668674.920 1 
476786474 8605 1783668674.970 1 
486786379 8606 1783668675.020 1 
496783408 8607 1783668675.070 1 
506785926 8608 1783668675.120 1 
516784551 8609 1783668675.170 1 
526784626 8610 1783668675.220 1 
536786707 8611 1783668675.270 1 
546786693 8612 1783668675.320 1 
556787365 8613 1783668675.370 1 
566784936 8614 1783668675.420 1 
576786136 8615 1783668675.470 1 
586852733 8616 1783668675.520 1 
596785902 8617 1783668675.570 1 
606785878 8618 1783668675.620 1 
616784169 8619 1783668675.670 1 
626786196 8620 1783668675.720 1 
636933995 8621 1783668675.770 1 
646787115 8622 1783668675.821 1 
656784973 8623 1783668675.870 1 
666784595 8624 1783668675.920 1 
676784588 8625 1783668675.972 1 
686786272 8626 1783668676.020 1 
696785826 8627 1783668676.070 1 
706785941 8628 1783668676.120 1 
716786271 8629 1783668676.170 1 
726785313 8630 1783668676.220 1 
736784434 8631 1783668676.270 1 
746786180 8632 1783668676.320 1 
756786780 8633 1783668676.370 1 
766786226 8634 1783668676.420 1 
776785677 8635 1783668676.470 1 
786788124 8636 1783668676.520 1 
796786846 8637 1783668676.570 1 
806784470 8638 1783668676.620 1 
816853754 8639 1783668676.670 1 
826785775 8640 1783668676.720 1 
836855200 8641 1783668676.770 1 
846928317 8642 1783668676.820 1 
856785883 8643 1783668676.871 1 
866785206 8644 1783668676.920 1 
876785117 8645 1783668676.970 1 
886801710 8646 1783668677.020 1 
896786972 8647 1783668677.070 1 
906785933 8648 1783668677.120 1 
916785556 8649 1783668677.170 1 
926787851 8650 1783668677.220 1 
936785399 8651 1783668677.270 1 
946786509 8652 1783668677.320 1 
956786221 8653 1783668677.370 1 
966786028 8654 1783668677.420 1 
976785693 8655 1783668677.470 1 
986786098 8656 1783668677.520 1 
996785319 8657 1783668677.570 1 
1006784123 8658 1783668677.620 1 
1016785024 8659 1783668677.670 1 
1026784288 8660 1783668677.720 1 
1036877165 8661 1783668677.770 1 
1046785262 8662 1783668677.820 1 
1056784128 8663 1783668677.870 1 
1066785572 8664 1783668677.920 1 
1076783868 8665 1783668677.970 1 
1086786056 8666 1783668678.020 1 
1096785201 8667 1783668678.070 1 
1106785895 8668 1783668678.120 1 
1116786713 8669 1783668678.170 1 
1126786634 8670 1783668678.220 1 
1136786116 8671 1783668678.270 1 
1146786724 8672 1783668678.320 1 
1156786702 8673 1783668678.370 1 
1166784485 8674 1783668678.420 1 
1176785315 8675 1783668678.470 1 
1186788151 8676 1783668678.520 1 
1196784399 8677 1783668678.570 1 
1206786499 8678 1783668678.620 1 
1216785632 8679 1783668678.670 1 
1226785500 8680 1783668678.720 1 
1236843208 8681 1783668678.770 1 
1246928844 8682 1783668678.820 1 
1256785775 8683 1783668678.871 1 
1266785457 8684 1783668678.920 1 
1276785715 8685 1783668678.970 1 
1286787735 8686 1783668679.020 1 
1296783624 8687 1783668679.070 1 
1306785846 8688 1783668679.120 1 
1316785753 8689 1783668679.170 1 
1326784177 8690 1783668679.220 1 
1336785791 8691 1783668679.270 1 
1346784001 8692 1783668679.320 1 
1356852425 8693 1783668679.370 1 
1366784428 8694 1783668679.420 1 
1376784792 8695 1783668679.470 1 
1386785380 8696 1783668679.520 1 
1396786836 8697 1783668679.570 1 
1406784701 8698 1783668679.620 1 
1416784399 8699 1783668679.670 1 
1426785477 8700 1783668679.720 1 
1436802431 8701 1783668679.770 1 
1446787031 8702 1783668679.820 1 
1456785170 8703 1783668679.870 1 
1466785156 8704 1783668679.920 1 
1476854337 8705 1783668679.970 1 
1486786004 8706 1783668680.020 1 
1496852000 8707 1783668680.070 1 
1506784203 8708 1783668680.120 1 
1516783847 8709 1783668680.170 1 
1526785362 8710 1783668680.220 1 
1536786541 8711 1783668680.270 1 
1546785077 8712 1783668680.320 1 
1556784807 8713 1783668680.370 1 
1566785510 8714 1783668680.420 1 
1576786449 8715 1783668680.470 1 
1586787322 8716 1783668680.520 1 
1596785547 8717 1783668680.570 1 
1606787174 8718 1783668680.620 1 
1616785406 8719 1783668680.670 1 
1626785592 8720 1783668680.720 1 
1636845306 8721 1783668680.770 1 
1646928683 8722 1783668680.820 1 
1656785417 8723 1783668680.871 1 
1666787162 8724 1783668680.920 1 
1676787398 8725 1783668680.971 1 
1686807626 8726 1783668681.020 1 
1696785181 8727 1783668681.070 1 
1706785698 8728 1783668681.120 1 
1716786546 8729 1783668681.170 1 
1726786105 8730 1783668681.220 1 
1736785432 8731 1783668681.270 1 
1746852875 8732 1783668681.320 1 
1756785972 8733 1783668681.371 1 
1766785477 8734 1783668681.420 1 
1776851642 8735 1783668681.470 1 
1786785317 8736 1783668681.520 1 
1796786439 8737 1783668681.570 1 
1806785219 8738 1783668681.620 1 
1816784934 8739 1783668681.670 1 
1826786934 8740 1783668681.720 1 
1836821760 8741 1783668681.770 1 
1846785158 8742 1783668681.820 1 
1856787136 8743 1783668681.870 1 
1866786495 8744 1783668681.920 1 
1876787906 8745 1783668681.970 1 
1886787672 8746 1783668682.020 1 
1896785469 8747 1783668682.070 1 
1906785112 8748 1783668682.120 1 
1916787495 8749 1783668682.170 1 
1926785679 8750 1783668682.220 1 
1936787272 8751 1783668682.270 1 
1946784992 8752 1783668682.320 1 
1956785036 8753 1783668682.370 1 
1966785545 8754 1783668682.420 1 
1976785106 8755 1783668682.470 1 
1986786148 8756 1783668682.520 1 
1996785481 8757 1783668682.570 1 
2006807555 8758 1783668682.620 1 
2016784251 8759 1783668682.670 1 
2026785626 8760 1783668682.720 1 
2036819525 8761 1783668682.770 1 
2046786455 8762 1783668682.820 1 
2056786223 8763 1783668682.870 1 
2066785455 8764 1783668682.920 1 
2076785669 8765 1783668682.970 1 
2086784486 8766 1783668683.020 1 
2096787033 8767 1783668683.070 1 
2106786034 8768 1783668683.120 1 
2116786445 8769 1783668683.170 1 
2126784966 8770 1783668683.220 1 
2136785270 8771 1783668683.270 1 
2146852510 8772 1783668683.320 1 
2156785037 8773 1783668683.371 1 
2166786352 8774 1783668683.420 1 
2176786180 8775 1783668683.470 1 
2186851965 8776 1783668683.520 1 
2196785062 8777 1783668683.571 1 
2206785195 8778 1783668683.620 1 
2216787621 8779 1783668683.670 1 
2226785116 8780 1783668683.720 1 
2236821283 8781 1783668683.771 1 
2246785384 8782 1783668683.821 1 
2256785088 8783 1783668683.870 1 
2266785216 8784 1783668683.920 1 
2276786229 8785 1783668683.970 1 
2286851565 8786 1783668684.020 1 
2296786118 8787 1783668684.071 1 
2306785569 8788 1783668684.120 1 
2316787097 8789 1783668684.170 1 
2326853305 8790 1783668684.220 1 
2336784974 8791 1783668684.271 1 
2346785933 8792 1783668684.320 1 
2356784953 8793 1783668684.370 1 
2366785392 8794 1783668684.420 1 
2376852971 8795 1783668684.470 1 
2386853695 8796 1783668684.521 1 
2396786716 8797 1783668684.571 1 
2406785360 8798 1783668684.620 1 
2416785074 8799 1783668684.670 1 
2426785084 8800 1783668684.720 1 
2436801412 8801 1783668684.770 1 
2446786281 8802 1783668684.820 1 
2456784863 8803 1783668684.870 1 
2466786501 8804 1783668684.920 1 
2476786284 8805 1783668684.970 1 
2486784551 8806 1783668685.020 1 
2496784835 8807 1783668685.070 1 
2506785616 8808 1783668685.120 1 
2516851653 8809 1783668685.170 1 
2526786086 8810 1783668685.221 1 
2536785935 8811 1783668685.270 1 
2546784529 8812 1783668685.320 1 
2556784649 8813 1783668685.370 1 
2566788918 8814 1783668685.420 1 
2576787041 8815 1783668685.470 1 
2586785640 8816 1783668685.520 1 
2596786505 8817 1783668685.570 1 
2606785574 8818 1783668685.620 1 
2616785136 8819 1783668685.670 1 
2626784756 8820 1783668685.720 1 
2636877389 8821 1783668685.770 1 
2646785893 8822 1783668685.821 1 
2656785681 8823 1783668685.870 1 
2666785866 8824 1783668685.920 1 
2676800188 8825 1783668685.971 1 
2686785791 8826 1783668686.020 1 
2696785167 8827 1783668686.070 1 
2706786124 8828 1783668686.120 1 
2716785158 8829 1783668686.170 1 
2726784354 8830 1783668686.220 1 
2736784197 8831 1783668686.270 1 
2746786817 8832 1783668686.320 1 
2756786498 8833 1783668686.370 1 
2766784941 8834 1783668686.420 1 
2776853240 8835 1783668686.470 1 
2786784530 8836 1783668686.521 1 
2796785626 8837 1783668686.570 1 
2806784750 8838 1783668686.620 1 
2816851816 8839 1783668686.670 1 
2826800243 8840 1783668686.721 1 
2836859611 8841 1783668686.770 1 
2846928474 8842 1783668686.821 1 
2856785989 8843 1783668686.871 1 
2866786488 8844 1783668686.920 1 
2876785413 8845 1783668686.970 1 
2886785932 8846 1783668687.020 1 
2896786522 8847 1783668687.070 1 
2906804563 8848 1783668687.120 1 
2916786420 8849 1783668687.171 1 
2926784907 8850 1783668687.220 1 
2936785019 8851 1783668687.270 1 
2946786028 8852 1783668687.320 1 
2956786225 8853 1783668687.370 1 
2966783510 8854 1783668687.420 1 
2976784847 8855 1783668687.470 1 
2986802516 8856 1783668687.520 1 
2996785710 8857 1783668687.571 1 
3006786847 8858 1783668687.620 1 
3016786115 8859 1783668687.670 1 
3026785860 8860 1783668687.720 1 
3036790881 8861 1783668687.771 1 
3046852709 8862 1783668687.821 1 
3056785383 8863 1783668687.871 1 
3066785791 8864 1783668687.921 1 
3076785913 8865 1783668687.970 1 
3086785468 8866 1783668688.020 1 
3096785676 8867 1783668688.071 1 
3106785797 8868 1783668688.120 1 
3116786315 8869 1783668688.170 1 
3126785186 8870 1783668688.221 1 
3136853450 8871 1783668688.270 1 
3146786648 8872 1783668688.321 1 
3156786076 8873 1783668688.370 1 
3166784702 8874 1783668688.420 1 
3176783287 8875 1783668688.470 1 
3186852947 8876 1783668688.520 1 
3196784108 8877 1783668688.571 1 
3206852046 8878 1783668688.620 1 
3216784324 8879 1783668688.671 1 
3226784875 8880 1783668688.721 1 
3236877282 8881 1783668688.770 1 
3246784336 8882 1783668688.821 1 
3256784911 8883 1783668688.870 1 
3266786735 8884 1783668688.921 1 
3276853768 8885 1783668688.970 1 
3286787089 8886 1783668689.021 1 
3296785654 8887 1783668689.071 1 
3306785354 8888 1783668689.121 1 
3316785362 8889 1783668689.171 1 
3326784811 8890 1783668689.221 1 
3336852718 8891 1783668689.271 1 
3346786679 8892 1783668689.321 1 
3356785560 8893 1783668689.371 1 
3366786623 8894 1783668689.420 1 
3376785824 8895 1783668689.471 1 
3386785409 8896 1783668689.520 1 
3396785293 8897 1783668689.571 1 
3406807808 8898 1783668689.621 1 
3416785330 8899 1783668689.671 1 
3426785127 8900 1783668689.721 1 
3436936634 8901 1783668689.771 1 
3446785642 8902 1783668689.821 1 
3456801353 8903 1783668689.871 1 
3466785648 8904 1783668689.921 1 
3476853575 8905 1783668689.971 1 
3486785512 8906 1783668690.021 1 
3496852704 8907 1783668690.071 1 
3506783809 8908 1783668690.121 1 
3516852354 8909 1783668690.171 1 
3526852975 8910 1783668690.221 1 
3536853315 8911 1783668690.271 1 
3546783474 8912 1783668690.321 1 
3556852337 8913 1783668690.371 1 
3566785103 8914 1783668690.421 1 
3576786011 8915 1783668690.471 1 
3586784906 8916 1783668690.521 1 
3596854327 8917 1783668690.571 1 
3606786562 8918 1783668690.621 1 
3616784789 8919 1783668690.671 1 
3626850870 8920 1783668690.721 1 
3636877185 8921 1783668690.771 1 
3646785892 8922 1783668690.821 1 
3656787206 8923 1783668690.871 1 
3666787685 8924 1783668690.921 1 
3676783665 8925 1783668690.972 1 
3686785946 8926 1783668691.021 1 
3696786118 8927 1783668691.071 1 
3706785404 8928 1783668691.121 1 
3716784966 8929 1783668691.171 1 
3726784725 8930 1783668691.221 1 
3736786563 8931 1783668691.271 1 
3746787333 8932 1783668691.321 1 
3756853592 8933 1783668691.371 1 
3766783701 8934 1783668691.421 1 
3776787137 8935 1783668691.471 1 
3786787533 8936 1783668691.521 1 
3796785417 8937 1783668691.571 1 
3806854098 8938 1783668691.621 1 
3816786404 8939 1783668691.671 1 
3826786722 8940 1783668691.721 1 
3836820320 8941 1783668691.771 1 
3846784524 8942 1783668691.821 1 
3856786271 8943 1783668691.871 1 
3866786812 8944 1783668691.921 1 
3876784236 8945 1783668691.971 1 
3886785625 8946 1783668692.021 1 
3896786302 8947 1783668692.071 1 
3906787894 8948 1783668692.121 1 
3916785734 8949 1783668692.171 1 
3926786700 8950 1783668692.221 1 
3936853132 8951 1783668692.271 1 
3946786163 8952 1783668692.321 1 
3956785338 8953 1783668692.371 1 
3966785934 8954 1783668692.421 1 
3976784782 8955 1783668692.471 1 
3986785925 8956 1783668692.521 1 
3996785294 8957 1783668692.571 1 
4006786020 8958 1783668692.621 1 
4016784225 8959 1783668692.671 1 
4026786605 8960 1783668692.721 1 
4036858365 8961 1783668692.771 1 
4046851592 8962 1783668692.821 1 
4056786277 8963 1783668692.871 1 
4066785406 8964 1783668692.921 1 
4076786596 8965 1783668692.971 1 
4086785242 8966 1783668693.021 1 
4096785804 8967 1783668693.071 1 
4106851821 8968 1783668693.121 1 
4116853860 8969 1783668693.171 1 
4126852176 8970 1783668693.221 1 
4136785961 8971 1783668693.271 1 
4146785194 8972 1783668693.321 1 
4156786927 8973 1783668693.371 1 
4166786544 8974 1783668693.421 1 
4176783951 8975 1783668693.471 1 
4186787061 8976 1783668693.521 1 
4196852186 8977 1783668693.571 1 
4206785179 8978 1783668693.621 1 
4216784080 8979 1783668693.671 1 
4226785330 8980 1783668693.721 1 
4236878304 8981 1783668693.771 1 
4246784101 8982 1783668693.821 1 
4256787044 8983 1783668693.871 1 
4266784606 8984 1783668693.921 1 
4276785537 8985 1783668693.971 1 
4286785738 8986 1783668694.021 1 
1818286 8987 1783668694.071 1 
11819310 8988 1783668694.121 1 
21817635 8989 1783668694.171 1 
31818593 8990 1783668694.221 1 
41819507 8991 1783668694.271 1 
51818675 8992 1783668694.321 1 
61817920 8993 1783668694.371 1 
71817705 8994 1783668694.421 1 
81817429 8995 1783668694.471 1 
91819963 8996 1783668694.521 1 
101817375 8997 1783668694.571 1 
111818712 8998 1783668694.621 1 
121818201 8999 1783668694.671 1 
131817857 9000 1783668694.721 1 
141853741 9001 1783668694.771 1 
151819339 9002 1783668694.821 1 
161819649 9003 1783668694.871 1 
171817623 9004 1783668694.921 1 
181818185 9005 1783668694.971 1 
191817300 9006 1783668695.021 1 
201817679 9007 1783668695.071 1 
211818844 9008 1783668695.121 1 
221815855 9009 1783668695.171 1 
231819767 9010 1783668695.221 1 
241818747 9011 1783668695.271 1 
251819606 9012 1783668695.321 1 
261819319 9013 1783668695.371 1 
271820846 9014 1783668695.421 1 
281819637 9015 1783668695.471 1 
291884791 9016 1783668695.521 1 
301819511 9017 1783668695.571 1 
311885584 9018 1783668695.621 1 
321818504 9019 1783668695.671 1 
331817175 9020 1783668695.721 1 
341822430 9021 1783668695.771 1 
351819200 9022 1783668695.821 1 
361885970 9023 1783668695.871 1 
371835307 9024 1783668695.921 1 
381818267 9025 1783668695.971 1 
391819062 9026 1783668696.021 1 
401818254 9027 1783668696.071 1 
411838463 9028 1783668696.121 1 
421819203 9029 1783668696.171 1 
431884576 9030 1783668696.221 1 
441820455 9031 1783668696.271 1 
451904797 9032 1783668696.321 1 
461817935 9033 1783668696.371 1 
471819360 9034 1783668696.421 1 
481818822 9035 1783668696.471 1 
491816913 9036 1783668696.521 1 
501821221 9037 1783668696.571 1 
511819132 9038 1783668696.621 1 
521817455 9039 1783668696.671 1 
531817616 9040 1783668696.721 1 
541970635 9041 1783668696.771 1 
551817801 9042 1783668696.822 1 
561819454 9043 1783668696.871 1 
571884195 9044 1783668696.921 1 
581817734 9045 1783668696.971 1 
591817158 9046 1783668697.021 1 
601816475 9047 1783668697.071 1 
611818786 9048 1783668697.121 1 
621820231 9049 1783668697.171 1 
631818754 9050 1783668697.221 1 
641886512 9051 1783668697.271 1 
651818728 9052 1783668697.321 1 
661817900 9053 1783668697.371 1 
671884611 9054 1783668697.421 1 
681885157 9055 1783668697.471 1 
691820173 9056 1783668697.521 1 
701818008 9057 1783668697.571 1 
711816004 9058 1783668697.621 1 
721816458 9059 1783668697.671 1 
731886599 9060 1783668697.721 1 
741853558 9061 1783668697.772 1 
751816590 9062 1783668697.821 1 
761819236 9063 1783668697.871 1 
771885282 9064 1783668697.921 1 
781818213 9065 1783668697.972 1 
791818356 9066 1783668698.021 1 
801819641 9067 1783668698.071 1 
811817957 9068 1783668698.121 1 
821818284 9069 1783668698.171 1 
831817057 9070 1783668698.221 1 
841818094 9071 1783668698.271 1 
851818344 9072 1783668698.321 1 
861817834 9073 1783668698.371 1 
871818280 9074 1783668698.421 1 
881819281 9075 1783668698.472 1 
891817611 9076 1783668698.521 1 
901817607 9077 1783668698.571 1 
911819411 9078 1783668698.621 1 
921818835 9079 1783668698.671 1 
931885335 9080 1783668698.721 1 
941835938 9081 1783668698.771 1 
951817687 9082 1783668698.821 1 
961886659 9083 1783668698.871 1 
971816385 9084 1783668698.921 1 
981818008 9085 1783668698.971 1 
991817602 9086 1783668699.021 1 
1001817471 9087 1783668699.071 1 
1011818187 9088 1783668699.121 1 
1021818138 9089 1783668699.171 1 
1031816700 9090 1783668699.221 1 
1041818777 9091 1783668699.271 1 
1051818692 9092 1783668699.321 1 
1061819404 9093 1783668699.371 1 
1071820177 9094 1783668699.421 1 
1081817910 9095 1783668699.471 1 
1091817784 9096 1783668699.521 1 
1101817238 9097 1783668699.571 1 
1111885084 9098 1783668699.621 1 
1121817386 9099 1783668699.671 1 
1131885267 9100 1783668699.721 1 
1141909035 9101 1783668699.771 1 
1151818085 9102 1783668699.821 1 
1161820280 9103 1783668699.871 1 
1171818141 9104 1783668699.921 1 
1181818524 9105 1783668699.971 1 
1191818722 9106 1783668700.021 1 
1201818245 9107 1783668700.071 1 
1211818249 9108 1783668700.121 1 
1221820161 9109 1783668700.171 1 
1231817797 9110 1783668700.221 1 
1241817009 9111 1783668700.271 1 
1251818318 9112 1783668700.321 1 
1261818961 9113 1783668700.371 1 
1271818702 9114 1783668700.421 1 
1281817821 9115 1783668700.471 1 
1291816433 9116 1783668700.521 1 
1301818314 9117 1783668700.571 1 
1311885212 9118 1783668700.621 1 
1321817711 9119 1783668700.671 1 
1331817284 9120 1783668700.721 1 
1341910472 9121 1783668700.771 1 
1351818730 9122 1783668700.821 1 
1361817822 9123 1783668700.871 1 
1371820764 9124 1783668700.921 1 
1381818498 9125 1783668700.972 1 
1391818583 9126 1783668701.021 1 
1401818914 9127 1783668701.071 1 
1411817681 9128 1783668701.121 1 
1421818280 9129 1783668701.171 1 
1431817739 9130 1783668701.221 1 
1441885544 9131 1783668701.271 1 
1451817855 9132 1783668701.321 1 
1461817755 9133 1783668701.371 1 
1471819638 9134 1783668701.421 1 
1481817010 9135 1783668701.471 1 
1491819224 9136 1783668701.521 1 
1501819245 9137 1783668701.571 1 
1511818240 9138 1783668701.621 1 
1521817610 9139 1783668701.671 1 
1531817766 9140 1783668701.721 1 
1541909792 9141 1783668701.771 1 
1551819724 9142 1783668701.822 1 
1561886240 9143 1783668701.871 1 
1571818520 9144 1783668701.922 1 
1581818398 9145 1783668701.971 1 
1591817433 9146 1783668702.021 1 
1601816968 9147 1783668702.071 1 
1611817131 9148 1783668702.121 1 
1621819194 9149 1783668702.171 1 
1631817987 9150 1783668702.221 1 
1641817122 9151 1783668702.271 1 
1651819037 9152 1783668702.321 1 
1661818272 9153 1783668702.371 1 
1671818814 9154 1783668702.421 1 
1681816884 9155 1783668702.471 1 
1691818553 9156 1783668702.521 1 
1701818938 9157 1783668702.571 1 
1711820656 9158 1783668702.621 1 
1721819301 9159 1783668702.671 1 
1731830940 9160 1783668702.721 1 
1741970635 9161 1783668702.771 1 
1751816829 9162 1783668702.822 1 
1761819733 9163 1783668702.871 1 
1771818864 9164 1783668702.922 1 
1781817072 9165 1783668702.971 1 
1791817649 9166 1783668703.021 1 
1801818210 9167 1783668703.071 1 
1811818002 9168 1783668703.121 1 
1821819557 9169 1783668703.171 1 
1831818061 9170 1783668703.221 1 
1841817366 9171 1783668703.271 1 
1851818146 9172 1783668703.321 1 
1861818463 9173 1783668703.371 1 
1871817967 9174 1783668703.421 1 
1881818224 9175 1783668703.471 1 
1891818830 9176 1783668703.521 1 
1901817204 9177 1783668703.571 1 
1911817350 9178 1783668703.621 1 
1921885691 9179 1783668703.671 1 
1931818182 9180 1783668703.722 1 
1941834895 9181 1783668703.771 1 
1951818196 9182 1783668703.821 1 
1961818815 9183 1783668703.871 1 
1971818265 9184 1783668703.921 1 
1981818500 9185 1783668703.971 1 
1991819000 9186 1783668704.021 1 
2001817394 9187 1783668704.071 1 
2011816921 9188 1783668704.121 1 
2021818593 9189 1783668704.171 1 
2031817584 9190 1783668704.221 1 
2041820051 9191 1783668704.271 1 
2051818538 9192 1783668704.321 1 
2061819660 9193 1783668704.371 1 
2071819119 9194 1783668704.421 1 
2081819622 9195 1783668704.471 1 
2091818244 9196 1783668704.521 1 
2101818242 9197 1783668704.571 1 
2111818267 9198 1783668704.621 1 
2121818149 9199 1783668704.671 1 
2131885311 9200 1783668704.721 1 
2141834669 9201 1783668704.772 1 
2151819295 9202 1783668704.821 1 
2161819631 9203 1783668704.871 1 
2171817763 9204 1783668704.921 1 
2181817295 9205 1783668704.971 1 
2191819023 9206 1783668705.021 1 
2201817455 9207 1783668705.071 1 
2211885251 9208 1783668705.121 1 
2221818895 9209 1783668705.172 1 
2231818465 9210 1783668705.221 1 
2241819296 9211 1783668705.271 1 
2251817980 9212 1783668705.321 1 
2261820232 9213 1783668705.371 1 
2271816531 9214 1783668705.421 1 
2281818318 9215 1783668705.471 1 
2291818327 9216 1783668705.521 1 
2301816831 9217 1783668705.571 1 
2311832135 9218 1783668705.621 1 
2321819124 9219 1783668705.671 1 
2331817513 9220 1783668705.721 1 
2341909074 9221 1783668705.771 1 
2351819499 9222 1783668705.822 1 
2361818097 9223 1783668705.871 1 
2371818111 9224 1783668705.921 1 
2381817510 9225 1783668705.972 1 
2391818249 9226 1783668706.021 1 
2401817312 9227 1783668706.071 1 
2411819191 9228 1783668706.121 1 
2421817955 9229 1783668706.171 1 
2431817499 9230 1783668706.221 1 
2441817457 9231 1783668706.271 1 
2451885141 9232 1783668706.321 1 
2461816671 9233 1783668706.372 1 
2471818289 9234 1783668706.421 1 
2481817330 9235 1783668706.471 1 
2491819572 9236 1783668706.521 1 
2501817676 9237 1783668706.571 1 
2511819063 9238 1783668706.621 1 
2521818446 9239 1783668706.671 1 
2531816582 9240 1783668706.721 1 
2541910008 9241 1783668706.771 1 
2551818650 9242 1783668706.822 1 
2561817126 9243 1783668706.871 1 
2571818377 9244 1783668706.921 1 
2581817438 9245 1783668706.971 1 
2591819168 9246 1783668707.021 1 
2601818966 9247 1783668707.071 1 
2611819542 9248 1783668707.121 1 
2621819191 9249 1783668707.171 1 
2631817727 9250 1783668707.221 1 
2641818420 9251 1783668707.271 1 
2651818870 9252 1783668707.321 1 
2661818885 9253 1783668707.371 1 
2671818215 9254 1783668707.421 1 
2681817464 9255 1783668707.471 1 
2691816763 9256 1783668707.521 1 
2701819097 9257 1783668707.571 1 
2711816938 9258 1783668707.621 1 
2721819982 9259 1783668707.671 1 
2731818249 9260 1783668707.721 1 
2741833706 9261 1783668707.771 1 
2751819930 9262 1783668707.821 1 
2761817573 9263 1783668707.872 1 
2771819723 9264 1783668707.921 1 
2781818831 9265 1783668707.972 1 
2791817915 9266 1783668708.021 1 
2801835445 9267 1783668708.071 1 
2811818870 9268 1783668708.121 1 
2821818056 9269 1783668708.171 1 
2831818382 9270 1783668708.221 1 
2841818613 9271 1783668708.272 1 
2851817984 9272 1783668708.321 1 
2861821359 9273 1783668708.371 1 
2871833508 9274 1783668708.421 1 
2881835635 9275 1783668708.472 1 
2891819058 9276 1783668708.521 1 
2901817848 9277 1783668708.571 1 
2911816777 9278 1783668708.621 1 
2921817219 9279 1783668708.671 1 
2931819598 9280 1783668708.721 1 
2941853012 9281 1783668708.772 1 
2951819713 9282 1783668708.822 1 
2961817804 9283 1783668708.872 1 
2971817620 9284 1783668708.922 1 
2981819589 9285 1783668708.972 1 
2991884702 9286 1783668709.021 1 
3001819749 9287 1783668709.072 1 
3011817458 9288 1783668709.121 1 
3021818684 9289 1783668709.172 1 
3031817625 9290 1783668709.221 1 
3041817779 9291 1783668709.272 1 
3051817899 9292 1783668709.321 1 
3061885207 9293 1783668709.372 1 
3071818746 9294 1783668709.422 1 
3081819271 9295 1783668709.472 1 
3091817983 9296 1783668709.521 1 
3101818845 9297 1783668709.572 1 
3111818455 9298 1783668709.621 1 
3121818190 9299 1783668709.671 1 
3131817778 9300 1783668709.721 1 
3141853579 9301 1783668709.771 1 
3151819027 9302 1783668709.822 1 
3161816860 9303 1783668709.872 1 
3171817573 9304 1783668709.922 1 
3181818435 9305 1783668709.971 1 
3191819198 9306 1783668710.022 1 
3201818302 9307 1783668710.072 1 
3211834069 9308 1783668710.122 1 
3221818070 9309 1783668710.172 1 
3231818202 9310 1783668710.221 1 
3241819858 9311 1783668710.272 1 
3251818892 9312 1783668710.322 1 
3261818670 9313 1783668710.372 1 
3271817958 9314 1783668710.422 1 
3281816938 9315 1783668710.471 1 
3291817731 9316 1783668710.522 1 
3301817950 9317 1783668710.571 1 
3311817232 9318 1783668710.622 1 
3321817292 9319 1783668710.671 1 
3331819741 9320 1783668710.722 1 
3341911014 9321 1783668710.772 1 
3351818131 9322 1783668710.822 1 
3361819426 9323 1783668710.872 1 
3371820915 9324 1783668710.922 1 
3381819277 9325 1783668710.972 1 
3391817776 9326 1783668711.022 1 
3401819681 9327 1783668711.072 1 
3411817065 9328 1783668711.122 1 
3421817947 9329 1783668711.171 1 
3431817807 9330 1783668711.222 1 
3441818689 9331 1783668711.272 1 
3451886347 9332 1783668711.322 1 
3461818253 9333 1783668711.372 1 
3471818609 9334 1783668711.422 1 
3481819245 9335 1783668711.472 1 
3491837620 9336 1783668711.522 1 
3501817856 9337 1783668711.572 1 
3511818245 9338 1783668711.622 1 
3521818870 9339 1783668711.672 1 
3531818029 9340 1783668711.722 1 
3541853151 9341 1783668711.772 1 
3551817984 9342 1783668711.822 1 
3561818991 9343 1783668711.872 1 
3571819161 9344 1783668711.922 1 
3581885351 9345 1783668711.972 1 
3591816267 9346 1783668712.022 1 
3601817306 9347 1783668712.072 1 
3611817801 9348 1783668712.122 1 
3621817670 9349 1783668712.172 1 
3631817876 9350 1783668712.222 1 
3641817983 9351 1783668712.272 1 
3651818811 9352 1783668712.322 1 
3661818479 9353 1783668712.372 1 
3671817642 9354 1783668712.422 1 
3681818056 9355 1783668712.472 1 
3691817613 9356 1783668712.522 1 
3701817709 9357 1783668712.572 1 
3711818429 9358 1783668712.622 1 
3721885284 9359 1783668712.672 1 
3731817341 9360 1783668712.722 1 
3741908880 9361 1783668712.772 1 
3751819012 9362 1783668712.822 1 
3761818669 9363 1783668712.872 1 
3771818235 9364 1783668712.922 1 
3781817188 9365 1783668712.972 1 
3791817170 9366 1783668713.022 1 
3801820142 9367 1783668713.072 1 
3811818480 9368 1783668713.122 1 
3821835539 9369 1783668713.172 1 
3831816799 9370 1783668713.222 1 
3841884107 9371 1783668713.272 1 
3851817765 9372 1783668713.322 1 
3861885846 9373 1783668713.372 1 
3871818685 9374 1783668713.422 1 
3881819083 9375 1783668713.472 1 
3891817771 9376 1783668713.522 1 
3901817608 9377 1783668713.572 1 
3911817814 9378 1783668713.622 1 
3921817103 9379 1783668713.672 1 
3931817263 9380 1783668713.722 1 
3941921142 9381 1783668713.772 1 
3951819184 9382 1783668713.822 1 
3961819034 9383 1783668713.872 1 
3971817207 9384 1783668713.922 1 
3981817595 9385 1783668713.972 1 
3991883944 9386 1783668714.022 1 
4001817047 9387 1783668714.072 1 
4011817401 9388 1783668714.122 1 
4021818741 9389 1783668714.172 1 
4031820003 9390 1783668714.222 1 
4041817727 9391 1783668714.272 1 
4051819097 9392 1783668714.322 1 
4061818583 9393 1783668714.372 1 
4071820180 9394 1783668714.422 1 
4081818520 9395 1783668714.472 1 
4091817217 9396 1783668714.522 1 
4101819484 9397 1783668714.572 1 
4111817739 9398 1783668714.622 1 
4121817266 9399 1783668714.672 1 
4131818036 9400 1783668714.722 1 
4141834826 9401 1783668714.772 1 
4151886151 9402 1783668714.822 1 
4161818876 9403 1783668714.872 1 
4171819920 9404 1783668714.922 1 
4181819781 9405 1783668714.972 1 
4191817258 9406 1783668715.022 1 
4201818453 9407 1783668715.072 1 
4211818483 9408 1783668715.122 1 
4221818872 9409 1783668715.172 1 
4231817986 9410 1783668715.222 1 
4241817826 9411 1783668715.272 1 
4251818203 9412 1783668715.322 1 
4261819667 9413 1783668715.372 1 
4271818410 9414 1783668715.422 1 
4281820153 9415 1783668715.472 1 
4291819329 9416 1783668715.522 1 
6853339 9417 1783668715.572 1 
16851331 9418 1783668715.622 1 
26852363 9419 1783668715.672 1 
36851552 9420 1783668715.722 1 
46885505 9421 1783668715.772 1 
56851253 9422 1783668715.822 1 
66850393 9423 1783668715.872 1 
76850661 9424 1783668715.922 1 
86918666 9425 1783668715.972 1 
96852646 9426 1783668716.023 1 
106851569 9427 1783668716.072 1 
116851806 9428 1783668716.122 1 
126851502 9429 1783668716.172 1 
136918140 9430 1783668716.222 1 
146852241 9431 1783668716.272 1 
156850929 9432 1783668716.322 1 
166849565 9433 1783668716.372 1 
176870501 9434 1783668716.422 1 
186851731 9435 1783668716.472 1 
196851118 9436 1783668716.522 1 
206850902 9437 1783668716.572 1 
216852040 9438 1783668716.622 1 
226850600 9439 1783668716.672 1 
236852329 9440 1783668716.722 1 
246918980 9441 1783668716.772 1 
256993583 9442 1783668716.822 1 
266852015 9443 1783668716.873 1 
276850412 9444 1783668716.922 1 
286851223 9445 1783668716.972 1 
296851224 9446 1783668717.022 1 
306852333 9447 1783668717.072 1 
316918093 9448 1783668717.122 1 
326850129 9449 1783668717.172 1 
336851785 9450 1783668717.222 1 
346850076 9451 1783668717.272 1 
356849444 9452 1783668717.322 1 
366852233 9453 1783668717.372 1 
376850967 9454 1783668717.422 1 
386851401 9455 1783668717.472 1 
396850597 9456 1783668717.522 1 
406850817 9457 1783668717.572 1 
416918421 9458 1783668717.622 1 
426848837 9459 1783668717.672 1 
436851336 9460 1783668717.722 1 
446885110 9461 1783668717.772 1 
456852032 9462 1783668717.822 1 
466849839 9463 1783668717.872 1 
476852435 9464 1783668717.922 1 
486850246 9465 1783668717.972 1 
496851452 9466 1783668718.022 1 
506850731 9467 1783668718.072 1 
516849986 9468 1783668718.122 1 
526849622 9469 1783668718.172 1 
536851903 9470 1783668718.222 1 
546918869 9471 1783668718.272 1 
556851457 9472 1783668718.323 1 
566849980 9473 1783668718.372 1 
576851248 9474 1783668718.422 1 
586851533 9475 1783668718.472 1 
596851719 9476 1783668718.522 1 
606850689 9477 1783668718.572 1 
616917819 9478 1783668718.622 1 
626851595 9479 1783668718.672 1 
636849491 9480 1783668718.722 1 
646866736 9481 1783668718.772 1 
656851948 9482 1783668718.822 1 
666852063 9483 1783668718.872 1 
676851829 9484 1783668718.922 1 
686851095 9485 1783668718.972 1 
696852064 9486 1783668719.022 1 
706852513 9487 1783668719.072 1 
716850188 9488 1783668719.122 1 
726851852 9489 1783668719.172 1 
736850574 9490 1783668719.222 1 
746850007 9491 1783668719.272 1 
756851145 9492 1783668719.322 1 
766850440 9493 1783668719.372 1 
776852932 9494 1783668719.422 1 
786852324 9495 1783668719.472 1 
796850831 9496 1783668719.522 1 
806852096 9497 1783668719.572 1 
816848954 9498 1783668719.622 1 
826850809 9499 1783668719.672 1 
836850460 9500 1783668719.722 1 
846885754 9501 1783668719.772 1 
856850257 9502 1783668719.822 1 
866853019 9503 1783668719.872 1 
876849982 9504 1783668719.922 1 
886850568 9505 1783668719.972 1 
896850346 9506 1783668720.022 1 
906871035 9507 1783668720.072 1 
916852483 9508 1783668720.122 1 
926849845 9509 1783668720.172 1 
936850141 9510 1783668720.222 1 
946851863 9511 1783668720.272 1 
956851490 9512 1783668720.322 1 
966851905 9513 1783668720.372 1 
976917612 9514 1783668720.422 1 
986850594 9515 1783668720.472 1 
996850881 9516 1783668720.522 1 
1006850806 9517 1783668720.572 1 
1016852288 9518 1783668720.622 1 
1026852236 9519 1783668720.672 1 
1036850387 9520 1783668720.722 1 
1046866979 9521 1783668720.772 1 
1056852805 9522 1783668720.822 1 
1066849996 9523 1783668720.872 1 
1076850359 9524 1783668720.922 1 
1086852956 9525 1783668720.972 1 
1096850784 9526 1783668721.023 1 
1106850316 9527 1783668721.072 1 
1116852169 9528 1783668721.122 1 
1126849099 9529 1783668721.172 1 
1136851692 9530 1783668721.222 1 
1146851336 9531 1783668721.272 1 
1156851266 9532 1783668721.322 1 
1166850751 9533 1783668721.372 1 
1176851624 9534 1783668721.422 1 
1186851496 9535 1783668721.472 1 
1196850991 9536 1783668721.522 1 
1206851054 9537 1783668721.572 1 
1216851128 9538 1783668721.622 1 
1226851227 9539 1783668721.672 1 
1236852637 9540 1783668721.722 1 
1246943263 9541 1783668721.772 1 
1256851563 9542 1783668721.823 1 
1266851014 9543 1783668721.872 1 
1276851253 9544 1783668721.922 1 
1286852345 9545 1783668721.972 1 
1296852256 9546 1783668722.022 1 
1306852765 9547 1783668722.072 1 
1316850695 9548 1783668722.122 1 
1326851679 9549 1783668722.172 1 
1336852095 9550 1783668722.222 1 
1346850938 9551 1783668722.272 1 
1356850899 9552 1783668722.322 1 
1366851326 9553 1783668722.372 1 
1376865224 9554 1783668722.422 1 
1386851303 9555 1783668722.472 1 
1396850165 9556 1783668722.522 1 
1406850898 9557 1783668722.572 1 
1416851663 9558 1783668722.622 1 
1426918008 9559 1783668722.672 1 
1436850859 9560 1783668722.722 1 
1446866980 9561 1783668722.772 1 
1456852412 9562 1783668722.822 1 
1466851161 9563 1783668722.872 1 
1476851564 9564 1783668722.922 1 
1486850145 9565 1783668722.972 1 
1496851912 9566 1783668723.022 1 
1506851867 9567 1783668723.072 1 
1516850141 9568 1783668723.122 1 
1526850961 9569 1783668723.172 1 
1536918280 9570 1783668723.222 1 
1546916855 9571 1783668723.272 1 
1556851616 9572 1783668723.322 1 
1566852396 9573 1783668723.372 1 
1576850351 9574 1783668723.422 1 
1586851317 9575 1783668723.472 1 
1596850832 9576 1783668723.522 1 
1606851343 9577 1783668723.572 1 
1616852245 9578 1783668723.622 1 
1626851516 9579 1783668723.672 1 
1636850986 9580 1783668723.722 1 
1646886798 9581 1783668723.772 1 
1656850562 9582 1783668723.822 1 
1666850969 9583 1783668723.872 1 
1676917845 9584 1783668723.922 1 
1686850437 9585 1783668723.973 1 
1696850837 9586 1783668724.022 1 
1706852395 9587 1783668724.072 1 
1716851412 9588 1783668724.122 1 
1726849631 9589 1783668724.172 1 
1736851112 9590 1783668724.222 1 
1746851825 9591 1783668724.272 1 
1756867642 9592 1783668724.322 1 
1766850608 9593 1783668724.372 1 
1776849976 9594 1783668724.422 1 
1786850141 9595 1783668724.472 1 
1796850541 9596 1783668724.522 1 
1806850675 9597 1783668724.572 1 
1816849373 9598 1783668724.622 1 
1826848674 9599 1783668724.672 1 
1836850365 9600 1783668724.722 1 
1846909603 9601 1783668724.772 1 
1856991854 9602 1783668724.822 1 
1866851581 9603 1783668724.873 1 
1876852094 9604 1783668724.922 1 
1886850771 9605 1783668724.972 1 
1896917177 9606 1783668725.022 1 
1906850451 9607 1783668725.073 1 
1916849293 9608 1783668725.122 1 
1926850346 9609 1783668725.172 1 
1936850256 9610 1783668725.222 1 
1946850123 9611 1783668725.272 1 
1956851139 9612 1783668725.322 1 
1966847434 9613 1783668725.372 1 
1976852946 9614 1783668725.422 1 
1986916255 9615 1783668725.472 1 
1996851566 9616 1783668725.523 1 
2006851488 9617 1783668725.572 1 
2016850309 9618 1783668725.622 1 
2026850724 9619 1783668725.672 1 
2036851774 9620 1783668725.722 1 
2046867216 9621 1783668725.772 1 
2056851417 9622 1783668725.822 1 
2066851021 9623 1783668725.872 1 
2076852867 9624 1783668725.922 1 
2086850897 9625 1783668725.972 1 
2096850496 9626 1783668726.024 1 
2106851728 9627 1783668726.072 1 
2116917001 9628 1783668726.122 1 
2126850732 9629 1783668726.173 1 
2136850229 9630 1783668726.222 1 
2146980176 9631 1783668726.272 1 
2156994570 9632 1783668726.323 1 
2166850868 9633 1783668726.373 1 
2176850340 9634 1783668726.422 1 
2186850230 9635 1783668726.472 1 
2196850023 9636 1783668726.522 1 
2206851250 9637 1783668726.572 1 
2216850981 9638 1783668726.622 1 
2226851400 9639 1783668726.672 1 
2236851852 9640 1783668726.722 1 
2246869018 9641 1783668726.772 1 
2256850596 9642 1783668726.822 1 
2266851292 9643 1783668726.872 1 
2276849324 9644 1783668726.922 1 
2286852784 9645 1783668726.972 1 
2296851235 9646 1783668727.022 1 
2306850009 9647 1783668727.072 1 
2316849273 9648 1783668727.122 1 
2326850701 9649 1783668727.172 1 
2336851091 9650 1783668727.222 1 
2346851053 9651 1783668727.272 1 
2356852784 9652 1783668727.322 1 
2366851533 9653 1783668727.372 1 
2376851513 9654 1783668727.422 1 
2386849989 9655 1783668727.472 1 
2396849958 9656 1783668727.522 1 
2406849410 9657 1783668727.572 1 
2416852714 9658 1783668727.622 1 
2426851872 9659 1783668727.672 1 
2436849644 9660 1783668727.722 1 
2446867351 9661 1783668727.772 1 
2456849818 9662 1783668727.823 1 
2466916783 9663 1783668727.875 1 
2476852005 9664 1783668727.923 1 
2486850771 9665 1783668727.972 1 
2496851459 9666 1783668728.022 1 
2506850820 9667 1783668728.072 1 
2516852254 9668 1783668728.122 1 
2526851012 9669 1783668728.172 1 
2536852010 9670 1783668728.222 1 
2546852160 9671 1783668728.272 1 
2556851893 9672 1783668728.322 1 
2566849831 9673 1783668728.372 1 
2576851176 9674 1783668728.422 1 
2586851483 9675 1783668728.472 1 
2596918169 9676 1783668728.522 1 
2606848933 9677 1783668728.573 1 
2616852328 9678 1783668728.622 1 
2626850045 9679 1783668728.672 1 
2636850081 9680 1783668728.722 1 
2647004220 9681 1783668728.772 1 
2656849452 9682 1783668728.823 1 
2666850119 9683 1783668728.873 1 
2676918037 9684 1783668728.923 1 
2686850617 9685 1783668728.973 1 
2696851589 9686 1783668729.023 1 
2706851010 9687 1783668729.072 1 
2716850899 9688 1783668729.122 1 
2726850948 9689 1783668729.172 1 
2736869432 9690 1783668729.222 1 
2746850069 9691 1783668729.272 1 
2756851138 9692 1783668729.322 1 
2766849681 9693 1783668729.372 1 
2776851436 9694 1783668729.422 1 
2786852678 9695 1783668729.472 1 
2796850919 9696 1783668729.523 1 
2806850822 9697 1783668729.572 1 
2816852560 9698 1783668729.623 1 
2826849996 9699 1783668729.672 1 
2836849886 9700 1783668729.722 1 
2846885949 9701 1783668729.772 1 
2856852150 9702 1783668729.823 1 
2866850408 9703 1783668729.873 1 
2876851684 9704 1783668729.923 1 
2886850802 9705 1783668729.972 1 
2896849811 9706 1783668730.022 1 
2906849537 9707 1783668730.072 1 
2916850754 9708 1783668730.122 1 
2926849965 9709 1783668730.172 1 
2936850755 9710 1783668730.222 1 
2946850689 9711 1783668730.272 1 
2956850488 9712 1783668730.322 1 
2966850761 9713 1783668730.372 1 
2976852149 9714 1783668730.423 1 
2986852332 9715 1783668730.473 1 
2996850769 9716 1783668730.522 1 
3006851282 9717 1783668730.572 1 
3016850487 9718 1783668730.622 1 
3026850748 9719 1783668730.673 1 
3036852746 9720 1783668730.722 1 
3046943061 9721 1783668730.773 1 
3056849906 9722 1783668730.823 1 
3066851621 9723 1783668730.873 1 
3076851104 9724 1783668730.923 1 
3086851129 9725 1783668730.973 1 
3096850453 9726 1783668731.024 1 
3106850537 9727 1783668731.073 1 
3116850549 9728 1783668731.122 1 
3126850413 9729 1783668731.173 1 
3136850778 9730 1783668731.223 1 
3146850389 9731 1783668731.273 1 
3156917465 9732 1783668731.322 1 
3166851005 9733 1783668731.373 1 
3176850811 9734 1783668731.423 1 
3186851985 9735 1783668731.473 1 
3196851888 9736 1783668731.523 1 
3206850520 9737 1783668731.573 1 
3216849769 9738 1783668731.622 1 
3226851843 9739 1783668731.673 1 
3236850829 9740 1783668731.723 1 
3246885541 9741 1783668731.773 1 
3256852082 9742 1783668731.823 1 
3266849366 9743 1783668731.873 1 
3276865562 9744 1783668731.923 1 -7.263 11.456 1.709 -0.841 93 416 
3286851633 9745 1783668731.973 1 
3296851444 9746 1783668732.023 1 
3306848931 9747 1783668732.073 1 
3316852139 9748 1783668732.123 1 
3326851287 9749 1783668732.173 1 
3336848949 9750 1783668732.223 1 
3346850742 9751 1783668732.273 1 
3356849188 9752 1783668732.323 1 
3366850788 9753 1783668732.373 1 
3376849117 9754 1783668732.423 1 
3386851102 9755 1783668732.473 1 
3396852523 9756 1783668732.523 1 
3406850537 9757 1783668732.573 1 
3416851835 9758 1783668732.623 1 
3426850814 9759 1783668732.673 1 
3436850447 9760 1783668732.723 1 
3446866638 9761 1783668732.773 1 
3456851190 9762 1783668732.823 1 
3466851485 9763 1783668732.873 1 
3476851901 9764 1783668732.923 1 
3486852681 9765 1783668732.973 1 
3496851696 9766 1783668733.023 1 
3506851805 9767 1783668733.073 1 
3516850667 9768 1783668733.123 1 
3526917809 9769 1783668733.173 1 
3536849109 9770 1783668733.223 1 
3546850084 9771 1783668733.273 1 
3556915692 9772 1783668733.323 1 
3566849703 9773 1783668733.373 1 
3576852876 9774 1783668733.423 1 
3586851294 9775 1783668733.473 1 
3596850839 9776 1783668733.523 1 
3606849763 9777 1783668733.573 1 
3616851003 9778 1783668733.623 1 
3626849826 9779 1783668733.673 1 
3636851255 9780 1783668733.723 1 
3646943761 9781 1783668733.773 1 
3656850560 9782 1783668733.823 1 
3666867065 9783 1783668733.873 1 
3676850083 9784 1783668733.923 1 
3686851064 9785 1783668733.973 1 
3696849741 9786 1783668734.023 1 
3706851601 9787 1783668734.073 1 
3716851170 9788 1783668734.123 1 
3726851517 9789 1783668734.173 1 
3736849401 9790 1783668734.223 1 
3746917686 9791 1783668734.273 1 
3756850852 9792 1783668734.323 1 
3766850933 9793 1783668734.373 1 
3776850054 9794 1783668734.423 1 
3786851624 9795 1783668734.473 1 
3796850043 9796 1783668734.523 1 
3806851701 9797 1783668734.573 1 
3816850315 9798 1783668734.623 1 
3826849608 9799 1783668734.673 1 
3836849769 9800 1783668734.723 1 
3846885645 9801 1783668734.773 1 
3856850033 9802 1783668734.823 1 
3866850707 9803 1783668734.873 1 
3876850369 9804 1783668734.923 1 
3886851084 9805 1783668734.973 1 
3896850794 9806 1783668735.023 1 
3906851181 9807 1783668735.073 1 
3916850551 9808 1783668735.123 1 
3926850424 9809 1783668735.173 1 
3936850610 9810 1783668735.223 1 
3946851701 9811 1783668735.273 1 
3956852280 9812 1783668735.323 1 
3966851403 9813 1783668735.373 1 
3976851270 9814 1783668735.423 1 
3986852156 9815 1783668735.473 1 
3996851086 9816 1783668735.523 1 
4006850122 9817 1783668735.573 1 
4016849868 9818 1783668735.623 1 
4026850682 9819 1783668735.673 1 
4036852171 9820 1783668735.723 1 
4046867378 9821 1783668735.773 1 
4056850182 9822 1783668735.823 1 
4066851851 9823 1783668735.873 1 
4076849753 9824 1783668735.923 1 
4086847921 9825 1783668735.973 1 
4096850180 9826 1783668736.024 1 
4106851793 9827 1783668736.073 1 
4116850425 9828 1783668736.123 1 
4126850187 9829 1783668736.173 1 
4136851628 9830 1783668736.223 1 
4146850907 9831 1783668736.273 1 
4156850386 9832 1783668736.323 1 
4166851587 9833 1783668736.373 1 
4176852507 9834 1783668736.423 1 
4186850670 9835 1783668736.473 1 
4196850986 9836 1783668736.523 1 
4206849879 9837 1783668736.573 1 
4216850699 9838 1783668736.623 1 
4226850439 9839 1783668736.673 1 
4236850740 9840 1783668736.723 1 
4246867451 9841 1783668736.773 1 
4256850632 9842 1783668736.823 1 
4266850541 9843 1783668736.873 1 
4276849813 9844 1783668736.923 1 
4286852652 9845 1783668736.973 1 
1882575 9846 1783668737.023 1 
11882919 9847 1783668737.073 1 
21884289 9848 1783668737.123 1 
31882835 9849 1783668737.173 1 
41883873 9850 1783668737.223 1 
51882277 9851 1783668737.273 1 
61885233 9852 1783668737.323 1 
71882225 9853 1783668737.373 1 
81885365 9854 1783668737.423 1 
91883303 9855 1783668737.473 1 
101884004 9856 1783668737.523 1 
111883296 9857 1783668737.573 1 
121950963 9858 1783668737.623 1 
131885258 9859 1783668737.673 1 
141883873 9860 1783668737.723 1 
151898328 9861 1783668737.773 1 
161883103 9862 1783668737.823 1 
171883613 9863 1783668737.873 1 
181883325 9864 1783668737.923 1 
191884880 9865 1783668737.973 1 
201884329 9866 1783668738.023 1 
211950876 9867 1783668738.073 1 
221882810 9868 1783668738.123 1 
231884881 9869 1783668738.173 1 
241884527 9870 1783668738.223 1 
251883515 9871 1783668738.273 1 
261883218 9872 1783668738.323 1 
271883831 9873 1783668738.373 1 
281883262 9874 1783668738.423 1 
291882819 9875 1783668738.473 1 
301885188 9876 1783668738.523 1 
311883432 9877 1783668738.573 1 
321882579 9878 1783668738.623 1 
331883501 9879 1783668738.673 1 
341884793 9880 1783668738.723 1 
351941192 9881 1783668738.773 1 
362026284 9882 1783668738.823 1 
371885445 9883 1783668738.874 1 
381883034 9884 1783668738.923 1 
391885275 9885 1783668738.973 1 
401883459 9886 1783668739.023 1 
411883291 9887 1783668739.073 1 
421884389 9888 1783668739.123 1 
431881686 9889 1783668739.173 1 
441881405 9890 1783668739.223 1 
451884607 9891 1783668739.273 1 
461883760 9892 1783668739.323 1 
471899730 9893 1783668739.373 1 
481884010 9894 1783668739.423 1 
491883762 9895 1783668739.473 1 
501882336 9896 1783668739.523 1 
511883648 9897 1783668739.573 1 
521884689 9898 1783668739.623 1 
531883804 9899 1783668739.673 1 
541883735 9900 1783668739.723 1 
551900144 9901 1783668739.773 1 
561884267 9902 1783668739.823 1 
571885147 9903 1783668739.873 1 
581883190 9904 1783668739.923 1 
591882591 9905 1783668739.973 1 
601904182 9906 1783668740.023 1 
611883846 9907 1783668740.073 1 
621884134 9908 1783668740.123 1 
631883816 9909 1783668740.173 1 
641884433 9910 1783668740.223 1 
651884150 9911 1783668740.273 1 
661884232 9912 1783668740.323 1 
671883894 9913 1783668740.373 1 
681883664 9914 1783668740.423 1 
691883634 9915 1783668740.473 1 
701904153 9916 1783668740.523 1 
711883985 9917 1783668740.573 1 
721904586 9918 1783668740.623 1 
731884315 9919 1783668740.673 1 
741883748 9920 1783668740.723 1 
751918914 9921 1783668740.773 1 
761882949 9922 1783668740.823 1 
771882741 9923 1783668740.873 1 
781884731 9924 1783668740.923 1 
791883104 9925 1783668740.973 1 
801883545 9926 1783668741.025 1 
811883503 9927 1783668741.073 1 
821884533 9928 1783668741.123 1 
831883704 9929 1783668741.173 1 
841883843 9930 1783668741.223 1 
851882559 9931 1783668741.273 1 
861883771 9932 1783668741.323 1 
871883685 9933 1783668741.373 1 
881883302 9934 1783668741.423 1 
891883168 9935 1783668741.473 1 
901882680 9936 1783668741.523 1 
911884432 9937 1783668741.573 1 
921882719 9938 1783668741.623 1 
931882618 9939 1783668741.673 1 
941883061 9940 1783668741.723 1 
951918385 9941 1783668741.773 1 
961883847 9942 1783668741.823 1 
971883714 9943 1783668741.873 1 
981883535 9944 1783668741.923 1 
991881865 9945 1783668741.973 1 
1001882744 9946 1783668742.023 1 
1011882746 9947 1783668742.073 1 
1021883802 9948 1783668742.123 1 
1031884799 9949 1783668742.173 1 
1041901852 9950 1783668742.223 1 
1051884884 9951 1783668742.273 1 
1061882299 9952 1783668742.323 1 
1071882866 9953 1783668742.373 1 
1081886902 9954 1783668742.423 1 
1091884295 9955 1783668742.473 1 
1101884659 9956 1783668742.523 1 
1111884516 9957 1783668742.573 1 
1121883725 9958 1783668742.623 1 
1131883188 9959 1783668742.673 1 
1141883752 9960 1783668742.723 1 
1151918016 9961 1783668742.773 1 
1161883481 9962 1783668742.823 1 
1171883027 9963 1783668742.873 1 
1181883435 9964 1783668742.923 1 
1191884102 9965 1783668742.973 1 
1201883817 9966 1783668743.023 1 
1211885852 9967 1783668743.073 1 
1221883812 9968 1783668743.123 1 
1231883391 9969 1783668743.173 1 
1241882571 9970 1783668743.223 1 
1251896896 9971 1783668743.273 1 
1261883430 9972 1783668743.323 1 
1271882820 9973 1783668743.373 1 
1281950489 9974 1783668743.423 1 
1291882560 9975 1783668743.473 1 
1301883629 9976 1783668743.523 1 
1311884037 9977 1783668743.573 1 
1321884716 9978 1783668743.623 1 
1331883316 9979 1783668743.673 1 
1341883285 9980 1783668743.723 1 
1351900364 9981 1783668743.773 1 
1361884035 9982 1783668743.823 1 
1371884502 9983 1783668743.873 1 
1381883205 9984 1783668743.923 1 
1391885234 9985 1783668743.973 1 
1401883071 9986 1783668744.023 1 
1411884661 9987 1783668744.073 1 
1421950789 9988 1783668744.123 1 
1431883461 9989 1783668744.173 1 
1441882946 9990 1783668744.223 1 
1451884302 9991 1783668744.273 1 
1461883398 9992 1783668744.323 1 
1471883670 9993 1783668744.373 1 
1481884137 9994 1783668744.423 1 
1491951048 9995 1783668744.473 1 
1501884408 9996 1783668744.524 1 
1511882993 9997 1783668744.573 1 
1521883020 9998 1783668744.623 1 
1531882906 9999 1783668744.673 1 
1541882710 10000 1783668744.723 1 
1551976470 10001 1783668744.773 1 
1561883297 10002 1783668744.824 1 
1571883915 10003 1783668744.873 1 
1581884276 10004 1783668744.923 1 
1591883130 10005 1783668744.973 1 
1601885654 10006 1783668745.023 1 
1611884723 10007 1783668745.073 1 
1621883835 10008 1783668745.123 1 
1631881331 10009 1783668745.173 1 
1641884020 10010 1783668745.223 1 
1651950885 10011 1783668745.273 1 
1661883831 10012 1783668745.324 1 
1671883878 10013 1783668745.373 1 
1681883886 10014 1783668745.423 1 
1691882498 10015 1783668745.473 1 
1701882470 10016 1783668745.523 1 
1711884173 10017 1783668745.573 1 
1721884895 10018 1783668745.623 1 
1731883262 10019 1783668745.673 1 
1741884228 10020 1783668745.723 1 
1751900497 10021 1783668745.773 1 
1761884852 10022 1783668745.823 1 
1771885201 10023 1783668745.873 1 
1781884032 10024 1783668745.923 1 
1791884804 10025 1783668745.973 1 
1801883136 10026 1783668746.025 1 
1811883577 10027 1783668746.073 1 
1821884567 10028 1783668746.123 1 
1831884203 10029 1783668746.173 1 
1841883352 10030 1783668746.223 1 
1851885007 10031 1783668746.273 1 
1861884042 10032 1783668746.323 1 
1871883837 10033 1783668746.373 1 
1881949460 10034 1783668746.423 1 
1891882198 10035 1783668746.474 1 
1901902231 10036 1783668746.523 1 
1911881451 10037 1783668746.573 1 
1921882454 10038 1783668746.623 1 
1931948806 10039 1783668746.673 1 
1941882598 10040 1783668746.724 1 
1951919377 10041 1783668746.773 1 
1961883253 10042 1783668746.823 1 
1971884800 10043 1783668746.874 1 
1981881942 10044 1783668746.923 1 
1991882388 10045 1783668746.973 1 
2001950080 10046 1783668747.023 1 
2011884578 10047 1783668747.074 1 
2021950672 10048 1783668747.123 1 
2031884033 10049 1783668747.174 1 
2041950504 10050 1783668747.223 1 
2051883045 10051 1783668747.274 1 
2061883042 10052 1783668747.323 1 
2071883951 10053 1783668747.373 1 
2081885296 10054 1783668747.423 1 
2091883746 10055 1783668747.474 1 
2101884227 10056 1783668747.523 1 
2111884503 10057 1783668747.573 1 
2121884259 10058 1783668747.623 1 
2131883257 10059 1783668747.673 1 
2141883518 10060 1783668747.723 1 
2151955992 10061 1783668747.773 1 
2161884836 10062 1783668747.824 1 
2171883804 10063 1783668747.874 1 
2181883826 10064 1783668747.923 1 
2191885608 10065 1783668747.973 1 
2201951159 10066 1783668748.023 1 
2211882538 10067 1783668748.074 1 
2221885463 10068 1783668748.123 1 
2231883445 10069 1783668748.173 1 
2241974014 10070 1783668748.223 1 
2251882942 10071 1783668748.274 1 
2261950794 10072 1783668748.323 1 
2271950442 10073 1783668748.374 1 
2281951513 10074 1783668748.424 1 
2291952408 10075 1783668748.474 1 
2301884459 10076 1783668748.524 1 
2311884516 10077 1783668748.573 1 
2321884032 10078 1783668748.623 1 
2331950969 10079 1783668748.673 1 
2341882535 10080 1783668748.724 1 
2351899846 10081 1783668748.773 1 
2361884672 10082 1783668748.823 1 
2371883668 10083 1783668748.875 1 
2381949290 10084 1783668748.923 1 
2391884673 10085 1783668748.974 1 
2401885526 10086 1783668749.023 1 
2411883373 10087 1783668749.073 1 
2421884630 10088 1783668749.123 1 
2431884379 10089 1783668749.173 1 
2441885495 10090 1783668749.223 1 
2451881942 10091 1783668749.273 1 
2461885870 10092 1783668749.323 1 
2471882082 10093 1783668749.373 1 
2481884022 10094 1783668749.423 1 
2491884434 10095 1783668749.473 1 
2501884737 10096 1783668749.523 1 
2511884211 10097 1783668749.573 1 
2521883747 10098 1783668749.623 1 
2531885596 10099 1783668749.673 1 
2541950503 10100 1783668749.723 1 
2551974690 10101 1783668749.774 1 
2561948995 10102 1783668749.824 1 
2571883659 10103 1783668749.874 1 
2581884560 10104 1783668749.924 1 
2591883220 10105 1783668749.973 1 
2601883678 10106 1783668750.023 1 
2611883660 10107 1783668750.073 1 
2621883930 10108 1783668750.123 1 
2631884600 10109 1783668750.173 1 
2641885083 10110 1783668750.223 1 
2651884193 10111 1783668750.273 1 
2661884916 10112 1783668750.323 1 
2671949823 10113 1783668750.373 1 
2681883906 10114 1783668750.424 1 
2691884968 10115 1783668750.473 1 
2701882351 10116 1783668750.523 1 
2711882235 10117 1783668750.573 1 
2721883826 10118 1783668750.623 1 
2731885471 10119 1783668750.673 1 
2741884709 10120 1783668750.724 1 
2751976194 10121 1783668750.773 1 
2761883442 10122 1783668750.824 1 
2771885829 10123 1783668750.874 1 
2781883597 10124 1783668750.924 1 
2791884426 10125 1783668750.973 1 
2801950270 10126 1783668751.024 1 
2811884866 10127 1783668751.074 1 
2821883439 10128 1783668751.124 1 
2831883466 10129 1783668751.173 1 
2841893574 10130 1783668751.224 1 
2851884575 10131 1783668751.273 1 
2861884350 10132 1783668751.324 1 
2871884237 10133 1783668751.373 1 
2881883790 10134 1783668751.424 1 
2891884952 10135 1783668751.473 1 
2901884918 10136 1783668751.524 1 
2911883050 10137 1783668751.573 1 
2921885400 10138 1783668751.624 1 
2931949135 10139 1783668751.673 1 
2941883348 10140 1783668751.724 1 
2951975188 10141 1783668751.773 1 
2961883083 10142 1783668751.824 1 
2971884712 10143 1783668751.874 1 
2981882877 10144 1783668751.924 1 
2991885517 10145 1783668751.973 1 
3001884872 10146 1783668752.024 1 
3011882175 10147 1783668752.073 1 
3021884697 10148 1783668752.124 1 
3031882879 10149 1783668752.173 1 
3041949016 10150 1783668752.224 1 
3051884481 10151 1783668752.274 1 
3061885035 10152 1783668752.324 1 
3071883461 10153 1783668752.373 1 
3081885187 10154 1783668752.424 1 
3091885103 10155 1783668752.473 1 
3101881628 10156 1783668752.524 1 
3111882316 10157 1783668752.573 1 
3121884185 10158 1783668752.624 1 
3131883711 10159 1783668752.673 1 
3141882339 10160 1783668752.724 1 
3151975895 10161 1783668752.773 1 
3161882966 10162 1783668752.824 1 
3171885538 10163 1783668752.874 1 
3181883564 10164 1783668752.924 1 
3191884421 10165 1783668752.973 1 
3201883900 10166 1783668753.024 1 
3211884856 10167 1783668753.074 1 
3221883720 10168 1783668753.124 1 
3231883726 10169 1783668753.173 1 
3241884626 10170 1783668753.224 1 
3251883696 10171 1783668753.273 1 
3261883642 10172 1783668753.324 1 
3271883047 10173 1783668753.373 1 
3281883841 10174 1783668753.424 1 
3291882453 10175 1783668753.473 1 
3301883604 10176 1783668753.524 1 
3311885285 10177 1783668753.573 1 
3321882357 10178 1783668753.624 1 
3331884672 10179 1783668753.673 1 
3341950348 10180 1783668753.724 1 
3351900616 10181 1783668753.774 1 
3361883452 10182 1783668753.824 1 
3371882668 10183 1783668753.874 1 
3381886016 10184 1783668753.924 1 
3391883396 10185 1783668753.974 1 
3401884404 10186 1783668754.024 1 
3411884324 10187 1783668754.074 1 
3421901011 10188 1783668754.124 1 
3431882674 10189 1783668754.174 1 
3441884368 10190 1783668754.224 1 
3451883956 10191 1783668754.274 1 
3461882874 10192 1783668754.324 1 
3471950021 10193 1783668754.374 1 
3481884388 10194 1783668754.424 1 
3491882873 10195 1783668754.474 1 
3501885708 10196 1783668754.524 1 
3511883141 10197 1783668754.574 1 
3521949483 10198 1783668754.624 1 
3531882769 10199 1783668754.674 1 
3541883541 10200 1783668754.724 1 
3551919357 10201 1783668754.774 1 
3561886376 10202 1783668754.824 1 
3571885457 10203 1783668754.874 1 
3581883191 10204 1783668754.924 1 
3591882979 10205 1783668754.974 1 
3601885508 10206 1783668755.024 1 
3611950030 10207 1783668755.074 1 
3621881900 10208 1783668755.124 1 
3631883196 10209 1783668755.174 1 
3641951080 10210 1783668755.224 1 
3651883434 10211 1783668755.274 1 
3661884530 10212 1783668755.324 1 
3671950391 10213 1783668755.374 1 
3681883723 10214 1783668755.424 1 
3691882235 10215 1783668755.474 1 
3701885526 10216 1783668755.524 1 
3711883986 10217 1783668755.574 1 
3721884130 10218 1783668755.624 1 
3731883803 10219 1783668755.674 1 
3741882610 10220 1783668755.724 1 
3751900835 10221 1783668755.774 1 
3761883451 10222 1783668755.824 1 
3771881542 10223 1783668755.874 1 
3781884925 10224 1783668755.924 1 
3791884349 10225 1783668755.974 1 
3801883613 10226 1783668756.024 1 
3811883306 10227 1783668756.075 1 
3821883441 10228 1783668756.124 1 
3831884365 10229 1783668756.174 1 
3841884316 10230 1783668756.224 1 
3851883268 10231 1783668756.274 1 
3861884901 10232 1783668756.324 1 
3871882106 10233 1783668756.374 1 
3881882552 10234 1783668756.424 1 
3891882729 10235 1783668756.474 1 
3901883161 10236 1783668756.524 1 
3911882292 10237 1783668756.574 1 
3921883162 10238 1783668756.624 1 
3931884697 10239 1783668756.674 1 
3941882768 10240 1783668756.724 1 
3951938635 10241 1783668756.774 1 
3961883108 10242 1783668756.824 1 
3971882779 10243 1783668756.874 1 
3981882997 10244 1783668756.924 1 
3991883521 10245 1783668756.974 1 
4001884329 10246 1783668757.024 1 
4011883129 10247 1783668757.074 1 
4021882839 10248 1783668757.124 1 
4031883485 10249 1783668757.174 1 
4041883254 10250 1783668757.224 1 
4051884219 10251 1783668757.274 1 
4061883766 10252 1783668757.324 1 
4071882719 10253 1783668757.374 1 
4081884741 10254 1783668757.424 1 
4091951250 10255 1783668757.474 1 
4101882418 10256 1783668757.524 1 
4111884068 10257 1783668757.574 1 
4121883008 10258 1783668757.624 1 
4131883083 10259 1783668757.674 1 
4141883057 10260 1783668757.724 1 
4151918476 10261 1783668757.774 1 
4161883677 10262 1783668757.824 1 
4171899942 10263 1783668757.874 1 
4181951580 10264 1783668757.924 1 
4191900537 10265 1783668757.974 1 
4201881995 10266 1783668758.024 1 
4211884029 10267 1783668758.074 1 
4221881832 10268 1783668758.124 1 
4231884031 10269 1783668758.173 1 
4241950203 10270 1783668758.224 1 
4251884317 10271 1783668758.274 1 
4261883137 10272 1783668758.324 1 
4271951360 10273 1783668758.374 1 
4281883114 10274 1783668758.424 1 
4291882249 10275 1783668758.474 1 
6916820 10276 1783668758.524 1 
16914063 10277 1783668758.574 1 
26916940 10278 1783668758.624 1 
36982701 10279 1783668758.674 1 
46933639 10280 1783668758.724 1 
56931657 10281 1783668758.774 1 
66915491 10282 1783668758.824 1 
76916485 10283 1783668758.874 1 
86915945 10284 1783668758.924 1 
96916731 10285 1783668758.974 1 
106918175 10286 1783668759.024 1 
116915415 10287 1783668759.074 1 
126917416 10288 1783668759.124 1 
136916704 10289 1783668759.174 1 
146916973 10290 1783668759.224 1 
156917165 10291 1783668759.274 1 
166915546 10292 1783668759.324 1 
176916457 10293 1783668759.374 1 
186929558 10294 1783668759.424 1 -5.455 12.241 0.839 -0.841 73 425 
196928170 10295 1783668759.475 1 -5.035 12.420 0.839 -0.841 94 417 
206917112 10296 1783668759.525 1 
216917108 10297 1783668759.574 1 
226917783 10298 1783668759.624 1 
236916349 10299 1783668759.674 1 
246914778 10300 1783668759.724 1 
256951645 10301 1783668759.774 1 
266916290 10302 1783668759.824 1 
276915189 10303 1783668759.874 1 
286915662 10304 1783668759.924 1 
296916102 10305 1783668759.974 1 
306917881 10306 1783668760.024 1 
316917537 10307 1783668760.074 1 
326915982 10308 1783668760.124 1 
336918434 10309 1783668760.174 1 
346917361 10310 1783668760.224 1 
356915293 10311 1783668760.274 1 
366915410 10312 1783668760.324 1 
376915506 10313 1783668760.374 1 
386916147 10314 1783668760.424 1 
396915499 10315 1783668760.474 1 
406916295 10316 1783668760.524 1 
416915465 10317 1783668760.574 1 
426917075 10318 1783668760.624 1 
436915451 10319 1783668760.674 1 
446914781 10320 1783668760.724 1 
456951945 10321 1783668760.774 1 
466918635 10322 1783668760.824 1 
476916409 10323 1783668760.874 1 
486917626 10324 1783668760.924 1 
496915864 10325 1783668760.974 1 
506983002 10326 1783668761.024 1 
516913596 10327 1783668761.076 1 
526917824 10328 1783668761.124 1 
536918239 10329 1783668761.174 1 
546917393 10330 1783668761.224 1 
556915690 10331 1783668761.274 1 
566918690 10332 1783668761.324 1 
576916027 10333 1783668761.374 1 
586915635 10334 1783668761.424 1 
596982341 10335 1783668761.474 1 
606917007 10336 1783668761.524 1 
616917470 10337 1783668761.574 1 
626917194 10338 1783668761.624 1 
636917447 10339 1783668761.674 1 
646983907 10340 1783668761.724 1 
656952279 10341 1783668761.774 1 
666915466 10342 1783668761.824 1 
676915872 10343 1783668761.874 1 
686918269 10344 1783668761.924 1 
696930015 10345 1783668761.974 1 
706916168 10346 1783668762.024 1 
716916276 10347 1783668762.074 1 
726916327 10348 1783668762.124 1 
736916526 10349 1783668762.174 1 
746916597 10350 1783668762.224 1 
756915225 10351 1783668762.274 1 
766915288 10352 1783668762.324 1 
776917136 10353 1783668762.374 1 
786917120 10354 1783668762.424 1 
796917002 10355 1783668762.474 1 
806914811 10356 1783668762.524 1 
816918064 10357 1783668762.574 1 
826918719 10358 1783668762.624 1 
836916758 10359 1783668762.674 1 
846916408 10360 1783668762.724 1 
856951336 10361 1783668762.774 1 
866916674 10362 1783668762.824 1 
876915041 10363 1783668762.874 1 
886916485 10364 1783668762.924 1 
896916647 10365 1783668762.974 1 
906916076 10366 1783668763.024 1 
916917409 10367 1783668763.074 1 
926915923 10368 1783668763.124 1 
936917821 10369 1783668763.174 1 
946916588 10370 1783668763.224 1 
956917467 10371 1783668763.274 1 
966914866 10372 1783668763.324 1 
976917173 10373 1783668763.374 1 
986918476 10374 1783668763.424 1 
996916567 10375 1783668763.474 1 
1006917710 10376 1783668763.524 1 
1016915565 10377 1783668763.574 1 
1026916285 10378 1783668763.624 1 
1036917437 10379 1783668763.674 1 
1046916813 10380 1783668763.724 1 
1056922460 10381 1783668763.774 1 
1066915150 10382 1783668763.824 1 
1076917608 10383 1783668763.874 1 
1086916185 10384 1783668763.924 1 
1096918364 10385 1783668763.974 1 
1106916709 10386 1783668764.024 1 
1116914990 10387 1783668764.074 1 
1126915943 10388 1783668764.124 1 
1136915678 10389 1783668764.174 1 
1146917326 10390 1783668764.224 1 
1156915964 10391 1783668764.274 1 
1166916625 10392 1783668764.324 1 
1176915815 10393 1783668764.374 1 
1186915826 10394 1783668764.424 1 
1196915413 10395 1783668764.474 1 
1206916092 10396 1783668764.524 1 
1216916009 10397 1783668764.574 1 
1226917982 10398 1783668764.624 1 
1236918367 10399 1783668764.674 1 
1246918555 10400 1783668764.724 1 
1256951841 10401 1783668764.774 1 
1266916990 10402 1783668764.824 1 
1276915467 10403 1783668764.874 1 
1286915404 10404 1783668764.924 1 
1296914701 10405 1783668764.974 1 
1306930829 10406 1783668765.024 1 
1316938699 10407 1783668765.074 1 
1326916767 10408 1783668765.124 1 
1336982816 10409 1783668765.174 1 
1346916148 10410 1783668765.224 1 
1356918002 10411 1783668765.274 1 
1366983123 10412 1783668765.324 1 
1376916221 10413 1783668765.375 1 
1386934398 10414 1783668765.424 1 
1396915868 10415 1783668765.474 1 
1406915990 10416 1783668765.524 1 
1416984178 10417 1783668765.574 1 
1426939157 10418 1783668765.624 1 
1436917281 10419 1783668765.674 1 
1446916124 10420 1783668765.724 1 
1456932206 10421 1783668765.774 1 
1466917538 10422 1783668765.824 1 
1476914962 10423 1783668765.875 1 
1486917130 10424 1783668765.924 1 
1496917079 10425 1783668765.974 1 
1506917503 10426 1783668766.024 1 
1516918520 10427 1783668766.076 1 
1526916034 10428 1783668766.124 1 
1536917634 10429 1783668766.174 1 
1546915014 10430 1783668766.224 1 
1556916129 10431 1783668766.274 1 
1566914965 10432 1783668766.324 1 
1576935606 10433 1783668766.374 1 
1586916586 10434 1783668766.424 1 
1596916647 10435 1783668766.474 1 
1606916494 10436 1783668766.524 1 
1616917058 10437 1783668766.574 1 
1626915942 10438 1783668766.624 1 
1636915994 10439 1783668766.674 1 
1646915389 10440 1783668766.724 1 
1656932944 10441 1783668766.774 1 
1666917339 10442 1783668766.824 1 
1676915445 10443 1783668766.874 1 
1686918105 10444 1783668766.924 1 
1696917301 10445 1783668766.974 1 
1706931870 10446 1783668767.024 1 
1716917811 10447 1783668767.074 1 
1726917264 10448 1783668767.124 1 
1736915700 10449 1783668767.174 1 
1746917867 10450 1783668767.224 1 
1756915238 10451 1783668767.274 1 
1766916660 10452 1783668767.324 1 
1776915976 10453 1783668767.374 1 
1786915585 10454 1783668767.424 1 
1796916284 10455 1783668767.474 1 
1806916245 10456 1783668767.524 1 
1816916650 10457 1783668767.574 1 
1826916875 10458 1783668767.624 1 
1836916407 10459 1783668767.674 1 
1846915766 10460 1783668767.724 1 
1857007916 10461 1783668767.774 1 
1866915948 10462 1783668767.825 1 
1876982079 10463 1783668767.875 1 
1886913568 10464 1783668767.925 1 
1896916356 10465 1783668767.974 1 
1906918026 10466 1783668768.024 1 
1916915520 10467 1783668768.074 1 
1926983390 10468 1783668768.124 1 
1936915159 10469 1783668768.175 1 
1946915715 10470 1783668768.224 1 
1956983536 10471 1783668768.274 1 
1966916715 10472 1783668768.325 1 
1976933463 10473 1783668768.374 1 
1986916179 10474 1783668768.424 1 
1996917434 10475 1783668768.474 1 
2006982352 10476 1783668768.524 1 
2016916970 10477 1783668768.575 1 
2026914922 10478 1783668768.624 1 
2036915947 10479 1783668768.674 1 
2046915861 10480 1783668768.724 1 
2056934010 10481 1783668768.774 1 
2066916667 10482 1783668768.824 1 
2076915753 10483 1783668768.875 1 
2086918375 10484 1783668768.924 1 
2096917633 10485 1783668768.974 1 
2106915858 10486 1783668769.024 1 
2116914678 10487 1783668769.074 1 
2126915927 10488 1783668769.124 1 
2136917831 10489 1783668769.174 1 
2146915555 10490 1783668769.224 1 
2156916897 10491 1783668769.274 1 
2166983244 10492 1783668769.324 1 
2176917937 10493 1783668769.375 1 
2186915091 10494 1783668769.424 1 
2196916016 10495 1783668769.474 1 
2206916721 10496 1783668769.524 1 
2216915176 10497 1783668769.574 1 
2226915249 10498 1783668769.624 1 
2236916753 10499 1783668769.674 1 
2246917453 10500 1783668769.724 1 
2256951067 10501 1783668769.774 1 
2266916995 10502 1783668769.825 1 
2276915706 10503 1783668769.875 1 
2286915651 10504 1783668769.924 1 
2296916359 10505 1783668769.974 1 
2306917715 10506 1783668770.024 1 
2316916827 10507 1783668770.074 1 
2326914602 10508 1783668770.124 1 
2336916240 10509 1783668770.174 1 
2346916893 10510 1783668770.224 1 
2356915864 10511 1783668770.275 1 
2366915924 10512 1783668770.324 1 
2376917075 10513 1783668770.375 1 
2386915906 10514 1783668770.425 1 
2396916720 10515 1783668770.474 1 
2406917280 10516 1783668770.524 1 
2416916672 10517 1783668770.574 1 
2426914894 10518 1783668770.624 1 
2436915260 10519 1783668770.674 1 
2446916183 10520 1783668770.724 1 
2456920770 10521 1783668770.774 1 
2466917067 10522 1783668770.824 1 
2476914609 10523 1783668770.875 1 
2486917311 10524 1783668770.924 1 
2496918806 10525 1783668770.974 1 
2506914495 10526 1783668771.024 1 
2516983522 10527 1783668771.076 1 
2526916078 10528 1783668771.125 1 
2536915907 10529 1783668771.174 1 
2546914929 10530 1783668771.224 1 
2556915686 10531 1783668771.274 1 
2566916381 10532 1783668771.324 1 
2576984652 10533 1783668771.374 1 
2586915135 10534 1783668771.425 1 
2596915205 10535 1783668771.474 1 
2606915640 10536 1783668771.524 1 
2616981896 10537 1783668771.574 1 
2626917905 10538 1783668771.625 1 
2636917190 10539 1783668771.674 1 
2646917730 10540 1783668771.724 1 
2656951110 10541 1783668771.774 1 
2666915284 10542 1783668771.825 1 
2676918136 10543 1783668771.875 1 
2686915308 10544 1783668771.924 1 
2696915563 10545 1783668771.975 1 
2706915979 10546 1783668772.024 1 
2716916142 10547 1783668772.075 1 
2726917220 10548 1783668772.124 1 
2736916170 10549 1783668772.174 1 
2746917221 10550 1783668772.224 1 
2756917117 10551 1783668772.275 1 
2766918197 10552 1783668772.324 1 
2776915736 10553 1783668772.375 1 
2786919264 10554 1783668772.424 1 
2796916822 10555 1783668772.474 1 
2806916104 10556 1783668772.524 1 
2816917725 10557 1783668772.574 1 
2826917385 10558 1783668772.624 1 
2836916525 10559 1783668772.674 1 
2846913878 10560 1783668772.724 1 
2857008036 10561 1783668772.775 1 
2866999630 10562 1783668772.825 1 
2876917048 10563 1783668772.875 1 
2886917529 10564 1783668772.924 1 
2896917467 10565 1783668772.975 1 
2906915598 10566 1783668773.024 1 
2916916693 10567 1783668773.075 1 
2926915743 10568 1783668773.124 1 
2936916339 10569 1783668773.175 1 
2946915759 10570 1783668773.224 1 
2956917183 10571 1783668773.275 1 
2966917159 10572 1783668773.324 1 
2976916292 10573 1783668773.375 1 
2986915748 10574 1783668773.424 1 
2996916613 10575 1783668773.475 1 
3006916796 10576 1783668773.524 1 
3016915487 10577 1783668773.575 1 
3026915807 10578 1783668773.624 1 
3036914969 10579 1783668773.675 1 
3046917317 10580 1783668773.724 1 
3056950824 10581 1783668773.775 1 
3066916139 10582 1783668773.825 1 
3076917109 10583 1783668773.875 1 
3086917758 10584 1783668773.924 1 
3096916051 10585 1783668773.975 1 
3106916579 10586 1783668774.025 1 
3116916916 10587 1783668774.075 1 
3126983845 10588 1783668774.125 1 
3136913939 10589 1783668774.175 1 
3146918975 10590 1783668774.225 1 
3156916623 10591 1783668774.275 1 
3166916614 10592 1783668774.325 1 
3176916938 10593 1783668774.375 1 
3186916622 10594 1783668774.425 1 
3196916372 10595 1783668774.475 1 
3206983116 10596 1783668774.525 1 
3216916656 10597 1783668774.575 1 
3226916382 10598 1783668774.625 1 
3236916328 10599 1783668774.675 1 
3246916470 10600 1783668774.725 1 
3256920796 10601 1783668774.775 1 
3266917136 10602 1783668774.825 1 
3276917722 10603 1783668774.875 1 
3286932079 10604 1783668774.925 1 
3296915517 10605 1783668774.975 1 
3306915601 10606 1783668775.025 1 
3316916352 10607 1783668775.075 1 
3326983320 10608 1783668775.125 1 
3336916016 10609 1783668775.175 1 
3346914525 10610 1783668775.225 1 
3356918255 10611 1783668775.275 1 
3366983463 10612 1783668775.325 1 
3376917974 10613 1783668775.375 1 
3386916845 10614 1783668775.425 1 
3396917259 10615 1783668775.475 1 
3406916723 10616 1783668775.525 1 
3416915650 10617 1783668775.575 1 
3426915981 10618 1783668775.625 1 
3436916851 10619 1783668775.675 1 
3446917004 10620 1783668775.725 1 
3457070091 10621 1783668775.775 1 
3466916155 10622 1783668775.825 1 
3476916494 10623 1783668775.875 1 
3486915992 10624 1783668775.925 1 
3496915985 10625 1783668775.975 1 
3506916818 10626 1783668776.025 1 
3516915971 10627 1783668776.076 1 
3526915055 10628 1783668776.125 1 
3536916973 10629 1783668776.175 1 
3546915296 10630 1783668776.225 1 
3556917333 10631 1783668776.275 1 
3566915120 10632 1783668776.325 1 
3576916688 10633 1783668776.375 1 
3586916866 10634 1783668776.425 1 
3596917813 10635 1783668776.475 1 
3606916469 10636 1783668776.525 1 
3616915286 10637 1783668776.575 1 
3626916246 10638 1783668776.625 1 
3636917420 10639 1783668776.675 1 
3646915094 10640 1783668776.725 1 
3656950685 10641 1783668776.775 1 
3666916235 10642 1783668776.825 1 
3676916047 10643 1783668776.875 1 
3686916534 10644 1783668776.925 1 
3696984773 10645 1783668776.975 1 
3706916773 10646 1783668777.025 1 
3716984048 10647 1783668777.075 1 
3726931470 10648 1783668777.125 1 
3736917069 10649 1783668777.175 1 
3746915898 10650 1783668777.225 1 
3756983693 10651 1783668777.275 1 
3766916703 10652 1783668777.325 1 
3776918096 10653 1783668777.375 1 
3786918223 10654 1783668777.425 1 
3796916500 10655 1783668777.475 1 
3806916610 10656 1783668777.525 1 
3816918880 10657 1783668777.575 1 
3826915370 10658 1783668777.625 1 
3836916696 10659 1783668777.675 1 
3846915725 10660 1783668777.725 1 
3856966049 10661 1783668777.775 1 
3866915814 10662 1783668777.825 1 
3876916327 10663 1783668777.875 1 
3886918413 10664 1783668777.925 1 
3896915359 10665 1783668777.975 1 
3906917738 10666 1783668778.025 1 
3916916501 10667 1783668778.075 1 
3926983876 10668 1783668778.125 1 
3936982945 10669 1783668778.175 1 
3946916389 10670 1783668778.225 1 
3956918199 10671 1783668778.275 1 
3966927392 10672 1783668778.325 1 
3976917602 10673 1783668778.375 1 
3986915425 10674 1783668778.425 1 
3996915057 10675 1783668778.475 1 
4006915234 10676 1783668778.525 1 
4016983365 10677 1783668778.575 1 
4026917687 10678 1783668778.625 1 
4036916287 10679 1783668778.675 1 
4046913866 10680 1783668778.725 1 
4056931999 10681 1783668778.775 1 
4066915885 10682 1783668778.825 1 
4076915386 10683 1783668778.875 1 
4086915820 10684 1783668778.925 1 
4096917286 10685 1783668778.975 1 
4106915806 10686 1783668779.025 1 
4116915052 10687 1783668779.075 1 
4126917888 10688 1783668779.125 1 
4136915658 10689 1783668779.175 1 
4146914749 10690 1783668779.225 1 
4156916393 10691 1783668779.275 1 
4166917626 10692 1783668779.325 1 
4176916114 10693 1783668779.375 1 
4186917782 10694 1783668779.425 1 
4196914987 10695 1783668779.475 1 
4206914939 10696 1783668779.525 1 
4216915536 10697 1783668779.575 1 
4226983123 10698 1783668779.625 1 
4236915406 10699 1783668779.675 1 
4246916025 10700 1783668779.725 1 
4256932589 10701 1783668779.775 1 
4266918614 10702 1783668779.825 1 
4276914700 10703 1783668779.875 1 
4286914806 10704 1783668779.925 1 
1947547 10705 1783668779.975 1 
11948283 10706 1783668780.025 1 
21948783 10707 1783668780.075 1 
31949888 10708 1783668780.125 1 
41950693 10709 1783668780.175 1 
51947426 10710 1783668780.225 1 
61948941 10711 1783668780.275 1 
71949933 10712 1783668780.325 1 
81949131 10713 1783668780.375 1 
91947425 10714 1783668780.425 1 
101948220 10715 1783668780.475 1 
111951285 10716 1783668780.525 1 
121948157 10717 1783668780.575 1 
131947802 10718 1783668780.625 1 
141950995 10719 1783668780.675 1 
151948603 10720 1783668780.725 1 
161983984 10721 1783668780.775 1 
171948544 10722 1783668780.825 1 
181950131 10723 1783668780.875 1 
191949180 10724 1783668780.925 1 
202016217 10725 1783668780.975 1 
211948770 10726 1783668781.025 1 
221949722 10727 1783668781.076 1 
231950341 10728 1783668781.125 1 
241949728 10729 1783668781.175 1 
251948282 10730 1783668781.225 1 
261947893 10731 1783668781.275 1 
271950736 10732 1783668781.325 1 
281948699 10733 1783668781.375 1 
291949924 10734 1783668781.425 1 
301949729 10735 1783668781.475 1 
311949901 10736 1783668781.525 1 
321950056 10737 1783668781.575 1 
331948195 10738 1783668781.625 1 
341949587 10739 1783668781.675 1 
351949050 10740 1783668781.725 1 
361984527 10741 1783668781.775 1 
371950234 10742 1783668781.825 1 
382016354 10743 1783668781.875 1 
391949276 10744 1783668781.925 1 
401949623 10745 1783668781.975 1 
411950760 10746 1783668782.025 1 
421949768 10747 1783668782.075 1 
431949443 10748 1783668782.125 1 
441949095 10749 1783668782.175 1 
451948099 10750 1783668782.225 1 
461949328 10751 1783668782.275 1 
471951913 10752 1783668782.325 1 
481948779 10753 1783668782.375 1 
491948792 10754 1783668782.425 1 
501948108 10755 1783668782.475 1 
511948980 10756 1783668782.525 1 
521948890 10757 1783668782.575 1 
531950022 10758 1783668782.625 1 
541950105 10759 1783668782.675 1 
551949136 10760 1783668782.725 1 
562040803 10761 1783668782.775 1 
571949327 10762 1783668782.825 1 
581949104 10763 1783668782.875 1 
591948814 10764 1783668782.925 1 
601948845 10765 1783668782.975 1 
611950229 10766 1783668783.025 1 
621948916 10767 1783668783.075 1 
631948886 10768 1783668783.125 1 
641947564 10769 1783668783.175 1 
651948747 10770 1783668783.225 1 
661947078 10771 1783668783.275 1 
671963347 10772 1783668783.325 1 
681948183 10773 1783668783.375 1 
691947961 10774 1783668783.425 1 
701947820 10775 1783668783.475 1 
711949662 10776 1783668783.525 1 
721950191 10777 1783668783.575 1 
731948954 10778 1783668783.625 1 
741949601 10779 1783668783.675 1 
751947381 10780 1783668783.725 1 
762040117 10781 1783668783.775 1 
771947296 10782 1783668783.825 1 
781949993 10783 1783668783.875 1 
791950481 10784 1783668783.925 1 
801948169 10785 1783668783.975 1 
811950009 10786 1783668784.025 1 
821949805 10787 1783668784.075 1 
831950551 10788 1783668784.125 1 
841949692 10789 1783668784.175 1 
851950785 10790 1783668784.225 1 
861949713 10791 1783668784.275 1 
871949137 10792 1783668784.325 1 
881963888 10793 1783668784.375 1 
891948512 10794 1783668784.425 1 
901949139 10795 1783668784.475 1 
911948380 10796 1783668784.525 1 
921949310 10797 1783668784.575 1 
931950116 10798 1783668784.625 1 
941947337 10799 1783668784.675 1 
951969275 10800 1783668784.725 1 
961965398 10801 1783668784.775 1 
971949698 10802 1783668784.825 1 
981949532 10803 1783668784.875 1 
991948821 10804 1783668784.925 1 
1001950252 10805 1783668784.975 1 
1011950507 10806 1783668785.025 1 
1021948699 10807 1783668785.075 1 
1031949287 10808 1783668785.125 1 
1041948441 10809 1783668785.175 1 
1051949349 10810 1783668785.225 1 
1061947701 10811 1783668785.275 1 
1071950444 10812 1783668785.325 1 
1081949575 10813 1783668785.375 1 
1091948768 10814 1783668785.425 1 
1101948530 10815 1783668785.475 1 
1111950311 10816 1783668785.525 1 
1121949908 10817 1783668785.575 1 
1131949558 10818 1783668785.625 1 
1141948154 10819 1783668785.675 1 
1151949051 10820 1783668785.725 1 
1161964469 10821 1783668785.775 1 
1172032002 10822 1783668785.825 1 
1181949432 10823 1783668785.876 1 
1191948291 10824 1783668785.925 1 
1201949650 10825 1783668785.975 1 
1211950938 10826 1783668786.025 1 
1221948877 10827 1783668786.077 1 
1231948395 10828 1783668786.125 1 
1241947995 10829 1783668786.175 1 
1251948835 10830 1783668786.225 1 
1261948221 10831 1783668786.275 1 
1272015868 10832 1783668786.325 1 
1281949609 10833 1783668786.376 1 
1291950211 10834 1783668786.425 1 
1301948474 10835 1783668786.475 1 
1311949965 10836 1783668786.525 1 
1321949317 10837 1783668786.575 1 
1331948966 10838 1783668786.625 1 
1341948612 10839 1783668786.675 1 
1351950945 10840 1783668786.725 1 
1362004395 10841 1783668786.775 1 
1371949271 10842 1783668786.825 1 
1381947869 10843 1783668786.875 1 
1391949334 10844 1783668786.925 1 
1401947468 10845 1783668786.975 1 
1411961233 10846 1783668787.025 1 
1421973440 10847 1783668787.075 1 
1431949447 10848 1783668787.125 1 
1441949429 10849 1783668787.175 1 
1451948969 10850 1783668787.225 1 
1461948122 10851 1783668787.275 1 
1471949012 10852 1783668787.325 1 
1481948108 10853 1783668787.375 1 
1491959335 10854 1783668787.425 1 
1501949683 10855 1783668787.475 1 
1511947698 10856 1783668787.525 1 
1521950252 10857 1783668787.575 1 
1531948862 10858 1783668787.625 1 
1541947207 10859 1783668787.675 1 
1551950378 10860 1783668787.725 1 
1561965321 10861 1783668787.775 1 
1571949269 10862 1783668787.825 1 
1581950353 10863 1783668787.875 1 
1591948240 10864 1783668787.925 1 
1601948827 10865 1783668787.975 1 
1611950372 10866 1783668788.025 1 
1621948489 10867 1783668788.075 1 
1631950200 10868 1783668788.125 1 
1641947883 10869 1783668788.175 1 
1651947610 10870 1783668788.225 1 
1661948320 10871 1783668788.275 1 
1671948649 10872 1783668788.325 1 
1682017056 10873 1783668788.375 1 
1691950465 10874 1783668788.425 1 
1701949189 10875 1783668788.475 1 
1711948223 10876 1783668788.525 1 
1721948234 10877 1783668788.575 1 
1731949937 10878 1783668788.625 1 
1741948939 10879 1783668788.675 1 
1751948826 10880 1783668788.725 1 
1762041215 10881 1783668788.775 1 
1771949574 10882 1783668788.826 1 
1781949168 10883 1783668788.875 1 
1791951449 10884 1783668788.925 1 
1801948972 10885 1783668788.975 1 
1811949516 10886 1783668789.025 1 
1821949931 10887 1783668789.075 1 
1831948471 10888 1783668789.125 1 
1841950012 10889 1783668789.175 1 
1851949974 10890 1783668789.225 1 
1861949830 10891 1783668789.275 1 
1871947603 10892 1783668789.325 1 
1881947600 10893 1783668789.375 1 
1891949772 10894 1783668789.425 1 
1902015696 10895 1783668789.475 1 
1911951094 10896 1783668789.525 1 
1921949333 10897 1783668789.575 1 
1931949148 10898 1783668789.625 1 
1941949940 10899 1783668789.675 1 
1951949819 10900 1783668789.725 1 
1962103086 10901 1783668789.775 1 
1971950018 10902 1783668789.826 1 
1981949469 10903 1783668789.876 1 
1991948805 10904 1783668789.925 1 
2001950200 10905 1783668789.975 1 
2011949082 10906 1783668790.025 1 
2021948907 10907 1783668790.075 1 
2031949627 10908 1783668790.125 1 
2041949058 10909 1783668790.175 1 
2051948127 10910 1783668790.225 1 
2061948002 10911 1783668790.275 1 
2071950217 10912 1783668790.325 1 
2081948931 10913 1783668790.375 1 
2091950523 10914 1783668790.425 1 
2101949872 10915 1783668790.475 1 
2111949713 10916 1783668790.525 1 
2121949381 10917 1783668790.575 1 
2131963964 10918 1783668790.625 1 
2141949295 10919 1783668790.675 1 
2151949952 10920 1783668790.725 1 
2162041128 10921 1783668790.775 1 
2171950079 10922 1783668790.826 1 
2182017865 10923 1783668790.875 1 
2191965849 10924 1783668790.926 1 
2201947973 10925 1783668790.975 1 
2211951175 10926 1783668791.025 1 
2221948295 10927 1783668791.077 1 
2232016107 10928 1783668791.125 1 
2241948041 10929 1783668791.176 1 
2251951011 10930 1783668791.225 1 
2261949062 10931 1783668791.275 1 
2271948886 10932 1783668791.325 1 
2281949272 10933 1783668791.375 1 
2291948653 10934 1783668791.425 1 
2301948866 10935 1783668791.475 1 
2311948042 10936 1783668791.525 1 
2321950318 10937 1783668791.575 1 
2331948161 10938 1783668791.625 1 
2341950437 10939 1783668791.675 1 
2351948021 10940 1783668791.725 1 
2362102241 10941 1783668791.775 1 
2371948668 10942 1783668791.826 1 
2381949498 10943 1783668791.875 1 
2391949881 10944 1783668791.925 1 
2401949811 10945 1783668791.975 1 
2411950153 10946 1783668792.026 1 
2421949308 10947 1783668792.076 1 
2432015673 10948 1783668792.125 1 
2442014778 10949 1783668792.176 1 
2451950197 10950 1783668792.226 1 
2461950717 10951 1783668792.275 1 
2471966418 10952 1783668792.325 1 
2481949505 10953 1783668792.376 1 
2491950117 10954 1783668792.426 1 
2501947658 10955 1783668792.476 1 
2511948850 10956 1783668792.525 1 
2521949163 10957 1783668792.575 1 
2531948911 10958 1783668792.625 1 
2541951357 10959 1783668792.675 1 
2551947954 10960 1783668792.725 1 
2562056563 10961 1783668792.775 1 
2571948521 10962 1783668792.826 1 
2581950304 10963 1783668792.876 1 
2591948586 10964 1783668792.926 1 
2601947946 10965 1783668792.975 1 
2611948703 10966 1783668793.026 1 
2621949831 10967 1783668793.076 1 
2631948669 10968 1783668793.126 1 
2641949055 10969 1783668793.175 1 
2651948877 10970 1783668793.226 1 
2661948045 10971 1783668793.276 1 
2671948634 10972 1783668793.326 1 
2682034080 10973 1783668793.375 1 
2692016461 10974 1783668793.426 1 
2701948989 10975 1783668793.476 1 
2711949620 10976 1783668793.526 1 
2721949257 10977 1783668793.576 1 
2731949139 10978 1783668793.626 1 
2741949851 10979 1783668793.675 1 
2751947551 10980 1783668793.726 1 
2761985093 10981 1783668793.775 1 
2771948383 10982 1783668793.826 1 
2781950686 10983 1783668793.876 1 
2791949250 10984 1783668793.926 1 
2801948146 10985 1783668793.975 1 
2812015966 10986 1783668794.026 1 
2821949987 10987 1783668794.076 1 
2831949985 10988 1783668794.125 1 
2841948596 10989 1783668794.176 1 
2851948960 10990 1783668794.225 1 
2861947687 10991 1783668794.276 1 
2871947838 10992 1783668794.325 1 
2881949846 10993 1783668794.376 1 
2891950351 10994 1783668794.425 1 
2901951523 10995 1783668794.476 1 
2912015928 10996 1783668794.525 1 
2921965740 10997 1783668794.576 1 
2931948185 10998 1783668794.626 1 
2941951257 10999 1783668794.676 1 
2951948179 11000 1783668794.725 1 
2961984469 11001 1783668794.776 1 
2971947289 11002 1783668794.826 1 
2982015563 11003 1783668794.876 1 
2991950495 11004 1783668794.926 1 
3001949339 11005 1783668794.976 1 
3011948829 11006 1783668795.025 1 
3021947602 11007 1783668795.076 1 
3031948958 11008 1783668795.125 1 
3041948408 11009 1783668795.176 1 
3051948386 11010 1783668795.225 1 
3061949381 11011 1783668795.276 1 
3071948522 11012 1783668795.325 1 
3082015987 11013 1783668795.376 1 
3091948927 11014 1783668795.426 1 
3101949839 11015 1783668795.476 1 
3111949998 11016 1783668795.525 1 
3121950415 11017 1783668795.576 1 
3131948439 11018 1783668795.625 1 
3141948662 11019 1783668795.676 1 
3151949305 11020 1783668795.725 1 
3161983802 11021 1783668795.776 1 
3171950261 11022 1783668795.826 1 
3181947690 11023 1783668795.876 1 
3191949262 11024 1783668795.926 1 
3201950253 11025 1783668795.976 1 
3211950179 11026 1783668796.026 1 
3221947834 11027 1783668796.076 1 
3231950900 11028 1783668796.126 1 
3241947483 11029 1783668796.176 1 
3251962639 11030 1783668796.225 1 
3261950761 11031 1783668796.276 1 
3271949554 11032 1783668796.325 1 
3281971368 11033 1783668796.376 1 
3291950362 11034 1783668796.426 1 
3301950113 11035 1783668796.476 1 
3311950391 11036 1783668796.525 1 
3321950242 11037 1783668796.576 1 
3331946814 11038 1783668796.626 1 
3341946325 11039 1783668796.676 1 
3351950263 11040 1783668796.726 1 
3362039950 11041 1783668796.776 1 
3371950211 11042 1783668796.826 1 
3381949950 11043 1783668796.876 1 
3392016800 11044 1783668796.926 1 
3401951151 11045 1783668796.976 1 
3411950026 11046 1783668797.026 1 
3421964398 11047 1783668797.076 1 
3431950354 11048 1783668797.126 1 
3441949514 11049 1783668797.176 1 
3451948001 11050 1783668797.226 1 
3461949249 11051 1783668797.276 1 
3471949512 11052 1783668797.326 1 
3481949935 11053 1783668797.376 1 
3491948247 11054 1783668797.426 1 
3501949837 11055 1783668797.476 1 
3511950920 11056 1783668797.526 1 
3521950728 11057 1783668797.576 1 
3531951274 11058 1783668797.626 1 
3542015710 11059 1783668797.676 1 
3551948780 11060 1783668797.726 1 
3561984508 11061 1783668797.776 1 
3571950256 11062 1783668797.826 1 
3582016075 11063 1783668797.876 1 
3591948879 11064 1783668797.926 1 
3602014941 11065 1783668797.976 1 
3612036529 11066 1783668798.026 1 
3621947840 11067 1783668798.076 1 
3631949887 11068 1783668798.126 1 
3641968646 11069 1783668798.176 1 
3651948054 11070 1783668798.226 1 
3661947795 11071 1783668798.276 1 
3671948144 11072 1783668798.326 1 
3681947848 11073 1783668798.376 1 
3691949502 11074 1783668798.426 1 
3701948161 11075 1783668798.476 1 
3711948578 11076 1783668798.526 1 
3721950075 11077 1783668798.576 1 
3731947904 11078 1783668798.626 1 
3741948787 11079 1783668798.676 1 
3751947801 11080 1783668798.726 1 
3762039974 11081 1783668798.776 1 
3771949150 11082 1783668798.826 1 
3781948839 11083 1783668798.876 1 
3791949068 11084 1783668798.926 1 
3802015161 11085 1783668798.976 1 
3811948887 11086 1783668799.026 1 
3821948298 11087 1783668799.076 1 
3831949198 11088 1783668799.126 1 
3841949507 11089 1783668799.176 1 
3851948113 11090 1783668799.226 1 
3861949462 11091 1783668799.276 1 
3871949149 11092 1783668799.326 1 
3881948164 11093 1783668799.376 1 
3891948488 11094 1783668799.426 1 
3901948452 11095 1783668799.476 1 
3912015581 11096 1783668799.526 1 
3921948105 11097 1783668799.576 1 
3931948151 11098 1783668799.626 1 
3941967105 11099 1783668799.676 1 
3951948952 11100 1783668799.726 1 
3961984884 11101 1783668799.776 1 
3971946858 11102 1783668799.826 1 
3981948679 11103 1783668799.876 1 
3991948677 11104 1783668799.926 1 
4002015976 11105 1783668799.976 1 
4011948373 11106 1783668800.026 1 
4022015707 11107 1783668800.076 1 
4031949079 11108 1783668800.126 1 
4041947897 11109 1783668800.176 1 
4051947631 11110 1783668800.226 1 
4061948623 11111 1783668800.276 1 
4071949309 11112 1783668800.326 1 
4081950037 11113 1783668800.376 1 
4091948506 11114 1783668800.426 1 
4101950681 11115 1783668800.476 1 
4111950273 11116 1783668800.526 1 
4121948621 11117 1783668800.576 1 
4131948669 11118 1783668800.626 1 
4141947934 11119 1783668800.676 1 
4152014798 11120 1783668800.726 1 
4161985051 11121 1783668800.776 1 
4171950671 11122 1783668800.826 1 
4181948768 11123 1783668800.876 1 
4191948301 11124 1783668800.926 1 
4201950941 11125 1783668800.976 1 
4212014982 11126 1783668801.026 1 
4221950344 11127 1783668801.076 1 
4231947463 11128 1783668801.127 1 
4241949670 11129 1783668801.176 1 
4251948907 11130 1783668801.226 1 
4261951828 11131 1783668801.276 1 
4272015286 11132 1783668801.326 1 
4281948717 11133 1783668801.376 1 
4291948909 11134 1783668801.426 1 
6981048 11135 1783668801.476 1 
16982566 11136 1783668801.526 1 
26981584 11137 1783668801.576 1 
36982495 11138 1783668801.626 1 
46981883 11139 1783668801.676 1 
56982584 11140 1783668801.726 1 
67073177 11141 1783668801.776 1 
76981378 11142 1783668801.826 1 
86982051 11143 1783668801.876 1 
96981129 11144 1783668801.926 1 
106981776 11145 1783668801.976 1 
116980828 11146 1783668802.026 1 
126982932 11147 1783668802.076 1 
136982958 11148 1783668802.126 1 
146998693 11149 1783668802.176 1 
156982242 11150 1783668802.226 1 
166982656 11151 1783668802.276 1 
176980700 11152 1783668802.326 1 
186982409 11153 1783668802.376 1 
196981197 11154 1783668802.426 1 
206982917 11155 1783668802.476 1 
216997102 11156 1783668802.526 1 
227048173 11157 1783668802.576 1 
236980918 11158 1783668802.626 1 
246983029 11159 1783668802.676 1 
256982554 11160 1783668802.726 1 
267016697 11161 1783668802.776 1 
276983109 11162 1783668802.826 1 
286981318 11163 1783668802.876 1 
296982178 11164 1783668802.926 1 
306982011 11165 1783668802.976 1 
316983375 11166 1783668803.026 1 
326983008 11167 1783668803.076 1 
336982818 11168 1783668803.126 1 
346982081 11169 1783668803.176 1 
356981575 11170 1783668803.226 1 
366997678 11171 1783668803.276 1 
376981861 11172 1783668803.326 1 
386981045 11173 1783668803.376 1 
397048141 11174 1783668803.426 1 
406981045 11175 1783668803.476 1 
416979994 11176 1783668803.526 1 
426981639 11177 1783668803.576 1 
436981322 11178 1783668803.626 1 
446983678 11179 1783668803.676 1 
456982205 11180 1783668803.726 1 
467058385 11181 1783668803.776 1 
477125173 11182 1783668803.826 1 
486982542 11183 1783668803.877 1 
496982412 11184 1783668803.926 1 
506981636 11185 1783668803.976 1 
516983167 11186 1783668804.026 1 
527049391 11187 1783668804.076 1 
536980267 11188 1783668804.126 1 
546983371 11189 1783668804.176 1 
556981104 11190 1783668804.226 1 
566981015 11191 1783668804.276 1 
577049527 11192 1783668804.326 1 
586983936 11193 1783668804.376 1 
596981868 11194 1783668804.426 1 
606984287 11195 1783668804.476 1 
616982263 11196 1783668804.526 1 
626982529 11197 1783668804.576 1 
636981186 11198 1783668804.626 1 
646981962 11199 1783668804.676 1 
656982393 11200 1783668804.726 1 
667075744 11201 1783668804.776 1 
676982855 11202 1783668804.826 1 
686981609 11203 1783668804.876 1 
697000472 11204 1783668804.926 1 
707048730 11205 1783668804.976 1 
716980988 11206 1783668805.026 1 
726981535 11207 1783668805.076 1 
736981989 11208 1783668805.126 1 
746981243 11209 1783668805.176 1 
756981822 11210 1783668805.226 1 
766982708 11211 1783668805.276 1 
776982405 11212 1783668805.326 1 
786982489 11213 1783668805.376 1 
796980678 11214 1783668805.426 1 
806982487 11215 1783668805.476 1 
816981030 11216 1783668805.526 1 
826980849 11217 1783668805.576 1 
836982312 11218 1783668805.626 1 
847048426 11219 1783668805.676 1 
856981621 11220 1783668805.726 1 
866998768 11221 1783668805.776 1 
876998530 11222 1783668805.826 1 
886981614 11223 1783668805.876 1 
896980954 11224 1783668805.926 1 
906982895 11225 1783668805.976 1 
916983217 11226 1783668806.026 1 
926982435 11227 1783668806.076 1 
936981092 11228 1783668806.127 1 
946981953 11229 1783668806.176 1 
956981183 11230 1783668806.226 1 
966981674 11231 1783668806.276 1 
976980935 11232 1783668806.326 1 
986981046 11233 1783668806.376 1 
996982916 11234 1783668806.426 1 
1006980319 11235 1783668806.476 1 
1016982423 11236 1783668806.526 1 
1026979411 11237 1783668806.576 1 
1037000403 11238 1783668806.626 1 
1046980769 11239 1783668806.676 1 
1056980650 11240 1783668806.726 1 
1066986402 11241 1783668806.776 1 
1076982629 11242 1783668806.826 1 
1086981932 11243 1783668806.876 1 
1096983275 11244 1783668806.926 1 
1106980703 11245 1783668806.976 1 
1117003531 11246 1783668807.026 1 
1126982230 11247 1783668807.076 1 
1136981040 11248 1783668807.126 1 
1146981297 11249 1783668807.176 1 
1157047774 11250 1783668807.226 1 
1166982604 11251 1783668807.276 1 
1176982792 11252 1783668807.326 1 
1186983381 11253 1783668807.376 1 
1196984285 11254 1783668807.426 1 
1207049362 11255 1783668807.476 1 
1216982647 11256 1783668807.526 1 
1226982981 11257 1783668807.576 1 
1236983988 11258 1783668807.626 1 
1246982239 11259 1783668807.676 1 
1256982783 11260 1783668807.726 1 
1266998339 11261 1783668807.776 1 
1276983039 11262 1783668807.826 1 
1286982329 11263 1783668807.876 1 
1296981414 11264 1783668807.926 1 
1306981146 11265 1783668807.976 1 
1316980582 11266 1783668808.026 1 
1326981222 11267 1783668808.076 1 
1336982175 11268 1783668808.126 1 
1346982314 11269 1783668808.176 1 
1356981914 11270 1783668808.226 1 
1366982078 11271 1783668808.276 1 
1376980493 11272 1783668808.326 1 
1386981768 11273 1783668808.376 1 
1396983223 11274 1783668808.426 1 
1407000614 11275 1783668808.476 1 
1416982961 11276 1783668808.526 1 
1426982203 11277 1783668808.576 1 
1436982259 11278 1783668808.626 1 
1446982074 11279 1783668808.676 1 
1456980280 11280 1783668808.726 1 
1467016836 11281 1783668808.776 1 
1476983296 11282 1783668808.826 1 
1486979925 11283 1783668808.876 1 
1496982197 11284 1783668808.926 1 
1506980820 11285 1783668808.976 1 
1516983053 11286 1783668809.026 1 
1526980996 11287 1783668809.076 1 
1536982820 11288 1783668809.126 1 
1546980326 11289 1783668809.176 1 
1556982795 11290 1783668809.226 1 
1566981799 11291 1783668809.276 1 
1576981054 11292 1783668809.326 1 
1586998266 11293 1783668809.376 1 
1596982035 11294 1783668809.426 1 
1606982207 11295 1783668809.476 1 
1616982645 11296 1783668809.526 1 
1626981642 11297 1783668809.576 1 
1636983400 11298 1783668809.626 1 
1646981533 11299 1783668809.676 1 
1656982382 11300 1783668809.726 1 
1667015200 11301 1783668809.776 1 
1676982585 11302 1783668809.826 1 
1686981488 11303 1783668809.876 1 
1696982050 11304 1783668809.926 1 
1706981255 11305 1783668809.976 1 
1716981944 11306 1783668810.026 1 
1726983732 11307 1783668810.076 1 
1736981779 11308 1783668810.126 1 
1746982078 11309 1783668810.176 1 
1756981311 11310 1783668810.226 1 
1766981167 11311 1783668810.276 1 
1776982775 11312 1783668810.326 1 
1786981412 11313 1783668810.376 1 
1796982498 11314 1783668810.426 1 
1806982410 11315 1783668810.476 1 
1816979244 11316 1783668810.526 1 
1826980765 11317 1783668810.576 1 
1837049625 11318 1783668810.626 1 
1846981955 11319 1783668810.677 1 
1856980741 11320 1783668810.726 1 
1867074503 11321 1783668810.776 1 
1876982914 11322 1783668810.827 1 
1886981858 11323 1783668810.876 1 
1896981916 11324 1783668810.926 1 
1906981620 11325 1783668810.976 1 
1916981255 11326 1783668811.026 1 
1926981501 11327 1783668811.076 1 
1936983288 11328 1783668811.127 1 
1946981466 11329 1783668811.176 1 
1956981154 11330 1783668811.226 1 
1967049665 11331 1783668811.276 1 
1976983346 11332 1783668811.327 1 
1986981841 11333 1783668811.376 1 
1996980956 11334 1783668811.426 1 
2006982542 11335 1783668811.476 1 
2016983492 11336 1783668811.526 1 
2026981721 11337 1783668811.576 1 
2036981331 11338 1783668811.626 1 
2046984871 11339 1783668811.676 1 
2056980654 11340 1783668811.726 1 
2067073629 11341 1783668811.776 1 
2077025562 11342 1783668811.827 1 
2086981571 11343 1783668811.877 1 
2096997193 11344 1783668811.926 1 
2106983216 11345 1783668811.976 1 
2116982343 11346 1783668812.026 1 
2126980656 11347 1783668812.076 1 
2136981729 11348 1783668812.126 1 
2146982194 11349 1783668812.176 1 
2156982044 11350 1783668812.226 1 
2166981815 11351 1783668812.276 1 
2176983025 11352 1783668812.326 1 
2186980122 11353 1783668812.376 1 
2197048203 11354 1783668812.426 1 
2206979591 11355 1783668812.477 1 
2216981108 11356 1783668812.526 1 
2226981924 11357 1783668812.576 1 
2236982804 11358 1783668812.626 1 
2246982204 11359 1783668812.676 1 
2256983079 11360 1783668812.726 1 
2267073976 11361 1783668812.776 1 
2276982242 11362 1783668812.827 1 
2286980740 11363 1783668812.876 1 
2296981645 11364 1783668812.926 1 
2306982531 11365 1783668812.976 1 
2316981551 11366 1783668813.026 1 
2326984553 11367 1783668813.076 1 
2336981867 11368 1783668813.126 1 
2346980240 11369 1783668813.176 1 
2356981202 11370 1783668813.226 1 
2366980769 11371 1783668813.276 1 
2376982600 11372 1783668813.326 1 
2386981949 11373 1783668813.376 1 
2396981105 11374 1783668813.426 1 
2406983851 11375 1783668813.476 1 
2416980766 11376 1783668813.526 1 
2426980560 11377 1783668813.576 1 
2436980274 11378 1783668813.626 1 
2446980815 11379 1783668813.676 1 
2456981815 11380 1783668813.726 1 
2466998468 11381 1783668813.776 1 
2476982169 11382 1783668813.826 1 
2486981229 11383 1783668813.876 1 
2496982012 11384 1783668813.926 1 
2506983053 11385 1783668813.976 1 
2516981536 11386 1783668814.026 1 
2526981337 11387 1783668814.077 1 
2536982651 11388 1783668814.126 1 
2546981199 11389 1783668814.176 1 
2556995470 11390 1783668814.226 1 
2566980444 11391 1783668814.276 1 
2576984220 11392 1783668814.326 1 
2586982635 11393 1783668814.376 1 
2596981717 11394 1783668814.426 1 
2606981427 11395 1783668814.476 1 
2616980116 11396 1783668814.526 1 
2626981697 11397 1783668814.576 1 
2636981925 11398 1783668814.626 1 
2646983354 11399 1783668814.676 1 
2656983062 11400 1783668814.726 1 
2666997311 11401 1783668814.777 1 
2676981272 11402 1783668814.827 1 
2686982568 11403 1783668814.877 1 
2696981343 11404 1783668814.927 1 
2707048856 11405 1783668814.976 1 
2716982744 11406 1783668815.027 1 
2726982101 11407 1783668815.076 1 
2736982517 11408 1783668815.127 1 
2746981382 11409 1783668815.176 1 
2756981732 11410 1783668815.227 1 
2766981012 11411 1783668815.276 1 
2776997101 11412 1783668815.326 1 
2786981584 11413 1783668815.376 1 
2796982763 11414 1783668815.427 1 
2806981755 11415 1783668815.477 1 
2816981472 11416 1783668815.527 1 
2826982494 11417 1783668815.576 1 
2836981462 11418 1783668815.627 1 
2846983450 11419 1783668815.676 1 
2856980136 11420 1783668815.727 1 
2866986512 11421 1783668815.776 1 
2876981818 11422 1783668815.827 1 
2886983086 11423 1783668815.877 1 
2896982717 11424 1783668815.926 1 
2906981955 11425 1783668815.976 1 
2916980313 11426 1783668816.027 1 
2926981565 11427 1783668816.076 1 
2936981999 11428 1783668816.127 1 
2946982694 11429 1783668816.176 1 
2956981090 11430 1783668816.227 1 
2966981025 11431 1783668816.276 1 
2976982268 11432 1783668816.327 1 
2986981612 11433 1783668816.376 1 
2996981463 11434 1783668816.427 1 
3006982316 11435 1783668816.476 1 
3017048755 11436 1783668816.527 1 
3026982951 11437 1783668816.577 1 
3036982308 11438 1783668816.627 1 
3046983363 11439 1783668816.676 1 
3056980848 11440 1783668816.727 1 
3066998210 11441 1783668816.776 1 
3076984598 11442 1783668816.827 1 
3086980948 11443 1783668816.877 1 
3096982798 11444 1783668816.927 1 
3106981809 11445 1783668816.977 1 
3116981815 11446 1783668817.027 1 
3127047018 11447 1783668817.077 1 
3136998820 11448 1783668817.127 1 
3147050347 11449 1783668817.177 1 
3156982287 11450 1783668817.227 1 
3166982486 11451 1783668817.277 1 
3176981512 11452 1783668817.327 1 
3186982972 11453 1783668817.376 1 
3196982537 11454 1783668817.427 1 
3206983409 11455 1783668817.477 1 
3217049671 11456 1783668817.527 1 
3226982033 11457 1783668817.577 1 
3236981756 11458 1783668817.627 1 
3246980600 11459 1783668817.676 1 
3256981781 11460 1783668817.727 1 
3267027735 11461 1783668817.777 1 
3276981477 11462 1783668817.827 1 
3286981386 11463 1783668817.877 1 
3296981405 11464 1783668817.927 1 
3306982396 11465 1783668817.976 1 
3316982940 11466 1783668818.027 1 
3326981139 11467 1783668818.077 1 
3336982871 11468 1783668818.127 1 
3346983093 11469 1783668818.177 1 
3356983126 11470 1783668818.227 1 
3366982106 11471 1783668818.277 1 
3376980942 11472 1783668818.327 1 
3387048738 11473 1783668818.377 1 
3396996182 11474 1783668818.427 1 
3406982869 11475 1783668818.477 1 
3416982100 11476 1783668818.527 1 
3426981419 11477 1783668818.577 1 
3436981173 11478 1783668818.627 1 
3446981319 11479 1783668818.677 1 
3457048257 11480 1783668818.727 1 
3467017236 11481 1783668818.777 1 
3476982645 11482 1783668818.827 1 
3486982229 11483 1783668818.877 1 
3496982300 11484 1783668818.927 1 
3506980764 11485 1783668818.977 1 
3516982783 11486 1783668819.027 1 
3526982464 11487 1783668819.077 1 
3536981017 11488 1783668819.127 1 
3546983653 11489 1783668819.177 1 
3556983357 11490 1783668819.227 1 
3566980858 11491 1783668819.277 1 
3576980992 11492 1783668819.327 1 
3586981839 11493 1783668819.377 1 
3596982099 11494 1783668819.427 1 
3606982067 11495 1783668819.476 1 
3616981646 11496 1783668819.526 1 
3626982728 11497 1783668819.577 1 
3636981940 11498 1783668819.627 1 
3646981597 11499 1783668819.677 1 
3656981963 11500 1783668819.727 1 
3667040771 11501 1783668819.777 1 
3677124702 11502 1783668819.827 1 
3686981842 11503 1783668819.877 1 
3696981988 11504 1783668819.927 1 
3706980725 11505 1783668819.977 1 
3716981735 11506 1783668820.027 1 
3726981244 11507 1783668820.077 1 
3736981453 11508 1783668820.127 1 
3746981894 11509 1783668820.177 1 
3756980368 11510 1783668820.227 1 
3766980855 11511 1783668820.277 1 
3776983324 11512 1783668820.327 1 
3786982632 11513 1783668820.377 1 
3796982887 11514 1783668820.427 1 
3806981722 11515 1783668820.477 1 
3816980062 11516 1783668820.527 1 
3826997969 11517 1783668820.577 1 
3836981963 11518 1783668820.627 1 
3846980600 11519 1783668820.677 1 
3856980388 11520 1783668820.727 1 
3866999583 11521 1783668820.777 1 
3876981806 11522 1783668820.827 1 
3886981296 11523 1783668820.877 1 
3896982779 11524 1783668820.927 1 
3906980103 11525 1783668820.977 1 
3916980593 11526 1783668821.027 1 
3926982735 11527 1783668821.077 1 
3936981456 11528 1783668821.127 1 
3946981753 11529 1783668821.177 1 
3956982453 11530 1783668821.227 1 
3966982432 11531 1783668821.277 1 
3977048743 11532 1783668821.327 1 
3986980635 11533 1783668821.377 1 
3996980768 11534 1783668821.427 1 
4006982863 11535 1783668821.477 1 
4016981148 11536 1783668821.527 1 
4026980875 11537 1783668821.577 1 
4037066691 11538 1783668821.627 1 
4046981667 11539 1783668821.677 1 
4056980834 11540 1783668821.727 1 
4066999007 11541 1783668821.777 1 
4076980726 11542 1783668821.827 1 
4086983478 11543 1783668821.877 1 
4096980198 11544 1783668821.927 1 
4106981676 11545 1783668821.977 1 
4116980455 11546 1783668822.027 1 
4126980779 11547 1783668822.077 1 
4136982581 11548 1783668822.127 1 
4146979950 11549 1783668822.177 1 
4156981125 11550 1783668822.227 1 
4166982021 11551 1783668822.277 1 
4176981683 11552 1783668822.327 1 
4186982901 11553 1783668822.377 1 
4196980266 11554 1783668822.427 1 
4206981524 11555 1783668822.477 1 
4216981493 11556 1783668822.527 1 
4226983487 11557 1783668822.577 1 
4236979817 11558 1783668822.627 1 
4246982385 11559 1783668822.677 1 
4256981277 11560 1783668822.727 1 
4267061346 11561 1783668822.777 1 
4277123841 11562 1783668822.827 1 
4286979906 11563 1783668822.878 1 
2013954 11564 1783668822.927 1 
12013768 11565 1783668822.977 1 
22014684 11566 1783668823.027 1 
32015952 11567 1783668823.077 1 
42014348 11568 1783668823.127 1 
52014543 11569 1783668823.177 1 
62015265 11570 1783668823.227 1 
72013725 11571 1783668823.277 1 
82014269 11572 1783668823.327 1 
92013591 11573 1783668823.377 1 
102014404 11574 1783668823.427 1 
112014999 11575 1783668823.477 1 
122014848 11576 1783668823.527 1 
132014385 11577 1783668823.577 1 
142016301 11578 1783668823.627 1 
152014449 11579 1783668823.677 1 
162014859 11580 1783668823.727 1 
172104453 11581 1783668823.777 1 
182011348 11582 1783668823.827 1 
192080183 11583 1783668823.877 1 
202013426 11584 1783668823.927 1 
212014380 11585 1783668823.977 1 
222015916 11586 1783668824.027 1 
232080858 11587 1783668824.077 1 
242014698 11588 1783668824.127 1 
252014778 11589 1783668824.177 1 
262015848 11590 1783668824.227 1 
272013192 11591 1783668824.277 1 
282015303 11592 1783668824.327 1 
292014196 11593 1783668824.377 1 
302014948 11594 1783668824.427 1 
312013263 11595 1783668824.477 1 
322014719 11596 1783668824.527 1 
332014005 11597 1783668824.577 1 
342014236 11598 1783668824.627 1 
352016091 11599 1783668824.677 1 
362015257 11600 1783668824.727 1 
372030428 11601 1783668824.777 1 
382015498 11602 1783668824.827 1 
392017212 11603 1783668824.877 1 
402015328 11604 1783668824.927 1 
412013713 11605 1783668824.977 1 
422014209 11606 1783668825.027 1 
432014673 11607 1783668825.077 1 
442015185 11608 1783668825.127 1 
452014789 11609 1783668825.177 1 
462015754 11610 1783668825.227 1 
472081597 11611 1783668825.277 1 
482012982 11612 1783668825.327 1 
492015467 11613 1783668825.377 1 
502014718 11614 1783668825.427 1 
512014929 11615 1783668825.477 1 
522015085 11616 1783668825.527 1 
532016435 11617 1783668825.577 1 
542082307 11618 1783668825.627 1 
552014669 11619 1783668825.677 1 
562014442 11620 1783668825.727 1 
572019264 11621 1783668825.777 1 
582015094 11622 1783668825.827 1 
592012359 11623 1783668825.877 1 
602013431 11624 1783668825.927 1 
612013792 11625 1783668825.977 1 
622013914 11626 1783668826.027 1 
632014084 11627 1783668826.077 1 
642013040 11628 1783668826.128 1 
652014527 11629 1783668826.177 1 
662082842 11630 1783668826.227 1 
672081370 11631 1783668826.277 1 
682081288 11632 1783668826.327 1 
692013939 11633 1783668826.377 1 
702014374 11634 1783668826.427 1 
712013269 11635 1783668826.477 1 
722014731 11636 1783668826.527 1 
732011828 11637 1783668826.577 1 
742014030 11638 1783668826.627 1 
752015883 11639 1783668826.677 1 
762013810 11640 1783668826.727 1 
772082595 11641 1783668826.777 1 
782178343 11642 1783668826.827 1 
792014910 11643 1783668826.878 1 
802014236 11644 1783668826.927 1 
812016254 11645 1783668826.977 1 
822013500 11646 1783668827.027 1 
832013519 11647 1783668827.077 1 
842015270 11648 1783668827.127 1 
852016088 11649 1783668827.177 1 
862014282 11650 1783668827.227 1 
872013554 11651 1783668827.277 1 
882081824 11652 1783668827.327 1 
892014221 11653 1783668827.377 1 
902014570 11654 1783668827.427 1 
912013704 11655 1783668827.477 1 
922013279 11656 1783668827.527 1 
932015978 11657 1783668827.577 1 
942013181 11658 1783668827.627 1 
952014973 11659 1783668827.677 1 
962013012 11660 1783668827.727 1 
972049050 11661 1783668827.777 1 
982014292 11662 1783668827.827 1 
992015258 11663 1783668827.877 1 
1002013453 11664 1783668827.927 1 
1012015021 11665 1783668827.977 1 
1022014997 11666 1783668828.027 1 
1032016170 11667 1783668828.077 1 
1042015548 11668 1783668828.127 1 
1052015917 11669 1783668828.177 1 
1062014429 11670 1783668828.227 1 
1072014495 11671 1783668828.277 1 
1082014299 11672 1783668828.327 1 
1092013801 11673 1783668828.377 1 
1102039677 11674 1783668828.427 1 
1112014807 11675 1783668828.477 1 
1122033775 11676 1783668828.527 1 
1132014930 11677 1783668828.577 1 
1142014233 11678 1783668828.627 1 
1152013086 11679 1783668828.677 1 
1162012659 11680 1783668828.727 1 
1172021979 11681 1783668828.777 1 
1182015570 11682 1783668828.827 1 
1192013361 11683 1783668828.877 1 
1202014685 11684 1783668828.927 1 
1212014698 11685 1783668828.977 1 
1222014212 11686 1783668829.027 1 
1232014358 11687 1783668829.077 1 
1242013349 11688 1783668829.127 1 
1252015652 11689 1783668829.177 1 
1262012739 11690 1783668829.227 1 
1272015726 11691 1783668829.277 1 
1282014673 11692 1783668829.327 1 
1292015037 11693 1783668829.377 1 
1302013489 11694 1783668829.427 1 
1312015058 11695 1783668829.477 1 
1322030208 11696 1783668829.527 1 
1332014557 11697 1783668829.577 1 
1342013108 11698 1783668829.627 1 
1352014596 11699 1783668829.677 1 
1362014415 11700 1783668829.727 1 
1372050720 11701 1783668829.777 1 
1382014379 11702 1783668829.827 1 
1392014669 11703 1783668829.877 1 
1402015628 11704 1783668829.927 1 
1412014349 11705 1783668829.977 1 
1422015999 11706 1783668830.027 1 
1432016063 11707 1783668830.077 1 
1442014231 11708 1783668830.127 1 
1452014718 11709 1783668830.177 1 
1462015034 11710 1783668830.227 1 
1472014014 11711 1783668830.277 1 
1482082208 11712 1783668830.327 1 
1492015458 11713 1783668830.378 1 
1502013803 11714 1783668830.427 1 
1512030862 11715 1783668830.477 1 
1522015977 11716 1783668830.527 1 
1532016330 11717 1783668830.577 1 
1542015086 11718 1783668830.627 1 
1552016061 11719 1783668830.677 1 
1562013977 11720 1783668830.727 1 
1572107239 11721 1783668830.777 1 
1582015863 11722 1783668830.828 1 
1592014023 11723 1783668830.877 1 
1602014746 11724 1783668830.927 1 
1612081530 11725 1783668830.977 1 
1622014745 11726 1783668831.028 1 
1632015627 11727 1783668831.077 1 
1642080299 11728 1783668831.129 1 
1652014134 11729 1783668831.178 1 
1662015559 11730 1783668831.227 1 
1672014736 11731 1783668831.277 1 
1682014907 11732 1783668831.327 1 
1692015387 11733 1783668831.377 1 
1702013363 11734 1783668831.427 1 
1712013833 11735 1783668831.477 1 
1722014646 11736 1783668831.527 1 
1732014098 11737 1783668831.577 1 
1742030571 11738 1783668831.627 1 
1752013011 11739 1783668831.677 1 
1762014992 11740 1783668831.727 1 
1772030338 11741 1783668831.777 1 
1782015254 11742 1783668831.827 1 
1792014633 11743 1783668831.877 1 
1802013867 11744 1783668831.927 1 
1812016261 11745 1783668831.977 1 
1822014875 11746 1783668832.027 1 
1832014205 11747 1783668832.077 1 
1842015967 11748 1783668832.127 1 
1852014754 11749 1783668832.177 1 
1862032078 11750 1783668832.227 1 
1872015687 11751 1783668832.277 1 
1882014664 11752 1783668832.327 1 
1892012457 11753 1783668832.377 1 
1902014362 11754 1783668832.427 1 
1912013178 11755 1783668832.477 1 
1922014458 11756 1783668832.527 1 
1932014137 11757 1783668832.577 1 
1942014726 11758 1783668832.627 1 
1952014766 11759 1783668832.677 1 
1962014692 11760 1783668832.727 1 
1972106857 11761 1783668832.777 1 
1982014990 11762 1783668832.828 1 
1992014907 11763 1783668832.877 1 
2002013855 11764 1783668832.927 1 
2012015792 11765 1783668832.977 1 
2022014885 11766 1783668833.027 1 
2032014534 11767 1783668833.077 1 
2042014989 11768 1783668833.127 1 
2052014946 11769 1783668833.177 1 
2062015055 11770 1783668833.227 1 
2072032262 11771 1783668833.277 1 
2082015253 11772 1783668833.327 1 
2092016049 11773 1783668833.377 1 
2102015291 11774 1783668833.427 1 
2112014993 11775 1783668833.477 1 
2122014729 11776 1783668833.527 1 
2132014634 11777 1783668833.577 1 
2142014930 11778 1783668833.627 1 
2152015196 11779 1783668833.677 1 
2162014354 11780 1783668833.727 1 
2172050003 11781 1783668833.777 1 
2182015261 11782 1783668833.828 1 
2192015912 11783 1783668833.877 1 
2202014419 11784 1783668833.927 1 
2212014509 11785 1783668833.977 1 
2222012849 11786 1783668834.027 1 
2232012553 11787 1783668834.077 1 
2242013603 11788 1783668834.127 1 
2252013630 11789 1783668834.177 1 
2262013010 11790 1783668834.227 1 
2272082269 11791 1783668834.277 1 
2282015439 11792 1783668834.328 1 
2292014569 11793 1783668834.377 1 
2302014610 11794 1783668834.427 1 
2312017560 11795 1783668834.477 1 
2322013575 11796 1783668834.527 1 
2332014214 11797 1783668834.577 1 
2342015013 11798 1783668834.627 1 
2352015094 11799 1783668834.677 1 
2362081114 11800 1783668834.727 1 
2372050126 11801 1783668834.778 1 
2382015030 11802 1783668834.828 1 
2392082161 11803 1783668834.877 1 
2402081687 11804 1783668834.928 1 
2412014931 11805 1783668834.978 1 
2422015537 11806 1783668835.027 1 
2432013647 11807 1783668835.077 1 
2442014081 11808 1783668835.127 1 
2452014187 11809 1783668835.177 1 
2462013227 11810 1783668835.227 1 
2472014481 11811 1783668835.277 1 
2482015424 11812 1783668835.327 1 
2492016581 11813 1783668835.377 1 
2502016144 11814 1783668835.427 1 
2512014346 11815 1783668835.477 1 
2522014088 11816 1783668835.527 1 
2532015011 11817 1783668835.577 1 
2542014250 11818 1783668835.627 1 
2552080296 11819 1783668835.677 1 
2562017024 11820 1783668835.728 1 
2572050025 11821 1783668835.777 1 
2582014154 11822 1783668835.828 1 
2592017013 11823 1783668835.878 1 
2602015672 11824 1783668835.928 1 
2612014937 11825 1783668835.977 1 
2622014801 11826 1783668836.027 1 
2632014721 11827 1783668836.077 1 
2642014196 11828 1783668836.127 1 
2652013407 11829 1783668836.177 1 
2662081805 11830 1783668836.227 1 
2672015300 11831 1783668836.278 1 
2682012917 11832 1783668836.327 1 
2692014741 11833 1783668836.377 1 
2702016161 11834 1783668836.427 1 
2712015408 11835 1783668836.477 1 
2722014817 11836 1783668836.527 1 
2732012823 11837 1783668836.577 1 
2742014962 11838 1783668836.627 1 
2752014725 11839 1783668836.677 1 
2762015514 11840 1783668836.727 1 
2772049561 11841 1783668836.777 1 
2782014841 11842 1783668836.828 1 
2792013713 11843 1783668836.878 1 
2802013286 11844 1783668836.928 1 
2812014850 11845 1783668836.977 1 
2822014371 11846 1783668837.027 1 
2832015408 11847 1783668837.078 1 
2842014421 11848 1783668837.127 1 
2852013563 11849 1783668837.177 1 
2862029744 11850 1783668837.227 1 
2872014014 11851 1783668837.278 1 
2882014494 11852 1783668837.327 1 
2892015786 11853 1783668837.377 1 
2902015069 11854 1783668837.427 1 
2912013821 11855 1783668837.477 1 
2922015980 11856 1783668837.527 1 
2932015199 11857 1783668837.577 1 
2942014624 11858 1783668837.627 1 
2952015165 11859 1783668837.678 1 
2962014713 11860 1783668837.727 1 
2972106227 11861 1783668837.777 1 
2982014602 11862 1783668837.828 1 
2992014923 11863 1783668837.878 1 
3002013320 11864 1783668837.927 1 
3012015335 11865 1783668837.978 1 
3022014179 11866 1783668838.027 1 
3032014114 11867 1783668838.078 1 
3042015341 11868 1783668838.127 1 
3052013377 11869 1783668838.178 1 
3062013932 11870 1783668838.228 1 
3072016412 11871 1783668838.278 1 
3082014209 11872 1783668838.328 1 
3092012995 11873 1783668838.378 1 
3102015023 11874 1783668838.427 1 
3112014999 11875 1783668838.477 1 
3122013891 11876 1783668838.528 1 
3132015823 11877 1783668838.577 1 
3142016715 11878 1783668838.628 1 
3152014839 11879 1783668838.677 1 
3162015001 11880 1783668838.728 1 
3172050788 11881 1783668838.777 1 
3182013444 11882 1783668838.828 1 
3192015148 11883 1783668838.878 1 
3202014838 11884 1783668838.928 1 
3212014225 11885 1783668838.978 1 
3222034547 11886 1783668839.028 1 
3232014680 11887 1783668839.078 1 
3242015138 11888 1783668839.128 1 
3252015705 11889 1783668839.178 1 
3262016510 11890 1783668839.228 1 
3272014154 11891 1783668839.278 1 
3282014087 11892 1783668839.328 1 
3292015243 11893 1783668839.378 1 
3302016782 11894 1783668839.428 1 
3312016461 11895 1783668839.477 1 
3322013316 11896 1783668839.528 1 
3332014528 11897 1783668839.577 1 
3342014439 11898 1783668839.628 1 
3352015201 11899 1783668839.677 1 
3362013865 11900 1783668839.728 1 
3372030823 11901 1783668839.778 1 
3382015322 11902 1783668839.828 1 
3392016375 11903 1783668839.878 1 
3402014229 11904 1783668839.928 1 
3412014395 11905 1783668839.978 1 
3422013603 11906 1783668840.028 1 
3432014564 11907 1783668840.078 1 
3442014840 11908 1783668840.128 1 
3452015699 11909 1783668840.178 1 
3462014249 11910 1783668840.228 1 
3472014887 11911 1783668840.278 1 
3482014021 11912 1783668840.328 1 
3492081533 11913 1783668840.378 1 
3502014969 11914 1783668840.428 1 
3512013964 11915 1783668840.478 1 
3522015005 11916 1783668840.528 1 
3532015002 11917 1783668840.578 1 
3542032561 11918 1783668840.628 1 
3552015677 11919 1783668840.678 1 
3562014678 11920 1783668840.728 1 
3572049641 11921 1783668840.778 1 
3582015152 11922 1783668840.828 1 
3592080708 11923 1783668840.878 1 
3602014121 11924 1783668840.928 1 
3612014119 11925 1783668840.978 1 
3622016748 11926 1783668841.028 1 
3632014491 11927 1783668841.078 1 
3642013810 11928 1783668841.128 1 
3652013965 11929 1783668841.179 1 
3662014791 11930 1783668841.228 1 
3672014605 11931 1783668841.278 1 
3682014849 11932 1783668841.328 1 
3692016054 11933 1783668841.378 1 
3702016978 11934 1783668841.428 1 
3712016010 11935 1783668841.478 1 
3722014445 11936 1783668841.528 1 
3732014599 11937 1783668841.578 1 
3742014678 11938 1783668841.628 1 
3752015096 11939 1783668841.678 1 
3762015200 11940 1783668841.728 1 
3772049901 11941 1783668841.778 1 
3782082047 11942 1783668841.828 1 
3792013227 11943 1783668841.878 1 
3802015223 11944 1783668841.928 1 
3812013974 11945 1783668841.978 1 
3822014055 11946 1783668842.028 1 
3832013198 11947 1783668842.078 1 
3842015592 11948 1783668842.128 1 
3852014542 11949 1783668842.178 1 
3862015235 11950 1783668842.228 1 
3872013730 11951 1783668842.278 1 
3882016210 11952 1783668842.328 1 
3892014598 11953 1783668842.378 1 
3902014781 11954 1783668842.428 1 
3912014677 11955 1783668842.478 1 
3922014605 11956 1783668842.528 1 
3932015115 11957 1783668842.578 1 
3942012699 11958 1783668842.628 1 
3952014849 11959 1783668842.678 1 
3962014721 11960 1783668842.728 1 
3972030584 11961 1783668842.778 1 
3982015813 11962 1783668842.828 1 
3992013117 11963 1783668842.878 1 
4002015577 11964 1783668842.928 1 
4012013452 11965 1783668842.978 1 
4022014894 11966 1783668843.028 1 
4032012522 11967 1783668843.078 1 
4042015020 11968 1783668843.128 1 
4052014140 11969 1783668843.178 1 
4062014536 11970 1783668843.228 1 
4072016579 11971 1783668843.278 1 
4082014216 11972 1783668843.328 1 
4092015238 11973 1783668843.378 1 
4102014176 11974 1783668843.428 1 
4112014199 11975 1783668843.478 1 
4122013145 11976 1783668843.528 1 
4132016538 11977 1783668843.578 1 
4142014733 11978 1783668843.628 1 
4152014526 11979 1783668843.678 1 
4162014610 11980 1783668843.728 1 
4172018643 11981 1783668843.778 1 
4182013923 11982 1783668843.828 1 
4192014038 11983 1783668843.878 1 
4202014410 11984 1783668843.928 1 
4212014293 11985 1783668843.978 1 
4222014922 11986 1783668844.028 1 
4232015372 11987 1783668844.078 1 
4242016054 11988 1783668844.128 1 
4252012449 11989 1783668844.178 1 
4262015862 11990 1783668844.228 1 
4272014205 11991 1783668844.278 1 
4282014401 11992 1783668844.328 1 
4292013702 11993 1783668844.378 1 
7048933 11994 1783668844.428 1 
17046866 11995 1783668844.478 1 
27047237 11996 1783668844.528 1 
37048538 11997 1783668844.578 1 
47047661 11998 1783668844.628 1 
57047221 11999 1783668844.678 1 
67048554 12000 1783668844.728 1 
77139957 12001 1783668844.778 1 
87047398 12002 1783668844.828 1 
97047479 12003 1783668844.878 1 
107046552 12004 1783668844.928 1 
117049520 12005 1783668844.978 1 
127045756 12006 1783668845.028 1 
137047955 12007 1783668845.078 1 
147104050 12008 1783668845.128 1 
157046734 12009 1783668845.178 1 
167046585 12010 1783668845.228 1 
177047892 12011 1783668845.278 1 
187046784 12012 1783668845.328 1 
197046923 12013 1783668845.378 1 
207047568 12014 1783668845.428 1 
217047649 12015 1783668845.478 1 
227047754 12016 1783668845.528 1 
237047433 12017 1783668845.578 1 
247047663 12018 1783668845.628 1 
257048191 12019 1783668845.678 1 
267048918 12020 1783668845.728 1 
277063942 12021 1783668845.778 1 
287069083 12022 1783668845.828 1 
297047044 12023 1783668845.878 1 
307046907 12024 1783668845.928 1 
317047278 12025 1783668845.978 1 
327047320 12026 1783668846.028 1 
337046986 12027 1783668846.078 1 
347045984 12028 1783668846.128 1 
357045927 12029 1783668846.179 1 
367048213 12030 1783668846.228 1 
377046218 12031 1783668846.278 1 
387113653 12032 1783668846.328 1 
397049912 12033 1783668846.378 1 
407058572 12034 1783668846.428 1 
417048494 12035 1783668846.478 1 
427047230 12036 1783668846.528 1 
437046977 12037 1783668846.578 1 
447047073 12038 1783668846.628 1 
457048543 12039 1783668846.678 1 
467047662 12040 1783668846.728 1 
477061426 12041 1783668846.778 1 
487049802 12042 1783668846.828 1 
497047644 12043 1783668846.878 1 
507047573 12044 1783668846.928 1 
517046421 12045 1783668846.978 1 
527064688 12046 1783668847.028 1 
537047672 12047 1783668847.078 1 
547046766 12048 1783668847.128 1 
557047543 12049 1783668847.178 1 
567048445 12050 1783668847.228 1 
577049048 12051 1783668847.278 1 
587047459 12052 1783668847.328 1 
597046284 12053 1783668847.378 1 
607047380 12054 1783668847.428 1 
617048224 12055 1783668847.478 1 
627046246 12056 1783668847.528 1 
637046546 12057 1783668847.578 1 
647047756 12058 1783668847.628 1 
657048143 12059 1783668847.678 1 
667047470 12060 1783668847.728 1 
677063932 12061 1783668847.778 1 
687047542 12062 1783668847.828 1 
697048838 12063 1783668847.878 1 
707045858 12064 1783668847.928 1 
717048055 12065 1783668847.978 1 
727046527 12066 1783668848.028 1 
737046810 12067 1783668848.078 1 
747047332 12068 1783668848.128 1 
757048674 12069 1783668848.178 1 
767046755 12070 1783668848.228 1 
777046355 12071 1783668848.278 1 
787048947 12072 1783668848.328 1 
797047018 12073 1783668848.378 1 
807047140 12074 1783668848.428 1 
817049736 12075 1783668848.478 1 
827048114 12076 1783668848.528 1 
837048695 12077 1783668848.578 1 
847046311 12078 1783668848.628 1 
857048390 12079 1783668848.678 1 
867047179 12080 1783668848.728 1 
877139780 12081 1783668848.778 1 
887048506 12082 1783668848.828 1 
897048726 12083 1783668848.878 1 
907048832 12084 1783668848.928 1 
917048184 12085 1783668848.978 1 
927047962 12086 1783668849.028 1 
937047623 12087 1783668849.078 1 
947047368 12088 1783668849.128 1 
957048183 12089 1783668849.178 1 
967047639 12090 1783668849.228 1 
977048274 12091 1783668849.278 1 
987046818 12092 1783668849.328 1 
997048223 12093 1783668849.378 1 
1007046308 12094 1783668849.428 1 
1017045913 12095 1783668849.478 1 
1027047339 12096 1783668849.528 1 
1037046359 12097 1783668849.578 1 
1047046078 12098 1783668849.628 1 
1057047195 12099 1783668849.678 1 
1067048269 12100 1783668849.728 1 
1077139950 12101 1783668849.778 1 
1087048429 12102 1783668849.829 1 
1097048478 12103 1783668849.878 1 
1107048611 12104 1783668849.928 1 
1117049367 12105 1783668849.978 1 
1127048420 12106 1783668850.028 1 
1137047988 12107 1783668850.078 1 
1147047466 12108 1783668850.128 1 
1157047987 12109 1783668850.178 1 
1167047027 12110 1783668850.228 1 
1177047703 12111 1783668850.278 1 
1187045829 12112 1783668850.328 1 
1197047810 12113 1783668850.378 1 
1207047075 12114 1783668850.428 1 
1217115239 12115 1783668850.478 1 
1227047876 12116 1783668850.528 1 
1237046548 12117 1783668850.578 1 
1247046445 12118 1783668850.628 1 
1257046713 12119 1783668850.678 1 
1267045622 12120 1783668850.728 1 
1277065700 12121 1783668850.778 1 
1287047417 12122 1783668850.828 1 
1297048057 12123 1783668850.878 1 
1307046697 12124 1783668850.928 1 
1317047345 12125 1783668850.978 1 
1327047144 12126 1783668851.028 1 
1337047137 12127 1783668851.078 1 
1347044935 12128 1783668851.128 1 
1357047673 12129 1783668851.179 1 
1367046616 12130 1783668851.228 1 
1377048363 12131 1783668851.278 1 
1387064784 12132 1783668851.328 1 
1397046895 12133 1783668851.378 1 
1407047424 12134 1783668851.428 1 
1417062297 12135 1783668851.478 1 
1427047221 12136 1783668851.528 1 
1437047619 12137 1783668851.578 1 
1447046554 12138 1783668851.628 1 
1457045429 12139 1783668851.678 1 
1467046332 12140 1783668851.728 1 
1477081899 12141 1783668851.778 1 
1487047268 12142 1783668851.828 1 
1497113121 12143 1783668851.878 1 
1507047780 12144 1783668851.928 1 
1517046080 12145 1783668851.978 1 
1527046255 12146 1783668852.028 1 
1537047801 12147 1783668852.078 1 
1547046790 12148 1783668852.128 1 
1557045818 12149 1783668852.178 1 
1567047604 12150 1783668852.228 1 
1577114854 12151 1783668852.278 1 
1587048665 12152 1783668852.328 1 
1597048746 12153 1783668852.378 1 
1607047819 12154 1783668852.428 1 
1617047901 12155 1783668852.478 1 
1627045519 12156 1783668852.528 1 
1637046890 12157 1783668852.578 1 
1647047443 12158 1783668852.628 1 
1657047021 12159 1783668852.678 1 
1667047811 12160 1783668852.728 1 
1677106056 12161 1783668852.778 1 
1687191216 12162 1783668852.828 1 
1697048784 12163 1783668852.879 1 
1707068008 12164 1783668852.928 1 
1717112887 12165 1783668852.978 1 
1727047490 12166 1783668853.028 1 
1737049097 12167 1783668853.078 1 
1747046973 12168 1783668853.128 1 
1757044940 12169 1783668853.178 1 
1767047166 12170 1783668853.228 1 
1777048418 12171 1783668853.278 1 
1787047834 12172 1783668853.328 1 
1797046610 12173 1783668853.378 1 
1807046677 12174 1783668853.428 1 
1817047913 12175 1783668853.478 1 
1827046536 12176 1783668853.528 1 
1837046873 12177 1783668853.578 1 
1847047702 12178 1783668853.628 1 
1857047423 12179 1783668853.678 1 
1867064429 12180 1783668853.728 1 
1877062740 12181 1783668853.778 1 
1887049222 12182 1783668853.828 1 
1897046616 12183 1783668853.878 1 
1907046016 12184 1783668853.928 1 
1917045001 12185 1783668853.978 1 
1927048517 12186 1783668854.028 1 
1937063119 12187 1783668854.078 1 
1947047014 12188 1783668854.128 1 
1957047382 12189 1783668854.178 1 
1967046795 12190 1783668854.228 1 
1977114415 12191 1783668854.278 1 
1987046320 12192 1783668854.329 1 
1997049032 12193 1783668854.378 1 
2007069716 12194 1783668854.428 1 
2017046133 12195 1783668854.478 1 
2027045932 12196 1783668854.528 1 
2037114198 12197 1783668854.578 1 
2047047633 12198 1783668854.629 1 
2057048378 12199 1783668854.678 1 
2067047091 12200 1783668854.728 1 
2077063387 12201 1783668854.778 1 
2087047215 12202 1783668854.828 1 
2097112120 12203 1783668854.878 1 
2107046453 12204 1783668854.929 1 
2117044562 12205 1783668854.978 1 
2127046100 12206 1783668855.028 1 
2137047417 12207 1783668855.078 1 
2147046143 12208 1783668855.128 1 
2157047976 12209 1783668855.178 1 
2167046562 12210 1783668855.228 1 
2177047967 12211 1783668855.278 1 
2187047303 12212 1783668855.328 1 
2197046321 12213 1783668855.378 1 
2207046382 12214 1783668855.429 1 
2217048083 12215 1783668855.479 1 
2227048232 12216 1783668855.528 1 
2237046637 12217 1783668855.578 1 
2247046938 12218 1783668855.628 1 
2257046956 12219 1783668855.678 1 
2267047313 12220 1783668855.728 1 
2277063630 12221 1783668855.778 1 
2287062590 12222 1783668855.828 1 
2297047604 12223 1783668855.879 1 
2307047064 12224 1783668855.928 1 
2317048430 12225 1783668855.978 1 
2327046265 12226 1783668856.028 1 
2337047665 12227 1783668856.078 1 
2347046135 12228 1783668856.128 1 
2357046969 12229 1783668856.179 1 
2367047756 12230 1783668856.228 1 
2377048107 12231 1783668856.278 1 
2387048326 12232 1783668856.328 1 
2397048447 12233 1783668856.378 1 
2407046876 12234 1783668856.428 1 
2417047404 12235 1783668856.478 1 
2427046911 12236 1783668856.528 1 
2437045742 12237 1783668856.578 1 
2447048281 12238 1783668856.628 1 
2457048314 12239 1783668856.678 1 
2467045935 12240 1783668856.728 1 
2477064605 12241 1783668856.778 1 
2487048099 12242 1783668856.828 1 
2497046398 12243 1783668856.879 1 
2507046331 12244 1783668856.928 1 
2517046944 12245 1783668856.978 1 
2527048236 12246 1783668857.028 1 
2537046825 12247 1783668857.078 1 
2547047106 12248 1783668857.128 1 
2557046887 12249 1783668857.178 1 
2567046918 12250 1783668857.228 1 
2577047842 12251 1783668857.278 1 
2587048130 12252 1783668857.329 1 
2597065502 12253 1783668857.379 1 
2607046896 12254 1783668857.429 1 
2617045857 12255 1783668857.478 1 
2627047807 12256 1783668857.528 1 
2637045462 12257 1783668857.578 1 
2647048089 12258 1783668857.628 1 
2657048426 12259 1783668857.678 1 
2667047219 12260 1783668857.728 1 
2677064333 12261 1783668857.778 1 
2687045164 12262 1783668857.829 1 
2697047030 12263 1783668857.879 1 
2707047280 12264 1783668857.928 1 
2717047105 12265 1783668857.978 1 
2727048971 12266 1783668858.028 1 
2737064626 12267 1783668858.078 1 
2747047494 12268 1783668858.129 1 
2757046274 12269 1783668858.178 1 
2767047473 12270 1783668858.228 1 
2777049188 12271 1783668858.278 1 
2787048195 12272 1783668858.328 1 
2797045926 12273 1783668858.378 1 
2807046964 12274 1783668858.428 1 
2817049273 12275 1783668858.478 1 
2827047838 12276 1783668858.529 1 
2837045260 12277 1783668858.578 1 
2847065599 12278 1783668858.629 1 
2857049686 12279 1783668858.679 1 
2867047594 12280 1783668858.728 1 
2877104313 12281 1783668858.779 1 
2887190128 12282 1783668858.829 1 
2897048449 12283 1783668858.879 1 
2907048255 12284 1783668858.928 1 
2917048866 12285 1783668858.979 1 
2927047473 12286 1783668859.029 1 
2937047815 12287 1783668859.079 1 
2947045212 12288 1783668859.128 1 
2957047438 12289 1783668859.179 1 
2967048368 12290 1783668859.228 1 
2977046903 12291 1783668859.279 1 
2987113416 12292 1783668859.328 1 
2997048655 12293 1783668859.379 1 
3007046337 12294 1783668859.428 1 
3017046723 12295 1783668859.479 1 
3027047049 12296 1783668859.528 1 
3037046656 12297 1783668859.579 1 
3047048232 12298 1783668859.628 1 
3057047173 12299 1783668859.679 1 
3067049206 12300 1783668859.728 1 
3077138652 12301 1783668859.779 1 
3087047627 12302 1783668859.829 1 
3097047742 12303 1783668859.879 1 
3107046454 12304 1783668859.928 1 
3117063941 12305 1783668859.979 1 
3127114607 12306 1783668860.029 1 
3137048205 12307 1783668860.079 1 
3147047469 12308 1783668860.128 1 
3157046599 12309 1783668860.179 1 
3167046894 12310 1783668860.228 1 
3177047291 12311 1783668860.279 1 
3187047854 12312 1783668860.328 1 
3197047279 12313 1783668860.379 1 
3207048123 12314 1783668860.428 1 
3217047205 12315 1783668860.479 1 
3227048615 12316 1783668860.529 1 
3237046722 12317 1783668860.579 1 
3247047736 12318 1783668860.628 1 
3257044779 12319 1783668860.679 1 
3267047550 12320 1783668860.728 1 
3277082528 12321 1783668860.779 1 
3287047607 12322 1783668860.829 1 
3297047313 12323 1783668860.879 1 
3307047128 12324 1783668860.929 1 
3317047324 12325 1783668860.979 1 
3327046102 12326 1783668861.029 1 
3337046225 12327 1783668861.079 1 
3347048305 12328 1783668861.129 1 
3357046630 12329 1783668861.181 1 
3367047865 12330 1783668861.229 1 
3377046084 12331 1783668861.279 1 
3387111814 12332 1783668861.329 1 
3397046792 12333 1783668861.379 1 
3407047636 12334 1783668861.429 1 
3417048583 12335 1783668861.479 1 
3427045192 12336 1783668861.529 1 
3437047905 12337 1783668861.579 1 
3447047164 12338 1783668861.628 1 
3457046893 12339 1783668861.679 1 
3467046632 12340 1783668861.729 1 
3477064758 12341 1783668861.779 1 
3487047717 12342 1783668861.829 1 
3497048622 12343 1783668861.879 1 
3507060756 12344 1783668861.929 1 
3517048857 12345 1783668861.979 1 
3527047074 12346 1783668862.029 1 
3537047104 12347 1783668862.079 1 
3547046443 12348 1783668862.129 1 
3557114026 12349 1783668862.179 1 
3567046389 12350 1783668862.229 1 
3577046587 12351 1783668862.279 1 
3587047967 12352 1783668862.329 1 
3597047917 12353 1783668862.379 1 
3607048247 12354 1783668862.429 1 
3617046353 12355 1783668862.479 1 
3627047664 12356 1783668862.529 1 
3637048598 12357 1783668862.579 1 
3647046222 12358 1783668862.629 1 
3657046462 12359 1783668862.679 1 
3667114346 12360 1783668862.729 1 
3677138930 12361 1783668862.779 1 
3687046076 12362 1783668862.829 1 
3697047830 12363 1783668862.879 1 
3707046909 12364 1783668862.929 1 
3717047567 12365 1783668862.979 1 
3727048394 12366 1783668863.029 1 
3737048182 12367 1783668863.079 1 
3747046632 12368 1783668863.129 1 
3757046970 12369 1783668863.179 1 
3767046794 12370 1783668863.229 1 
3777116594 12371 1783668863.279 1 
3787048068 12372 1783668863.329 1 
3797047559 12373 1783668863.379 1 
3807048011 12374 1783668863.429 1 
3817049755 12375 1783668863.479 1 
3827047742 12376 1783668863.529 1 
3837047216 12377 1783668863.579 1 
3847047017 12378 1783668863.629 1 
3857046968 12379 1783668863.679 1 
3867048045 12380 1783668863.729 1 
3877139197 12381 1783668863.779 1 
3887046427 12382 1783668863.829 1 
3897045616 12383 1783668863.879 1 
3907048701 12384 1783668863.929 1 
3917047553 12385 1783668863.979 1 
3927045729 12386 1783668864.029 1 
3937045874 12387 1783668864.079 1 
3947049276 12388 1783668864.129 1 
3957046458 12389 1783668864.179 1 
3967113005 12390 1783668864.229 1 
3977048163 12391 1783668864.279 1 
3987047276 12392 1783668864.329 1 
3997047978 12393 1783668864.379 1 
4007047269 12394 1783668864.429 1 
4017047956 12395 1783668864.479 1 
4027047178 12396 1783668864.529 1 
4037046656 12397 1783668864.579 1 
4047047518 12398 1783668864.629 1 
4057048992 12399 1783668864.679 1 
4067047918 12400 1783668864.729 1 
4077063108 12401 1783668864.779 1 
4087046915 12402 1783668864.829 1 
4097044111 12403 1783668864.879 1 
4107045717 12404 1783668864.929 1 
4117049518 12405 1783668864.979 1 
4127047889 12406 1783668865.029 1 
4137046534 12407 1783668865.079 1 
4147047565 12408 1783668865.129 1 
4157047750 12409 1783668865.179 1 
4167047531 12410 1783668865.229 1 
4177046981 12411 1783668865.279 1 
4187046950 12412 1783668865.329 1 
4197047508 12413 1783668865.379 1 
4207047557 12414 1783668865.429 1 
4217132005 12415 1783668865.479 1 
4227115020 12416 1783668865.529 1 
4237114297 12417 1783668865.579 1 
4247115189 12418 1783668865.629 1 
4257046831 12419 1783668865.679 1 
4267046768 12420 1783668865.729 1 
4277139828 12421 1783668865.779 1 
4287047931 12422 1783668865.829 1 
2079109 12423 1783668865.879 1 
12081145 12424 1783668865.929 1 
22080838 12425 1783668865.979 1 
32079572 12426 1783668866.029 1 
42079998 12427 1783668866.079 1 
52078985 12428 1783668866.129 1 
62081316 12429 1783668866.184 1 
72079421 12430 1783668866.229 1 
82079605 12431 1783668866.279 1 
92161236 12432 1783668866.329 1 
102081140 12433 1783668866.379 1 
112079436 12434 1783668866.429 1 
122079133 12435 1783668866.479 1 
132079996 12436 1783668866.529 1 
142081329 12437 1783668866.579 1 
152082461 12438 1783668866.629 1 
162146877 12439 1783668866.679 1 
172080583 12440 1783668866.729 1 
182114425 12441 1783668866.779 1 
192099629 12442 1783668866.829 1 
202079605 12443 1783668866.879 1 
212081138 12444 1783668866.929 1 
222081300 12445 1783668866.979 1 
232080638 12446 1783668867.029 1 
242146620 12447 1783668867.079 1 
252080571 12448 1783668867.129 1 
262080178 12449 1783668867.179 1 
272079214 12450 1783668867.229 1 
282080746 12451 1783668867.279 1 
292080547 12452 1783668867.329 1 
302146533 12453 1783668867.379 1 
312081526 12454 1783668867.429 1 
322079628 12455 1783668867.479 1 
332079353 12456 1783668867.529 1 
342079952 12457 1783668867.579 1 
352080042 12458 1783668867.629 1 
362078985 12459 1783668867.679 1 
372079370 12460 1783668867.729 1 
382171243 12461 1783668867.779 1 
392079178 12462 1783668867.829 1 
402080724 12463 1783668867.879 1 
412081187 12464 1783668867.929 1 
422078418 12465 1783668867.979 1 
432080645 12466 1783668868.029 1 
442079350 12467 1783668868.079 1 
452080865 12468 1783668868.129 1 
462080938 12469 1783668868.179 1 
472080550 12470 1783668868.229 1 
482078763 12471 1783668868.279 1 
492080187 12472 1783668868.329 1 
502079549 12473 1783668868.379 1 
512079679 12474 1783668868.429 1 
522080917 12475 1783668868.479 1 
532146604 12476 1783668868.529 1 
542078516 12477 1783668868.579 1 
552078722 12478 1783668868.629 1 
562079611 12479 1783668868.679 1 
572079179 12480 1783668868.729 1 
582116269 12481 1783668868.779 1 
592081276 12482 1783668868.829 1 
602080721 12483 1783668868.879 1 
612079674 12484 1783668868.929 1 
622082256 12485 1783668868.979 1 
632080270 12486 1783668869.029 1 
642079927 12487 1783668869.079 1 
652080600 12488 1783668869.129 1 
662080355 12489 1783668869.179 1 
672081013 12490 1783668869.229 1 
682078348 12491 1783668869.279 1 
692079741 12492 1783668869.329 1 
702079090 12493 1783668869.379 1 
712078822 12494 1783668869.429 1 
722081013 12495 1783668869.479 1 
732079096 12496 1783668869.529 1 
742079278 12497 1783668869.579 1 
752079210 12498 1783668869.629 1 
762081360 12499 1783668869.679 1 
772080263 12500 1783668869.729 1 
782096120 12501 1783668869.779 1 
792079529 12502 1783668869.829 1 
802080661 12503 1783668869.879 1 
812079838 12504 1783668869.929 1 
822079781 12505 1783668869.979 1 
832080582 12506 1783668870.029 1 
842080362 12507 1783668870.079 1 
852103966 12508 1783668870.129 1 
862079498 12509 1783668870.179 1 
872079492 12510 1783668870.229 1 
882081736 12511 1783668870.279 1 
892080275 12512 1783668870.329 1 
902147663 12513 1783668870.379 1 
912082439 12514 1783668870.429 1 
922079619 12515 1783668870.479 1 
932080886 12516 1783668870.529 1 
942080559 12517 1783668870.579 1 
952082047 12518 1783668870.629 1 
962080527 12519 1783668870.679 1 
972079689 12520 1783668870.729 1 
982096332 12521 1783668870.779 1 
992081004 12522 1783668870.829 1 
1002078944 12523 1783668870.879 1 
1012079569 12524 1783668870.929 1 
1022080102 12525 1783668870.979 1 
1032078965 12526 1783668871.029 1 
1042128614 12527 1783668871.079 1 
1052078730 12528 1783668871.129 1 
1062079709 12529 1783668871.181 1 
1072078958 12530 1783668871.229 1 
1082080280 12531 1783668871.279 1 
1092146887 12532 1783668871.329 1 
1102080004 12533 1783668871.379 1 
1112079702 12534 1783668871.429 1 
1122080920 12535 1783668871.479 1 
1132079082 12536 1783668871.529 1 
1142079641 12537 1783668871.579 1 
1152081050 12538 1783668871.629 1 
1162079575 12539 1783668871.679 1 
1172079255 12540 1783668871.729 1 
1182171169 12541 1783668871.779 1 
1192081611 12542 1783668871.830 1 
1202079413 12543 1783668871.879 1 
1212080394 12544 1783668871.929 1 
1222081777 12545 1783668871.979 1 
1232080093 12546 1783668872.029 1 
1242079472 12547 1783668872.079 1 
1252080225 12548 1783668872.129 1 
1262080961 12549 1783668872.179 1 
1272080109 12550 1783668872.229 1 
1282078585 12551 1783668872.279 1 
1292080022 12552 1783668872.329 1 
1302080026 12553 1783668872.379 1 
1312079388 12554 1783668872.429 1 
1322080582 12555 1783668872.479 1 
1332080957 12556 1783668872.529 1 
1342146358 12557 1783668872.579 1 
1352079886 12558 1783668872.629 1 
1362081060 12559 1783668872.679 1 
1372078941 12560 1783668872.729 1 
1382172459 12561 1783668872.779 1 
1392078426 12562 1783668872.830 1 
1402080543 12563 1783668872.879 1 
1412081442 12564 1783668872.929 1 
1422081074 12565 1783668872.979 1 
1432080742 12566 1783668873.029 1 
1442079449 12567 1783668873.079 1 
1452147794 12568 1783668873.129 1 
1462081099 12569 1783668873.179 1 
1472080062 12570 1783668873.229 1 
1482078261 12571 1783668873.279 1 
1492079258 12572 1783668873.329 1 
1502080764 12573 1783668873.379 1 
1512079619 12574 1783668873.429 1 
1522079079 12575 1783668873.479 1 
1532080703 12576 1783668873.529 1 
1542080415 12577 1783668873.579 1 
1552078660 12578 1783668873.629 1 
1562080147 12579 1783668873.679 1 
1572146861 12580 1783668873.729 1 
1582114214 12581 1783668873.779 1 
1592080933 12582 1783668873.829 1 
1602080501 12583 1783668873.879 1 
1612079822 12584 1783668873.929 1 
1622079040 12585 1783668873.979 1 
1632079997 12586 1783668874.029 1 
1642078827 12587 1783668874.079 1 
1652081605 12588 1783668874.129 1 
1662080221 12589 1783668874.179 1 
1672079766 12590 1783668874.229 1 
1682079718 12591 1783668874.279 1 
1692080120 12592 1783668874.329 1 
1702079538 12593 1783668874.379 1 
1712080609 12594 1783668874.429 1 
1722080643 12595 1783668874.479 1 
1732079766 12596 1783668874.529 1 
1742078952 12597 1783668874.579 1 
1752080625 12598 1783668874.629 1 
1762079899 12599 1783668874.679 1 
1772080284 12600 1783668874.729 1 
1782115116 12601 1783668874.779 1 
1792097180 12602 1783668874.829 1 
1802079324 12603 1783668874.879 1 
1812079843 12604 1783668874.929 1 
1822078913 12605 1783668874.979 1 
1832079879 12606 1783668875.029 1 
1842081256 12607 1783668875.079 1 
1852079294 12608 1783668875.129 1 
1862080452 12609 1783668875.179 1 
1872080373 12610 1783668875.229 1 
1882079180 12611 1783668875.279 1 
1892079739 12612 1783668875.329 1 
1902078620 12613 1783668875.379 1 
1912082801 12614 1783668875.429 1 
1922081232 12615 1783668875.479 1 
1932080536 12616 1783668875.529 1 
1942080156 12617 1783668875.579 1 
1952081691 12618 1783668875.629 1 
1962079918 12619 1783668875.679 1 
1972079427 12620 1783668875.729 1 
1982096930 12621 1783668875.779 1 
1992079492 12622 1783668875.829 1 
2002104224 12623 1783668875.879 1 
2012079353 12624 1783668875.929 1 
2022079977 12625 1783668875.979 1 
2032079101 12626 1783668876.029 1 
2042147292 12627 1783668876.079 1 
2052080661 12628 1783668876.130 1 
2062079492 12629 1783668876.181 1 
2072079291 12630 1783668876.229 1 
2082080433 12631 1783668876.279 1 
2092080066 12632 1783668876.329 1 
2102077735 12633 1783668876.379 1 
2112081385 12634 1783668876.429 1 
2122079752 12635 1783668876.479 1 
2132079695 12636 1783668876.529 1 
2142078620 12637 1783668876.579 1 
2152079652 12638 1783668876.629 1 
2162081336 12639 1783668876.679 1 
2172079659 12640 1783668876.729 1 
2182137974 12641 1783668876.779 1 
2192223140 12642 1783668876.830 1 
2202081287 12643 1783668876.880 1 
2212081350 12644 1783668876.929 1 
2222081589 12645 1783668876.979 1 
2232080714 12646 1783668877.029 1 
2242078112 12647 1783668877.079 1 
2252079719 12648 1783668877.129 1 
2262081261 12649 1783668877.179 1 
2272079515 12650 1783668877.229 1 
2282079737 12651 1783668877.279 1 
2292079437 12652 1783668877.329 1 
2302078977 12653 1783668877.379 1 
2312079534 12654 1783668877.429 1 
2322078895 12655 1783668877.479 1 
2332078654 12656 1783668877.529 1 
2342078425 12657 1783668877.579 1 
2352079579 12658 1783668877.629 1 
2362080544 12659 1783668877.679 1 
2372080362 12660 1783668877.729 1 
2382172605 12661 1783668877.779 1 
2392080957 12662 1783668877.830 1 
2402078845 12663 1783668877.879 1 
2412080856 12664 1783668877.929 1 
2422079748 12665 1783668877.980 1 
2432081437 12666 1783668878.029 1 
2442081836 12667 1783668878.079 1 
2452079461 12668 1783668878.129 1 
2462079456 12669 1783668878.179 1 
2472079875 12670 1783668878.229 1 
2482081492 12671 1783668878.279 1 
2492078881 12672 1783668878.329 1 
2502079321 12673 1783668878.379 1 
2512079009 12674 1783668878.429 1 
2522081237 12675 1783668878.480 1 
2532079840 12676 1783668878.529 1 
2542079772 12677 1783668878.579 1 
2552080755 12678 1783668878.629 1 
2562079380 12679 1783668878.679 1 
2572081360 12680 1783668878.729 1 
2582097411 12681 1783668878.779 1 
2592079082 12682 1783668878.829 1 
2602078920 12683 1783668878.880 1 
2612081469 12684 1783668878.929 1 
2622078487 12685 1783668878.980 1 
2632078573 12686 1783668879.029 1 
2642078875 12687 1783668879.080 1 
2652080885 12688 1783668879.129 1 
2662078255 12689 1783668879.179 1 
2672079769 12690 1783668879.229 1 
2682081039 12691 1783668879.279 1 
2692080902 12692 1783668879.329 1 
2702147015 12693 1783668879.379 1 
2712078734 12694 1783668879.430 1 
2722080161 12695 1783668879.479 1 
2732080232 12696 1783668879.529 1 
2742080507 12697 1783668879.579 1 
2752079763 12698 1783668879.629 1 
2762080072 12699 1783668879.679 1 
2772080448 12700 1783668879.729 1 
2782093920 12701 1783668879.779 1 
2792080862 12702 1783668879.830 1 
2802077911 12703 1783668879.880 1 
2812080343 12704 1783668879.929 1 
2822081808 12705 1783668879.979 1 
2832096927 12706 1783668880.029 1 
2842078896 12707 1783668880.080 1 
2852078280 12708 1783668880.130 1 
2862078837 12709 1783668880.180 1 
2872080916 12710 1783668880.229 1 
2882080126 12711 1783668880.279 1 
2892080021 12712 1783668880.330 1 
2902081216 12713 1783668880.379 1 
2912082123 12714 1783668880.430 1 
2922078755 12715 1783668880.480 1 
2932081359 12716 1783668880.529 1 
2942078494 12717 1783668880.579 1 
2952079415 12718 1783668880.630 1 
2962079632 12719 1783668880.679 1 
2972080457 12720 1783668880.729 1 
2982115718 12721 1783668880.779 1 
2992080158 12722 1783668880.830 1 
3002079595 12723 1783668880.880 1 
3012081529 12724 1783668880.930 1 
3022080935 12725 1783668880.979 1 
3032079566 12726 1783668881.030 1 
3042077820 12727 1783668881.079 1 
3052078711 12728 1783668881.129 1 
3062079631 12729 1783668881.179 1 
3072079403 12730 1783668881.230 1 
3082078884 12731 1783668881.280 1 
3092079989 12732 1783668881.330 1 
3102079870 12733 1783668881.379 1 
3112079177 12734 1783668881.430 1 
3122080361 12735 1783668881.479 1 
3132081179 12736 1783668881.530 1 
3142080202 12737 1783668881.579 1 
3152079956 12738 1783668881.630 1 
3162079191 12739 1783668881.679 1 
3172079004 12740 1783668881.730 1 
3182172207 12741 1783668881.779 1 
3192146344 12742 1783668881.830 1 
3202079898 12743 1783668881.880 1 
3212080909 12744 1783668881.930 1 
3222078931 12745 1783668881.979 1 
3232078664 12746 1783668882.030 1 
3242080969 12747 1783668882.080 1 
3252092122 12748 1783668882.130 1 
3262078949 12749 1783668882.180 1 
3272077781 12750 1783668882.230 1 
3282080308 12751 1783668882.280 1 
3292079976 12752 1783668882.330 1 
3302079265 12753 1783668882.380 1 
3312078887 12754 1783668882.430 1 
3322079904 12755 1783668882.479 1 
3332080309 12756 1783668882.530 1 
3342079475 12757 1783668882.580 1 
3352079119 12758 1783668882.630 1 
3362080020 12759 1783668882.679 1 
3372079819 12760 1783668882.730 1 
3382229159 12761 1783668882.780 1 
3392079870 12762 1783668882.830 1 
3402105009 12763 1783668882.880 1 
3412078898 12764 1783668882.930 1 
3422081193 12765 1783668882.980 1 
3432081264 12766 1783668883.030 1 
3442079523 12767 1783668883.080 1 
3452080850 12768 1783668883.130 1 
3462079411 12769 1783668883.180 1 
3472104482 12770 1783668883.230 1 
3482079505 12771 1783668883.280 1 
3492080543 12772 1783668883.330 1 
3502095921 12773 1783668883.380 1 
3512079533 12774 1783668883.430 1 
3522078460 12775 1783668883.480 1 
3532082423 12776 1783668883.530 1 
3542080896 12777 1783668883.580 1 
3552077879 12778 1783668883.630 1 
3562079623 12779 1783668883.680 1 
3572078673 12780 1783668883.730 1 
3582171243 12781 1783668883.780 1 
3592079866 12782 1783668883.830 1 
3602079447 12783 1783668883.880 1 
3612079563 12784 1783668883.930 1 
3622080802 12785 1783668883.980 1 
3632079388 12786 1783668884.030 1 
3642147789 12787 1783668884.080 1 
3652079246 12788 1783668884.130 1 
3662079810 12789 1783668884.180 1 
3672078863 12790 1783668884.230 1 
3682080229 12791 1783668884.280 1 
3692080138 12792 1783668884.330 1 
3702079679 12793 1783668884.380 1 
3712080297 12794 1783668884.430 1 
3722081117 12795 1783668884.480 1 
3732077512 12796 1783668884.530 1 
3742078995 12797 1783668884.580 1 
3752080345 12798 1783668884.630 1 
3762079533 12799 1783668884.680 1 
3772080987 12800 1783668884.730 1 
3782096148 12801 1783668884.780 1 
3792079234 12802 1783668884.830 1 
3802079814 12803 1783668884.880 1 
3812079361 12804 1783668884.930 1 
3822105042 12805 1783668884.980 1 
3832081368 12806 1783668885.030 1 
3842079679 12807 1783668885.080 1 
3852080569 12808 1783668885.130 1 
3862080415 12809 1783668885.180 1 
3872079584 12810 1783668885.230 1 
3882078814 12811 1783668885.280 1 
3892080171 12812 1783668885.330 1 
3902079356 12813 1783668885.380 1 
3912079349 12814 1783668885.430 1 
3922082107 12815 1783668885.480 1 
3932082543 12816 1783668885.530 1 
3942078733 12817 1783668885.580 1 
3952078086 12818 1783668885.630 1 
3962080412 12819 1783668885.680 1 
3972078541 12820 1783668885.730 1 
3982232736 12821 1783668885.780 1 
3992078763 12822 1783668885.830 1 
4002079619 12823 1783668885.880 1 
4012080486 12824 1783668885.930 1 
4022079799 12825 1783668885.980 1 
4032080001 12826 1783668886.030 1 
4042079973 12827 1783668886.080 1 
4052078772 12828 1783668886.130 1 
4062097658 12829 1783668886.180 1 
4072079027 12830 1783668886.231 1 
4082079666 12831 1783668886.280 1 
4092146580 12832 1783668886.330 1 
4102080626 12833 1783668886.380 1 
4112079844 12834 1783668886.430 1 
4122081670 12835 1783668886.480 1 
4132079410 12836 1783668886.530 1 
4142080677 12837 1783668886.580 1 
4152080867 12838 1783668886.630 1 
4162080828 12839 1783668886.680 1 
4172079171 12840 1783668886.730 1 
4182114928 12841 1783668886.780 1 
4192101051 12842 1783668886.830 1 
4202080076 12843 1783668886.880 1 
4212077895 12844 1783668886.930 1 
4222080370 12845 1783668886.980 1 
4232080605 12846 1783668887.030 1 
4242080237 12847 1783668887.080 1 
4252079267 12848 1783668887.130 1 
4262079912 12849 1783668887.180 1 
4272079638 12850 1783668887.230 1 
4282080901 12851 1783668887.280 1 
4292079495 12852 1783668887.330 1 
7112993 12853 1783668887.380 1 
17111989 12854 1783668887.430 1 
27111724 12855 1783668887.480 1 
37115471 12856 1783668887.530 1 
47112285 12857 1783668887.580 1 
57113607 12858 1783668887.630 1 
67113053 12859 1783668887.680 1 
77111355 12860 1783668887.730 1 
87205364 12861 1783668887.780 1 
97112292 12862 1783668887.830 1 
107113898 12863 1783668887.880 1 
117113940 12864 1783668887.930 1 
127113526 12865 1783668887.980 1 
137113325 12866 1783668888.030 1 
147114101 12867 1783668888.080 1 
157115383 12868 1783668888.130 1 
167113313 12869 1783668888.180 1 
177112278 12870 1783668888.230 1 
187112830 12871 1783668888.280 1 
197113076 12872 1783668888.330 1 
207112896 12873 1783668888.380 1 
217111446 12874 1783668888.430 1 
227113375 12875 1783668888.480 1 
237112596 12876 1783668888.530 1 
247113392 12877 1783668888.580 1 
257112665 12878 1783668888.630 1 
267180438 12879 1783668888.680 1 
277180150 12880 1783668888.730 1 
287129791 12881 1783668888.780 1 
297113473 12882 1783668888.830 1 
307112173 12883 1783668888.880 1 
317180110 12884 1783668888.930 1 
327111968 12885 1783668888.980 1 
337112441 12886 1783668889.030 1 
347178344 12887 1783668889.080 1 
357114104 12888 1783668889.130 1 
367111615 12889 1783668889.180 1 
377113536 12890 1783668889.230 1 
387179589 12891 1783668889.280 1 
397115168 12892 1783668889.330 1 
407112839 12893 1783668889.380 1 
417113950 12894 1783668889.430 1 
427112929 12895 1783668889.480 1 
437179085 12896 1783668889.530 1 
447112524 12897 1783668889.580 1 
457113369 12898 1783668889.630 1 
467112140 12899 1783668889.680 1 
477111224 12900 1783668889.730 1 
487157494 12901 1783668889.780 1 
497112997 12902 1783668889.830 1 
507112959 12903 1783668889.880 1 
517112814 12904 1783668889.930 1 
527113050 12905 1783668889.980 1 
537111996 12906 1783668890.030 1 
547113805 12907 1783668890.080 1 
557111659 12908 1783668890.130 1 
567112995 12909 1783668890.180 1 
577112188 12910 1783668890.230 1 
587111396 12911 1783668890.280 1 
597113793 12912 1783668890.330 1 
607113949 12913 1783668890.380 1 
617127661 12914 1783668890.430 1 
627111941 12915 1783668890.480 1 
637112165 12916 1783668890.530 1 
647112582 12917 1783668890.580 1 
657113012 12918 1783668890.630 1 
667110831 12919 1783668890.680 1 
677110947 12920 1783668890.730 1 
687129652 12921 1783668890.780 1 
697113677 12922 1783668890.830 1 
707112136 12923 1783668890.880 1 
717111858 12924 1783668890.930 1 
727112831 12925 1783668890.980 1 
737114591 12926 1783668891.030 1 
747112302 12927 1783668891.080 1 
757113416 12928 1783668891.130 1 
767180152 12929 1783668891.180 1 
777112959 12930 1783668891.234 1 
787111974 12931 1783668891.280 1 
797112697 12932 1783668891.330 1 
807113285 12933 1783668891.380 1 
817111998 12934 1783668891.430 1 
827111097 12935 1783668891.480 1 
837113875 12936 1783668891.530 1 
847113580 12937 1783668891.580 1 
857112035 12938 1783668891.630 1 
867113875 12939 1783668891.680 1 
877112983 12940 1783668891.730 1 
887130989 12941 1783668891.780 1 
897112632 12942 1783668891.830 1 
907130198 12943 1783668891.880 1 
917111272 12944 1783668891.930 1 
927112747 12945 1783668891.980 1 
937113094 12946 1783668892.030 1 
947112839 12947 1783668892.080 1 
957110038 12948 1783668892.130 1 
967114448 12949 1783668892.180 1 
977111659 12950 1783668892.230 1 
987112657 12951 1783668892.280 1 
997114720 12952 1783668892.330 1 
1007113609 12953 1783668892.380 1 
1017113202 12954 1783668892.430 1 
1027113777 12955 1783668892.480 1 
1037111856 12956 1783668892.530 1 
1047112326 12957 1783668892.580 1 
1057113758 12958 1783668892.630 1 
1067112925 12959 1783668892.680 1 
1077112132 12960 1783668892.730 1 
1087148732 12961 1783668892.780 1 
1097113139 12962 1783668892.830 1 
1107112490 12963 1783668892.880 1 
1117127491 12964 1783668892.930 1 
1127113962 12965 1783668892.980 1 
1137111376 12966 1783668893.030 1 
1147112833 12967 1783668893.080 1 
1157113107 12968 1783668893.130 1 
1167111654 12969 1783668893.180 1 
1177112436 12970 1783668893.230 1 
1187112612 12971 1783668893.280 1 
1197113056 12972 1783668893.330 1 
1207135533 12973 1783668893.380 1 
1217112721 12974 1783668893.430 1 
1227112994 12975 1783668893.480 1 
1237113180 12976 1783668893.530 1 
1247112393 12977 1783668893.580 1 
1257112235 12978 1783668893.630 1 
1267179195 12979 1783668893.680 1 
1277113139 12980 1783668893.731 1 
1287129422 12981 1783668893.780 1 
1297114004 12982 1783668893.830 1 
1307113690 12983 1783668893.880 1 
1317112310 12984 1783668893.930 1 
1327111266 12985 1783668893.980 1 
1337113277 12986 1783668894.030 1 
1347113447 12987 1783668894.080 1 
1357112293 12988 1783668894.130 1 
1367113964 12989 1783668894.180 1 
1377113319 12990 1783668894.230 1 
1387112235 12991 1783668894.280 1 
1397179701 12992 1783668894.330 1 
1407115585 12993 1783668894.380 1 
1417112255 12994 1783668894.430 1 
1427113655 12995 1783668894.480 1 
1437113085 12996 1783668894.530 1 
1447113808 12997 1783668894.580 1 
1457114130 12998 1783668894.630 1 
1467112564 12999 1783668894.680 1 
1477113884 13000 1783668894.730 1 
1487128709 13001 1783668894.780 1 
1497113428 13002 1783668894.830 1 
1507112362 13003 1783668894.880 1 
1517110888 13004 1783668894.930 1 
1527113332 13005 1783668894.980 1 
1537129361 13006 1783668895.030 1 
1547113440 13007 1783668895.080 1 
1557111138 13008 1783668895.130 1 
1567111377 13009 1783668895.180 1 
1577111319 13010 1783668895.230 1 
1587111889 13011 1783668895.280 1 
1597111997 13012 1783668895.330 1 
1607111655 13013 1783668895.380 1 
1617112598 13014 1783668895.430 1 
1627112807 13015 1783668895.480 1 
1637111833 13016 1783668895.530 1 
1647112903 13017 1783668895.580 1 
1657112214 13018 1783668895.630 1 
1667111735 13019 1783668895.680 1 
1677112454 13020 1783668895.730 1 
1687203484 13021 1783668895.780 1 
1697111993 13022 1783668895.831 1 
1707113660 13023 1783668895.880 1 
1717112096 13024 1783668895.930 1 
1727112252 13025 1783668895.980 1 
1737131181 13026 1783668896.031 1 
1747112739 13027 1783668896.081 1 
1757113108 13028 1783668896.130 1 
1767113304 13029 1783668896.180 1 
1777112220 13030 1783668896.232 1 
1787113521 13031 1783668896.280 1 
1797181707 13032 1783668896.330 1 
1807112301 13033 1783668896.380 1 
1817112142 13034 1783668896.430 1 
1827113062 13035 1783668896.480 1 
1837112755 13036 1783668896.531 1 
1847111678 13037 1783668896.580 1 
1857113566 13038 1783668896.630 1 
1867112963 13039 1783668896.680 1 
1877113158 13040 1783668896.730 1 
1887203488 13041 1783668896.780 1 
1897110798 13042 1783668896.831 1 
1907113534 13043 1783668896.880 1 
1917110547 13044 1783668896.930 1 
1927112696 13045 1783668896.980 1 
1937114574 13046 1783668897.030 1 
1947113655 13047 1783668897.080 1 
1957112275 13048 1783668897.130 1 
1967112612 13049 1783668897.180 1 
1977113412 13050 1783668897.230 1 
1987129740 13051 1783668897.280 1 
1997112033 13052 1783668897.330 1 
2007114048 13053 1783668897.380 1 
2017112683 13054 1783668897.431 1 
2027112871 13055 1783668897.480 1 
2037112922 13056 1783668897.530 1 
2047114162 13057 1783668897.580 1 
2057113928 13058 1783668897.630 1 
2067113030 13059 1783668897.680 1 
2077111742 13060 1783668897.730 1 
2087219940 13061 1783668897.780 1 
2097112387 13062 1783668897.831 1 
2107113227 13063 1783668897.880 1 
2117111952 13064 1783668897.930 1 
2127112720 13065 1783668897.980 1 
2137110161 13066 1783668898.030 1 
2147113356 13067 1783668898.080 1 
2157113885 13068 1783668898.130 1 
2167129479 13069 1783668898.180 1 
2177112056 13070 1783668898.230 1 
2187114874 13071 1783668898.280 1 
2197112997 13072 1783668898.330 1 
2207113670 13073 1783668898.380 1 
2217114083 13074 1783668898.430 1 
2227113107 13075 1783668898.480 1 
2237111699 13076 1783668898.530 1 
2247113600 13077 1783668898.580 1 
2257114239 13078 1783668898.630 1 
2267114185 13079 1783668898.680 1 
2277112535 13080 1783668898.730 1 
2287147929 13081 1783668898.780 1 
2297112815 13082 1783668898.831 1 
2307111716 13083 1783668898.880 1 
2317112077 13084 1783668898.930 1 
2327113514 13085 1783668898.980 1 
2337110943 13086 1783668899.031 1 
2347111260 13087 1783668899.080 1 
2357111683 13088 1783668899.130 1 
2367113354 13089 1783668899.180 1 
2377113231 13090 1783668899.230 1 
2387111281 13091 1783668899.280 1 
2397113532 13092 1783668899.330 1 
2407112476 13093 1783668899.380 1 
2417112590 13094 1783668899.430 1 
2427112303 13095 1783668899.480 1 
2437112114 13096 1783668899.530 1 
2447112293 13097 1783668899.580 1 
2457113373 13098 1783668899.630 1 
2467112967 13099 1783668899.680 1 
2477114819 13100 1783668899.730 1 
2487128913 13101 1783668899.780 1 
2497113416 13102 1783668899.830 1 
2507113041 13103 1783668899.880 1 
2517112810 13104 1783668899.930 1 
2527113395 13105 1783668899.980 1 
2537111947 13106 1783668900.030 1 
2547113540 13107 1783668900.080 1 
2557112922 13108 1783668900.130 1 
2567111599 13109 1783668900.180 1 
2577113150 13110 1783668900.230 1 
2587113187 13111 1783668900.280 1 
2597113247 13112 1783668900.330 1 
2607114161 13113 1783668900.380 1 
2617112833 13114 1783668900.430 1 
2627112675 13115 1783668900.481 1 
2637112455 13116 1783668900.530 1 
2647113263 13117 1783668900.580 1 
2657111180 13118 1783668900.630 1 
2667113875 13119 1783668900.680 1 
2677113074 13120 1783668900.730 1 
2687129706 13121 1783668900.780 1 
2697113277 13122 1783668900.831 1 
2707111297 13123 1783668900.881 1 
2717112035 13124 1783668900.930 1 
2727112513 13125 1783668900.980 1 
2737112175 13126 1783668901.030 1 
2747112448 13127 1783668901.081 1 
2757114258 13128 1783668901.130 1 
2767114515 13129 1783668901.180 1 
2777111980 13130 1783668901.232 1 
2787113569 13131 1783668901.280 1 
2797111707 13132 1783668901.330 1 
2807113096 13133 1783668901.380 1 
2817113823 13134 1783668901.430 1 
2827113026 13135 1783668901.480 1 
2837114304 13136 1783668901.530 1 
2847111273 13137 1783668901.580 1 
2857181539 13138 1783668901.630 1 
2867111657 13139 1783668901.681 1 
2877112859 13140 1783668901.730 1 
2887128727 13141 1783668901.780 1 
2897111755 13142 1783668901.831 1 
2907114653 13143 1783668901.881 1 
2917180114 13144 1783668901.931 1 
2927113621 13145 1783668901.981 1 
2937112876 13146 1783668902.030 1 
2947111025 13147 1783668902.081 1 
2957112490 13148 1783668902.130 1 
2967112572 13149 1783668902.181 1 
2977111493 13150 1783668902.231 1 
2987112806 13151 1783668902.281 1 
2997114279 13152 1783668902.330 1 
3007115210 13153 1783668902.381 1 
3017111069 13154 1783668902.431 1 
3027112958 13155 1783668902.481 1 
3037113881 13156 1783668902.530 1 
3047112356 13157 1783668902.581 1 
3057111822 13158 1783668902.631 1 
3067113763 13159 1783668902.680 1 
3077111983 13160 1783668902.731 1 
3087147226 13161 1783668902.781 1 
3097113701 13162 1783668902.831 1 
3107111870 13163 1783668902.881 1 
3117112508 13164 1783668902.931 1 
3127132360 13165 1783668902.981 1 
3137113905 13166 1783668903.031 1 
3147113471 13167 1783668903.081 1 
3157112109 13168 1783668903.131 1 
3167111291 13169 1783668903.180 1 
3177112134 13170 1783668903.231 1 
3187112536 13171 1783668903.280 1 
3197111696 13172 1783668903.331 1 
3207112186 13173 1783668903.380 1 
3217112341 13174 1783668903.431 1 
3227111586 13175 1783668903.480 1 
3237113468 13176 1783668903.531 1 
3247112791 13177 1783668903.580 1 
3257111745 13178 1783668903.631 1 
3267112531 13179 1783668903.680 1 
3277112719 13180 1783668903.731 1 
3287129329 13181 1783668903.780 1 
3297112313 13182 1783668903.831 1 
3307128768 13183 1783668903.881 1 
3317115214 13184 1783668903.931 1 
3327115198 13185 1783668903.981 1 
3337112183 13186 1783668904.031 1 
3347112225 13187 1783668904.081 1 
3357112485 13188 1783668904.131 1 
3367112644 13189 1783668904.181 1 
3377110812 13190 1783668904.231 1 
3387114256 13191 1783668904.281 1 
3397112464 13192 1783668904.331 1 
3407111964 13193 1783668904.381 1 
3417114281 13194 1783668904.431 1 
3427111533 13195 1783668904.480 1 
3437114158 13196 1783668904.531 1 
3447112022 13197 1783668904.581 1 
3457113901 13198 1783668904.631 1 
3467112233 13199 1783668904.681 1 
3477112247 13200 1783668904.731 1 
3487130295 13201 1783668904.781 1 
3497113867 13202 1783668904.831 1 
3507112802 13203 1783668904.881 1 
3517111960 13204 1783668904.931 1 
3527113059 13205 1783668904.981 1 
3537113317 13206 1783668905.031 1 
3547113268 13207 1783668905.081 1 
3557129200 13208 1783668905.131 1 
3567112645 13209 1783668905.181 1 
3577112295 13210 1783668905.231 1 
3587111864 13211 1783668905.281 1 
3597112567 13212 1783668905.331 1 
3607111109 13213 1783668905.381 1 
3617113342 13214 1783668905.430 1 
3627112781 13215 1783668905.480 1 
3637110627 13216 1783668905.530 1 
3647112762 13217 1783668905.580 1 
3657114006 13218 1783668905.631 1 
3667178621 13219 1783668905.681 1 
3677111966 13220 1783668905.731 1 
3687263597 13221 1783668905.781 1 
3697181877 13222 1783668905.831 1 
3707113803 13223 1783668905.881 1 
3717113610 13224 1783668905.931 1 
3727112279 13225 1783668905.981 1 
3737112127 13226 1783668906.031 1 
3747113094 13227 1783668906.081 1 
3757113338 13228 1783668906.131 1 
3767112834 13229 1783668906.181 1 
3777114886 13230 1783668906.233 1 
3787112854 13231 1783668906.281 1 
3797111812 13232 1783668906.331 1 
3807111925 13233 1783668906.381 1 
3817111328 13234 1783668906.431 1 
3827112915 13235 1783668906.481 1 
3837113851 13236 1783668906.531 1 
3847112567 13237 1783668906.581 1 
3857114012 13238 1783668906.631 1 
3867111935 13239 1783668906.681 1 
3877112975 13240 1783668906.731 1 
3887148289 13241 1783668906.781 1 
3897112153 13242 1783668906.831 1 
3907114047 13243 1783668906.881 1 
3917128802 13244 1783668906.931 1 
3927113119 13245 1783668906.980 1 
3937112293 13246 1783668907.030 1 
3947113629 13247 1783668907.080 1 
3957111504 13248 1783668907.130 1 
3967111878 13249 1783668907.180 1 
3977111038 13250 1783668907.230 1 
3987112785 13251 1783668907.280 1 
3997113217 13252 1783668907.330 1 
4007111494 13253 1783668907.380 1 
4017113916 13254 1783668907.431 1 
4027111096 13255 1783668907.480 1 
4037112168 13256 1783668907.530 1 
4047178478 13257 1783668907.580 1 
4057110276 13258 1783668907.630 1 
4067114303 13259 1783668907.680 1 
4077112254 13260 1783668907.730 1 
4087204234 13261 1783668907.780 1 
4097113584 13262 1783668907.830 1 
4107112051 13263 1783668907.880 1 
4117112769 13264 1783668907.930 1 
4127113716 13265 1783668907.980 1 
4137112168 13266 1783668908.030 1 
4147113272 13267 1783668908.080 1 
4157124179 13268 1783668908.130 1 
4167113855 13269 1783668908.180 1 
4177111450 13270 1783668908.230 1 
4187112182 13271 1783668908.280 1 
4197114238 13272 1783668908.330 1 
4207112612 13273 1783668908.380 1 
4217111990 13274 1783668908.430 1 
4227113091 13275 1783668908.480 1 
4237113367 13276 1783668908.530 1 
4247112405 13277 1783668908.580 1 
4257113599 13278 1783668908.630 1 
4267112482 13279 1783668908.680 1 
4277112807 13280 1783668908.730 1 
4287147238 13281 1783668908.780 1 
2146399 13282 1783668908.830 1 
12145097 13283 1783668908.880 1 
22146358 13284 1783668908.930 1 
32146614 13285 1783668908.980 1 
42146686 13286 1783668909.030 1 
52145362 13287 1783668909.081 1 
62145055 13288 1783668909.130 1 
72146202 13289 1783668909.180 1 
82145090 13290 1783668909.230 1 
92146513 13291 1783668909.280 1 
102144622 13292 1783668909.330 1 
112146207 13293 1783668909.380 1 
122146601 13294 1783668909.430 1 
132145775 13295 1783668909.480 1 
142144262 13296 1783668909.530 1 
152146040 13297 1783668909.580 1 
162162256 13298 1783668909.630 1 
172143804 13299 1783668909.680 1 
182144813 13300 1783668909.730 1 
192162273 13301 1783668909.780 1 
202144509 13302 1783668909.830 1 
212145968 13303 1783668909.880 1 
222144250 13304 1783668909.930 1 
232146295 13305 1783668909.980 1 
242144253 13306 1783668910.030 1 
252144978 13307 1783668910.080 1 
262145187 13308 1783668910.130 1 
272144815 13309 1783668910.180 1 
282144471 13310 1783668910.230 1 
292146518 13311 1783668910.280 1 
302145579 13312 1783668910.330 1 
312144295 13313 1783668910.380 1 
322146313 13314 1783668910.430 1 
332146614 13315 1783668910.480 1 
342145142 13316 1783668910.530 1 
352145635 13317 1783668910.580 1 
362147457 13318 1783668910.630 1 
372144837 13319 1783668910.680 1 
382145160 13320 1783668910.730 1 
392236384 13321 1783668910.780 1 
402143752 13322 1783668910.830 1 
412146821 13323 1783668910.880 1 
422147373 13324 1783668910.930 1 
432144556 13325 1783668910.980 1 
442145691 13326 1783668911.030 1 
452144422 13327 1783668911.080 1 
462144843 13328 1783668911.130 1 
472145446 13329 1783668911.180 1 
482213194 13330 1783668911.232 1 
492146765 13331 1783668911.280 1 
502144938 13332 1783668911.330 1 
512144821 13333 1783668911.380 1 
522146160 13334 1783668911.430 1 
532144770 13335 1783668911.480 1 
542144567 13336 1783668911.530 1 
552144417 13337 1783668911.580 1 
562145515 13338 1783668911.630 1 
572144540 13339 1783668911.680 1 
582148532 13340 1783668911.730 1 
592161850 13341 1783668911.780 1 
602163943 13342 1783668911.830 1 
612144992 13343 1783668911.880 1 
622144339 13344 1783668911.930 1 
632145492 13345 1783668911.981 1 
642146351 13346 1783668912.031 1 
652144812 13347 1783668912.081 1 
662145649 13348 1783668912.131 1 
672144562 13349 1783668912.181 1 
682145277 13350 1783668912.231 1 
692144950 13351 1783668912.281 1 
702145166 13352 1783668912.331 1 
712144392 13353 1783668912.381 1 
722145886 13354 1783668912.431 1 
732145339 13355 1783668912.481 1 
742145146 13356 1783668912.531 1 
752145802 13357 1783668912.581 1 
762147381 13358 1783668912.631 1 
772145186 13359 1783668912.681 1 
782143602 13360 1783668912.731 1 
792236084 13361 1783668912.781 1 
802147394 13362 1783668912.831 1 
812146057 13363 1783668912.881 1 
822144740 13364 1783668912.931 1 
832144342 13365 1783668912.981 1 
842145064 13366 1783668913.031 1 
852145596 13367 1783668913.081 1 
862145512 13368 1783668913.131 1 
872145774 13369 1783668913.181 1 
882145582 13370 1783668913.231 1 
892145673 13371 1783668913.281 1 
902144608 13372 1783668913.331 1 
912146360 13373 1783668913.381 1 
922144181 13374 1783668913.431 1 
932144025 13375 1783668913.481 1 
942144465 13376 1783668913.531 1 
952143648 13377 1783668913.581 1 
962145089 13378 1783668913.631 1 
972144056 13379 1783668913.681 1 
982144111 13380 1783668913.731 1 
992161649 13381 1783668913.781 1 
1002162187 13382 1783668913.831 1 
1012145208 13383 1783668913.881 1 
1022147075 13384 1783668913.931 1 
1032146705 13385 1783668913.981 1 
1042145137 13386 1783668914.031 1 
1052146746 13387 1783668914.081 1 
1062146666 13388 1783668914.131 1 
1072146224 13389 1783668914.181 1 
1082144565 13390 1783668914.231 1 
1092145963 13391 1783668914.281 1 
1102144699 13392 1783668914.331 1 
1112144702 13393 1783668914.381 1 
1122145625 13394 1783668914.431 1 
1132143460 13395 1783668914.481 1 
1142144559 13396 1783668914.531 1 
1152146439 13397 1783668914.581 1 
1162144628 13398 1783668914.631 1 
1172145249 13399 1783668914.681 1 
1182145569 13400 1783668914.731 1 
1192204228 13401 1783668914.781 1 
1202288450 13402 1783668914.831 1 
1212146574 13403 1783668914.882 1 
1222146053 13404 1783668914.931 1 
1232146482 13405 1783668914.981 1 
1242145702 13406 1783668915.031 1 
1252147803 13407 1783668915.081 1 
1262144736 13408 1783668915.131 1 
1272145398 13409 1783668915.181 1 
1282144449 13410 1783668915.231 1 
1292145754 13411 1783668915.281 1 
1302146924 13412 1783668915.331 1 
1312145449 13413 1783668915.381 1 
1322147469 13414 1783668915.431 1 
1332160182 13415 1783668915.481 1 
1342213072 13416 1783668915.531 1 
1352212412 13417 1783668915.581 1 
1362145968 13418 1783668915.631 1 
1372147235 13419 1783668915.681 1 
1382145748 13420 1783668915.731 1 
1392215263 13421 1783668915.781 1 
1402288093 13422 1783668915.832 1 
1412144597 13423 1783668915.882 1 
1422145089 13424 1783668915.931 1 
1432146560 13425 1783668915.981 1 
1442147062 13426 1783668916.031 1 
1452143935 13427 1783668916.081 1 
1462145763 13428 1783668916.131 1 
1472144746 13429 1783668916.181 1 
1482144916 13430 1783668916.233 1 
1492143164 13431 1783668916.281 1 
1502143628 13432 1783668916.331 1 
1512144686 13433 1783668916.381 1 
1522148026 13434 1783668916.431 1 
1532143509 13435 1783668916.481 1 
1542145514 13436 1783668916.531 1 
1552145880 13437 1783668916.581 1 
1562145955 13438 1783668916.631 1 
1572162107 13439 1783668916.681 1 
1582144597 13440 1783668916.731 1 
1592237935 13441 1783668916.781 1 
1602145988 13442 1783668916.832 1 
1612143912 13443 1783668916.881 1 
1622145780 13444 1783668916.931 1 
1632144880 13445 1783668916.981 1 
1642145424 13446 1783668917.031 1 
1652145667 13447 1783668917.081 1 
1662144048 13448 1783668917.131 1 
1672143000 13449 1783668917.181 1 
1682144879 13450 1783668917.231 1 
1692145573 13451 1783668917.281 1 
1702145274 13452 1783668917.331 1 
1712145480 13453 1783668917.381 1 
1722144440 13454 1783668917.432 1 
1732143861 13455 1783668917.481 1 
1742145064 13456 1783668917.531 1 
1752144706 13457 1783668917.581 1 
1762145345 13458 1783668917.631 1 
1772144932 13459 1783668917.681 1 
1782145886 13460 1783668917.731 1 
1792178542 13461 1783668917.781 1 
1802148380 13462 1783668917.831 1 
1812160351 13463 1783668917.881 1 
1822211696 13464 1783668917.931 1 
1832147871 13465 1783668917.982 1 
1842145275 13466 1783668918.031 1 
1852146053 13467 1783668918.081 1 
1862144435 13468 1783668918.131 1 
1872145133 13469 1783668918.181 1 
1882144855 13470 1783668918.231 1 
1892144469 13471 1783668918.281 1 
1902144545 13472 1783668918.331 1 
1912144992 13473 1783668918.381 1 
1922144253 13474 1783668918.431 1 
1932144500 13475 1783668918.481 1 
1942147917 13476 1783668918.531 1 
1952145575 13477 1783668918.581 1 
1962144705 13478 1783668918.631 1 
1972147608 13479 1783668918.681 1 
1982145338 13480 1783668918.731 1 
1992159982 13481 1783668918.781 1 
2002145269 13482 1783668918.831 1 
2012146128 13483 1783668918.881 1 
2022145101 13484 1783668918.931 1 
2032143418 13485 1783668918.981 1 
2042144687 13486 1783668919.031 1 
2052145191 13487 1783668919.081 1 
2062144291 13488 1783668919.131 1 
2072143842 13489 1783668919.181 1 
2082145642 13490 1783668919.231 1 
2092144306 13491 1783668919.281 1 
2102145199 13492 1783668919.331 1 
2112144407 13493 1783668919.381 1 
2122145506 13494 1783668919.431 1 
2132144976 13495 1783668919.481 1 
2142144487 13496 1783668919.531 1 
2152146342 13497 1783668919.581 1 
2162143897 13498 1783668919.631 1 
2172144815 13499 1783668919.681 1 
2182144153 13500 1783668919.731 1 
2192202346 13501 1783668919.781 1 
2202287912 13502 1783668919.832 1 
2212147300 13503 1783668919.882 1 
2222144684 13504 1783668919.931 1 
2232145488 13505 1783668919.981 1 
2242146099 13506 1783668920.031 1 
2252144609 13507 1783668920.081 1 
2262212099 13508 1783668920.131 1 
2272156903 13509 1783668920.182 1 
2282213086 13510 1783668920.231 1 
2292146409 13511 1783668920.282 1 
2302161419 13512 1783668920.331 1 
2312145798 13513 1783668920.381 1 
2322145922 13514 1783668920.431 1 
2332144737 13515 1783668920.481 1 
2342144252 13516 1783668920.531 1 
2352143551 13517 1783668920.581 1 
2362144238 13518 1783668920.631 1 
2372144675 13519 1783668920.682 1 
2382144894 13520 1783668920.732 1 
2392150509 13521 1783668920.781 1 
2402146744 13522 1783668920.831 1 
2412146812 13523 1783668920.881 1 
2422144419 13524 1783668920.931 1 
2432145604 13525 1783668920.981 1 
2442145527 13526 1783668921.031 1 
2452212024 13527 1783668921.081 1 
2462145171 13528 1783668921.132 1 
2472147065 13529 1783668921.181 1 
2482145184 13530 1783668921.233 1 
2492144809 13531 1783668921.281 1 
2502143056 13532 1783668921.331 1 
2512146204 13533 1783668921.381 1 
2522144397 13534 1783668921.431 1 
2532144120 13535 1783668921.481 1 
2542145460 13536 1783668921.531 1 
2552144561 13537 1783668921.581 1 
2562144428 13538 1783668921.631 1 
2572145908 13539 1783668921.681 1 
2582146543 13540 1783668921.731 1 
2592181762 13541 1783668921.781 1 
2602143847 13542 1783668921.832 1 
2612146084 13543 1783668921.882 1 
2622145215 13544 1783668921.931 1 
2632144527 13545 1783668921.981 1 
2642146304 13546 1783668922.031 1 
2652146628 13547 1783668922.081 1 
2662144644 13548 1783668922.131 1 
2672146441 13549 1783668922.181 1 
2682146586 13550 1783668922.231 1 
2692144392 13551 1783668922.281 1 
2702144596 13552 1783668922.331 1 
2712145709 13553 1783668922.381 1 
2722146381 13554 1783668922.431 1 
2732143271 13555 1783668922.482 1 
2742144465 13556 1783668922.531 1 
2752144481 13557 1783668922.581 1 
2762167123 13558 1783668922.631 1 
2772144702 13559 1783668922.681 1 
2782146758 13560 1783668922.732 1 
2792181698 13561 1783668922.781 1 
2802146561 13562 1783668922.832 1 
2812145206 13563 1783668922.882 1 
2822143767 13564 1783668922.932 1 
2832146262 13565 1783668922.981 1 
2842146077 13566 1783668923.031 1 
2852144935 13567 1783668923.081 1 
2862146355 13568 1783668923.132 1 
2872144884 13569 1783668923.181 1 
2882144466 13570 1783668923.231 1 
2892213435 13571 1783668923.281 1 
2902146363 13572 1783668923.332 1 
2912145923 13573 1783668923.381 1 
2922145727 13574 1783668923.432 1 
2932145140 13575 1783668923.481 1 
2942146839 13576 1783668923.532 1 
2952143392 13577 1783668923.581 1 
2962144972 13578 1783668923.632 1 
2972146688 13579 1783668923.681 1 
2982145212 13580 1783668923.732 1 
2992180823 13581 1783668923.781 1 
3002145684 13582 1783668923.832 1 
3012143741 13583 1783668923.882 1 
3022144629 13584 1783668923.932 1 
3032145866 13585 1783668923.981 1 
3042145687 13586 1783668924.032 1 
3052146496 13587 1783668924.081 1 
3062144727 13588 1783668924.132 1 
3072145251 13589 1783668924.181 1 
3082145978 13590 1783668924.232 1 
3092145134 13591 1783668924.281 1 
3102145085 13592 1783668924.332 1 
3112147168 13593 1783668924.381 1 
3122145064 13594 1783668924.432 1 
3132145103 13595 1783668924.481 1 
3142144410 13596 1783668924.532 1 
3152147760 13597 1783668924.581 1 
3162144366 13598 1783668924.632 1 
3172143744 13599 1783668924.681 1 
3182211080 13600 1783668924.732 1 
3192236956 13601 1783668924.782 1 
3202146522 13602 1783668924.832 1 
3212145208 13603 1783668924.882 1 
3222145041 13604 1783668924.932 1 
3232146475 13605 1783668924.981 1 
3242145300 13606 1783668925.032 1 
3252146666 13607 1783668925.082 1 
3262144746 13608 1783668925.132 1 
3272145292 13609 1783668925.181 1 
3282146715 13610 1783668925.232 1 
3292145012 13611 1783668925.282 1 
3302146227 13612 1783668925.332 1 
3312144529 13613 1783668925.381 1 
3322145811 13614 1783668925.432 1 
3332146565 13615 1783668925.481 1 
3342164365 13616 1783668925.532 1 
3352144911 13617 1783668925.582 1 
3362211826 13618 1783668925.632 1 
3372145214 13619 1783668925.682 1 
3382143750 13620 1783668925.732 1 
3392180056 13621 1783668925.782 1 
3402145157 13622 1783668925.832 1 
3412145664 13623 1783668925.882 1 
3422146606 13624 1783668925.932 1 
3432146013 13625 1783668925.982 1 
3442161430 13626 1783668926.032 1 
3452144330 13627 1783668926.082 1 
3462147046 13628 1783668926.132 1 
3472167861 13629 1783668926.182 1 
3482145901 13630 1783668926.232 1 
3492145923 13631 1783668926.282 1 
3502212382 13632 1783668926.332 1 
3512146773 13633 1783668926.382 1 
3522145675 13634 1783668926.432 1 
3532144891 13635 1783668926.482 1 
3542145969 13636 1783668926.532 1 
3552144792 13637 1783668926.582 1 
3562144485 13638 1783668926.632 1 
3572146222 13639 1783668926.682 1 
3582146257 13640 1783668926.732 1 
3592237456 13641 1783668926.782 1 
3602146783 13642 1783668926.832 1 
3612145867 13643 1783668926.882 1 
3622145770 13644 1783668926.932 1 
3632145049 13645 1783668926.982 1 
3642145572 13646 1783668927.032 1 
3652147178 13647 1783668927.082 1 
3662144259 13648 1783668927.132 1 
3672146537 13649 1783668927.182 1 
3682146275 13650 1783668927.232 1 
3692146004 13651 1783668927.282 1 
3702145562 13652 1783668927.332 1 
3712144980 13653 1783668927.382 1 
3722146967 13654 1783668927.432 1 
3732144232 13655 1783668927.482 1 
3742145551 13656 1783668927.532 1 
3752144955 13657 1783668927.582 1 
3762144182 13658 1783668927.632 1 
3772144212 13659 1783668927.682 1 
3782144149 13660 1783668927.732 1 
3792298493 13661 1783668927.782 1 
3802146570 13662 1783668927.832 1 
3812147328 13663 1783668927.882 1 
3822145167 13664 1783668927.932 1 
3832146591 13665 1783668927.982 1 
3842144525 13666 1783668928.032 1 
3852144066 13667 1783668928.082 1 
3862145805 13668 1783668928.132 1 
3872145926 13669 1783668928.182 1 
3882146004 13670 1783668928.232 1 
3892145557 13671 1783668928.282 1 
3902146220 13672 1783668928.332 1 
3912145431 13673 1783668928.382 1 
3922142947 13674 1783668928.432 1 
3932144854 13675 1783668928.482 1 
3942146371 13676 1783668928.532 1 
3952144555 13677 1783668928.582 1 
3962144747 13678 1783668928.632 1 
3972146802 13679 1783668928.682 1 
3982145290 13680 1783668928.732 1 
3992151863 13681 1783668928.782 1 
4002146265 13682 1783668928.832 1 
4012144307 13683 1783668928.882 1 
4022145030 13684 1783668928.932 1 
4032144977 13685 1783668928.982 1 
4042145493 13686 1783668929.032 1 
4052145849 13687 1783668929.082 1 
4062145226 13688 1783668929.132 1 
4072145667 13689 1783668929.182 1 
4082145747 13690 1783668929.232 1 
4092145626 13691 1783668929.282 1 
4102145952 13692 1783668929.332 1 
4112144326 13693 1783668929.382 1 
4122144743 13694 1783668929.432 1 
4132144967 13695 1783668929.482 1 
4142146583 13696 1783668929.532 1 
4152143128 13697 1783668929.582 1 
4162160275 13698 1783668929.632 1 
4172145306 13699 1783668929.682 1 
4182145001 13700 1783668929.732 1 
4192237404 13701 1783668929.782 1 
4202146571 13702 1783668929.832 1 
4212146351 13703 1783668929.882 1 
4222146340 13704 1783668929.932 1 
4232146356 13705 1783668929.982 1 
4242146445 13706 1783668930.032 1 
4252146423 13707 1783668930.082 1 
4262144025 13708 1783668930.132 1 
4272145196 13709 1783668930.182 1 
4282144077 13710 1783668930.232 1 
4292147291 13711 1783668930.282 1 
7176744 13712 1783668930.332 1 
17178366 13713 1783668930.382 1 
27177856 13714 1783668930.432 1 
37177256 13715 1783668930.482 1 
47177934 13716 1783668930.532 1 
57177860 13717 1783668930.582 1 
67178164 13718 1783668930.632 1 
77178132 13719 1783668930.682 1 
87176795 13720 1783668930.732 1 
97194563 13721 1783668930.782 1 
107177113 13722 1783668930.832 1 
117177806 13723 1783668930.882 1 
127177504 13724 1783668930.932 1 
137178764 13725 1783668930.982 1 
147177227 13726 1783668931.032 1 
157177042 13727 1783668931.082 1 
167177490 13728 1783668931.132 1 
177177174 13729 1783668931.182 1 
187177178 13730 1783668931.232 1 
197176127 13731 1783668931.283 1 
207179762 13732 1783668931.332 1 
217178658 13733 1783668931.382 1 
227177535 13734 1783668931.432 1 
237178173 13735 1783668931.482 1 
247177114 13736 1783668931.532 1 
257179532 13737 1783668931.582 1 
267178048 13738 1783668931.632 1 
277177453 13739 1783668931.682 1 
287178302 13740 1783668931.732 1 
297213835 13741 1783668931.782 1 
307178204 13742 1783668931.832 1 
317177712 13743 1783668931.882 1 
327178327 13744 1783668931.932 1 
337177820 13745 1783668931.982 1 
347178343 13746 1783668932.032 1 
357178723 13747 1783668932.082 1 
367176214 13748 1783668932.132 1 
377179089 13749 1783668932.182 1 
387178237 13750 1783668932.232 1 
397178654 13751 1783668932.282 1 
407178363 13752 1783668932.332 1 
417179128 13753 1783668932.382 1 
427177042 13754 1783668932.432 1 
437177247 13755 1783668932.482 1 
447189194 13756 1783668932.532 1 
457198072 13757 1783668932.582 1 
467176955 13758 1783668932.632 1 
477177752 13759 1783668932.682 1 
487177458 13760 1783668932.732 1 
497213678 13761 1783668932.782 1 
507178620 13762 1783668932.832 1 
517194060 13763 1783668932.882 1 
527178868 13764 1783668932.932 1 
537178729 13765 1783668932.982 1 
547179081 13766 1783668933.032 1 
557178784 13767 1783668933.082 1 
567179179 13768 1783668933.132 1 
577178188 13769 1783668933.182 1 
587179110 13770 1783668933.232 1 
597178833 13771 1783668933.282 1 
607177477 13772 1783668933.332 1 
617177238 13773 1783668933.382 1 
627180105 13774 1783668933.432 1 
637179221 13775 1783668933.482 1 
647177879 13776 1783668933.532 1 
657179317 13777 1783668933.582 1 
667179901 13778 1783668933.632 1 
677176325 13779 1783668933.682 1 
687177561 13780 1783668933.732 1 
697213653 13781 1783668933.782 1 
707177668 13782 1783668933.832 1 
717179260 13783 1783668933.882 1 
727177730 13784 1783668933.932 1 
737181122 13785 1783668933.982 1 
747176957 13786 1783668934.032 1 
757178514 13787 1783668934.082 1 
767190110 13788 1783668934.132 1 
777177477 13789 1783668934.182 1 
787177459 13790 1783668934.232 1 
797177853 13791 1783668934.282 1 
807179350 13792 1783668934.332 1 
817201122 13793 1783668934.382 1 
827193649 13794 1783668934.432 1 
837178576 13795 1783668934.482 1 
847177052 13796 1783668934.532 1 
857177555 13797 1783668934.582 1 
867178421 13798 1783668934.632 1 
877177580 13799 1783668934.682 1 
887179295 13800 1783668934.732 1 
897269491 13801 1783668934.782 1 
907178357 13802 1783668934.832 1 
917177966 13803 1783668934.882 1 
927177018 13804 1783668934.932 1 
937179064 13805 1783668934.982 1 
947178229 13806 1783668935.032 1 
957180040 13807 1783668935.082 1 
967179221 13808 1783668935.132 1 
977177102 13809 1783668935.182 1 
987177896 13810 1783668935.232 1 
997178468 13811 1783668935.282 1 
1007178028 13812 1783668935.332 1 
1017176167 13813 1783668935.382 1 
1027177899 13814 1783668935.432 1 
1037177534 13815 1783668935.482 1 
1047178154 13816 1783668935.532 1 
1057175297 13817 1783668935.582 1 
1067177969 13818 1783668935.632 1 
1077177403 13819 1783668935.682 1 
1087175757 13820 1783668935.732 1 
1097182299 13821 1783668935.782 1 
1107178299 13822 1783668935.832 1 
1117179196 13823 1783668935.882 1 
1127177626 13824 1783668935.932 1 
1137179038 13825 1783668935.982 1 
1147177698 13826 1783668936.032 1 
1157178308 13827 1783668936.082 1 
1167177926 13828 1783668936.132 1 
1177177364 13829 1783668936.182 1 
1187179735 13830 1783668936.232 1 
1197197943 13831 1783668936.283 1 
1207178153 13832 1783668936.332 1 
1217176864 13833 1783668936.382 1 
1227177189 13834 1783668936.432 1 
1237180172 13835 1783668936.482 1 
1247177692 13836 1783668936.532 1 
1257177161 13837 1783668936.582 1 
1267177464 13838 1783668936.632 1 
1277178345 13839 1783668936.682 1 
1287179660 13840 1783668936.732 1 
1297193808 13841 1783668936.782 1 
1307178831 13842 1783668936.832 1 
1317178417 13843 1783668936.882 1 
1327177655 13844 1783668936.932 1 
1337178928 13845 1783668936.982 1 
1347180328 13846 1783668937.032 1 
1357177666 13847 1783668937.082 1 
1367177046 13848 1783668937.132 1 
1377179437 13849 1783668937.182 1 
1387179750 13850 1783668937.232 1 
1397177565 13851 1783668937.282 1 
1407244837 13852 1783668937.332 1 
1417179443 13853 1783668937.383 1 
1427179078 13854 1783668937.432 1 
1437176524 13855 1783668937.482 1 
1447177838 13856 1783668937.532 1 
1457178075 13857 1783668937.582 1 
1467178773 13858 1783668937.632 1 
1477196875 13859 1783668937.682 1 
1487178099 13860 1783668937.732 1 
1497194963 13861 1783668937.782 1 
1507177834 13862 1783668937.832 1 
1517177749 13863 1783668937.882 1 
1527177210 13864 1783668937.932 1 
1537194995 13865 1783668937.982 1 
1547177361 13866 1783668938.032 1 
1557246419 13867 1783668938.082 1 
1567179248 13868 1783668938.133 1 
1577176503 13869 1783668938.182 1 
1587244830 13870 1783668938.232 1 
1597177824 13871 1783668938.283 1 
1607178660 13872 1783668938.332 1 
1617196730 13873 1783668938.382 1 
1627177120 13874 1783668938.432 1 
1637178673 13875 1783668938.482 1 
1647179371 13876 1783668938.532 1 
1657179748 13877 1783668938.582 1 
1667178036 13878 1783668938.632 1 
1677176710 13879 1783668938.682 1 
1687177958 13880 1783668938.732 1 
1697268862 13881 1783668938.782 1 
1707178313 13882 1783668938.833 1 
1717177677 13883 1783668938.882 1 
1727178991 13884 1783668938.932 1 
1737178515 13885 1783668938.982 1 
1747177420 13886 1783668939.032 1 
1757178035 13887 1783668939.082 1 
1767178176 13888 1783668939.132 1 
1777178646 13889 1783668939.182 1 
1787178384 13890 1783668939.232 1 
1797178176 13891 1783668939.282 1 
1807178449 13892 1783668939.332 1 
1817178348 13893 1783668939.382 1 
1827178636 13894 1783668939.432 1 
1837177751 13895 1783668939.482 1 
1847177964 13896 1783668939.532 1 
1857177784 13897 1783668939.582 1 
1867176876 13898 1783668939.632 1 
1877178378 13899 1783668939.682 1 
1887177762 13900 1783668939.732 1 
1897195087 13901 1783668939.782 1 
1907177568 13902 1783668939.832 1 
1917179294 13903 1783668939.882 1 
1927179252 13904 1783668939.932 1 
1937177125 13905 1783668939.982 1 
1947189290 13906 1783668940.032 1 
1957178043 13907 1783668940.082 1 
1967178552 13908 1783668940.132 1 
1977178713 13909 1783668940.182 1 
1987178424 13910 1783668940.232 1 
1997179649 13911 1783668940.282 1 
2007177788 13912 1783668940.332 1 
2017176978 13913 1783668940.382 1 
2027178494 13914 1783668940.433 1 
2037178526 13915 1783668940.482 1 
2047176978 13916 1783668940.532 1 
2057178441 13917 1783668940.582 1 
2067177156 13918 1783668940.633 1 
2077178062 13919 1783668940.682 1 
2087178705 13920 1783668940.732 1 
2097270748 13921 1783668940.782 1 
2107177875 13922 1783668940.833 1 
2117177763 13923 1783668940.882 1 
2127177915 13924 1783668940.932 1 
2137177411 13925 1783668940.982 1 
2147178206 13926 1783668941.032 1 
2157176667 13927 1783668941.082 1 
2167177978 13928 1783668941.132 1 
2177177921 13929 1783668941.182 1 
2187178574 13930 1783668941.233 1 
2197178420 13931 1783668941.283 1 
2207178183 13932 1783668941.332 1 
2217179048 13933 1783668941.382 1 
2227177663 13934 1783668941.432 1 
2237178634 13935 1783668941.482 1 
2247176961 13936 1783668941.532 1 
2257176916 13937 1783668941.582 1 
2267178736 13938 1783668941.632 1 
2277177367 13939 1783668941.682 1 
2287178438 13940 1783668941.732 1 
2297329550 13941 1783668941.782 1 
2307257941 13942 1783668941.833 1 
2317177159 13943 1783668941.883 1 
2327177997 13944 1783668941.932 1 
2337198846 13945 1783668941.982 1 
2347178505 13946 1783668942.032 1 
2357177835 13947 1783668942.082 1 
2367178468 13948 1783668942.132 1 
2377178851 13949 1783668942.182 1 
2387177393 13950 1783668942.232 1 
2397178201 13951 1783668942.282 1 
2407176684 13952 1783668942.332 1 
2417177357 13953 1783668942.382 1 
2427177807 13954 1783668942.432 1 
2437179524 13955 1783668942.482 1 
2447178037 13956 1783668942.532 1 
2457178878 13957 1783668942.582 1 
2467177797 13958 1783668942.632 1 
2477176382 13959 1783668942.682 1 
2487178525 13960 1783668942.732 1 
2497194384 13961 1783668942.782 1 
2507176337 13962 1783668942.832 1 
2517178778 13963 1783668942.882 1 
2527178264 13964 1783668942.932 1 
2537176183 13965 1783668942.982 1 
2547177917 13966 1783668943.032 1 
2557178550 13967 1783668943.082 1 
2567179485 13968 1783668943.132 1 
2577178189 13969 1783668943.182 1 
2587176732 13970 1783668943.232 1 
2597178941 13971 1783668943.282 1 
2607178067 13972 1783668943.332 1 
2617177523 13973 1783668943.382 1 
2627177681 13974 1783668943.432 1 
2637178377 13975 1783668943.482 1 
2647176941 13976 1783668943.532 1 
2657176431 13977 1783668943.582 1 
2667179303 13978 1783668943.632 1 
2677177606 13979 1783668943.682 1 
2687175762 13980 1783668943.732 1 
2697270094 13981 1783668943.782 1 
2707177237 13982 1783668943.833 1 
2717178349 13983 1783668943.883 1 
2727178650 13984 1783668943.932 1 
2737199431 13985 1783668943.983 1 
2747178533 13986 1783668944.033 1 
2757178290 13987 1783668944.083 1 
2767177783 13988 1783668944.132 1 
2777176491 13989 1783668944.183 1 
2787179156 13990 1783668944.232 1 
2797178304 13991 1783668944.283 1 
2807179117 13992 1783668944.332 1 
2817177805 13993 1783668944.383 1 
2827177837 13994 1783668944.432 1 
2837177866 13995 1783668944.482 1 
2847179729 13996 1783668944.532 1 
2857177593 13997 1783668944.583 1 
2867177965 13998 1783668944.632 1 
2877177722 13999 1783668944.683 1 
2887178653 14000 1783668944.732 1 
2897236877 14001 1783668944.783 1 
2907320260 14002 1783668944.833 1 
2917196833 14003 1783668944.883 1 
2927176175 14004 1783668944.933 1 
2937178528 14005 1783668944.983 1 
2947178637 14006 1783668945.032 1 
2957178854 14007 1783668945.083 1 
2967178178 14008 1783668945.132 1 
2977179304 14009 1783668945.183 1 
2987178876 14010 1783668945.232 1 
2997178248 14011 1783668945.283 1 
3007176902 14012 1783668945.332 1 
3017178648 14013 1783668945.383 1 
3027177822 14014 1783668945.432 1 
3037177800 14015 1783668945.483 1 
3047178517 14016 1783668945.533 1 
3057178600 14017 1783668945.583 1 
3067178617 14018 1783668945.632 1 
3077178980 14019 1783668945.683 1 
3087179480 14020 1783668945.732 1 
3097250086 14021 1783668945.783 1 
3107193225 14022 1783668945.833 1 
3117178035 14023 1783668945.883 1 
3127176665 14024 1783668945.933 1 
3137178261 14025 1783668945.982 1 
3147179104 14026 1783668946.033 1 
3157177302 14027 1783668946.083 1 
3167180398 14028 1783668946.133 1 
3177179722 14029 1783668946.183 1 
3187178966 14030 1783668946.233 1 
3197177401 14031 1783668946.284 1 
3207245782 14032 1783668946.333 1 
3217178773 14033 1783668946.383 1 
3227178821 14034 1783668946.433 1 
3237179033 14035 1783668946.483 1 
3247179141 14036 1783668946.533 1 
3257176575 14037 1783668946.582 1 
3267178334 14038 1783668946.633 1 
3277177082 14039 1783668946.683 1 
3287177933 14040 1783668946.733 1 
3297236103 14041 1783668946.783 1 
3307321795 14042 1783668946.833 1 
3317177933 14043 1783668946.883 1 
3327178392 14044 1783668946.933 1 
3337177910 14045 1783668946.983 1 
3347177386 14046 1783668947.033 1 
3357177770 14047 1783668947.083 1 
3367177855 14048 1783668947.133 1 
3377177985 14049 1783668947.183 1 
3387178108 14050 1783668947.233 1 
3397176998 14051 1783668947.283 1 
3407177450 14052 1783668947.333 1 
3417178082 14053 1783668947.383 1 
3427178340 14054 1783668947.433 1 
3437181104 14055 1783668947.483 1 
3447177891 14056 1783668947.533 1 
3457176436 14057 1783668947.583 1 
3467177532 14058 1783668947.633 1 
3477176900 14059 1783668947.683 1 
3487307071 14060 1783668947.733 1 
3497279441 14061 1783668947.783 1 
3507177816 14062 1783668947.833 1 
3517177343 14063 1783668947.883 1 
3527176721 14064 1783668947.933 1 
3537176761 14065 1783668947.983 1 
3547178024 14066 1783668948.033 1 
3557180119 14067 1783668948.083 1 
3567177069 14068 1783668948.133 1 
3577179162 14069 1783668948.183 1 
3587177176 14070 1783668948.233 1 
3597178062 14071 1783668948.283 1 
3607178348 14072 1783668948.333 1 
3617177828 14073 1783668948.383 1 
3627178453 14074 1783668948.433 1 
3637177520 14075 1783668948.483 1 
3647177514 14076 1783668948.533 1 
3657175899 14077 1783668948.583 1 
3667177524 14078 1783668948.633 1 
3677195062 14079 1783668948.683 1 
3687179116 14080 1783668948.733 1 
3697269617 14081 1783668948.783 1 
3707190254 14082 1783668948.833 1 -7.217 7.445 1.640 -6.732 89 425 
3717178495 14083 1783668948.883 1 
3727178157 14084 1783668948.933 1 
3737193993 14085 1783668948.983 1 -5.508 7.323 1.450 -5.890 120 421 
3747193144 14086 1783668949.033 1 -5.074 6.745 1.335 -5.890 105 435 
3757216749 14087 1783668949.083 1 -5.875 5.826 2.136 -6.732 74 429 -6.744 4.372 2.075 -5.890 78 424 
3767219605 14088 1783668949.134 1 -4.639 5.975 1.953 -5.890 113 425 -5.341 6.319 2.136 -5.890 92 420 
3777176990 14089 1783668949.184 1 
3787222976 14090 1783668949.233 1 -4.021 6.048 2.129 -5.049 158 423 -3.906 6.478 1.953 -2.524 125 426 
3797235770 14091 1783668949.289 1 -6.844 6.375 1.785 -6.732 72 422 -5.188 6.220 1.816 -5.890 69 428 
3807266225 14092 1783668949.334 1 -5.928 6.793 0.565 -6.732 74 432 -3.891 5.853 2.060 -5.890 106 440 -2.563 6.158 1.495 -4.207 170 428 
3817256300 14093 1783668949.392 1 -2.991 5.839 1.923 -7.573 96 424 -3.098 6.047 1.991 -5.049 132 429 -2.060 6.093 1.442 -3.366 143 425 -2.129 7.012 1.892 -2.524 94 422 
3827272242 14094 1783668949.444 1 -5.188 6.220 1.816 -5.890 78 437 -2.777 6.008 1.709 -5.049 103 434 -1.984 5.759 1.785 -3.366 164 424 -5.707 5.659 2.075 -3.366 71 430 -2.213 6.270 2.434 -2.524 84 428 
3837276890 14095 1783668949.493 1 -5.287 5.736 2.014 -5.890 107 433 -1.442 6.217 1.648 -5.049 86 427 -1.785 5.759 1.984 -2.524 165 434 
3847264697 14096 1783668949.540 1 -4.150 6.394 1.709 -8.414 138 429 -3.891 5.853 2.060 -5.890 86 435 -2.563 6.206 1.282 -4.207 84 438 -1.144 5.616 2.098 -1.683 167 420 
3857260949 14097 1783668949.592 1 -1.587 5.746 2.182 -5.049 95 421 -4.021 5.861 2.602 -5.049 85 428 -3.319 6.059 1.549 -4.207 90 420 -1.144 5.541 2.289 -1.683 169 420 
3867330045 14098 1783668949.642 1 -3.662 6.073 1.831 -5.049 115 428 -2.182 5.908 0.793 -3.366 124 431 -0.191 5.728 2.098 -0.841 244 410 -2.975 6.368 2.060 -0.841 100 435 
3877265759 14099 1783668949.693 1 -2.434 6.343 1.991 -4.207 96 422 -2.579 5.579 1.587 -3.366 90 421 
3887231762 14100 1783668949.742 1 -0.641 6.640 1.495 -3.366 78 432 -2.991 6.147 0.000 -3.366 78 432 -0.763 5.681 2.098 -2.524 184 424 0.000 5.717 1.282 -0.841 128 414 
3897346168 14101 1783668949.793 1 -1.923 6.202 2.136 -3.366 139 420 -0.763 5.807 1.717 -1.683 135 435 
3907260602 14102 1783668949.842 1 -1.923 6.202 2.136 -3.366 146 428 -1.183 7.340 1.419 -2.524 68 436 
3917234173 14103 1783668949.893 1 -1.717 5.306 2.480 -2.524 132 439 0.000 5.732 2.098 -0.841 172 419 
3927274659 14104 1783668949.940 1 -1.144 5.459 2.480 -1.683 189 432 
3937274186 14105 1783668949.989 1 -0.191 5.728 2.098 -3.366 95 431 0.000 7.234 1.144 -0.841 78 442 
3947236815 14106 1783668950.041 1 
3957300526 14107 1783668950.083 1 
3967268433 14108 1783668950.133 1 
3977303707 14109 1783668950.183 1 
3987217157 14110 1783668950.233 1 
3997191149 14111 1783668950.283 1 
4007232597 14112 1783668950.333 1 
4017262170 14113 1783668950.383 1 
4027192584 14114 1783668950.433 1 
4037217357 14115 1783668950.483 1 
4047190520 14116 1783668950.533 1 
4057178152 14117 1783668950.583 1 
4067177041 14118 1783668950.633 1 
4077177992 14119 1783668950.683 1 
4087189725 14120 1783668950.733 1 
4097195662 14121 1783668950.783 1 
4107176169 14122 1783668950.833 1 
4117179028 14123 1783668950.883 1 
4127179270 14124 1783668950.933 1 
4137178748 14125 1783668950.983 1 
4147178096 14126 1783668951.033 1 
4157179546 14127 1783668951.083 1 
4167179570 14128 1783668951.133 1 
4177176928 14129 1783668951.183 1 
4187176512 14130 1783668951.233 1 
4197178006 14131 1783668951.284 1 
4207178116 14132 1783668951.333 1 
4217177515 14133 1783668951.383 1 
4227200015 14134 1783668951.433 1 
4237177834 14135 1783668951.483 1 
4247178838 14136 1783668951.533 1 
4257179488 14137 1783668951.583 1 
4267179475 14138 1783668951.633 1 
4277180926 14139 1783668951.683 1 
4287178152 14140 1783668951.733 1 
2247659 14141 1783668951.783 1 
12211085 14142 1783668951.833 1 
22209241 14143 1783668951.883 1 
32210966 14144 1783668951.933 1 
42208837 14145 1783668951.983 1 
52210697 14146 1783668952.033 1 
62211410 14147 1783668952.083 1 
72210227 14148 1783668952.133 1 
82210904 14149 1783668952.183 1 
92210296 14150 1783668952.233 1 
102209528 14151 1783668952.283 1 
112210726 14152 1783668952.333 1 
122209867 14153 1783668952.383 1 
132211547 14154 1783668952.433 1 
142210020 14155 1783668952.483 1 
152209068 14156 1783668952.533 1 
162210083 14157 1783668952.583 1 
172211079 14158 1783668952.633 1 
182211099 14159 1783668952.683 1 
192210344 14160 1783668952.733 1 
202245554 14161 1783668952.783 1 
212210472 14162 1783668952.833 1 
222209490 14163 1783668952.883 1 
232210973 14164 1783668952.933 1 
242212479 14165 1783668952.983 1 
252210942 14166 1783668953.033 1 
262210314 14167 1783668953.083 1 
272277612 14168 1783668953.133 1 
282211096 14169 1783668953.183 1 
292211603 14170 1783668953.233 1 
302278401 14171 1783668953.283 1 
312210943 14172 1783668953.333 1 
322278797 14173 1783668953.383 1 
332209933 14174 1783668953.433 1 
342210449 14175 1783668953.483 1 
352210570 14176 1783668953.533 1 
362209841 14177 1783668953.583 1 
372211374 14178 1783668953.633 1 
382278049 14179 1783668953.683 1 
392212482 14180 1783668953.733 1 
402227389 14181 1783668953.783 1 
412210596 14182 1783668953.833 1 
422210391 14183 1783668953.883 1 
432209935 14184 1783668953.933 1 
442210498 14185 1783668953.983 1 
452209675 14186 1783668954.033 1 
462209950 14187 1783668954.083 1 
472211789 14188 1783668954.133 1 
482210724 14189 1783668954.183 1 
492209425 14190 1783668954.233 1 
502228486 14191 1783668954.283 1 
512211154 14192 1783668954.333 1 
522212196 14193 1783668954.383 1 
532209727 14194 1783668954.433 1 
542209931 14195 1783668954.483 1 
552210622 14196 1783668954.533 1 
562211156 14197 1783668954.583 1 
572277957 14198 1783668954.633 1 
582210420 14199 1783668954.683 1 
592211610 14200 1783668954.733 1 
602245695 14201 1783668954.783 1 
612211145 14202 1783668954.833 1 
622210512 14203 1783668954.883 1 
632211251 14204 1783668954.933 1 
642209880 14205 1783668954.983 1 
652224640 14206 1783668955.033 1 
662210941 14207 1783668955.083 1 
672211528 14208 1783668955.133 1 
682209214 14209 1783668955.183 1 
692210345 14210 1783668955.233 1 
702209562 14211 1783668955.283 1 
712210125 14212 1783668955.333 1 
722209913 14213 1783668955.383 1 
732232583 14214 1783668955.433 1 
742210211 14215 1783668955.483 1 
752210411 14216 1783668955.533 1 
762210457 14217 1783668955.583 1 
772209563 14218 1783668955.633 1 
782209896 14219 1783668955.683 1 
792209613 14220 1783668955.733 1 
802246156 14221 1783668955.783 1 
812209118 14222 1783668955.833 1 
822210577 14223 1783668955.883 1 
832213275 14224 1783668955.933 1 
842209987 14225 1783668955.983 1 
852209699 14226 1783668956.033 1 
862209989 14227 1783668956.083 1 
872210637 14228 1783668956.133 1 
882209417 14229 1783668956.183 1 
892211815 14230 1783668956.233 1 
902211013 14231 1783668956.285 1 
912211848 14232 1783668956.333 1 
922209988 14233 1783668956.383 1 
932209995 14234 1783668956.433 1 
942210443 14235 1783668956.483 1 
952211864 14236 1783668956.533 1 
962221962 14237 1783668956.583 1 
972211379 14238 1783668956.633 1 
982211039 14239 1783668956.683 1 
992211544 14240 1783668956.733 1 
1002226376 14241 1783668956.783 1 
1012210842 14242 1783668956.833 1 
1022211050 14243 1783668956.883 1 
1032211345 14244 1783668956.933 1 
1042210649 14245 1783668956.983 1 
1052209870 14246 1783668957.033 1 
1062211011 14247 1783668957.083 1 
1072211878 14248 1783668957.133 1 
1082210634 14249 1783668957.183 1 
1092210724 14250 1783668957.233 1 
1102211446 14251 1783668957.283 1 
1112210781 14252 1783668957.333 1 
1122226535 14253 1783668957.383 1 
1132209816 14254 1783668957.433 1 
1142209185 14255 1783668957.483 1 
1152210662 14256 1783668957.533 1 
1162210179 14257 1783668957.583 1 
1172211304 14258 1783668957.633 1 
1182212705 14259 1783668957.683 1 
1192210934 14260 1783668957.733 1 
1202278170 14261 1783668957.783 1 
1212354361 14262 1783668957.833 1 
1222210717 14263 1783668957.884 1 
1232212666 14264 1783668957.933 1 
1242210721 14265 1783668957.983 1 
1252277511 14266 1783668958.033 1 
1262211649 14267 1783668958.083 1 
1272210627 14268 1783668958.133 1 
1282210141 14269 1783668958.183 1 
1292210675 14270 1783668958.233 1 
1302210940 14271 1783668958.283 1 
1312211041 14272 1783668958.333 1 
1322210460 14273 1783668958.383 1 
1332211913 14274 1783668958.433 1 
1342209430 14275 1783668958.483 1 
1352278252 14276 1783668958.533 1 
1362211453 14277 1783668958.584 1 
1372211119 14278 1783668958.633 1 
1382211348 14279 1783668958.683 1 
1392212102 14280 1783668958.733 1 
1402246359 14281 1783668958.783 1 
1412209432 14282 1783668958.833 1 
1422209572 14283 1783668958.883 1 
1432211454 14284 1783668958.933 1 
1442210812 14285 1783668958.983 1 
1452211596 14286 1783668959.033 1 
1462209727 14287 1783668959.083 1 
1472277214 14288 1783668959.133 1 
1482211280 14289 1783668959.184 1 
1492209910 14290 1783668959.233 1 
1502211009 14291 1783668959.283 1 
1512209046 14292 1783668959.333 1 
1522209887 14293 1783668959.383 1 
1532212324 14294 1783668959.433 1 
1542212455 14295 1783668959.483 1 
1552210068 14296 1783668959.533 1 
1562211544 14297 1783668959.583 1 
1572209863 14298 1783668959.633 1 
1582210998 14299 1783668959.683 1 
1592209684 14300 1783668959.733 1 
1602244677 14301 1783668959.783 1 
1612212648 14302 1783668959.833 1 
1622210578 14303 1783668959.883 1 
1632228560 14304 1783668959.933 1 
1642211721 14305 1783668959.983 1 
1652279555 14306 1783668960.033 1 
1662211324 14307 1783668960.084 1 
1672211428 14308 1783668960.133 1 
1682211535 14309 1783668960.183 1 
1692277042 14310 1783668960.233 1 
1702211434 14311 1783668960.284 1 
1712212430 14312 1783668960.333 1 
1722210300 14313 1783668960.383 1 
1732211012 14314 1783668960.433 1 
1742210926 14315 1783668960.483 1 
1752209114 14316 1783668960.533 1 
1762209927 14317 1783668960.583 1 
1772210919 14318 1783668960.633 1 
1782209973 14319 1783668960.683 1 
1792211753 14320 1783668960.733 1 
1802302309 14321 1783668960.783 1 
1812211666 14322 1783668960.834 1 
1822207765 14323 1783668960.883 1 
1832210791 14324 1783668960.933 1 
1842211601 14325 1783668960.983 1 
1852208334 14326 1783668961.033 1 
1862212696 14327 1783668961.083 1 
1872227034 14328 1783668961.133 1 
1882209155 14329 1783668961.183 1 
1892212274 14330 1783668961.233 1 
1902209072 14331 1783668961.284 1 
1912209831 14332 1783668961.333 1 
1922209520 14333 1783668961.383 1 
1932230672 14334 1783668961.433 1 
1942211544 14335 1783668961.483 1 
1952210076 14336 1783668961.533 1 
1962211651 14337 1783668961.583 1 
1972210436 14338 1783668961.633 1 
1982212183 14339 1783668961.683 1 
1992209440 14340 1783668961.733 1 
2002227730 14341 1783668961.783 1 
2012221949 14342 1783668961.833 1 
2022209758 14343 1783668961.883 1 
2032277516 14344 1783668961.933 1 
2042211447 14345 1783668961.984 1 
2052210125 14346 1783668962.033 1 
2062210341 14347 1783668962.083 1 
2072212084 14348 1783668962.133 1 
2082211513 14349 1783668962.183 1 
2092210422 14350 1783668962.233 1 
2102212191 14351 1783668962.283 1 
2112211760 14352 1783668962.333 1 
2122209717 14353 1783668962.383 1 
2132212491 14354 1783668962.433 1 
2142209993 14355 1783668962.483 1 
2152211161 14356 1783668962.533 1 
2162210339 14357 1783668962.583 1 
2172210767 14358 1783668962.633 1 
2182210720 14359 1783668962.683 1 
2192209779 14360 1783668962.733 1 
2202246682 14361 1783668962.783 1 
2212228018 14362 1783668962.833 1 
2222210253 14363 1783668962.883 1 
2232278036 14364 1783668962.933 1 
2242208493 14365 1783668962.984 1 
2252211038 14366 1783668963.033 1 
2262209485 14367 1783668963.083 1 
2272211142 14368 1783668963.133 1 
2282210390 14369 1783668963.183 1 
2292210637 14370 1783668963.233 1 
2302210285 14371 1783668963.283 1 
2312276525 14372 1783668963.333 1 
2322212673 14373 1783668963.384 1 
2332210033 14374 1783668963.433 1 
2342210898 14375 1783668963.483 1 
2352211758 14376 1783668963.533 1 
2362211903 14377 1783668963.583 1 
2372210878 14378 1783668963.633 1 
2382209900 14379 1783668963.683 1 
2392277828 14380 1783668963.733 1 
2402214041 14381 1783668963.784 1 
2412211225 14382 1783668963.833 1 
2422209445 14383 1783668963.883 1 
2432212737 14384 1783668963.933 1 
2442213160 14385 1783668963.983 1 
2452210012 14386 1783668964.033 1 
2462211872 14387 1783668964.083 1 
2472209902 14388 1783668964.133 1 
2482210706 14389 1783668964.183 1 
2492209427 14390 1783668964.233 1 
2502209541 14391 1783668964.283 1 
2512212345 14392 1783668964.333 1 
2522212160 14393 1783668964.383 1 
2532212489 14394 1783668964.433 1 
2542212327 14395 1783668964.483 1 
2552211549 14396 1783668964.533 1 
2562210216 14397 1783668964.583 1 
2572211372 14398 1783668964.633 1 
2582211255 14399 1783668964.683 1 
2592209694 14400 1783668964.733 1 
2602302205 14401 1783668964.783 1 
2612212461 14402 1783668964.834 1 
2622210652 14403 1783668964.884 1 
2632210015 14404 1783668964.933 1 
2642210053 14405 1783668964.983 1 
2652277515 14406 1783668965.033 1 
2662209076 14407 1783668965.084 1 
2672211849 14408 1783668965.133 1 
2682210721 14409 1783668965.183 1 
2692211464 14410 1783668965.233 1 
2702212336 14411 1783668965.283 1 
2712210563 14412 1783668965.333 1 
2722211117 14413 1783668965.383 1 
2732212301 14414 1783668965.433 1 
2742211415 14415 1783668965.483 1 
2752211399 14416 1783668965.534 1 
2762210901 14417 1783668965.583 1 
2772210342 14418 1783668965.634 1 
2782208835 14419 1783668965.684 1 
2792209698 14420 1783668965.733 1 
2802228195 14421 1783668965.784 1 
2812210537 14422 1783668965.833 1 
2822210228 14423 1783668965.884 1 
2832211380 14424 1783668965.933 1 
2842211404 14425 1783668965.984 1 
2852210030 14426 1783668966.033 1 
2862278864 14427 1783668966.084 1 
2872210775 14428 1783668966.134 1 
2882208476 14429 1783668966.183 1 
2892212010 14430 1783668966.233 1 
2902209234 14431 1783668966.284 1 
2912210781 14432 1783668966.333 1 
2922210993 14433 1783668966.384 1 
2932212044 14434 1783668966.433 1 
2942210111 14435 1783668966.483 1 
2952212048 14436 1783668966.533 1 
2962209732 14437 1783668966.584 1 
2972210348 14438 1783668966.633 1 
2982210548 14439 1783668966.683 1 
2992211042 14440 1783668966.733 1 
3002228633 14441 1783668966.783 1 
3012209730 14442 1783668966.833 1 
3022209955 14443 1783668966.884 1 
3032211408 14444 1783668966.933 1 
3042209723 14445 1783668966.984 1 
3052209645 14446 1783668967.033 1 
3062211288 14447 1783668967.084 1 
3072211257 14448 1783668967.133 1 
3082209287 14449 1783668967.184 1 
3092277965 14450 1783668967.233 1 
3102277079 14451 1783668967.284 1 
3112211695 14452 1783668967.334 1 
3122210407 14453 1783668967.384 1 
3132211343 14454 1783668967.433 1 
3142211787 14455 1783668967.484 1 
3152211208 14456 1783668967.533 1 
3162210370 14457 1783668967.584 1 
3172211595 14458 1783668967.633 1 
3182211754 14459 1783668967.684 1 
3192211884 14460 1783668967.733 1 
3202301135 14461 1783668967.784 1 
3212211332 14462 1783668967.834 1 
3222210802 14463 1783668967.884 1 
3232209585 14464 1783668967.934 1 
3242211210 14465 1783668967.984 1 
3252212229 14466 1783668968.033 1 
3262209774 14467 1783668968.084 1 
3272210806 14468 1783668968.133 1 
3282209165 14469 1783668968.184 1 
3292210056 14470 1783668968.234 1 
3302210879 14471 1783668968.284 1 
3312212039 14472 1783668968.334 1 
3322210835 14473 1783668968.384 1 
3332210102 14474 1783668968.433 1 
3342210883 14475 1783668968.484 1 
3352211868 14476 1783668968.533 1 
3362210743 14477 1783668968.584 1 
3372211231 14478 1783668968.633 1 
3382210375 14479 1783668968.684 1 
3392209733 14480 1783668968.733 1 
3402245747 14481 1783668968.784 1 
3412210991 14482 1783668968.834 1 
3422210706 14483 1783668968.884 1 
3432210519 14484 1783668968.934 1 
3442212181 14485 1783668968.984 1 
3452210928 14486 1783668969.034 1 
3462209210 14487 1783668969.084 1 
3472228497 14488 1783668969.133 1 
3482211427 14489 1783668969.184 1 
3492210002 14490 1783668969.234 1 
3502211138 14491 1783668969.284 1 
3512212160 14492 1783668969.334 1 
3522209429 14493 1783668969.384 1 
3532210514 14494 1783668969.434 1 
3542211044 14495 1783668969.484 1 
3552212628 14496 1783668969.533 1 
3562210665 14497 1783668969.584 1 
3572210952 14498 1783668969.634 1 
3582211955 14499 1783668969.684 1 
3592209786 14500 1783668969.734 1 
3602227640 14501 1783668969.784 1 
3612209764 14502 1783668969.834 1 
3622210937 14503 1783668969.884 1 
3632211761 14504 1783668969.934 1 
3642211877 14505 1783668969.984 1 
3652212133 14506 1783668970.034 1 
3662209264 14507 1783668970.084 1 
3672210097 14508 1783668970.134 1 
3682210362 14509 1783668970.184 1 
3692211525 14510 1783668970.234 1 
3702209820 14511 1783668970.284 1 
3712210292 14512 1783668970.334 1 
3722210831 14513 1783668970.384 1 
3732211804 14514 1783668970.434 1 
3742210510 14515 1783668970.484 1 
3752211000 14516 1783668970.534 1 
3762211317 14517 1783668970.584 1 
3772209067 14518 1783668970.634 1 
3782210923 14519 1783668970.684 1 
3792209972 14520 1783668970.734 1 
3802362287 14521 1783668970.784 1 
3812210212 14522 1783668970.835 1 
3822210911 14523 1783668970.884 1 
3832210888 14524 1783668970.934 1 
3842209514 14525 1783668970.984 1 
3852211653 14526 1783668971.034 1 
3862210417 14527 1783668971.084 1 
3872211835 14528 1783668971.134 1 
3882228059 14529 1783668971.184 1 
3892211315 14530 1783668971.234 1 
3902210556 14531 1783668971.284 1 
3912226798 14532 1783668971.335 1 
3922210603 14533 1783668971.384 1 
3932210435 14534 1783668971.434 1 
3942266178 14535 1783668971.484 1 
3952226305 14536 1783668971.534 1 
3962211826 14537 1783668971.584 1 
3972211312 14538 1783668971.634 1 
3982211119 14539 1783668971.684 1 
3992208603 14540 1783668971.734 1 
4002246171 14541 1783668971.784 1 
4012211571 14542 1783668971.834 1 
4022209978 14543 1783668971.884 1 
4032210305 14544 1783668971.934 1 
4042210379 14545 1783668971.984 1 
4052210510 14546 1783668972.034 1 
4062209810 14547 1783668972.084 1 
4072211559 14548 1783668972.134 1 
4082226112 14549 1783668972.184 1 
4092210894 14550 1783668972.234 1 
4102211222 14551 1783668972.284 1 
4112210674 14552 1783668972.334 1 
4122210814 14553 1783668972.384 1 
4132210603 14554 1783668972.434 1 
4142210881 14555 1783668972.484 1 
4152210052 14556 1783668972.534 1 
4162210949 14557 1783668972.584 1 
4172209812 14558 1783668972.634 1 
4182212606 14559 1783668972.684 1 
4192208147 14560 1783668972.734 1 
4202227680 14561 1783668972.784 1 
4212212099 14562 1783668972.834 1 
4222210656 14563 1783668972.884 1 
4232209259 14564 1783668972.934 1 
4242210737 14565 1783668972.984 1 
4252211695 14566 1783668973.034 1 
4262210818 14567 1783668973.084 1 
4272209284 14568 1783668973.134 1 
4282210938 14569 1783668973.184 1 
4292208296 14570 1783668973.234 1 
7246171 14571 1783668973.284 1 
17242780 14572 1783668973.334 1 
27243576 14573 1783668973.384 1 
37244421 14574 1783668973.434 1 
47242477 14575 1783668973.484 1 
57244133 14576 1783668973.534 1 
67241651 14577 1783668973.584 1 
77243024 14578 1783668973.634 1 
87243495 14579 1783668973.684 1 
97243436 14580 1783668973.734 1 
107260311 14581 1783668973.784 1 
117242560 14582 1783668973.834 1 
127244886 14583 1783668973.884 1 
137243397 14584 1783668973.934 1 
147243043 14585 1783668973.984 1 
157242861 14586 1783668974.034 1 
167243246 14587 1783668974.084 1 
177243848 14588 1783668974.134 1 
187244052 14589 1783668974.184 1 
197241374 14590 1783668974.234 1 
207244156 14591 1783668974.284 1 
217243580 14592 1783668974.334 1 
227242405 14593 1783668974.384 1 
237242674 14594 1783668974.434 1 
247242704 14595 1783668974.484 1 
257242219 14596 1783668974.534 1 
267243016 14597 1783668974.584 1 
277243171 14598 1783668974.634 1 
287243329 14599 1783668974.684 1 
297241722 14600 1783668974.734 1 
307336194 14601 1783668974.784 1 
317244065 14602 1783668974.834 1 
327243068 14603 1783668974.884 1 
337242647 14604 1783668974.934 1 
347243439 14605 1783668974.984 1 
357241342 14606 1783668975.034 1 
367243839 14607 1783668975.084 1 
377243021 14608 1783668975.134 1 
387244003 14609 1783668975.184 1 
397242812 14610 1783668975.234 1 
407244102 14611 1783668975.284 1 
417243962 14612 1783668975.334 1 
427243774 14613 1783668975.384 1 
437243883 14614 1783668975.434 1 
447242853 14615 1783668975.484 1 
457242380 14616 1783668975.534 1 
467242549 14617 1783668975.584 1 
477244525 14618 1783668975.634 1 
487245156 14619 1783668975.684 1 
497243870 14620 1783668975.734 1 
507278790 14621 1783668975.784 1 
517242918 14622 1783668975.834 1 
527310747 14623 1783668975.884 1 
537242612 14624 1783668975.934 1 
547242482 14625 1783668975.984 1 
557244263 14626 1783668976.034 1 
567244065 14627 1783668976.084 1 
577244439 14628 1783668976.134 1 
587242986 14629 1783668976.184 1 
597243953 14630 1783668976.234 1 
607244028 14631 1783668976.284 1 
617243691 14632 1783668976.335 1 
627244011 14633 1783668976.384 1 
637242257 14634 1783668976.434 1 
647242688 14635 1783668976.484 1 
657244912 14636 1783668976.534 1 
667243073 14637 1783668976.584 1 
677241793 14638 1783668976.634 1 
687241930 14639 1783668976.684 1 
697242233 14640 1783668976.734 1 
707278044 14641 1783668976.784 1 
717242035 14642 1783668976.834 1 
727245513 14643 1783668976.884 1 
737243205 14644 1783668976.934 1 
747243642 14645 1783668976.984 1 
757243614 14646 1783668977.034 1 
767242827 14647 1783668977.084 1 
777242146 14648 1783668977.134 1 
787242741 14649 1783668977.184 1 
797241886 14650 1783668977.234 1 
807243920 14651 1783668977.284 1 
817245117 14652 1783668977.334 1 
827244295 14653 1783668977.384 1 
837242351 14654 1783668977.434 1 
847243649 14655 1783668977.484 1 
857243475 14656 1783668977.534 1 
867242972 14657 1783668977.584 1 
877260931 14658 1783668977.634 1 
887243242 14659 1783668977.684 1 
897242707 14660 1783668977.734 1 
907278205 14661 1783668977.784 1 
917244671 14662 1783668977.834 1 
927243084 14663 1783668977.884 1 
937242390 14664 1783668977.934 1 
947244099 14665 1783668977.984 1 
957243158 14666 1783668978.034 1 
967244205 14667 1783668978.084 1 
977242472 14668 1783668978.134 1 
987245113 14669 1783668978.184 1 
997242866 14670 1783668978.234 1 
1007243916 14671 1783668978.284 1 
1017244284 14672 1783668978.334 1 
1027242073 14673 1783668978.384 1 
1037243985 14674 1783668978.434 1 
1047242310 14675 1783668978.484 1 
1057245223 14676 1783668978.534 1 
1067242568 14677 1783668978.584 1 
1077242589 14678 1783668978.634 1 
1087244919 14679 1783668978.684 1 
1097244822 14680 1783668978.734 1 
1107278295 14681 1783668978.784 1 
1117244841 14682 1783668978.834 1 
1127242453 14683 1783668978.884 1 
1137243368 14684 1783668978.934 1 
1147244508 14685 1783668978.984 1 
1157245264 14686 1783668979.034 1 
1167244364 14687 1783668979.084 1 
1177310077 14688 1783668979.134 1 
1187244365 14689 1783668979.184 1 
1197244742 14690 1783668979.234 1 
1207244245 14691 1783668979.284 1 
1217245028 14692 1783668979.334 1 
1227243844 14693 1783668979.384 1 
1237244316 14694 1783668979.434 1 
1247242475 14695 1783668979.484 1 
1257242110 14696 1783668979.534 1 
1267258987 14697 1783668979.584 1 
1277243092 14698 1783668979.634 1 
1287244281 14699 1783668979.684 1 
1297243415 14700 1783668979.734 1 
1307357042 14701 1783668979.784 1 
1317242378 14702 1783668979.835 1 
1327242375 14703 1783668979.884 1 
1337242617 14704 1783668979.934 1 
1347243825 14705 1783668979.984 1 
1357243648 14706 1783668980.034 1 
1367242592 14707 1783668980.084 1 
1377242340 14708 1783668980.134 1 
1387243874 14709 1783668980.184 1 
1397244024 14710 1783668980.234 1 
1407245077 14711 1783668980.284 1 
1417244756 14712 1783668980.334 1 
1427242211 14713 1783668980.384 1 
1437243057 14714 1783668980.434 1 
1447244510 14715 1783668980.484 1 
1457244070 14716 1783668980.534 1 
1467257341 14717 1783668980.584 1 
1477243962 14718 1783668980.634 1 
1487242880 14719 1783668980.684 1 
1497244732 14720 1783668980.734 1 
1507278817 14721 1783668980.784 1 
1517242669 14722 1783668980.834 1 
1527243020 14723 1783668980.884 1 
1537243977 14724 1783668980.934 1 
1547243011 14725 1783668980.984 1 
1557244261 14726 1783668981.034 1 
1567244999 14727 1783668981.084 1 
1577244443 14728 1783668981.134 1 
1587243311 14729 1783668981.184 1 
1597241977 14730 1783668981.234 1 
1607309815 14731 1783668981.284 1 
1617244200 14732 1783668981.336 1 
1627242585 14733 1783668981.384 1 
1637242436 14734 1783668981.434 1 
1647245057 14735 1783668981.484 1 
1657242511 14736 1783668981.534 1 
1667243071 14737 1783668981.584 1 
1677243463 14738 1783668981.634 1 
1687243925 14739 1783668981.684 1 
1697243733 14740 1783668981.734 1 
1707335208 14741 1783668981.784 1 
1717242994 14742 1783668981.835 1 
1727243887 14743 1783668981.884 1 
1737243811 14744 1783668981.934 1 
1747244267 14745 1783668981.984 1 
1757244730 14746 1783668982.034 1 
1767263265 14747 1783668982.084 1 
1777241867 14748 1783668982.134 1 
1787244525 14749 1783668982.184 1 
1797243984 14750 1783668982.234 1 
1807243064 14751 1783668982.284 1 
1817243561 14752 1783668982.334 1 
1827309346 14753 1783668982.384 1 
1837244338 14754 1783668982.434 1 
1847243043 14755 1783668982.484 1 
1857241568 14756 1783668982.534 1 
1867242055 14757 1783668982.584 1 
1877244102 14758 1783668982.634 1 
1887243280 14759 1783668982.684 1 
1897242762 14760 1783668982.734 1 
1907258789 14761 1783668982.784 1 
1917254082 14762 1783668982.834 1 
1927240941 14763 1783668982.884 1 
1937243823 14764 1783668982.934 1 
1947243922 14765 1783668982.984 1 
1957242997 14766 1783668983.034 1 
1967242446 14767 1783668983.084 1 
1977241561 14768 1783668983.134 1 
1987242901 14769 1783668983.184 1 
1997243063 14770 1783668983.234 1 
2007243714 14771 1783668983.284 1 
2017243633 14772 1783668983.334 1 
2027244640 14773 1783668983.384 1 
2037244071 14774 1783668983.434 1 
2047243859 14775 1783668983.484 1 
2057242159 14776 1783668983.534 1 
2067242678 14777 1783668983.584 1 
2077243513 14778 1783668983.634 1 
2087243769 14779 1783668983.684 1 
2097242727 14780 1783668983.734 1 
2107280202 14781 1783668983.784 1 
2117242354 14782 1783668983.834 1 
2127242796 14783 1783668983.884 1 
2137262316 14784 1783668983.934 1 
2147243296 14785 1783668983.984 1 
2157242819 14786 1783668984.034 1 
2167244792 14787 1783668984.084 1 
2177241960 14788 1783668984.134 1 
2187243595 14789 1783668984.184 1 
2197243798 14790 1783668984.234 1 
2207242415 14791 1783668984.284 1 
2217244176 14792 1783668984.334 1 
2227244221 14793 1783668984.384 1 
2237243242 14794 1783668984.434 1 
2247242896 14795 1783668984.484 1 
2257242567 14796 1783668984.534 1 
2267243370 14797 1783668984.584 1 
2277242939 14798 1783668984.634 1 
2287257073 14799 1783668984.684 1 
2297263269 14800 1783668984.734 1 
2307278284 14801 1783668984.784 1 
2317242068 14802 1783668984.835 1 
2327243041 14803 1783668984.884 1 
2337242829 14804 1783668984.934 1 
2347242768 14805 1783668984.985 1 
2357242581 14806 1783668985.035 1 
2367243962 14807 1783668985.084 1 
2377244544 14808 1783668985.134 1 
2387242595 14809 1783668985.185 1 
2397243113 14810 1783668985.235 1 
2407244499 14811 1783668985.284 1 
2417244289 14812 1783668985.334 1 
2427243871 14813 1783668985.384 1 
2437243970 14814 1783668985.434 1 
2447241747 14815 1783668985.484 1 
2457244334 14816 1783668985.534 1 
2467242507 14817 1783668985.584 1 
2477243919 14818 1783668985.634 1 
2487242999 14819 1783668985.684 1 
2497242986 14820 1783668985.734 1 
2507260145 14821 1783668985.784 1 
2517242912 14822 1783668985.834 1 
2527243838 14823 1783668985.884 1 
2537243438 14824 1783668985.934 1 
2547242574 14825 1783668985.984 1 
2557244822 14826 1783668986.034 1 
2567244266 14827 1783668986.084 1 
2577243909 14828 1783668986.134 1 
2587241615 14829 1783668986.184 1 
2597242074 14830 1783668986.234 1 
2607310101 14831 1783668986.284 1 
2617309263 14832 1783668986.337 1 
2627244073 14833 1783668986.385 1 
2637244229 14834 1783668986.435 1 
2647241037 14835 1783668986.485 1 
2657243827 14836 1783668986.534 1 
2667244162 14837 1783668986.584 1 
2677242083 14838 1783668986.634 1 
2687243818 14839 1783668986.684 1 
2697242659 14840 1783668986.734 1 
2707336115 14841 1783668986.784 1 
2717243735 14842 1783668986.834 1 
2727243935 14843 1783668986.884 1 
2737245090 14844 1783668986.934 1 
2747243385 14845 1783668986.984 1 
2757243931 14846 1783668987.034 1 
2767246459 14847 1783668987.084 1 
2777245233 14848 1783668987.136 1 
2787243456 14849 1783668987.184 1 
2797242922 14850 1783668987.234 1 
2807245136 14851 1783668987.284 1 
2817242567 14852 1783668987.334 1 
2827244540 14853 1783668987.384 1 
2837242844 14854 1783668987.434 1 
2847262155 14855 1783668987.484 1 
2857244234 14856 1783668987.534 1 
2867243311 14857 1783668987.584 1 
2877242919 14858 1783668987.634 1 
2887310139 14859 1783668987.684 1 
2897243710 14860 1783668987.734 1 
2907277902 14861 1783668987.784 1 
2917242350 14862 1783668987.834 1 
2927243148 14863 1783668987.884 1 
2937243245 14864 1783668987.934 1 
2947243402 14865 1783668987.984 1 
2957243719 14866 1783668988.034 1 
2967243584 14867 1783668988.084 1 
2977242860 14868 1783668988.134 1 
2987242551 14869 1783668988.184 1 
2997309626 14870 1783668988.234 1 
3007243120 14871 1783668988.284 1 
3017242540 14872 1783668988.334 1 
3027243274 14873 1783668988.384 1 
3037243525 14874 1783668988.434 1 
3047242785 14875 1783668988.484 1 
3057244072 14876 1783668988.534 1 
3067242071 14877 1783668988.584 1 
3077241893 14878 1783668988.634 1 
3087244090 14879 1783668988.684 1 
3097243183 14880 1783668988.734 1 
3107278085 14881 1783668988.784 1 
3117242455 14882 1783668988.834 1 
3127243085 14883 1783668988.884 1 
3137244072 14884 1783668988.934 1 
3147244282 14885 1783668988.984 1 
3157243078 14886 1783668989.034 1 
3167242028 14887 1783668989.084 1 
3177244799 14888 1783668989.134 1 
3187243138 14889 1783668989.184 1 
3197243116 14890 1783668989.234 1 
3207243854 14891 1783668989.284 1 
3217244964 14892 1783668989.334 1 
3227242578 14893 1783668989.384 1 
3237244445 14894 1783668989.434 1 
3247242299 14895 1783668989.484 1 
3257243822 14896 1783668989.534 1 
3267244394 14897 1783668989.584 1 
3277258437 14898 1783668989.634 1 
3287244392 14899 1783668989.684 1 
3297242927 14900 1783668989.734 1 
3307336117 14901 1783668989.784 1 
3317243736 14902 1783668989.834 1 
3327327952 14903 1783668989.884 1 
3337244470 14904 1783668989.934 1 
3347243726 14905 1783668989.984 1 
3357258334 14906 1783668990.034 1 
3367244903 14907 1783668990.084 1 
3377243193 14908 1783668990.134 1 
3387243050 14909 1783668990.184 1 
3397243403 14910 1783668990.234 1 
3407244964 14911 1783668990.284 1 
3417244328 14912 1783668990.334 1 
3427244663 14913 1783668990.384 1 
3437242706 14914 1783668990.434 1 
3447244021 14915 1783668990.484 1 
3457244105 14916 1783668990.534 1 
3467244648 14917 1783668990.584 1 
3477243695 14918 1783668990.634 1 
3487242898 14919 1783668990.684 1 
3497244484 14920 1783668990.734 1 
3507260211 14921 1783668990.784 1 
3517243205 14922 1783668990.834 1 
3527244660 14923 1783668990.884 1 
3537243244 14924 1783668990.934 1 
3547259739 14925 1783668990.984 1 
3557243474 14926 1783668991.034 1 
3567244588 14927 1783668991.084 1 
3577263983 14928 1783668991.134 1 
3587243341 14929 1783668991.184 1 
3597243292 14930 1783668991.234 1 
3607242681 14931 1783668991.284 1 
3617242905 14932 1783668991.371 1 
3627244549 14933 1783668991.384 1 
3637244868 14934 1783668991.434 1 
3647244362 14935 1783668991.484 1 
3657243647 14936 1783668991.534 1 
3667244867 14937 1783668991.584 1 
3677243777 14938 1783668991.635 1 
3687243758 14939 1783668991.685 1 
3697262924 14940 1783668991.735 1 
3707335768 14941 1783668991.785 1 
3717242663 14942 1783668991.835 1 
3727242338 14943 1783668991.885 1 
3737243774 14944 1783668991.935 1 
3747244226 14945 1783668991.985 1 
3757243874 14946 1783668992.035 1 
3767242500 14947 1783668992.085 1 
3777242573 14948 1783668992.135 1 
3787244053 14949 1783668992.185 1 
3797243518 14950 1783668992.235 1 
3807243998 14951 1783668992.285 1 
3817243398 14952 1783668992.335 1 
3827242968 14953 1783668992.385 1 
3837242958 14954 1783668992.435 1 
3847244235 14955 1783668992.485 1 
3857245067 14956 1783668992.535 1 
3867243220 14957 1783668992.585 1 
3877243028 14958 1783668992.635 1 
3887243890 14959 1783668992.685 1 
3897244974 14960 1783668992.735 1 
3907278346 14961 1783668992.785 1 
3917243933 14962 1783668992.835 1 
3927242660 14963 1783668992.885 1 
3937241774 14964 1783668992.935 1 
3947243689 14965 1783668992.985 1 
3957244438 14966 1783668993.035 1 
3967245749 14967 1783668993.085 1 
3977259531 14968 1783668993.135 1 
3987244411 14969 1783668993.185 1 
3997244281 14970 1783668993.235 1 
4007244533 14971 1783668993.285 1 
4017242408 14972 1783668993.335 1 
4027244331 14973 1783668993.385 1 
4037243415 14974 1783668993.435 1 
4047243016 14975 1783668993.485 1 
4057243268 14976 1783668993.535 1 
4067242608 14977 1783668993.585 1 
4077242660 14978 1783668993.635 1 
4087244779 14979 1783668993.685 1 
4097242274 14980 1783668993.735 1 
4107279396 14981 1783668993.785 1 
4117244647 14982 1783668993.835 1 
4127243189 14983 1783668993.885 1 
4137242221 14984 1783668993.935 1 
4147243169 14985 1783668993.985 1 
4157244747 14986 1783668994.035 1 
4167244366 14987 1783668994.085 1 
4177263606 14988 1783668994.135 1 
4187245048 14989 1783668994.185 1 
4197244112 14990 1783668994.235 1 
4207243812 14991 1783668994.285 1 
4217243857 14992 1783668994.335 1 
4227241084 14993 1783668994.385 1 
4237244265 14994 1783668994.435 1 
4247242497 14995 1783668994.485 1 
4257243744 14996 1783668994.535 1 
4267243499 14997 1783668994.585 1 
4277244366 14998 1783668994.635 1 
4287242151 14999 1783668994.685 1 
2276174 15000 1783668994.735 1 
12311812 15001 1783668994.785 1 
22344387 15002 1783668994.835 1 
32276482 15003 1783668994.885 1 
42276316 15004 1783668994.935 1 
52275681 15005 1783668994.985 1 
62275939 15006 1783668995.035 1 
72276626 15007 1783668995.085 1 
82277388 15008 1783668995.135 1 
92274324 15009 1783668995.185 1 
102276724 15010 1783668995.235 1 
112276872 15011 1783668995.285 1 
122275346 15012 1783668995.335 1 
132275535 15013 1783668995.385 1 
142276358 15014 1783668995.435 1 
152276735 15015 1783668995.485 1 
162275937 15016 1783668995.535 1 
172276635 15017 1783668995.585 1 
182275871 15018 1783668995.635 1 
192277444 15019 1783668995.685 1 
202276067 15020 1783668995.735 1 
212280783 15021 1783668995.785 1 
222277015 15022 1783668995.835 1 
232275814 15023 1783668995.885 1 
242274821 15024 1783668995.935 1 
252276043 15025 1783668995.985 1 
262277420 15026 1783668996.035 1 
272275743 15027 1783668996.085 1 
282293147 15028 1783668996.135 1 
292277483 15029 1783668996.185 1 
302275257 15030 1783668996.235 1 
312277011 15031 1783668996.285 1 
322277601 15032 1783668996.337 1 
332275520 15033 1783668996.385 1 
342344385 15034 1783668996.435 1 
352293441 15035 1783668996.485 1 
362275768 15036 1783668996.535 1 
372276743 15037 1783668996.585 1 
382276677 15038 1783668996.635 1 
392275685 15039 1783668996.685 1 
402275306 15040 1783668996.735 1 
412367277 15041 1783668996.785 1 
422275173 15042 1783668996.835 1 
432294111 15043 1783668996.885 1 
442276970 15044 1783668996.935 1 
452277228 15045 1783668996.985 1 
462275375 15046 1783668997.035 1 
472278001 15047 1783668997.085 1 
482292025 15048 1783668997.135 1 
492274943 15049 1783668997.185 1 
502276247 15050 1783668997.235 1 
512275472 15051 1783668997.285 1 
522274380 15052 1783668997.335 1 
532276088 15053 1783668997.385 1 
542276706 15054 1783668997.435 1 
552276238 15055 1783668997.485 1 
562275724 15056 1783668997.535 1 
572274827 15057 1783668997.585 1 
582274837 15058 1783668997.635 1 
592276196 15059 1783668997.685 1 
602274797 15060 1783668997.735 1 
612368889 15061 1783668997.785 1 
622276232 15062 1783668997.835 1 
632277390 15063 1783668997.885 1 
642274500 15064 1783668997.935 1 
652277116 15065 1783668997.985 1 
662274682 15066 1783668998.035 1 
672276930 15067 1783668998.085 1 
682275695 15068 1783668998.135 1 
692276620 15069 1783668998.185 1 
702276618 15070 1783668998.235 1 
712276274 15071 1783668998.285 1 
722277418 15072 1783668998.335 1 
732277033 15073 1783668998.385 1 
742275411 15074 1783668998.435 1 
752278515 15075 1783668998.485 1 
762277831 15076 1783668998.535 1 
772276023 15077 1783668998.585 1 
782276793 15078 1783668998.635 1 
792344020 15079 1783668998.685 1 
802277355 15080 1783668998.735 1 
812292008 15081 1783668998.785 1 
822274129 15082 1783668998.835 1 
832276906 15083 1783668998.885 1 
842342455 15084 1783668998.935 1 
852275673 15085 1783668998.985 1 
862276193 15086 1783668999.035 1 
872275829 15087 1783668999.085 1 
882276160 15088 1783668999.135 1 
892275316 15089 1783668999.185 1 
902276880 15090 1783668999.235 1 
912276616 15091 1783668999.285 1 
922274863 15092 1783668999.335 1 
932276656 15093 1783668999.385 1 
942276938 15094 1783668999.435 1 
952276747 15095 1783668999.485 1 
962276319 15096 1783668999.535 1 
972277059 15097 1783668999.585 1 
982278169 15098 1783668999.635 1 
992275479 15099 1783668999.685 1 
1002274903 15100 1783668999.735 1 
1012367766 15101 1783668999.785 1 
1022276390 15102 1783668999.836 1 
1032274377 15103 1783668999.885 1 
1042278071 15104 1783668999.935 1 
1052275107 15105 1783668999.985 1 
1062276073 15106 1783669000.035 1 
1072275137 15107 1783669000.085 1 
1082276810 15108 1783669000.135 1 
1092276106 15109 1783669000.185 1 
1102274951 15110 1783669000.235 1 
1112276084 15111 1783669000.285 1 
1122275417 15112 1783669000.335 1 
1132274957 15113 1783669000.385 1 
1142277354 15114 1783669000.435 1 
1152274274 15115 1783669000.485 1 
1162275621 15116 1783669000.535 1 
1172275723 15117 1783669000.585 1 
1182278336 15118 1783669000.635 1 
1192277631 15119 1783669000.685 1 
1202277962 15120 1783669000.735 1 
1212293096 15121 1783669000.785 1 
1222277307 15122 1783669000.835 1 
1232277157 15123 1783669000.885 1 
1242276517 15124 1783669000.935 1 
1252275825 15125 1783669000.985 1 
1262275227 15126 1783669001.035 1 
1272276792 15127 1783669001.085 1 
1282274714 15128 1783669001.135 1 
1292275526 15129 1783669001.185 1 
1302293389 15130 1783669001.235 1 
1312275137 15131 1783669001.285 1 
1322275910 15132 1783669001.337 1 
1332275464 15133 1783669001.385 1 
1342275937 15134 1783669001.435 1 
1352276681 15135 1783669001.485 1 
1362275979 15136 1783669001.535 1 
1372276915 15137 1783669001.585 1 
1382275397 15138 1783669001.635 1 
1392275250 15139 1783669001.685 1 
1402276282 15140 1783669001.735 1 
1412368203 15141 1783669001.785 1 
1422276960 15142 1783669001.836 1 
1432275856 15143 1783669001.885 1 
1442276379 15144 1783669001.935 1 
1452291040 15145 1783669001.985 1 
1462276177 15146 1783669002.035 1 
1472274121 15147 1783669002.085 1 
1482276167 15148 1783669002.135 1 
1492276675 15149 1783669002.185 1 
1502275838 15150 1783669002.235 1 
1512276631 15151 1783669002.285 1 
1522276412 15152 1783669002.335 1 
1532276139 15153 1783669002.385 1 
1542289259 15154 1783669002.435 1 
1552274186 15155 1783669002.485 1 
1562276325 15156 1783669002.535 1 
1572277851 15157 1783669002.585 1 
1582277532 15158 1783669002.635 1 
1592276688 15159 1783669002.685 1 
1602276396 15160 1783669002.735 1 
1612368940 15161 1783669002.785 1 
1622277025 15162 1783669002.836 1 
1632276771 15163 1783669002.885 1 
1642276865 15164 1783669002.935 1 
1652276474 15165 1783669002.985 1 
1662275754 15166 1783669003.035 1 
1672275365 15167 1783669003.085 1 
1682276587 15168 1783669003.135 1 
1692275516 15169 1783669003.185 1 
1702276317 15170 1783669003.235 1 
1712276358 15171 1783669003.285 1 
1722276153 15172 1783669003.335 1 
1732293851 15173 1783669003.385 1 
1742277057 15174 1783669003.435 1 
1752275261 15175 1783669003.485 1 
1762275710 15176 1783669003.535 1 
1772277898 15177 1783669003.585 1 
1782277727 15178 1783669003.635 1 
1792278725 15179 1783669003.685 1 
1802275913 15180 1783669003.735 1 
1812293156 15181 1783669003.785 1 
1822276017 15182 1783669003.835 1 
1832276000 15183 1783669003.885 1 
1842275114 15184 1783669003.935 1 
1852291434 15185 1783669003.985 1 
1862276358 15186 1783669004.035 1 
1872274537 15187 1783669004.085 1 
1882276063 15188 1783669004.135 1 
1892275854 15189 1783669004.185 1 
1902344174 15190 1783669004.235 1 
1912276053 15191 1783669004.286 1 
1922276307 15192 1783669004.335 1 
1932275930 15193 1783669004.385 1 
1942277354 15194 1783669004.435 1 
1952275846 15195 1783669004.485 1 
1962275431 15196 1783669004.535 1 
1972275988 15197 1783669004.585 1 
1982343864 15198 1783669004.635 1 
1992275572 15199 1783669004.685 1 
2002276065 15200 1783669004.735 1 
2012367369 15201 1783669004.785 1 
2022294592 15202 1783669004.836 1 
2032276208 15203 1783669004.885 1 
2042292758 15204 1783669004.935 1 
2052276210 15205 1783669004.985 1 
2062276819 15206 1783669005.035 1 
2072277426 15207 1783669005.085 1 
2082276983 15208 1783669005.135 1 
2092275601 15209 1783669005.185 1 
2102274901 15210 1783669005.235 1 
2112276671 15211 1783669005.285 1 
2122277922 15212 1783669005.335 1 
2132276409 15213 1783669005.385 1 
2142275514 15214 1783669005.435 1 
2152277925 15215 1783669005.485 1 
2162275533 15216 1783669005.535 1 
2172276294 15217 1783669005.585 1 
2182276073 15218 1783669005.635 1 
2192277414 15219 1783669005.685 1 
2202275730 15220 1783669005.735 1 
2212310816 15221 1783669005.785 1 
2222275469 15222 1783669005.836 1 
2232276786 15223 1783669005.885 1 
2242276936 15224 1783669005.935 1 
2252275461 15225 1783669005.985 1 
2262274502 15226 1783669006.035 1 
2272275398 15227 1783669006.085 1 
2282277136 15228 1783669006.135 1 
2292276358 15229 1783669006.185 1 
2302276161 15230 1783669006.235 1 
2312276069 15231 1783669006.285 1 
2322342771 15232 1783669006.337 1 
2332275174 15233 1783669006.386 1 
2342277346 15234 1783669006.435 1 
2352278063 15235 1783669006.485 1 
2362276097 15236 1783669006.535 1 
2372275455 15237 1783669006.585 1 
2382275837 15238 1783669006.635 1 
2392275909 15239 1783669006.685 1 
2402343528 15240 1783669006.735 1 
2412293357 15241 1783669006.786 1 
2422274305 15242 1783669006.835 1 
2432276124 15243 1783669006.885 1 
2442276346 15244 1783669006.935 1 
2452277318 15245 1783669006.985 1 
2462275568 15246 1783669007.035 1 
2472277508 15247 1783669007.085 1 
2482276276 15248 1783669007.135 1 
2492276879 15249 1783669007.185 1 
2502276801 15250 1783669007.235 1 
2512275871 15251 1783669007.285 1 
2522276506 15252 1783669007.335 1 
2532277649 15253 1783669007.385 1 
2542276120 15254 1783669007.435 1 
2552276307 15255 1783669007.485 1 
2562275348 15256 1783669007.535 1 
2572275455 15257 1783669007.585 1 
2582276367 15258 1783669007.635 1 
2592276518 15259 1783669007.685 1 
2602275018 15260 1783669007.735 1 
2612368679 15261 1783669007.785 1 
2622276689 15262 1783669007.836 1 
2632275880 15263 1783669007.885 1 
2642275897 15264 1783669007.935 1 
2652275891 15265 1783669007.985 1 
2662276563 15266 1783669008.035 1 
2672274832 15267 1783669008.085 1 
2682422101 15268 1783669008.135 1 
2692419289 15269 1783669008.186 1 
2702276388 15270 1783669008.236 1 
2712276160 15271 1783669008.285 1 
2722276072 15272 1783669008.335 1 
2732276754 15273 1783669008.385 1 
2742276979 15274 1783669008.436 1 
2752277319 15275 1783669008.485 1 
2762278417 15276 1783669008.535 1 
2772277571 15277 1783669008.585 1 
2782278357 15278 1783669008.635 1 
2792275757 15279 1783669008.685 1 
2802277273 15280 1783669008.735 1 
2812368326 15281 1783669008.785 1 
2822277382 15282 1783669008.836 1 
2832276147 15283 1783669008.886 1 
2842294205 15284 1783669008.935 1 
2852276124 15285 1783669008.986 1 
2862276770 15286 1783669009.035 1 
2872275328 15287 1783669009.085 1 
2882277068 15288 1783669009.135 1 
2892276207 15289 1783669009.186 1 
2902275018 15290 1783669009.235 1 
2912275329 15291 1783669009.285 1 
2922276473 15292 1783669009.335 1 
2932277171 15293 1783669009.385 1 
2942275684 15294 1783669009.435 1 
2952275845 15295 1783669009.485 1 
2962275409 15296 1783669009.535 1 
2972276903 15297 1783669009.585 1 
2982274482 15298 1783669009.635 1 
2992275341 15299 1783669009.685 1 
3002277203 15300 1783669009.735 1 
3012334504 15301 1783669009.785 1 
3022418651 15302 1783669009.836 1 
3032275596 15303 1783669009.886 1 
3042275694 15304 1783669009.936 1 
3052275128 15305 1783669009.985 1 
3062274668 15306 1783669010.035 1 
3072275457 15307 1783669010.086 1 
3082276770 15308 1783669010.136 1 
3092275137 15309 1783669010.185 1 
3102275408 15310 1783669010.235 1 
3112275940 15311 1783669010.285 1 
3122277073 15312 1783669010.335 1 
3132276133 15313 1783669010.385 1 
3142275457 15314 1783669010.435 1 
3152275244 15315 1783669010.485 1 
3162275776 15316 1783669010.536 1 
3172276881 15317 1783669010.585 1 
3182276429 15318 1783669010.635 1 
3192276624 15319 1783669010.686 1 
3202276791 15320 1783669010.735 1 
3212311900 15321 1783669010.785 1 
3222275040 15322 1783669010.836 1 
3232274782 15323 1783669010.886 1 
3242277628 15324 1783669010.936 1 
3252275776 15325 1783669010.986 1 
3262276410 15326 1783669011.035 1 
3272275571 15327 1783669011.086 1 
3282275080 15328 1783669011.135 1 
3292276112 15329 1783669011.186 1 
3302274290 15330 1783669011.235 1 
3312275830 15331 1783669011.286 1 
3322276129 15332 1783669011.336 1 
3332277639 15333 1783669011.386 1 
3342277262 15334 1783669011.435 1 
3352275890 15335 1783669011.486 1 
3362277375 15336 1783669011.535 1 
3372277205 15337 1783669011.586 1 
3382274802 15338 1783669011.635 1 
3392276485 15339 1783669011.686 1 
3402276325 15340 1783669011.735 1 
3412428310 15341 1783669011.786 1 
3422276098 15342 1783669011.836 1 
3432277315 15343 1783669011.886 1 
3442277201 15344 1783669011.936 1 
3452277598 15345 1783669011.986 1 
3462276332 15346 1783669012.035 1 
3472274935 15347 1783669012.086 1 
3482275363 15348 1783669012.136 1 
3492274408 15349 1783669012.186 1 
3502293107 15350 1783669012.235 1 
3512275698 15351 1783669012.286 1 
3522276439 15352 1783669012.336 1 
3532276334 15353 1783669012.385 1 
3542275607 15354 1783669012.436 1 
3552274786 15355 1783669012.485 1 
3562275071 15356 1783669012.536 1 
3572276605 15357 1783669012.585 1 
3582276879 15358 1783669012.636 1 
3592275760 15359 1783669012.686 1 
3602275919 15360 1783669012.736 1 
3612368894 15361 1783669012.786 1 
3622274680 15362 1783669012.836 1 
3632274433 15363 1783669012.886 1 
3642275564 15364 1783669012.936 1 
3652297254 15365 1783669012.986 1 
3662276804 15366 1783669013.036 1 
3672295410 15367 1783669013.086 1 
3682275615 15368 1783669013.136 1 
3692277666 15369 1783669013.186 1 
3702275627 15370 1783669013.236 1 
3712275145 15371 1783669013.286 1 
3722294072 15372 1783669013.336 1 
3732277893 15373 1783669013.386 1 
3742276118 15374 1783669013.436 1 
3752276200 15375 1783669013.486 1 
3762277258 15376 1783669013.536 1 
3772276981 15377 1783669013.586 1 
3782274564 15378 1783669013.636 1 
3792275599 15379 1783669013.686 1 
3802274440 15380 1783669013.736 1 
3812310197 15381 1783669013.786 1 
3822276381 15382 1783669013.836 1 
3832275419 15383 1783669013.886 1 
3842275205 15384 1783669013.936 1 
3852343783 15385 1783669013.986 1 
3862276382 15386 1783669014.036 1 
3872276477 15387 1783669014.086 1 
3882276574 15388 1783669014.136 1 
3892276036 15389 1783669014.186 1 
3902275789 15390 1783669014.236 1 
3912276961 15391 1783669014.286 1 
3922277070 15392 1783669014.336 1 
3932277778 15393 1783669014.386 1 
3942273979 15394 1783669014.436 1 
3952277984 15395 1783669014.486 1 
3962276566 15396 1783669014.536 1 
3972274229 15397 1783669014.586 1 
3982276816 15398 1783669014.636 1 
3992275030 15399 1783669014.686 1 
4002276855 15400 1783669014.736 1 
4012310803 15401 1783669014.786 1 
4022276763 15402 1783669014.836 1 
4032275395 15403 1783669014.886 1 
4042275277 15404 1783669014.936 1 
4052276073 15405 1783669014.986 1 
4062275081 15406 1783669015.036 1 
4072275972 15407 1783669015.086 1 
4082275943 15408 1783669015.136 1 
4092275476 15409 1783669015.186 1 
4102276060 15410 1783669015.236 1 
4112276288 15411 1783669015.286 1 
4122276066 15412 1783669015.336 1 
4132278626 15413 1783669015.386 1 
4142277162 15414 1783669015.436 1 
4152275391 15415 1783669015.486 1 
4162275989 15416 1783669015.536 1 
4172276285 15417 1783669015.586 1 
4182277557 15418 1783669015.636 1 
4192274873 15419 1783669015.686 1 
4202276446 15420 1783669015.736 1 
4212332708 15421 1783669015.786 1 
4222418612 15422 1783669015.836 1 
4232275629 15423 1783669015.887 1 
4242275031 15424 1783669015.936 1 
4252277569 15425 1783669015.986 1 
4262276231 15426 1783669016.036 1 
4272276546 15427 1783669016.086 1 
4282275111 15428 1783669016.136 1 
4292275438 15429 1783669016.186 1 
7307332 15430 1783669016.236 1 
17309157 15431 1783669016.286 1 
27308676 15432 1783669016.336 1 
37309265 15433 1783669016.388 1 
47310454 15434 1783669016.436 1 
57309054 15435 1783669016.486 1 
67308698 15436 1783669016.536 1 
77308216 15437 1783669016.586 1 
87308981 15438 1783669016.636 1 
97307608 15439 1783669016.686 1 
107323677 15440 1783669016.736 1 
117342520 15441 1783669016.786 1 
127307610 15442 1783669016.836 1 
137310555 15443 1783669016.886 1 
147309965 15444 1783669016.936 1 
157308854 15445 1783669016.986 1 
167309587 15446 1783669017.036 1 
177309488 15447 1783669017.086 1 
187308002 15448 1783669017.136 1 
197310161 15449 1783669017.186 1 
207308340 15450 1783669017.236 1 
217309020 15451 1783669017.286 1 
227309344 15452 1783669017.336 1 
237308870 15453 1783669017.386 1 
247309292 15454 1783669017.436 1 
257307312 15455 1783669017.486 1 
267309179 15456 1783669017.536 1 
277309547 15457 1783669017.586 1 
287307885 15458 1783669017.636 1 
297310146 15459 1783669017.686 1 
307306270 15460 1783669017.736 1 
317400600 15461 1783669017.786 1 
327308568 15462 1783669017.836 1 
337308097 15463 1783669017.886 1 
347309686 15464 1783669017.936 1 
357310282 15465 1783669017.986 1 
367309003 15466 1783669018.036 1 
377307352 15467 1783669018.086 1 
387308699 15468 1783669018.136 1 
397310691 15469 1783669018.186 1 
407309134 15470 1783669018.236 1 
417308618 15471 1783669018.286 1 
427310097 15472 1783669018.336 1 
437309039 15473 1783669018.386 1 
447310133 15474 1783669018.436 1 
457309482 15475 1783669018.486 1 
467307908 15476 1783669018.536 1 
477309307 15477 1783669018.586 1 
487309442 15478 1783669018.636 1 
497308457 15479 1783669018.686 1 
507307083 15480 1783669018.736 1 
517326851 15481 1783669018.786 1 
527308198 15482 1783669018.836 1 
537308677 15483 1783669018.886 1 
547375253 15484 1783669018.936 1 
557307611 15485 1783669018.986 1 
567308555 15486 1783669019.036 1 
577307430 15487 1783669019.086 1 
587309339 15488 1783669019.136 1 
597308954 15489 1783669019.186 1 
607308347 15490 1783669019.236 1 
617308298 15491 1783669019.286 1 
627309065 15492 1783669019.336 1 
637310899 15493 1783669019.386 1 
647309725 15494 1783669019.436 1 
657308574 15495 1783669019.486 1 
667307713 15496 1783669019.536 1 
677308575 15497 1783669019.586 1 
687309351 15498 1783669019.636 1 
697307888 15499 1783669019.686 1 
707308672 15500 1783669019.736 1 
717460058 15501 1783669019.786 1 
727309432 15502 1783669019.837 1 
737325798 15503 1783669019.886 1 
747308347 15504 1783669019.936 1 
757309561 15505 1783669019.986 1 
767309446 15506 1783669020.036 1 
777310313 15507 1783669020.086 1 
787309282 15508 1783669020.136 1 
797308635 15509 1783669020.186 1 
807308830 15510 1783669020.236 1 
817308832 15511 1783669020.286 1 
827309316 15512 1783669020.336 1 
837307701 15513 1783669020.386 1 
847309144 15514 1783669020.436 1 
857307710 15515 1783669020.486 1 
867309789 15516 1783669020.536 1 
877308516 15517 1783669020.586 1 
887310312 15518 1783669020.636 1 
897311351 15519 1783669020.686 1 
907308749 15520 1783669020.736 1 
917401599 15521 1783669020.786 1 
927309178 15522 1783669020.836 1 
937326858 15523 1783669020.886 1 
947307754 15524 1783669020.936 1 
957310209 15525 1783669020.986 1 
967308848 15526 1783669021.036 1 
977308356 15527 1783669021.086 1 
987308104 15528 1783669021.136 1 
997308686 15529 1783669021.186 1 
1007309371 15530 1783669021.236 1 
1017310506 15531 1783669021.286 1 
1027374778 15532 1783669021.336 1 
1037307430 15533 1783669021.388 1 
1047308690 15534 1783669021.436 1 
1057308730 15535 1783669021.486 1 
1067309762 15536 1783669021.536 1 
1077309737 15537 1783669021.586 1 
1087309568 15538 1783669021.636 1 
1097309186 15539 1783669021.686 1 
1107307174 15540 1783669021.736 1 
1117326356 15541 1783669021.786 1 
1127309624 15542 1783669021.836 1 
1137309133 15543 1783669021.886 1 
1147309042 15544 1783669021.936 1 
1157307930 15545 1783669021.986 1 
1167375520 15546 1783669022.036 1 
1177309804 15547 1783669022.086 1 
1187309306 15548 1783669022.136 1 
1197310215 15549 1783669022.186 1 
1207310305 15550 1783669022.236 1 
1217308579 15551 1783669022.286 1 
1227308464 15552 1783669022.336 1 
1237310746 15553 1783669022.386 1 
1247375277 15554 1783669022.436 1 
1257308648 15555 1783669022.486 1 
1267308583 15556 1783669022.536 1 
1277308717 15557 1783669022.586 1 
1287320125 15558 1783669022.636 1 
1297308357 15559 1783669022.686 1 
1307307342 15560 1783669022.736 1 
1317326580 15561 1783669022.786 1 
1327309536 15562 1783669022.836 1 
1337310456 15563 1783669022.886 1 
1347308562 15564 1783669022.936 1 
1357308977 15565 1783669022.986 1 
1367309157 15566 1783669023.036 1 
1377307541 15567 1783669023.086 1 
1387309121 15568 1783669023.136 1 
1397307883 15569 1783669023.186 1 
1407308353 15570 1783669023.236 1 
1417307985 15571 1783669023.286 1 
1427308898 15572 1783669023.336 1 
1437309420 15573 1783669023.386 1 
1447308079 15574 1783669023.436 1 
1457310712 15575 1783669023.486 1 
1467308468 15576 1783669023.536 1 
1477309179 15577 1783669023.586 1 
1487308307 15578 1783669023.636 1 
1497309012 15579 1783669023.686 1 
1507310143 15580 1783669023.736 1 
1517399941 15581 1783669023.786 1 
1527310045 15582 1783669023.837 1 
1537308891 15583 1783669023.886 1 
1547307320 15584 1783669023.936 1 
1557307901 15585 1783669023.986 1 
1567307823 15586 1783669024.036 1 
1577308401 15587 1783669024.086 1 
1587307355 15588 1783669024.136 1 
1597309556 15589 1783669024.186 1 
1607311177 15590 1783669024.236 1 
1617307840 15591 1783669024.286 1 
1627307998 15592 1783669024.336 1 
1637309605 15593 1783669024.386 1 
1647376175 15594 1783669024.436 1 
1657308814 15595 1783669024.487 1 
1667308112 15596 1783669024.536 1 
1677309012 15597 1783669024.586 1 
1687308045 15598 1783669024.636 1 
1697309655 15599 1783669024.686 1 
1707309148 15600 1783669024.736 1 
1717401580 15601 1783669024.786 1 
1727318781 15602 1783669024.837 1 
1737307626 15603 1783669024.886 1 
1747309114 15604 1783669024.936 1 
1757308679 15605 1783669024.986 1 
1767309828 15606 1783669025.036 1 
1777310000 15607 1783669025.086 1 
1787308598 15608 1783669025.136 1 
1797309798 15609 1783669025.186 1 
1807309448 15610 1783669025.236 1 
1817309325 15611 1783669025.286 1 
1827307194 15612 1783669025.336 1 
1837307591 15613 1783669025.386 1 
1847310303 15614 1783669025.436 1 
1857308299 15615 1783669025.486 1 
1867374621 15616 1783669025.536 1 
1877307368 15617 1783669025.587 1 
1887307942 15618 1783669025.636 1 
1897307925 15619 1783669025.686 1 
1907308581 15620 1783669025.736 1 
1917460077 15621 1783669025.786 1 
1927309090 15622 1783669025.837 1 
1937306856 15623 1783669025.886 1 
1947307476 15624 1783669025.936 1 
1957308569 15625 1783669025.986 1 
1967308774 15626 1783669026.036 1 
1977308157 15627 1783669026.086 1 
1987309122 15628 1783669026.136 1 
1997375432 15629 1783669026.186 1 
2007307752 15630 1783669026.236 1 
2017308113 15631 1783669026.286 1 
2027308740 15632 1783669026.336 1 
2037307832 15633 1783669026.388 1 
2047308864 15634 1783669026.436 1 
2057308222 15635 1783669026.486 1 
2067309432 15636 1783669026.536 1 
2077308710 15637 1783669026.586 1 
2087309044 15638 1783669026.636 1 
2097309258 15639 1783669026.686 1 
2107309065 15640 1783669026.736 1 
2117343598 15641 1783669026.786 1 
2127307779 15642 1783669026.836 1 
2137308835 15643 1783669026.886 1 
2147308950 15644 1783669026.936 1 
2157308579 15645 1783669026.986 1 
2167308438 15646 1783669027.036 1 
2177307332 15647 1783669027.086 1 
2187308094 15648 1783669027.136 1 
2197308584 15649 1783669027.186 1 
2207307686 15650 1783669027.236 1 
2217307906 15651 1783669027.286 1 
2227311159 15652 1783669027.336 1 
2237307413 15653 1783669027.386 1 
2247307848 15654 1783669027.436 1 
2257309210 15655 1783669027.486 1 
2267308796 15656 1783669027.536 1 
2277308597 15657 1783669027.586 1 
2287310444 15658 1783669027.636 1 
2297307359 15659 1783669027.686 1 
2307309650 15660 1783669027.736 1 
2317400296 15661 1783669027.786 1 
2327308700 15662 1783669027.837 1 
2337321614 15663 1783669027.886 1 -5.951 7.337 1.190 -5.049 99 431 
2347325787 15664 1783669027.937 1 -5.951 7.379 0.893 -5.049 101 430 
2357323035 15665 1783669027.987 1 -5.363 7.219 0.847 -5.049 97 429 
2367347101 15666 1783669028.037 1 -4.395 7.431 1.648 -5.049 83 426 -5.768 4.967 -4.395 -5.049 83 426 -6.378 6.637 1.160 -5.049 89 423 
2377323587 15667 1783669028.088 1 -5.493 6.660 1.648 -5.049 99 428 
2387322380 15668 1783669028.137 1 -4.540 7.060 1.602 -4.207 130 435 
2397323316 15669 1783669028.187 1 -4.280 6.594 1.762 -4.207 127 420 
2407368827 15670 1783669028.237 1 -4.150 6.394 1.709 -4.207 136 426 -4.005 6.702 3.471 -4.207 76 426 -4.280 6.522 2.014 -1.683 86 427 
2417387419 15671 1783669028.288 1 -3.525 7.085 1.511 -5.890 78 431 -6.409 7.137 1.831 -5.049 70 429 -6.104 7.400 1.831 -4.207 72 426 -3.662 6.686 1.709 -3.366 138 434 
2427345741 15672 1783669028.352 1 -4.807 6.813 1.869 -4.207 95 429 -3.075 6.715 1.656 -3.366 152 427 
2437362592 15673 1783669028.391 1 -5.493 6.722 1.373 -5.049 105 429 -3.418 6.814 1.709 -4.207 97 438 -2.655 6.378 1.549 -3.366 73 429 
2447366213 15674 1783669028.444 1 -2.441 7.160 1.953 -3.366 76 438 -3.845 7.827 1.099 -3.366 99 438 -1.991 6.663 1.328 -2.524 161 420 
2457435013 15675 1783669028.496 1 -4.150 6.324 1.953 -4.207 84 425 -4.540 7.195 0.801 -4.207 105 430 -2.060 6.786 1.831 -2.524 173 425 
2467365449 15676 1783669028.541 1 -4.929 6.428 1.816 -7.573 83 440 -4.929 6.495 1.556 -5.049 70 426 -1.328 6.780 1.549 -2.524 146 427 
2477422256 15677 1783669028.591 1 -3.113 7.585 1.297 -3.366 130 428 -1.648 6.166 1.648 -2.524 181 431 
2487393718 15678 1783669028.645 1 -3.906 6.605 1.465 -6.732 81 433 -3.777 6.656 2.518 -4.207 89 432 -1.442 6.159 1.854 -1.683 242 435 -1.373 6.739 2.518 -1.683 90 432 
2497394882 15679 1783669028.697 1 -3.906 6.546 1.709 -5.049 95 424 -2.213 6.593 1.328 -3.366 116 435 -1.030 6.299 1.648 -1.683 157 435 -1.511 7.849 1.007 -1.683 151 441 
2507394306 15680 1783669028.748 1 -2.747 6.649 1.373 -3.366 126 431 -2.930 7.093 1.465 -3.366 90 445 -0.504 7.942 1.259 -1.683 110 427 -0.206 6.379 1.648 -0.841 210 424 
2517403034 15681 1783669028.798 1 -2.876 6.155 1.991 -3.366 123 428 -0.488 7.736 0.977 -1.683 137 433 
2527395217 15682 1783669028.845 1 -2.213 6.545 1.549 -3.366 145 430 -0.427 6.323 2.563 -0.841 134 423 -0.977 7.690 0.977 -0.841 89 439 
2537420442 15683 1783669028.899 1 -2.350 6.290 1.282 -2.524 112 425 -0.488 7.658 1.465 -0.841 97 425 
2547351394 15684 1783669028.947 1 -1.854 5.981 2.060 -2.524 146 434 
2557372062 15685 1783669028.993 1 -1.709 6.448 1.495 -2.524 161 417 
2567365347 15686 1783669029.043 1 
2577397620 15687 1783669029.086 1 -0.824 6.135 2.266 -1.683 176 429 
2587391251 15688 1783669029.144 1 -0.854 6.437 2.136 -1.683 159 423 
2597352083 15689 1783669029.194 1 0.000 6.337 2.563 -0.841 168 419 
2607363529 15690 1783669029.237 1 
2617395901 15691 1783669029.286 1 
2627404396 15692 1783669029.337 1 
2637364677 15693 1783669029.387 1 
2647395991 15694 1783669029.437 1 
2657350266 15695 1783669029.487 1 
2667323195 15696 1783669029.537 1 
2677322254 15697 1783669029.586 1 
2687351908 15698 1783669029.636 1 
2697352127 15699 1783669029.687 1 
2707350513 15700 1783669029.737 1 
2717389319 15701 1783669029.787 1 
2727324084 15702 1783669029.837 1 
2737308285 15703 1783669029.887 1 
2747307895 15704 1783669029.936 1 
2757310405 15705 1783669029.986 1 
2767308142 15706 1783669030.036 1 
2777310284 15707 1783669030.086 1 
2787307988 15708 1783669030.136 1 
2797308591 15709 1783669030.186 1 
2807308205 15710 1783669030.236 1 
2817309628 15711 1783669030.286 1 
2827309404 15712 1783669030.336 1 
2837310454 15713 1783669030.386 1 
2847310043 15714 1783669030.436 1 
2857309367 15715 1783669030.486 1 
2867308639 15716 1783669030.536 1 
2877309684 15717 1783669030.586 1 
2887309728 15718 1783669030.636 1 
2897310193 15719 1783669030.686 1 
2907309238 15720 1783669030.736 1 
2917367863 15721 1783669030.786 1 
2927451411 15722 1783669030.837 1 
2937309483 15723 1783669030.887 1 
2947310560 15724 1783669030.936 1 
2957308906 15725 1783669030.986 1 
2967308250 15726 1783669031.036 1 
2977309248 15727 1783669031.086 1 
2987308660 15728 1783669031.136 1 
2997308740 15729 1783669031.186 1 
3007308380 15730 1783669031.236 1 
3017309590 15731 1783669031.286 1 
3027310102 15732 1783669031.337 1 
3037309093 15733 1783669031.388 1 
3047308525 15734 1783669031.436 1 
3057305861 15735 1783669031.486 1 
3067307465 15736 1783669031.536 1 
3077310229 15737 1783669031.586 1 
3087308553 15738 1783669031.636 1 
3097309095 15739 1783669031.686 1 
3107308404 15740 1783669031.736 1 
3117343472 15741 1783669031.786 1 
3127309833 15742 1783669031.837 1 
3137308914 15743 1783669031.887 1 
3147308931 15744 1783669031.937 1 
3157309573 15745 1783669031.986 1 
3167308956 15746 1783669032.037 1 
3177309214 15747 1783669032.086 1 
3187309508 15748 1783669032.137 1 
3197307517 15749 1783669032.186 1 
3207309812 15750 1783669032.237 1 
3217309187 15751 1783669032.287 1 
3227308537 15752 1783669032.336 1 
3237308310 15753 1783669032.387 1 
3247309318 15754 1783669032.437 1 
3257307935 15755 1783669032.487 1 
3267308834 15756 1783669032.537 1 
3277310964 15757 1783669032.587 1 
3287310262 15758 1783669032.636 1 
3297309103 15759 1783669032.687 1 
3307307606 15760 1783669032.736 1 
3317400587 15761 1783669032.787 1 
3327309340 15762 1783669032.837 1 
3337309202 15763 1783669032.887 1 
3347309646 15764 1783669032.936 1 
3357309991 15765 1783669032.987 1 
3367307572 15766 1783669033.036 1 
3377308886 15767 1783669033.087 1 
3387309810 15768 1783669033.136 1 
3397307680 15769 1783669033.187 1 
3407375030 15770 1783669033.236 1 
3417309639 15771 1783669033.287 1 
3427309678 15772 1783669033.336 1 
3437308259 15773 1783669033.387 1 
3447307226 15774 1783669033.436 1 
3457324213 15775 1783669033.487 1 
3467309280 15776 1783669033.537 1 
3477307050 15777 1783669033.587 1 
3487310274 15778 1783669033.636 1 
3497310634 15779 1783669033.687 1 
3507309373 15780 1783669033.736 1 
3517364972 15781 1783669033.787 1 
3527308772 15782 1783669033.837 1 
3537308394 15783 1783669033.887 1 
3547309665 15784 1783669033.937 1 
3557309876 15785 1783669033.987 1 
3567307122 15786 1783669034.037 1 
3577308398 15787 1783669034.087 1 
3587307605 15788 1783669034.136 1 
3597309899 15789 1783669034.187 1 
3607324139 15790 1783669034.237 1 
3617308516 15791 1783669034.287 1 
3627309378 15792 1783669034.337 1 
3637309330 15793 1783669034.387 1 
3647307460 15794 1783669034.437 1 
3657310857 15795 1783669034.487 1 
3667311176 15796 1783669034.537 1 
3677308564 15797 1783669034.587 1 
3687309187 15798 1783669034.637 1 
3697308229 15799 1783669034.687 1 
3707307172 15800 1783669034.737 1 
3717343290 15801 1783669034.787 1 
3727307737 15802 1783669034.837 1 
3737308169 15803 1783669034.887 1 
3747310181 15804 1783669034.937 1 
3757308937 15805 1783669034.987 1 
3767309356 15806 1783669035.037 1 
3777309641 15807 1783669035.087 1 
3787306622 15808 1783669035.137 1 
3797309350 15809 1783669035.187 1 
3807308910 15810 1783669035.237 1 
3817307545 15811 1783669035.287 1 
3827309046 15812 1783669035.337 1 
3837308486 15813 1783669035.387 1 
3847307621 15814 1783669035.437 1 
3857308862 15815 1783669035.487 1 
3867307819 15816 1783669035.537 1 
3877306259 15817 1783669035.587 1 
3887309151 15818 1783669035.637 1 
3897308782 15819 1783669035.687 1 
3907308953 15820 1783669035.737 1 
3917326153 15821 1783669035.787 1 
3927308762 15822 1783669035.837 1 
3937308169 15823 1783669035.887 1 
3947308425 15824 1783669035.937 1 
3957307317 15825 1783669035.987 1 
3967308671 15826 1783669036.037 1 
3977308903 15827 1783669036.087 1 
3987311134 15828 1783669036.137 1 
3997307811 15829 1783669036.187 1 
4007309224 15830 1783669036.237 1 
4017307009 15831 1783669036.287 1 
4027308384 15832 1783669036.337 1 
4037309810 15833 1783669036.389 1 
4047309243 15834 1783669036.437 1 
4057308354 15835 1783669036.487 1 
4067308993 15836 1783669036.537 1 
4077308742 15837 1783669036.587 1 
4087308757 15838 1783669036.637 1 
4097310607 15839 1783669036.687 1 
4107309286 15840 1783669036.737 1 
4117357859 15841 1783669036.787 1 
4127310186 15842 1783669036.837 1 
4137309660 15843 1783669036.887 1 
4147308333 15844 1783669036.937 1 
4157309857 15845 1783669036.987 1 
4167308407 15846 1783669037.037 1 
4177308555 15847 1783669037.087 1 
4187309089 15848 1783669037.137 1 
4197308042 15849 1783669037.187 1 
4207308647 15850 1783669037.237 1 
4217309806 15851 1783669037.287 1 
4227307844 15852 1783669037.337 1 
4237307389 15853 1783669037.387 1 
4247309460 15854 1783669037.437 1 
4257308512 15855 1783669037.487 1 
4267308346 15856 1783669037.537 1 
4277307687 15857 1783669037.587 1 
4287309244 15858 1783669037.637 1 
2340536 15859 1783669037.687 1 
12408641 15860 1783669037.737 1 
22410672 15861 1783669037.787 1 
32484924 15862 1783669037.837 1 
42340795 15863 1783669037.888 1 
52341566 15864 1783669037.937 1 
62342224 15865 1783669037.987 1 
72341367 15866 1783669038.037 1 
82340695 15867 1783669038.087 1 
92408818 15868 1783669038.137 1 
102340599 15869 1783669038.187 1 
112341515 15870 1783669038.237 1 
122341459 15871 1783669038.287 1 
132361295 15872 1783669038.337 1 
142341616 15873 1783669038.387 1 
152341635 15874 1783669038.437 1 
162341780 15875 1783669038.487 1 
172340924 15876 1783669038.537 1 
182343231 15877 1783669038.587 1 
192343553 15878 1783669038.637 1 
202341554 15879 1783669038.687 1 
212341345 15880 1783669038.737 1 
222358796 15881 1783669038.787 1 
232341004 15882 1783669038.837 1 
242340364 15883 1783669038.887 1 
252341304 15884 1783669038.937 1 
262341330 15885 1783669038.987 1 
272342759 15886 1783669039.037 1 
282341883 15887 1783669039.087 1 
292341121 15888 1783669039.137 1 
302339833 15889 1783669039.187 1 
312342187 15890 1783669039.237 1 
322343179 15891 1783669039.287 1 
332341481 15892 1783669039.337 1 
342342010 15893 1783669039.387 1 
352344007 15894 1783669039.437 1 
362341704 15895 1783669039.487 1 
372362804 15896 1783669039.537 1 
382342307 15897 1783669039.587 1 
392340638 15898 1783669039.637 1 
402341447 15899 1783669039.687 1 
412341319 15900 1783669039.736 1 
422357447 15901 1783669039.787 1 
432341482 15902 1783669039.837 1 
442341954 15903 1783669039.887 1 
452341087 15904 1783669039.937 1 
462341641 15905 1783669039.987 1 
472341684 15906 1783669040.037 1 
482340998 15907 1783669040.087 1 
492342153 15908 1783669040.137 1 
502341429 15909 1783669040.187 1 
512341457 15910 1783669040.237 1 
522341730 15911 1783669040.287 1 
532341036 15912 1783669040.337 1 
542340869 15913 1783669040.387 1 
552342663 15914 1783669040.437 1 
562407996 15915 1783669040.487 1 
572341896 15916 1783669040.537 1 
582342147 15917 1783669040.587 1 
592342939 15918 1783669040.637 1 
602340474 15919 1783669040.687 1 
612342411 15920 1783669040.737 1 
622346687 15921 1783669040.787 1 
632341966 15922 1783669040.837 1 
642341210 15923 1783669040.887 1 
652340916 15924 1783669040.937 1 
662340008 15925 1783669040.987 1 
672342277 15926 1783669041.037 1 
682341742 15927 1783669041.087 1 
692342403 15928 1783669041.137 1 
702340166 15929 1783669041.189 1 
712341443 15930 1783669041.237 1 
722342990 15931 1783669041.287 1 
732410259 15932 1783669041.336 1 
742340592 15933 1783669041.388 1 
752342215 15934 1783669041.436 1 
762342555 15935 1783669041.486 1 
772339403 15936 1783669041.536 1 
782339901 15937 1783669041.586 1 
792342565 15938 1783669041.636 1 
802340526 15939 1783669041.686 1 
812343342 15940 1783669041.736 1 
822434190 15941 1783669041.786 1 
832342655 15942 1783669041.837 1 
842341353 15943 1783669041.886 1 
852341447 15944 1783669041.936 1 
862341213 15945 1783669041.986 1 
872356251 15946 1783669042.036 1 
882341546 15947 1783669042.086 1 
892343278 15948 1783669042.136 1 
902343179 15949 1783669042.186 1 
912342995 15950 1783669042.236 1 
922358785 15951 1783669042.286 1 
932340498 15952 1783669042.336 1 
942342073 15953 1783669042.386 1 
952342159 15954 1783669042.436 1 
962341004 15955 1783669042.486 1 
972342191 15956 1783669042.536 1 
982341131 15957 1783669042.586 1 
992343709 15958 1783669042.636 1 
1002341406 15959 1783669042.686 1 
1012342449 15960 1783669042.736 1 
1022377903 15961 1783669042.786 1 
1032341514 15962 1783669042.836 1 
1042339949 15963 1783669042.886 1 
1052340149 15964 1783669042.936 1 
1062341419 15965 1783669042.986 1 
1072341898 15966 1783669043.036 1 
1082341508 15967 1783669043.086 1 
1092339955 15968 1783669043.136 1 
1102342919 15969 1783669043.186 1 
1112342642 15970 1783669043.236 1 
1122341288 15971 1783669043.286 1 
1132342395 15972 1783669043.336 1 
1142341900 15973 1783669043.386 1 
1152341098 15974 1783669043.436 1 
1162341709 15975 1783669043.486 1 
1172340351 15976 1783669043.536 1 
1182341395 15977 1783669043.586 1 
1192342771 15978 1783669043.636 1 
1202340672 15979 1783669043.686 1 
1212356934 15980 1783669043.736 1 
1222376685 15981 1783669043.786 1 
1232359429 15982 1783669043.836 1 
1242357408 15983 1783669043.886 1 
1252341158 15984 1783669043.936 1 
1262343068 15985 1783669043.986 1 
1272340483 15986 1783669044.036 1 
1282341944 15987 1783669044.086 1 
1292357361 15988 1783669044.136 1 
1302341373 15989 1783669044.186 1 
1312341484 15990 1783669044.236 1 
1322341533 15991 1783669044.286 1 
1332341832 15992 1783669044.336 1 
1342341083 15993 1783669044.386 1 
1352340685 15994 1783669044.436 1 
1362339891 15995 1783669044.486 1 
1372341580 15996 1783669044.536 1 
1382340405 15997 1783669044.586 1 
1392342270 15998 1783669044.636 1 
1402340590 15999 1783669044.686 1 
1412339841 16000 1783669044.736 1 
1422433497 16001 1783669044.786 1 
1432342046 16002 1783669044.837 1 
1442340405 16003 1783669044.886 1 
1452342351 16004 1783669044.936 1 
1462342652 16005 1783669044.986 1 
1472341456 16006 1783669045.036 1 
1482340293 16007 1783669045.086 1 
1492342628 16008 1783669045.136 1 
1502340328 16009 1783669045.186 1 
1512340748 16010 1783669045.236 1 
1522341282 16011 1783669045.286 1 
1532342363 16012 1783669045.336 1 
1542342625 16013 1783669045.386 1 
1552341900 16014 1783669045.436 1 
1562341344 16015 1783669045.486 1 
1572342078 16016 1783669045.536 1 
1582341292 16017 1783669045.586 1 
1592339974 16018 1783669045.636 1 
1602343036 16019 1783669045.686 1 
1612343328 16020 1783669045.736 1 
1622375846 16021 1783669045.786 1 
1632340641 16022 1783669045.836 1 
1642342145 16023 1783669045.886 1 
1652343332 16024 1783669045.936 1 
1662342292 16025 1783669045.986 1 
1672341160 16026 1783669046.036 1 
1682341181 16027 1783669046.086 1 
1692340732 16028 1783669046.136 1 
1702340279 16029 1783669046.186 1 
1712342806 16030 1783669046.236 1 
1722341394 16031 1783669046.287 1 
1732341027 16032 1783669046.337 1 
1742342212 16033 1783669046.390 1 
1752342136 16034 1783669046.437 1 
1762342512 16035 1783669046.487 1 
1772341244 16036 1783669046.537 1 
1782341774 16037 1783669046.587 1 
1792341909 16038 1783669046.637 1 
1802343157 16039 1783669046.687 1 
1812340404 16040 1783669046.737 1 
1822432115 16041 1783669046.787 1 
1832339516 16042 1783669046.838 1 
1842341200 16043 1783669046.887 1 
1852342296 16044 1783669046.937 1 
1862340799 16045 1783669046.987 1 
1872341008 16046 1783669047.037 1 
1882341440 16047 1783669047.087 1 
1892340180 16048 1783669047.137 1 
1902341584 16049 1783669047.187 1 
1912340479 16050 1783669047.237 1 
1922342846 16051 1783669047.287 1 
1932341655 16052 1783669047.337 1 
1942342429 16053 1783669047.387 1 
1952340426 16054 1783669047.437 1 
1962340771 16055 1783669047.487 1 
1972342922 16056 1783669047.537 1 
1982341224 16057 1783669047.587 1 
1992356071 16058 1783669047.637 1 
2002344189 16059 1783669047.687 1 
2012340695 16060 1783669047.737 1 
2022356871 16061 1783669047.787 1 
2032340817 16062 1783669047.837 1 
2042339762 16063 1783669047.887 1 
2052343116 16064 1783669047.937 1 
2062341627 16065 1783669047.987 1 
2072342029 16066 1783669048.037 1 
2082340960 16067 1783669048.087 1 
2092341701 16068 1783669048.137 1 
2102342002 16069 1783669048.187 1 
2112342586 16070 1783669048.237 1 
2122342101 16071 1783669048.287 1 
2132340580 16072 1783669048.337 1 
2142342581 16073 1783669048.387 1 
2152343726 16074 1783669048.437 1 
2162342286 16075 1783669048.487 1 
2172341036 16076 1783669048.537 1 
2182339902 16077 1783669048.587 1 
2192341035 16078 1783669048.637 1 
2202341762 16079 1783669048.687 1 
2212340981 16080 1783669048.737 1 
2222400120 16081 1783669048.787 1 
2232485132 16082 1783669048.838 1 
2242340323 16083 1783669048.888 1 
2252340502 16084 1783669048.937 1 
2262341709 16085 1783669048.987 1 
2272342010 16086 1783669049.037 1 
2282340719 16087 1783669049.087 1 
2292343310 16088 1783669049.137 1 
2302340523 16089 1783669049.187 1 
2312341807 16090 1783669049.237 1 
2322340412 16091 1783669049.287 1 
2332341971 16092 1783669049.337 1 
2342340996 16093 1783669049.387 1 
2352341009 16094 1783669049.437 1 
2362340774 16095 1783669049.487 1 
2372343266 16096 1783669049.537 1 
2382342599 16097 1783669049.587 1 
2392341378 16098 1783669049.637 1 
2402341446 16099 1783669049.687 1 
2412342597 16100 1783669049.737 1 
2422375801 16101 1783669049.787 1 
2432341427 16102 1783669049.838 1 
2442342091 16103 1783669049.887 1 
2452340212 16104 1783669049.937 1 
2462342134 16105 1783669049.987 1 
2472342149 16106 1783669050.037 1 
2482338998 16107 1783669050.087 1 
2492343164 16108 1783669050.137 1 
2502341629 16109 1783669050.187 1 
2512340630 16110 1783669050.237 1 
2522341280 16111 1783669050.287 1 
2532341086 16112 1783669050.337 1 
2542341233 16113 1783669050.387 1 
2552341567 16114 1783669050.437 1 
2562342066 16115 1783669050.487 1 
2572342836 16116 1783669050.537 1 
2582355949 16117 1783669050.587 1 
2592340821 16118 1783669050.637 1 
2602341291 16119 1783669050.687 1 
2612354891 16120 1783669050.737 1 
2622357234 16121 1783669050.787 1 
2632342143 16122 1783669050.837 1 
2642359537 16123 1783669050.887 1 
2652341549 16124 1783669050.937 1 
2662340723 16125 1783669050.987 1 
2672353016 16126 1783669051.037 1 
2682341472 16127 1783669051.087 1 
2692356105 16128 1783669051.137 1 
2702340217 16129 1783669051.188 1 
2712339470 16130 1783669051.237 1 
2722343358 16131 1783669051.287 1 
2732341139 16132 1783669051.337 1 
2742342958 16133 1783669051.387 1 
2752340631 16134 1783669051.437 1 
2762341240 16135 1783669051.487 1 
2772341978 16136 1783669051.537 1 
2782340713 16137 1783669051.587 1 
2792340266 16138 1783669051.637 1 
2802341309 16139 1783669051.687 1 
2812342259 16140 1783669051.737 1 
2822376556 16141 1783669051.787 1 
2832343048 16142 1783669051.837 1 
2842342894 16143 1783669051.888 1 
2852342309 16144 1783669051.937 1 
2862342205 16145 1783669051.987 1 
2872341501 16146 1783669052.037 1 
2882341060 16147 1783669052.087 1 
2892340526 16148 1783669052.137 1 
2902342192 16149 1783669052.187 1 
2912341156 16150 1783669052.237 1 
2922341221 16151 1783669052.287 1 
2932342270 16152 1783669052.337 1 
2942340655 16153 1783669052.387 1 
2952341321 16154 1783669052.437 1 
2962340452 16155 1783669052.487 1 
2972342727 16156 1783669052.537 1 
2982340217 16157 1783669052.587 1 
2992344013 16158 1783669052.637 1 
3002340315 16159 1783669052.688 1 
3012341457 16160 1783669052.737 1 
3022358388 16161 1783669052.787 1 
3032341660 16162 1783669052.837 1 
3042341913 16163 1783669052.888 1 
3052340285 16164 1783669052.937 1 
3062341306 16165 1783669052.988 1 
3072341998 16166 1783669053.037 1 
3082343258 16167 1783669053.088 1 
3092340827 16168 1783669053.137 1 
3102340407 16169 1783669053.187 1 
3112341928 16170 1783669053.237 1 
3122339044 16171 1783669053.287 1 
3132341012 16172 1783669053.337 1 
3142340877 16173 1783669053.388 1 
3152340947 16174 1783669053.437 1 
3162341592 16175 1783669053.487 1 
3172341854 16176 1783669053.537 1 
3182341197 16177 1783669053.588 1 
3192342055 16178 1783669053.637 1 
3202341081 16179 1783669053.687 1 
3212342217 16180 1783669053.737 1 
3222446925 16181 1783669053.788 1 
3232343370 16182 1783669053.838 1 
3242342425 16183 1783669053.888 1 
3252343274 16184 1783669053.938 1 
3262342410 16185 1783669053.988 1 
3272340891 16186 1783669054.037 1 
3282407980 16187 1783669054.088 1 
3292342228 16188 1783669054.138 1 
3302340755 16189 1783669054.188 1 
3312365910 16190 1783669054.237 1 
3322341563 16191 1783669054.288 1 
3332340837 16192 1783669054.337 1 
3342410265 16193 1783669054.388 1 
3352360860 16194 1783669054.438 1 
3362340989 16195 1783669054.488 1 
3372355776 16196 1783669054.537 1 
3382340991 16197 1783669054.588 1 
3392340282 16198 1783669054.637 1 
3402340303 16199 1783669054.688 1 
3412339781 16200 1783669054.737 1 
3422493940 16201 1783669054.787 1 
3432342193 16202 1783669054.838 1 
3442340874 16203 1783669054.888 1 
3452340097 16204 1783669054.938 1 
3462341099 16205 1783669054.987 1 
3472341096 16206 1783669055.038 1 
3482341240 16207 1783669055.088 1 
3492340475 16208 1783669055.138 1 
3502342019 16209 1783669055.187 1 
3512342647 16210 1783669055.238 1 
3522342415 16211 1783669055.288 1 
3532341414 16212 1783669055.338 1 
3542341652 16213 1783669055.388 1 
3552340545 16214 1783669055.438 1 
3562342452 16215 1783669055.488 1 
3572341843 16216 1783669055.538 1 
3582340463 16217 1783669055.588 1 
3592408834 16218 1783669055.638 1 
3602341662 16219 1783669055.688 1 
3612342592 16220 1783669055.738 1 
3622357730 16221 1783669055.788 1 
3632359706 16222 1783669055.838 1 
3642340868 16223 1783669055.888 1 
3652343343 16224 1783669055.938 1 
3662360845 16225 1783669055.988 1 
3672342747 16226 1783669056.037 1 
3682342393 16227 1783669056.087 1 
3692340914 16228 1783669056.138 1 
3702339653 16229 1783669056.188 1 
3712341794 16230 1783669056.238 1 
3722341526 16231 1783669056.288 1 
3732340972 16232 1783669056.338 1 
3742339826 16233 1783669056.388 1 
3752342535 16234 1783669056.439 1 
3762344015 16235 1783669056.488 1 
3772340805 16236 1783669056.538 1 
3782341624 16237 1783669056.588 1 
3792344879 16238 1783669056.638 1 
3802343093 16239 1783669056.688 1 
3812342422 16240 1783669056.738 1 
3822411140 16241 1783669056.788 1 
3832485491 16242 1783669056.838 1 
3842340890 16243 1783669056.888 1 
3852341919 16244 1783669056.938 1 
3862341859 16245 1783669056.988 1 
3872342679 16246 1783669057.038 1 
3882342109 16247 1783669057.088 1 
3892363233 16248 1783669057.138 1 
3902342129 16249 1783669057.188 1 
3912340712 16250 1783669057.238 1 
3922340653 16251 1783669057.288 1 
3932342111 16252 1783669057.338 1 
3942342473 16253 1783669057.388 1 
3952340748 16254 1783669057.438 1 
3962340710 16255 1783669057.488 1 
3972343047 16256 1783669057.538 1 
3982342183 16257 1783669057.588 1 
3992340036 16258 1783669057.638 1 
4002342075 16259 1783669057.688 1 
4012341011 16260 1783669057.738 1 
4022357478 16261 1783669057.788 1 
4032342295 16262 1783669057.838 1 
4042340835 16263 1783669057.888 1 
4052340717 16264 1783669057.938 1 
4062354927 16265 1783669057.988 1 
4072340787 16266 1783669058.038 1 
4082342127 16267 1783669058.088 1 
4092341934 16268 1783669058.138 1 
4102340922 16269 1783669058.188 1 
4112342731 16270 1783669058.238 1 
4122341376 16271 1783669058.288 1 
4132340847 16272 1783669058.338 1 
4142342769 16273 1783669058.388 1 
4152341593 16274 1783669058.438 1 
4162341803 16275 1783669058.488 1 
4172342081 16276 1783669058.538 1 
4182341490 16277 1783669058.588 1 
4192342215 16278 1783669058.638 1 
4202341906 16279 1783669058.688 1 
4212341748 16280 1783669058.738 1 
4222358732 16281 1783669058.788 1 
4232342170 16282 1783669058.838 1 
4242359005 16283 1783669058.888 1 
4252344192 16284 1783669058.938 1 
4262342614 16285 1783669058.988 1 
4272340488 16286 1783669059.038 1 
4282340719 16287 1783669059.088 1 
4292340008 16288 1783669059.138 1 
7375416 16289 1783669059.188 1 
17374940 16290 1783669059.238 1 
27375008 16291 1783669059.288 1 
37374006 16292 1783669059.338 1 
47373418 16293 1783669059.388 1 
57375924 16294 1783669059.438 1 
67374915 16295 1783669059.488 1 
77375649 16296 1783669059.538 1 
87375886 16297 1783669059.588 1 
97374207 16298 1783669059.638 1 
107375489 16299 1783669059.688 1 
117374993 16300 1783669059.738 1 
127408946 16301 1783669059.788 1 
137374437 16302 1783669059.838 1 
147373721 16303 1783669059.888 1 
157374553 16304 1783669059.938 1 
167374572 16305 1783669059.988 1 
177374812 16306 1783669060.038 1 
187374888 16307 1783669060.088 1 
197374541 16308 1783669060.138 1 
207373919 16309 1783669060.188 1 
217373177 16310 1783669060.238 1 
227373790 16311 1783669060.288 1 
237374273 16312 1783669060.338 1 
247374530 16313 1783669060.388 1 
257373829 16314 1783669060.438 1 
267375245 16315 1783669060.488 1 
277375622 16316 1783669060.538 1 
287372857 16317 1783669060.588 1 
297375359 16318 1783669060.638 1 
307373848 16319 1783669060.688 1 
317374927 16320 1783669060.738 1 
327464361 16321 1783669060.788 1 
337373885 16322 1783669060.838 1 
347374591 16323 1783669060.888 1 
357375107 16324 1783669060.938 1 
367373980 16325 1783669060.988 1 
377376214 16326 1783669061.038 1 
387373110 16327 1783669061.088 1 
397373949 16328 1783669061.138 1 
407373790 16329 1783669061.188 1 
417374655 16330 1783669061.238 1 
427375072 16331 1783669061.288 1 
437375231 16332 1783669061.338 1 
447375002 16333 1783669061.388 1 
457375168 16334 1783669061.440 1 
467374078 16335 1783669061.488 1 
477374286 16336 1783669061.538 1 
487375775 16337 1783669061.587 1 
497372934 16338 1783669061.637 1 
507376433 16339 1783669061.688 1 
517376675 16340 1783669061.738 1 
527409519 16341 1783669061.788 1 
537374499 16342 1783669061.838 1 
547390004 16343 1783669061.888 1 
557373472 16344 1783669061.938 1 
567374664 16345 1783669061.988 1 
577374649 16346 1783669062.038 1 
587373092 16347 1783669062.088 1 
597373909 16348 1783669062.138 1 
607374001 16349 1783669062.188 1 
617373529 16350 1783669062.238 1 
627440185 16351 1783669062.288 1 
637375709 16352 1783669062.338 1 
647374514 16353 1783669062.388 1 
657374707 16354 1783669062.438 1 
667374160 16355 1783669062.488 1 
677374584 16356 1783669062.538 1 
687374261 16357 1783669062.588 1 
697373890 16358 1783669062.638 1 
707373680 16359 1783669062.688 1 
717374034 16360 1783669062.738 1 
727446723 16361 1783669062.788 1 
737518428 16362 1783669062.838 1 
747374013 16363 1783669062.889 1 
757373248 16364 1783669062.938 1 
767373787 16365 1783669062.988 1 
777374728 16366 1783669063.038 1 
787374765 16367 1783669063.088 1 
797373255 16368 1783669063.138 1 
807375893 16369 1783669063.188 1 
817375461 16370 1783669063.238 1 
827375228 16371 1783669063.288 1 
837374028 16372 1783669063.338 1 
847373714 16373 1783669063.388 1 
857374107 16374 1783669063.438 1 
867374199 16375 1783669063.488 1 
877375443 16376 1783669063.538 1 
887375397 16377 1783669063.588 1 
897373395 16378 1783669063.638 1 
907374252 16379 1783669063.688 1 
917375951 16380 1783669063.738 1 
927466188 16381 1783669063.788 1 
937396576 16382 1783669063.838 1 
947374506 16383 1783669063.888 1 
957373952 16384 1783669063.938 1 
967375377 16385 1783669063.988 1 
977375717 16386 1783669064.038 1 
987372944 16387 1783669064.088 1 
997375737 16388 1783669064.138 1 
1007375255 16389 1783669064.188 1 
1017375388 16390 1783669064.238 1 
1027373216 16391 1783669064.288 1 
1037399205 16392 1783669064.338 1 
1047374654 16393 1783669064.388 1 
1057373320 16394 1783669064.438 1 
1067373025 16395 1783669064.488 1 
1077372326 16396 1783669064.538 1 
1087375071 16397 1783669064.588 1 
1097374929 16398 1783669064.638 1 
1107375198 16399 1783669064.688 1 
1117373002 16400 1783669064.738 1 
1127430286 16401 1783669064.788 1 
1137515636 16402 1783669064.838 1 
1147374057 16403 1783669064.889 1 
1157374254 16404 1783669064.938 1 
1167374570 16405 1783669064.988 1 
1177373245 16406 1783669065.038 1 
1187439603 16407 1783669065.088 1 
1197386059 16408 1783669065.138 1 
1207373196 16409 1783669065.188 1 
1217374253 16410 1783669065.238 1 
1227374221 16411 1783669065.288 1 
1237374908 16412 1783669065.338 1 
1247375732 16413 1783669065.388 1 
1257372966 16414 1783669065.438 1 
1267374683 16415 1783669065.488 1 
1277373019 16416 1783669065.538 1 
1287375011 16417 1783669065.588 1 
1297374865 16418 1783669065.638 1 
1307376261 16419 1783669065.688 1 
1317372172 16420 1783669065.738 1 
1327465848 16421 1783669065.788 1 
1337372716 16422 1783669065.839 1 
1347373611 16423 1783669065.888 1 
1357373951 16424 1783669065.938 1 
1367374116 16425 1783669065.988 1 
1377374570 16426 1783669066.038 1 
1387374980 16427 1783669066.088 1 
1397375087 16428 1783669066.138 1 
1407374342 16429 1783669066.188 1 
1417374206 16430 1783669066.238 1 
1427374792 16431 1783669066.288 1 
1437376245 16432 1783669066.338 1 
1447372138 16433 1783669066.388 1 
1457372802 16434 1783669066.440 1 
1467373830 16435 1783669066.488 1 
1477373939 16436 1783669066.538 1 
1487376077 16437 1783669066.588 1 
1497372902 16438 1783669066.638 1 
1507373300 16439 1783669066.688 1 
1517373573 16440 1783669066.738 1 
1527465356 16441 1783669066.788 1 
1537374398 16442 1783669066.838 1 
1547373933 16443 1783669066.888 1 
1557375676 16444 1783669066.938 1 
1567373142 16445 1783669066.988 1 
1577375382 16446 1783669067.038 1 
1587374397 16447 1783669067.088 1 
1597374315 16448 1783669067.138 1 
1607374098 16449 1783669067.188 1 
1617382965 16450 1783669067.238 1 
1627375770 16451 1783669067.288 1 
1637375295 16452 1783669067.338 1 
1647374818 16453 1783669067.388 1 
1657374247 16454 1783669067.438 1 
1667374915 16455 1783669067.488 1 
1677373865 16456 1783669067.538 1 
1687374872 16457 1783669067.588 1 
1697374105 16458 1783669067.638 1 
1707373048 16459 1783669067.688 1 
1717374865 16460 1783669067.738 1 
1727465727 16461 1783669067.788 1 
1737373971 16462 1783669067.839 1 
1747374432 16463 1783669067.888 1 
1757374234 16464 1783669067.938 1 
1767439881 16465 1783669067.988 1 
1777374590 16466 1783669068.038 1 
1787374541 16467 1783669068.088 1 
1797374054 16468 1783669068.138 1 
1807374349 16469 1783669068.188 1 
1817373472 16470 1783669068.238 1 
1827373330 16471 1783669068.288 1 
1837373434 16472 1783669068.338 1 
1847375343 16473 1783669068.388 1 
1857373806 16474 1783669068.438 1 
1867375352 16475 1783669068.488 1 
1877374380 16476 1783669068.538 1 
1887390617 16477 1783669068.588 1 
1897374664 16478 1783669068.638 1 
1907373653 16479 1783669068.688 1 
1917374248 16480 1783669068.738 1 
1927409936 16481 1783669068.788 1 
1937376070 16482 1783669068.838 1 
1947375158 16483 1783669068.888 1 
1957375629 16484 1783669068.938 1 
1967373560 16485 1783669068.988 1 
1977374874 16486 1783669069.038 1 
1987376930 16487 1783669069.088 1 
1997374871 16488 1783669069.138 1 
2007374475 16489 1783669069.188 1 
2017374255 16490 1783669069.238 1 
2027374173 16491 1783669069.288 1 
2037387837 16492 1783669069.338 1 -5.798 7.190 0.870 -6.732 110 425 
2047388081 16493 1783669069.389 1 -5.363 7.219 0.847 -6.732 100 415 
2057388095 16494 1783669069.439 1 -5.341 6.475 1.602 -6.732 140 428 
2067455408 16495 1783669069.489 1 -5.341 6.535 1.335 -6.732 151 423 
2077417006 16496 1783669069.539 1 -3.906 6.605 1.465 -5.890 155 426 
2087468342 16497 1783669069.594 1 -3.662 6.277 0.916 -5.890 97 435 -4.395 6.074 2.197 -5.890 132 437 -4.639 8.034 0.000 -5.890 69 437 -4.028 6.751 1.762 -4.207 97 433 
2097415311 16498 1783669069.644 1 -4.784 6.439 0.755 -6.732 134 427 -3.204 6.441 1.373 -5.049 154 420 
2107475157 16499 1783669069.693 1 -5.875 6.199 0.267 -7.573 87 439 -4.021 6.395 0.473 -6.732 84 436 -2.350 6.290 1.282 -5.049 95 423 -3.204 7.921 0.000 -5.049 75 437 -2.129 7.166 1.183 -4.207 139 422 
2117427476 16500 1783669069.749 1 -4.021 6.253 1.419 -5.890 74 426 -2.991 6.054 1.068 -5.049 105 423 -2.853 7.778 0.519 -4.207 84 443 
2127561584 16501 1783669069.797 1 -4.639 6.244 0.732 -6.732 117 436 -6.233 8.447 0.000 -6.732 78 434 -1.709 6.394 1.709 -4.207 135 420 -2.060 5.913 2.060 -3.366 129 428 -2.289 6.645 2.060 -3.366 101 432 
2137458256 16502 1783669069.849 1 -6.409 7.843 1.602 -6.732 73 432 -3.662 6.239 1.144 -5.890 101 431 -3.540 5.871 1.770 -5.049 135 429 -1.389 6.114 0.992 -3.366 186 427 
2147491700 16503 1783669069.898 1 -4.784 6.074 2.266 -6.732 109 416 -2.350 6.362 0.854 -4.207 194 422 -1.335 5.879 0.954 -2.524 210 422 -1.434 11.243 1.793 -2.524 79 425 -0.397 6.257 0.992 -1.683 172 430 -0.488 7.736 0.977 -1.683 83 427 
2157453799 16504 1783669069.950 1 -1.785 5.824 1.785 -3.366 139 424 -1.030 6.176 2.060 -2.524 149 435 -0.572 5.968 1.144 -1.683 235 423 
2167471452 16505 1783669069.997 1 -4.021 6.302 1.183 -5.890 90 430 -4.059 8.322 0.580 -5.890 97 442 -0.366 5.802 0.732 -1.683 195 433 -0.946 7.505 0.237 -1.683 105 437 -0.977 7.736 0.488 -1.683 106 436 
2177430705 16506 1783669070.049 1 -3.662 5.916 2.289 -5.049 108 434 -3.845 7.783 1.373 -5.049 84 447 
2187513454 16507 1783669070.097 1 -2.876 6.155 1.991 -5.049 151 416 -3.670 8.177 1.129 -5.049 82 434 -1.984 5.977 0.793 -3.366 123 431 -0.954 5.495 2.480 -1.683 137 434 0.000 7.509 0.946 -0.841 77 452 -0.351 10.953 2.457 -0.841 100 426 
2197542786 16508 1783669070.155 1 -2.678 6.023 0.000 -5.049 109 423 -2.213 6.424 1.991 -5.049 89 431 -3.113 7.695 0.000 -4.207 74 441 -0.916 5.776 0.366 -2.524 167 421 -0.732 5.813 0.000 -0.841 177 406 
2207503359 16509 1783669070.203 1 -2.136 6.462 0.641 -4.207 119 428 -1.984 5.540 2.380 -2.524 102 426 -0.732 5.787 0.549 -1.683 145 425 
2217514861 16510 1783669070.249 1 -1.335 5.953 -0.191 -3.366 138 421 
2227559637 16511 1783669070.295 1 -1.335 5.953 -0.191 -3.366 136 431 -1.030 6.176 2.060 -2.524 123 433 -1.221 7.655 0.977 -2.524 108 433 -1.007 7.958 0.755 -2.524 106 435 
2237471250 16512 1783669070.351 1 -1.389 5.868 1.984 -2.524 130 432 0.000 5.884 2.380 -0.841 123 428 0.000 7.321 0.229 -0.841 70 455 
2247502507 16513 1783669070.396 1 0.000 5.848 0.366 -1.683 172 429 
2257453049 16514 1783669070.439 1 
2267471097 16515 1783669070.489 1 
2277457077 16516 1783669070.539 1 
2287476982 16517 1783669070.589 1 
2297486938 16518 1783669070.639 1 
2307387461 16519 1783669070.689 1 
2317388101 16520 1783669070.738 1 
2327446228 16521 1783669070.788 1 
2337562600 16522 1783669070.839 1 
2347372837 16523 1783669070.889 1 
2357375203 16524 1783669070.938 1 
2367375833 16525 1783669070.988 1 
2377374051 16526 1783669071.038 1 
2387373353 16527 1783669071.088 1 
2397373177 16528 1783669071.138 1 
2407375560 16529 1783669071.188 1 
2417373577 16530 1783669071.238 1 
2427374480 16531 1783669071.288 1 
2437374099 16532 1783669071.338 1 
2447376005 16533 1783669071.388 1 
2457375947 16534 1783669071.440 1 
2467373515 16535 1783669071.488 1 
2477373965 16536 1783669071.538 1 
2487374929 16537 1783669071.588 1 
2497375230 16538 1783669071.638 1 
2507374253 16539 1783669071.688 1 
2517374126 16540 1783669071.738 1 
2527481367 16541 1783669071.788 1 
2537374945 16542 1783669071.839 1 
2547372248 16543 1783669071.888 1 
2557374767 16544 1783669071.938 1 
2567374688 16545 1783669071.988 1 
2577374953 16546 1783669072.038 1 
2587373869 16547 1783669072.088 1 
2597375020 16548 1783669072.138 1 
2607373857 16549 1783669072.188 1 
2617387717 16550 1783669072.238 1 
2627373717 16551 1783669072.288 1 
2637374615 16552 1783669072.338 1 
2647373555 16553 1783669072.388 1 
2657373785 16554 1783669072.438 1 
2667374758 16555 1783669072.488 1 
2677373804 16556 1783669072.538 1 
2687374143 16557 1783669072.588 1 
2697390666 16558 1783669072.638 1 
2707375983 16559 1783669072.688 1 
2717373664 16560 1783669072.738 1 
2727431748 16561 1783669072.788 1 
2737517216 16562 1783669072.839 1 
2747372270 16563 1783669072.889 1 
2757376144 16564 1783669072.938 1 
2767374499 16565 1783669072.988 1 
2777375214 16566 1783669073.038 1 
2787374324 16567 1783669073.088 1 
2797373824 16568 1783669073.138 1 
2807374931 16569 1783669073.188 1 
2817374431 16570 1783669073.238 1 
2827396811 16571 1783669073.288 1 
2837390114 16572 1783669073.339 1 
2847372835 16573 1783669073.388 1 
2857375486 16574 1783669073.438 1 
2867375022 16575 1783669073.488 1 
2877376947 16576 1783669073.538 1 
2887374592 16577 1783669073.588 1 
2897373219 16578 1783669073.638 1 
2907374482 16579 1783669073.688 1 
2917373445 16580 1783669073.738 1 
2927526226 16581 1783669073.788 1 
2937376002 16582 1783669073.839 1 
2947375123 16583 1783669073.888 1 
2957376022 16584 1783669073.939 1 
2967374046 16585 1783669073.988 1 
2977374200 16586 1783669074.039 1 
2987373429 16587 1783669074.088 1 
2997374867 16588 1783669074.139 1 
3007373022 16589 1783669074.188 1 
3017374754 16590 1783669074.238 1 
3027373969 16591 1783669074.288 1 
3037375438 16592 1783669074.339 1 
3047373920 16593 1783669074.388 1 
3057374016 16594 1783669074.439 1 
3067374248 16595 1783669074.488 1 
3077375471 16596 1783669074.538 1 
3087374561 16597 1783669074.588 1 
3097374376 16598 1783669074.639 1 
3107385754 16599 1783669074.688 1 -6.249 7.029 1.488 -7.573 89 426 
3117415183 16600 1783669074.739 1 -5.646 7.029 0.565 -7.573 72 438 -5.798 7.804 0.916 -6.732 76 428 
3127405334 16601 1783669074.790 1 -5.219 6.938 1.373 -6.732 100 416 
3137388109 16602 1783669074.839 1 -4.807 6.881 1.602 -6.732 117 436 
3147415746 16603 1783669074.889 1 -5.493 6.722 1.373 -7.573 84 428 -4.028 6.863 1.259 -6.732 105 435 
3157417300 16604 1783669074.940 1 -4.669 6.619 1.816 -6.732 115 428 -3.662 6.619 1.953 -5.890 135 423 
3167414052 16605 1783669074.995 1 -4.532 6.585 1.007 -6.732 91 428 -2.602 6.964 1.419 -5.049 101 431 
3177414721 16606 1783669075.043 1 -4.021 6.127 1.892 -5.890 90 427 -2.518 6.689 1.602 -4.207 127 428 
3187462399 16607 1783669075.093 1 -4.807 7.019 0.801 -6.732 82 430 -2.434 6.466 1.549 -5.049 145 420 -2.518 6.689 1.602 -2.524 95 424 
3197414945 16608 1783669075.147 1 -3.548 6.477 1.656 -5.890 127 430 -1.709 6.494 1.282 -3.366 150 423 
3207433578 16609 1783669075.197 1 -2.602 6.964 1.419 -5.049 115 421 -2.937 7.912 1.335 -5.049 100 432 -1.648 6.041 2.060 -3.366 202 423 
3217581823 16610 1783669075.247 1 -3.662 6.686 1.709 -5.890 78 439 -3.098 6.227 1.328 -5.049 94 438 -2.075 8.020 0.519 -4.207 104 422 -2.266 5.837 2.060 -3.366 172 421 -2.014 7.764 0.755 -3.366 84 429 -1.389 5.931 1.785 -2.524 165 425 -1.068 6.405 2.136 -2.524 153 421 
3227475118 16611 1783669075.303 1 -3.471 7.581 1.869 -5.049 120 432 -1.709 6.494 1.282 -4.207 127 436 -1.648 6.107 1.854 -3.366 139 424 -1.953 7.465 1.221 -2.524 110 438 -0.793 5.977 1.984 -1.683 205 422 
3237470015 16612 1783669075.350 1 -2.075 7.970 1.038 -4.207 93 431 -1.762 7.760 1.259 -3.366 88 434 -0.824 6.422 1.236 -2.524 153 430 0.000 5.956 1.335 -0.841 117 423 
3247469909 16613 1783669075.399 1 -2.350 6.125 1.923 -4.207 112 428 -2.075 7.885 1.556 -3.366 88 422 -1.068 6.738 0.427 -2.524 104 418 -0.504 7.942 1.259 -1.683 107 430 0.000 5.910 1.526 -0.841 193 408 
3257473264 16614 1783669075.450 1 -2.213 6.488 1.770 -4.207 129 432 -0.595 6.117 1.587 -2.524 145 421 
3267475124 16615 1783669075.497 1 -1.389 6.079 1.190 -2.524 108 431 -0.488 7.658 1.465 -1.683 149 423 
3277469451 16616 1783669075.550 1 -0.793 6.095 1.587 -1.683 146 426 
3287581862 16617 1783669075.595 1 0.000 6.091 1.785 -1.683 170 433 
3297548332 16618 1783669075.640 1 -0.198 5.958 2.182 -1.683 99 421 
3307508171 16619 1783669075.697 1 
3317436277 16620 1783669075.739 1 
3327494588 16621 1783669075.789 1 
3337416498 16622 1783669075.839 1 
3347459428 16623 1783669075.889 1 
3357432645 16624 1783669075.939 1 
3367389027 16625 1783669075.989 1 
3377435482 16626 1783669076.039 1 
3387395578 16627 1783669076.089 1 
3397372000 16628 1783669076.139 1 
3407375516 16629 1783669076.189 1 
3417373775 16630 1783669076.238 1 
3427374533 16631 1783669076.289 1 
3437374595 16632 1783669076.339 1 
3447374818 16633 1783669076.389 1 
3457373651 16634 1783669076.440 1 
3467374503 16635 1783669076.489 1 
3477374499 16636 1783669076.538 1 
3487374031 16637 1783669076.589 1 
3497374232 16638 1783669076.639 1 
3507374279 16639 1783669076.689 1 
3517375704 16640 1783669076.739 1 
3527408494 16641 1783669076.789 1 
3537374245 16642 1783669076.839 1 
3547373256 16643 1783669076.889 1 
3557374544 16644 1783669076.939 1 
3567372633 16645 1783669076.989 1 
3577372806 16646 1783669077.039 1 
3587374829 16647 1783669077.089 1 
3597373103 16648 1783669077.139 1 
3607374094 16649 1783669077.189 1 
3617374679 16650 1783669077.239 1 
3627374462 16651 1783669077.289 1 
3637374396 16652 1783669077.339 1 
3647373786 16653 1783669077.389 1 
3657374542 16654 1783669077.439 1 
3667375378 16655 1783669077.489 1 
3677374591 16656 1783669077.539 1 
3687373876 16657 1783669077.589 1 
3697375285 16658 1783669077.639 1 
3707389331 16659 1783669077.689 1 
3717373971 16660 1783669077.739 1 
3727431805 16661 1783669077.789 1 
3737517299 16662 1783669077.839 1 
3747374369 16663 1783669077.889 1 
3757376121 16664 1783669077.939 1 
3767376206 16665 1783669077.989 1 
3777374647 16666 1783669078.039 1 
3787374220 16667 1783669078.089 1 
3797375492 16668 1783669078.139 1 
3807373625 16669 1783669078.189 1 
3817373640 16670 1783669078.239 1 
3827374852 16671 1783669078.289 1 
3837375117 16672 1783669078.339 1 
3847374374 16673 1783669078.389 1 
3857374916 16674 1783669078.439 1 
3867374978 16675 1783669078.489 1 
3877374125 16676 1783669078.539 1 
3887374684 16677 1783669078.589 1 
3897373304 16678 1783669078.639 1 
3907375471 16679 1783669078.689 1 
3917374317 16680 1783669078.739 1 
3927466002 16681 1783669078.789 1 
3937396324 16682 1783669078.839 1 
3947375255 16683 1783669078.889 1 
3957373574 16684 1783669078.939 1 
3967373642 16685 1783669078.989 1 
3977374384 16686 1783669079.039 1 
3987373559 16687 1783669079.089 1 
3997393509 16688 1783669079.139 1 
4007373890 16689 1783669079.189 1 
4017375395 16690 1783669079.239 1 
4027374380 16691 1783669079.289 1 
4037373432 16692 1783669079.339 1 
4047375281 16693 1783669079.389 1 
4057372794 16694 1783669079.439 1 
4067374959 16695 1783669079.489 1 
4077374878 16696 1783669079.539 1 
4087375420 16697 1783669079.589 1 
4097373732 16698 1783669079.639 1 
4107374988 16699 1783669079.689 1 
4117374467 16700 1783669079.739 1 
4127409539 16701 1783669079.789 1 
4137374779 16702 1783669079.839 1 
4147374791 16703 1783669079.889 1 
4157375540 16704 1783669079.939 1 
4167375211 16705 1783669079.989 1 
4177374196 16706 1783669080.039 1 
4187373919 16707 1783669080.089 1 
4197374427 16708 1783669080.139 1 
4207371751 16709 1783669080.189 1 
4217374403 16710 1783669080.239 1 
4227374140 16711 1783669080.289 1 
4237373608 16712 1783669080.339 1 
4247373868 16713 1783669080.389 1 
4257441483 16714 1783669080.439 1 
4267375444 16715 1783669080.489 1 
4277373360 16716 1783669080.539 1 
4287373427 16717 1783669080.589 1 
2405510 16718 1783669080.639 1 
12406885 16719 1783669080.689 1 
22406280 16720 1783669080.739 1 
32442970 16721 1783669080.789 1 
42408549 16722 1783669080.839 1 
52406444 16723 1783669080.889 1 
62407426 16724 1783669080.939 1 
72407923 16725 1783669080.989 1 
82405354 16726 1783669081.039 1 
92405970 16727 1783669081.089 1 
102406958 16728 1783669081.139 1 
112406895 16729 1783669081.189 1 
122406137 16730 1783669081.239 1 
132407752 16731 1783669081.289 1 
142407070 16732 1783669081.339 1 
152407135 16733 1783669081.389 1 
162405795 16734 1783669081.440 1 
172407303 16735 1783669081.489 1 
182407195 16736 1783669081.539 1 
192407875 16737 1783669081.589 1 
202407256 16738 1783669081.639 1 
212406360 16739 1783669081.689 1 
222407614 16740 1783669081.739 1 
232440789 16741 1783669081.789 1 
242407488 16742 1783669081.839 1 
252474450 16743 1783669081.889 1 
262409069 16744 1783669081.939 1 
272407186 16745 1783669081.989 1 
282405880 16746 1783669082.039 1 
292424799 16747 1783669082.089 1 
302422646 16748 1783669082.139 1 
312472592 16749 1783669082.189 1 
322407178 16750 1783669082.239 1 
332406610 16751 1783669082.289 1 
342405734 16752 1783669082.339 1 
352406227 16753 1783669082.389 1 
362406851 16754 1783669082.439 1 
372408844 16755 1783669082.489 1 
382407249 16756 1783669082.539 1 
392474389 16757 1783669082.589 1 
402406731 16758 1783669082.639 1 
412405566 16759 1783669082.689 1 
422405653 16760 1783669082.739 1 
432424002 16761 1783669082.789 1 
442407379 16762 1783669082.839 1 
452406987 16763 1783669082.889 1 
462426230 16764 1783669082.939 1 
472405817 16765 1783669082.989 1 
482408397 16766 1783669083.039 1 
492407073 16767 1783669083.089 1 
502407705 16768 1783669083.139 1 
512407242 16769 1783669083.189 1 
522407528 16770 1783669083.239 1 
532407101 16771 1783669083.289 1 
542473191 16772 1783669083.339 1 
552408691 16773 1783669083.389 1 
562405865 16774 1783669083.439 1 
572406082 16775 1783669083.489 1 
582474940 16776 1783669083.539 1 
592408847 16777 1783669083.589 1 
602406891 16778 1783669083.639 1 
612408596 16779 1783669083.689 1 
622407303 16780 1783669083.739 1 
632440670 16781 1783669083.789 1 
642407204 16782 1783669083.839 1 
652406405 16783 1783669083.889 1 
662406411 16784 1783669083.939 1 
672407967 16785 1783669083.989 1 
682406690 16786 1783669084.039 1 
692407139 16787 1783669084.089 1 
702406710 16788 1783669084.139 1 
712407218 16789 1783669084.189 1 
722407797 16790 1783669084.239 1 
732407355 16791 1783669084.289 1 
742408331 16792 1783669084.339 1 
752406734 16793 1783669084.389 1 
762407639 16794 1783669084.439 1 
772406357 16795 1783669084.489 1 
782407746 16796 1783669084.539 1 
792407171 16797 1783669084.589 1 
802405294 16798 1783669084.639 1 
812408104 16799 1783669084.689 1 
822406213 16800 1783669084.739 1 
832499698 16801 1783669084.789 1 
842405924 16802 1783669084.839 1 
852405243 16803 1783669084.889 1 
862406750 16804 1783669084.939 1 
872406621 16805 1783669084.989 1 
882407115 16806 1783669085.039 1 
892406805 16807 1783669085.089 1 
902406691 16808 1783669085.139 1 
912406880 16809 1783669085.189 1 
922407149 16810 1783669085.239 1 
932409087 16811 1783669085.289 1 
942407217 16812 1783669085.339 1 
952408075 16813 1783669085.389 1 
962407975 16814 1783669085.439 1 
972408374 16815 1783669085.489 1 
982407896 16816 1783669085.539 1 
992408144 16817 1783669085.589 1 
1002409355 16818 1783669085.639 1 
1012406936 16819 1783669085.689 1 
1022405103 16820 1783669085.739 1 
1032442250 16821 1783669085.789 1 
1042424068 16822 1783669085.839 1 
1052409171 16823 1783669085.889 1 
1062407863 16824 1783669085.939 1 
1072473561 16825 1783669085.989 1 
1082407575 16826 1783669086.039 1 
1092406820 16827 1783669086.089 1 
1102422574 16828 1783669086.139 1 
1112474464 16829 1783669086.189 1 
1122406152 16830 1783669086.239 1 
1132406808 16831 1783669086.289 1 
1142409207 16832 1783669086.339 1 
1152407262 16833 1783669086.389 1 
1162407012 16834 1783669086.441 1 
1172474041 16835 1783669086.489 1 
1182407617 16836 1783669086.539 1 
1192407715 16837 1783669086.589 1 
1202407156 16838 1783669086.639 1 
1212406557 16839 1783669086.689 1 
1222406815 16840 1783669086.739 1 
1232498417 16841 1783669086.789 1 
1242407290 16842 1783669086.839 1 
1252407850 16843 1783669086.889 1 
1262406073 16844 1783669086.939 1 
1272406379 16845 1783669086.989 1 
1282406731 16846 1783669087.039 1 
1292407741 16847 1783669087.089 1 
1302405683 16848 1783669087.139 1 
1312406859 16849 1783669087.189 1 
1322406079 16850 1783669087.239 1 
1332474365 16851 1783669087.289 1 
1342405350 16852 1783669087.339 1 
1352408298 16853 1783669087.389 1 
1362406073 16854 1783669087.439 1 
1372406551 16855 1783669087.489 1 
1382473980 16856 1783669087.539 1 
1392407976 16857 1783669087.589 1 
1402406377 16858 1783669087.639 1 
1412406094 16859 1783669087.689 1 
1422406089 16860 1783669087.739 1 
1432440690 16861 1783669087.789 1 
1442405632 16862 1783669087.839 1 
1452406935 16863 1783669087.889 1 
1462405638 16864 1783669087.939 1 
1472406035 16865 1783669087.989 1 
1482406191 16866 1783669088.039 1 
1492409072 16867 1783669088.089 1 
1502407979 16868 1783669088.139 1 
1512420067 16869 1783669088.189 1 
1522424238 16870 1783669088.239 1 
1532407034 16871 1783669088.289 1 
1542407663 16872 1783669088.339 1 
1552405658 16873 1783669088.389 1 
1562408208 16874 1783669088.439 1 
1572407756 16875 1783669088.489 1 
1582407650 16876 1783669088.539 1 
1592406677 16877 1783669088.589 1 
1602406442 16878 1783669088.639 1 
1612405110 16879 1783669088.689 1 
1622406416 16880 1783669088.739 1 
1632423416 16881 1783669088.789 1 
1642407029 16882 1783669088.839 1 
1652407980 16883 1783669088.889 1 
1662408042 16884 1783669088.939 1 
1672475438 16885 1783669088.989 1 
1682407237 16886 1783669089.040 1 
1692407107 16887 1783669089.089 1 
1702407155 16888 1783669089.139 1 
1712405986 16889 1783669089.189 1 
1722405458 16890 1783669089.239 1 
1732407019 16891 1783669089.289 1 
1742409092 16892 1783669089.339 1 
1752410787 16893 1783669089.389 1 
1762409802 16894 1783669089.439 1 
1772474034 16895 1783669089.489 1 
1782406890 16896 1783669089.540 1 
1792407525 16897 1783669089.589 1 
1802405490 16898 1783669089.639 1 
1812407905 16899 1783669089.689 1 
1822406647 16900 1783669089.739 1 
1832424042 16901 1783669089.789 1 
1842406689 16902 1783669089.839 1 
1852407313 16903 1783669089.889 1 
1862406775 16904 1783669089.939 1 
1872472776 16905 1783669089.989 1 
1882407418 16906 1783669090.040 1 
1892407892 16907 1783669090.089 1 
1902407776 16908 1783669090.139 1 
1912407026 16909 1783669090.189 1 
1922405624 16910 1783669090.239 1 
1932407936 16911 1783669090.289 1 
1942405122 16912 1783669090.339 1 
1952405128 16913 1783669090.389 1 
1962406909 16914 1783669090.439 1 
1972406212 16915 1783669090.489 1 
1982406718 16916 1783669090.539 1 
1992407569 16917 1783669090.589 1 
2002408876 16918 1783669090.639 1 
2012406480 16919 1783669090.689 1 
2022405237 16920 1783669090.739 1 
2032442494 16921 1783669090.789 1 
2042427622 16922 1783669090.839 1 
2052406677 16923 1783669090.889 1 
2062406027 16924 1783669090.939 1 
2072406956 16925 1783669090.989 1 
2082406104 16926 1783669091.039 1 
2092406680 16927 1783669091.089 1 
2102405940 16928 1783669091.139 1 
2112407867 16929 1783669091.189 1 
2122422925 16930 1783669091.239 1 
2132407270 16931 1783669091.289 1 
2142475830 16932 1783669091.339 1 
2152409148 16933 1783669091.390 1 
2162405983 16934 1783669091.459 1 
2172406146 16935 1783669091.489 1 
2182408328 16936 1783669091.539 1 
2192407091 16937 1783669091.589 1 
2202407467 16938 1783669091.639 1 
2212407929 16939 1783669091.689 1 
2222407527 16940 1783669091.739 1 
2232441963 16941 1783669091.789 1 
2242407303 16942 1783669091.839 1 
2252407432 16943 1783669091.889 1 
2262407222 16944 1783669091.939 1 
2272408787 16945 1783669091.989 1 
2282406590 16946 1783669092.039 1 
2292406766 16947 1783669092.089 1 
2302424905 16948 1783669092.139 1 
2312406947 16949 1783669092.189 1 
2322406447 16950 1783669092.239 1 
2332420611 16951 1783669092.289 1 
2342406465 16952 1783669092.339 1 
2352404687 16953 1783669092.389 1 
2362407443 16954 1783669092.439 1 
2372406537 16955 1783669092.489 1 
2382474018 16956 1783669092.539 1 
2392407501 16957 1783669092.590 1 
2402407489 16958 1783669092.639 1 
2412407837 16959 1783669092.689 1 
2422405705 16960 1783669092.739 1 
2432442485 16961 1783669092.789 1 
2442406860 16962 1783669092.839 1 
2452404587 16963 1783669092.889 1 
2462406455 16964 1783669092.939 1 
2472406315 16965 1783669092.989 1 
2482406684 16966 1783669093.039 1 
2492407785 16967 1783669093.089 1 
2502473458 16968 1783669093.139 1 
2512407250 16969 1783669093.190 1 
2522404822 16970 1783669093.239 1 
2532408048 16971 1783669093.289 1 
2542426417 16972 1783669093.339 1 
2552406875 16973 1783669093.389 1 
2562406280 16974 1783669093.439 1 
2572427148 16975 1783669093.489 1 
2582407956 16976 1783669093.539 1 
2592425704 16977 1783669093.589 1 
2602407789 16978 1783669093.639 1 
2612406413 16979 1783669093.689 1 
2622475032 16980 1783669093.739 1 
2632465033 16981 1783669093.790 1 
2642551339 16982 1783669093.840 1 
2652407516 16983 1783669093.890 1 
2662406773 16984 1783669093.939 1 
2672407222 16985 1783669093.989 1 
2682408221 16986 1783669094.039 1 
2692406896 16987 1783669094.089 1 
2702406869 16988 1783669094.139 1 
2712406485 16989 1783669094.189 1 
2722407416 16990 1783669094.239 1 
2732407242 16991 1783669094.289 1 
2742407141 16992 1783669094.339 1 
2752407636 16993 1783669094.389 1 
2762405660 16994 1783669094.439 1 
2772406483 16995 1783669094.489 1 
2782407903 16996 1783669094.539 1 
2792406761 16997 1783669094.589 1 
2802406370 16998 1783669094.639 1 
2812406873 16999 1783669094.689 1 
2822406913 17000 1783669094.739 1 
2832442023 17001 1783669094.789 1 
2842408221 17002 1783669094.839 1 
2852407308 17003 1783669094.889 1 
2862405725 17004 1783669094.939 1 
2872407552 17005 1783669094.989 1 
2882407629 17006 1783669095.039 1 
2892407510 17007 1783669095.089 1 
2902406124 17008 1783669095.139 1 
2912406347 17009 1783669095.189 1 
2922407387 17010 1783669095.239 1 
2932408045 17011 1783669095.289 1 
2942407640 17012 1783669095.339 1 
2952474704 17013 1783669095.389 1 
2962407351 17014 1783669095.440 1 
2972406933 17015 1783669095.489 1 
2982408507 17016 1783669095.539 1 
2992408541 17017 1783669095.589 1 
3002405491 17018 1783669095.639 1 
3012406765 17019 1783669095.689 1 
3022474247 17020 1783669095.739 1 
3032424313 17021 1783669095.790 1 
3042473417 17022 1783669095.840 1 
3052408905 17023 1783669095.890 1 
3062406742 17024 1783669095.940 1 
3072405826 17025 1783669095.989 1 
3082408084 17026 1783669096.039 1 
3092407745 17027 1783669096.089 1 
3102474534 17028 1783669096.140 1 
3112407084 17029 1783669096.190 1 
3122407480 17030 1783669096.239 1 
3132408404 17031 1783669096.289 1 
3142408171 17032 1783669096.339 1 
3152406999 17033 1783669096.389 1 
3162407103 17034 1783669096.440 1 
3172407997 17035 1783669096.489 1 
3182404788 17036 1783669096.540 1 
3192407798 17037 1783669096.589 1 
3202407246 17038 1783669096.640 1 
3212406651 17039 1783669096.689 1 
3222406173 17040 1783669096.740 1 
3232464764 17041 1783669096.789 1 
3242550215 17042 1783669096.840 1 
3252408941 17043 1783669096.890 1 
3262407061 17044 1783669096.940 1 
3272405975 17045 1783669096.989 1 
3282406308 17046 1783669097.040 1 
3292407232 17047 1783669097.089 1 
3302406192 17048 1783669097.139 1 
3312406955 17049 1783669097.189 1 
3322407862 17050 1783669097.240 1 
3332407351 17051 1783669097.289 1 
3342405809 17052 1783669097.340 1 
3352407430 17053 1783669097.389 1 
3362406433 17054 1783669097.440 1 
3372407188 17055 1783669097.489 1 
3382407272 17056 1783669097.540 1 
3392406313 17057 1783669097.589 1 
3402405971 17058 1783669097.639 1 
3412408087 17059 1783669097.689 1 
3422405439 17060 1783669097.740 1 
3432423226 17061 1783669097.789 1 
3442405162 17062 1783669097.840 1 
3452406808 17063 1783669097.890 1 
3462406472 17064 1783669097.940 1 
3472474635 17065 1783669097.990 1 
3482406028 17066 1783669098.040 1 
3492406512 17067 1783669098.089 1 
3502408118 17068 1783669098.140 1 
3512409494 17069 1783669098.189 1 
3522408008 17070 1783669098.240 1 
3532407891 17071 1783669098.289 1 
3542407333 17072 1783669098.340 1 
3552405961 17073 1783669098.389 1 
3562406914 17074 1783669098.440 1 
3572407022 17075 1783669098.489 1 
3582472929 17076 1783669098.540 1 
3592407015 17077 1783669098.590 1 
3602407468 17078 1783669098.640 1 
3612407158 17079 1783669098.689 1 
3622406720 17080 1783669098.740 1 
3632497539 17081 1783669098.789 1 
3642407254 17082 1783669098.840 1 
3652404925 17083 1783669098.890 1 
3662406428 17084 1783669098.940 1 
3672406586 17085 1783669098.989 1 
3682407247 17086 1783669099.040 1 
3692406262 17087 1783669099.090 1 
3702406693 17088 1783669099.140 1 
3712407898 17089 1783669099.190 1 
3722405917 17090 1783669099.239 1 
3732405904 17091 1783669099.290 1 
3742408020 17092 1783669099.340 1 
3752407059 17093 1783669099.390 1 
3762409692 17094 1783669099.440 1 
3772408447 17095 1783669099.490 1 
3782406572 17096 1783669099.540 1 
3792405693 17097 1783669099.590 1 
3802408243 17098 1783669099.640 1 
3812406810 17099 1783669099.690 1 
3822407941 17100 1783669099.740 1 
3832422022 17101 1783669099.790 1 
3842406888 17102 1783669099.840 1 
3852406723 17103 1783669099.890 1 
3862407060 17104 1783669099.940 1 
3872407141 17105 1783669099.990 1 
3882406546 17106 1783669100.040 1 
3892407141 17107 1783669100.090 1 
3902408237 17108 1783669100.140 1 
3912407194 17109 1783669100.190 1 
3922409277 17110 1783669100.240 1 
3932406925 17111 1783669100.290 1 
3942406454 17112 1783669100.340 1 
3952406198 17113 1783669100.390 1 
3962407473 17114 1783669100.440 1 
3972407057 17115 1783669100.490 1 
3982406183 17116 1783669100.540 1 
3992407473 17117 1783669100.590 1 
4002409347 17118 1783669100.640 1 
4012407211 17119 1783669100.690 1 
4022407270 17120 1783669100.740 1 
4032478278 17121 1783669100.790 1 
4042407316 17122 1783669100.840 1 
4052406773 17123 1783669100.890 1 
4062409024 17124 1783669100.940 1 
4072406431 17125 1783669100.990 1 
4082405369 17126 1783669101.040 1 
4092425441 17127 1783669101.090 1 
4102406551 17128 1783669101.140 1 
4112406142 17129 1783669101.190 1 
4122406540 17130 1783669101.240 1 
4132406038 17131 1783669101.290 1 
4142407686 17132 1783669101.340 1 
4152406963 17133 1783669101.390 1 
4162408008 17134 1783669101.440 1 
4172407698 17135 1783669101.491 1 
4182406633 17136 1783669101.540 1 
4192408024 17137 1783669101.590 1 
4202407353 17138 1783669101.640 1 
4212405126 17139 1783669101.690 1 
4222407775 17140 1783669101.740 1 
4232442968 17141 1783669101.790 1 
4242407233 17142 1783669101.840 1 
4252424960 17143 1783669101.890 1 
4262407531 17144 1783669101.940 1 
4272406278 17145 1783669101.990 1 
4282406559 17146 1783669102.040 1 
4292407071 17147 1783669102.090 1 
7441370 17148 1783669102.140 1 
17439635 17149 1783669102.190 1 
27440060 17150 1783669102.240 1 
37440485 17151 1783669102.290 1 
47441620 17152 1783669102.340 1 
57438855 17153 1783669102.390 1 
67439865 17154 1783669102.440 1 
77440026 17155 1783669102.490 1 
87439729 17156 1783669102.540 1 
97438922 17157 1783669102.590 1 
107437587 17158 1783669102.640 1 
117438413 17159 1783669102.690 1 
127440949 17160 1783669102.740 1 
137444108 17161 1783669102.790 1 
147440329 17162 1783669102.840 1 
157440980 17163 1783669102.890 1 
167453044 17164 1783669102.940 1 
177439790 17165 1783669102.990 1 
187440073 17166 1783669103.040 1 
197441413 17167 1783669103.090 1 
207439132 17168 1783669103.140 1 
217441118 17169 1783669103.190 1 
227455392 17170 1783669103.240 1 
237441318 17171 1783669103.290 1 
247438144 17172 1783669103.340 1 
257438512 17173 1783669103.390 1 
267438976 17174 1783669103.440 1 
277439598 17175 1783669103.490 1 
287439056 17176 1783669103.540 1 
297440792 17177 1783669103.590 1 
307456225 17178 1783669103.640 1 
317437924 17179 1783669103.690 1 
327438585 17180 1783669103.740 1 
337444644 17181 1783669103.790 1 
347438889 17182 1783669103.840 1 
357440642 17183 1783669103.890 1 
367439453 17184 1783669103.940 1 
377440471 17185 1783669103.990 1 
387439596 17186 1783669104.040 1 
397458379 17187 1783669104.090 1 
407439624 17188 1783669104.140 1 
417441085 17189 1783669104.190 1 
427438862 17190 1783669104.240 1 
437440237 17191 1783669104.290 1 
447439105 17192 1783669104.340 1 
457505387 17193 1783669104.390 1 
467439780 17194 1783669104.440 1 
477440061 17195 1783669104.490 1 
487439394 17196 1783669104.540 1 
497440419 17197 1783669104.590 1 
507439539 17198 1783669104.640 1 
517440308 17199 1783669104.690 1 
527439077 17200 1783669104.740 1 
537475381 17201 1783669104.790 1 
547439364 17202 1783669104.840 1 
557440054 17203 1783669104.890 1 
567438971 17204 1783669104.940 1 
577439571 17205 1783669104.990 1 
587439202 17206 1783669105.040 1 
597439751 17207 1783669105.090 1 
607440229 17208 1783669105.140 1 
617440714 17209 1783669105.190 1 
627439901 17210 1783669105.240 1 
637439962 17211 1783669105.290 1 
647458876 17212 1783669105.340 1 
657439068 17213 1783669105.390 1 
667439894 17214 1783669105.440 1 
677440850 17215 1783669105.490 1 
687438477 17216 1783669105.540 1 
697438162 17217 1783669105.590 1 
707440147 17218 1783669105.640 1 
717439563 17219 1783669105.690 1 
727439127 17220 1783669105.740 1 
737456354 17221 1783669105.790 1 
747439004 17222 1783669105.840 1 
757438604 17223 1783669105.890 1 
767441053 17224 1783669105.940 1 
777438797 17225 1783669105.990 1 
787440195 17226 1783669106.040 1 
797438938 17227 1783669106.090 1 
807440745 17228 1783669106.140 1 
817439682 17229 1783669106.190 1 
827440604 17230 1783669106.240 1 
837453988 17231 1783669106.290 1 
847440211 17232 1783669106.340 1 
857439218 17233 1783669106.390 1 
867439553 17234 1783669106.440 1 
877440984 17235 1783669106.492 1 
887438042 17236 1783669106.540 1 
897440299 17237 1783669106.590 1 
907441358 17238 1783669106.640 1 
917439090 17239 1783669106.690 1 
927439575 17240 1783669106.740 1 
937443153 17241 1783669106.790 1 
947440090 17242 1783669106.840 1 
957438884 17243 1783669106.890 1 
967440249 17244 1783669106.940 1 
977439560 17245 1783669106.990 1 
987438399 17246 1783669107.040 1 
997440002 17247 1783669107.090 1 
1007439423 17248 1783669107.140 1 
1017439593 17249 1783669107.190 1 
1027439825 17250 1783669107.240 1 
1037440766 17251 1783669107.290 1 
1047440597 17252 1783669107.340 1 
1057438882 17253 1783669107.390 1 
1067439056 17254 1783669107.440 1 
1077439970 17255 1783669107.490 1 
1087439481 17256 1783669107.540 1 
1097437863 17257 1783669107.590 1 
1107440289 17258 1783669107.640 1 
1117439118 17259 1783669107.690 1 
1127451976 17260 1783669107.740 1 
1137474365 17261 1783669107.790 1 
1147439957 17262 1783669107.840 1 
1157439538 17263 1783669107.890 1 
1167441147 17264 1783669107.940 1 
1177438951 17265 1783669107.990 1 
1187440380 17266 1783669108.040 1 
1197438913 17267 1783669108.090 1 
1207440376 17268 1783669108.140 1 
1217439511 17269 1783669108.190 1 
1227439143 17270 1783669108.240 1 
1237439391 17271 1783669108.290 1 
1247438714 17272 1783669108.340 1 
1257443429 17273 1783669108.390 1 
1267439374 17274 1783669108.440 1 
1277457253 17275 1783669108.490 1 
1287440251 17276 1783669108.540 1 
1297440054 17277 1783669108.590 1 
1307439776 17278 1783669108.640 1 
1317438819 17279 1783669108.690 1 
1327440294 17280 1783669108.740 1 
1337457777 17281 1783669108.790 1 
1347439656 17282 1783669108.840 1 
1357439992 17283 1783669108.890 1 
1367440834 17284 1783669108.940 1 
1377441046 17285 1783669108.990 1 
1387438394 17286 1783669109.040 1 
1397440624 17287 1783669109.090 1 
1407439735 17288 1783669109.140 1 
1417440192 17289 1783669109.190 1 
1427439682 17290 1783669109.240 1 
1437439219 17291 1783669109.290 1 
1447440702 17292 1783669109.340 1 
1457438937 17293 1783669109.390 1 
1467440208 17294 1783669109.440 1 
1477439839 17295 1783669109.490 1 
1487439193 17296 1783669109.540 1 
1497440572 17297 1783669109.590 1 
1507439526 17298 1783669109.640 1 
1517442089 17299 1783669109.690 1 
1527438531 17300 1783669109.740 1 
1537498740 17301 1783669109.790 1 
1547581898 17302 1783669109.840 1 
1557438751 17303 1783669109.891 1 
1567440034 17304 1783669109.940 1 
1577441422 17305 1783669109.990 1 
1587440651 17306 1783669110.040 1 
1597439543 17307 1783669110.090 1 
1607439158 17308 1783669110.140 1 
1617440709 17309 1783669110.190 1 
1627438513 17310 1783669110.240 1 
1637439421 17311 1783669110.290 1 
1647454768 17312 1783669110.340 1 
1657440724 17313 1783669110.390 1 
1667439720 17314 1783669110.440 1 
1677439990 17315 1783669110.490 1 
1687439172 17316 1783669110.540 1 
1697439034 17317 1783669110.590 1 
1707439552 17318 1783669110.640 1 
1717438774 17319 1783669110.690 1 
1727440667 17320 1783669110.740 1 
1737475429 17321 1783669110.790 1 
1747461377 17322 1783669110.840 1 
1757440370 17323 1783669110.890 1 
1767438967 17324 1783669110.940 1 
1777440678 17325 1783669110.990 1 
1787439901 17326 1783669111.040 1 
1797440891 17327 1783669111.090 1 
1807438445 17328 1783669111.140 1 
1817437793 17329 1783669111.190 1 
1827438687 17330 1783669111.240 1 
1837506370 17331 1783669111.290 1 
1847438756 17332 1783669111.340 1 
1857438816 17333 1783669111.390 1 
1867440397 17334 1783669111.440 1 
1877440366 17335 1783669111.491 1 
1887439875 17336 1783669111.540 1 
1897440230 17337 1783669111.590 1 
1907440562 17338 1783669111.640 1 
1917438436 17339 1783669111.690 1 
1927440565 17340 1783669111.740 1 
1937476066 17341 1783669111.790 1 
1947439502 17342 1783669111.840 1 
1957441378 17343 1783669111.890 1 
1967438456 17344 1783669111.940 1 
1977505965 17345 1783669111.990 1 
1987440555 17346 1783669112.040 1 
1997439461 17347 1783669112.090 1 
2007439548 17348 1783669112.140 1 
2017438999 17349 1783669112.190 1 
2027439371 17350 1783669112.240 1 
2037441428 17351 1783669112.290 1 
2047441013 17352 1783669112.340 1 
2057438826 17353 1783669112.390 1 
2067438442 17354 1783669112.440 1 
2077440253 17355 1783669112.490 1 
2087507603 17356 1783669112.540 1 
2097439921 17357 1783669112.590 1 
2107506941 17358 1783669112.640 1 
2117507471 17359 1783669112.690 1 
2127451248 17360 1783669112.741 1 
2137475955 17361 1783669112.790 1 
2147506465 17362 1783669112.840 1 
2157440563 17363 1783669112.891 1 
2167440394 17364 1783669112.940 1 
2177438140 17365 1783669112.990 1 
2187439622 17366 1783669113.040 1 
2197438614 17367 1783669113.090 1 
2207439200 17368 1783669113.140 1 
2217439656 17369 1783669113.190 1 
2227440469 17370 1783669113.240 1 
2237439666 17371 1783669113.290 1 
2247438968 17372 1783669113.340 1 
2257441797 17373 1783669113.390 1 
2267438952 17374 1783669113.440 1 
2277458478 17375 1783669113.490 1 
2287438162 17376 1783669113.540 1 
2297507223 17377 1783669113.590 1 
2307440603 17378 1783669113.641 1 
2317438900 17379 1783669113.690 1 
2327440501 17380 1783669113.740 1 
2337456328 17381 1783669113.790 1 
2347438076 17382 1783669113.840 1 
2357438035 17383 1783669113.890 1 
2367440625 17384 1783669113.940 1 
2377439336 17385 1783669113.990 1 
2387440727 17386 1783669114.040 1 
2397440113 17387 1783669114.090 1 
2407440312 17388 1783669114.140 1 
2417456400 17389 1783669114.190 1 
2427438544 17390 1783669114.240 1 
2437460187 17391 1783669114.290 1 
2447440263 17392 1783669114.340 1 
2457506818 17393 1783669114.390 1 
2467438859 17394 1783669114.441 1 
2477439315 17395 1783669114.490 1 
2487439321 17396 1783669114.540 1 
2497440154 17397 1783669114.590 1 
2507439492 17398 1783669114.641 1 
2517438493 17399 1783669114.690 1 
2527438371 17400 1783669114.740 1 
2537475596 17401 1783669114.790 1 
2547438767 17402 1783669114.840 1 
2557439881 17403 1783669114.890 1 
2567441113 17404 1783669114.940 1 
2577439782 17405 1783669114.990 1 
2587440076 17406 1783669115.040 1 
2597440874 17407 1783669115.090 1 
2607438607 17408 1783669115.140 1 
2617441342 17409 1783669115.190 1 
2627441179 17410 1783669115.240 1 
2637504795 17411 1783669115.290 1 
2647441627 17412 1783669115.341 1 
2657440167 17413 1783669115.390 1 
2667440849 17414 1783669115.440 1 
2677441503 17415 1783669115.490 1 
2687439744 17416 1783669115.540 1 
2697439331 17417 1783669115.590 1 
2707441404 17418 1783669115.640 1 
2717438919 17419 1783669115.690 1 
2727439210 17420 1783669115.740 1 
2737531484 17421 1783669115.790 1 
2747440210 17422 1783669115.841 1 
2757440142 17423 1783669115.891 1 
2767439517 17424 1783669115.940 1 
2777439604 17425 1783669115.990 1 
2787439336 17426 1783669116.040 1 
2797439580 17427 1783669116.090 1 
2807437711 17428 1783669116.140 1 
2817442454 17429 1783669116.190 1 
2827440263 17430 1783669116.240 1 
2837439722 17431 1783669116.290 1 
2847440761 17432 1783669116.340 1 
2857439996 17433 1783669116.390 1 
2867440062 17434 1783669116.440 1 
2877438467 17435 1783669116.492 1 
2887440672 17436 1783669116.541 1 
2897438384 17437 1783669116.590 1 
2907507410 17438 1783669116.640 1 
2917439576 17439 1783669116.691 1 
2927439907 17440 1783669116.740 1 
2937457497 17441 1783669116.790 1 
2947438352 17442 1783669116.840 1 
2957438992 17443 1783669116.891 1 
2967440222 17444 1783669116.940 1 
2977438774 17445 1783669116.990 1 
2987440776 17446 1783669117.040 1 
2997440122 17447 1783669117.090 1 
3007440784 17448 1783669117.140 1 
3017441093 17449 1783669117.190 1 
3027439919 17450 1783669117.240 1 
3037439122 17451 1783669117.290 1 
3047439957 17452 1783669117.340 1 
3057440870 17453 1783669117.390 1 
3067440104 17454 1783669117.440 1 
3077439837 17455 1783669117.490 1 
3087439962 17456 1783669117.540 1 
3097438516 17457 1783669117.590 1 
3107506217 17458 1783669117.640 1 
3117438498 17459 1783669117.691 1 
3127438405 17460 1783669117.740 1 
3137445659 17461 1783669117.790 1 
3147439279 17462 1783669117.840 1 
3157440201 17463 1783669117.891 1 
3167440462 17464 1783669117.940 1 
3177441509 17465 1783669117.991 1 
3187440102 17466 1783669118.040 1 
3197440212 17467 1783669118.091 1 
3207438744 17468 1783669118.140 1 
3217438780 17469 1783669118.190 1 
3227439806 17470 1783669118.240 1 
3237438972 17471 1783669118.291 1 
3247441193 17472 1783669118.340 1 
3257439038 17473 1783669118.391 1 
3267441303 17474 1783669118.441 1 
3277440839 17475 1783669118.491 1 
3287440376 17476 1783669118.540 1 
3297439839 17477 1783669118.590 1 
3307439978 17478 1783669118.640 1 
3317440506 17479 1783669118.691 1 
3327440488 17480 1783669118.740 1 
3337474985 17481 1783669118.791 1 
3347438956 17482 1783669118.841 1 
3357439297 17483 1783669118.891 1 
3367438894 17484 1783669118.940 1 
3377438170 17485 1783669118.991 1 
3387440309 17486 1783669119.040 1 
3397441194 17487 1783669119.090 1 
3407439942 17488 1783669119.141 1 
3417438740 17489 1783669119.191 1 
3427439940 17490 1783669119.240 1 
3437439519 17491 1783669119.290 1 
3447439761 17492 1783669119.340 1 
3457439223 17493 1783669119.390 1 
3467441002 17494 1783669119.440 1 
3477439075 17495 1783669119.490 1 
3487441476 17496 1783669119.541 1 
3497439865 17497 1783669119.590 1 
3507439377 17498 1783669119.640 1 
3517440154 17499 1783669119.690 1 
3527438095 17500 1783669119.741 1 
3537456058 17501 1783669119.790 1 
3547437934 17502 1783669119.841 1 
3557438491 17503 1783669119.891 1 
3567504868 17504 1783669119.941 1 
3577439803 17505 1783669119.991 1 
3587439973 17506 1783669120.041 1 
3597440822 17507 1783669120.091 1 
3607438822 17508 1783669120.140 1 
3617438841 17509 1783669120.190 1 
3627439398 17510 1783669120.241 1 
3637441128 17511 1783669120.291 1 
3647441644 17512 1783669120.341 1 
3657438474 17513 1783669120.391 1 
3667439314 17514 1783669120.441 1 
3677439490 17515 1783669120.491 1 
3687438713 17516 1783669120.541 1 
3697439186 17517 1783669120.591 1 
3707438018 17518 1783669120.641 1 
3717441153 17519 1783669120.691 1 
3727439520 17520 1783669120.741 1 
3737474699 17521 1783669120.791 1 
3747442581 17522 1783669120.841 1 
3757440985 17523 1783669120.891 1 
3767440141 17524 1783669120.941 1 
3777437695 17525 1783669120.990 1 
3787457283 17526 1783669121.041 1 
3797484166 17527 1783669121.091 1 
3807438435 17528 1783669121.141 1 
3817440500 17529 1783669121.191 1 
3827507905 17530 1783669121.241 1 
3837440727 17531 1783669121.291 1 
3847438805 17532 1783669121.341 1 
3857439964 17533 1783669121.391 1 
3867440067 17534 1783669121.441 1 
3877440556 17535 1783669121.491 1 
3887441110 17536 1783669121.541 1 
3897439767 17537 1783669121.591 1 
3907439773 17538 1783669121.641 1 
3917440120 17539 1783669121.691 1 
3927439072 17540 1783669121.741 1 
3937532380 17541 1783669121.791 1 
3947438753 17542 1783669121.841 1 
3957438850 17543 1783669121.891 1 
3967439512 17544 1783669121.941 1 
3977438391 17545 1783669121.991 1 
3987438952 17546 1783669122.041 1 
3997440342 17547 1783669122.091 1 
4007440316 17548 1783669122.141 1 
4017439457 17549 1783669122.191 1 
4027440373 17550 1783669122.241 1 
4037438273 17551 1783669122.291 1 
4047440000 17552 1783669122.341 1 
4057439397 17553 1783669122.391 1 
4067440065 17554 1783669122.441 1 
4077439856 17555 1783669122.491 1 
4087440500 17556 1783669122.541 1 
4097439479 17557 1783669122.591 1 
4107440987 17558 1783669122.641 1 
4117438371 17559 1783669122.691 1 
4127438715 17560 1783669122.741 1 
4137474553 17561 1783669122.791 1 
4147439742 17562 1783669122.841 1 
4157438970 17563 1783669122.891 1 
4167439292 17564 1783669122.941 1 
4177437687 17565 1783669122.991 1 
4187440505 17566 1783669123.041 1 
4197438589 17567 1783669123.091 1 
4207439692 17568 1783669123.141 1 
4217441078 17569 1783669123.191 1 
4227440172 17570 1783669123.241 1 
4237438967 17571 1783669123.291 1 
4247454866 17572 1783669123.341 1 
4257438907 17573 1783669123.391 1 
4267441784 17574 1783669123.441 1 
4277439580 17575 1783669123.491 1 
4287439864 17576 1783669123.541 1 
2471594 17577 1783669123.591 1 
12472814 17578 1783669123.641 1 
22490053 17579 1783669123.691 1 
32471168 17580 1783669123.741 1 
42488452 17581 1783669123.791 1 
52492629 17582 1783669123.841 1 
62473047 17583 1783669123.891 1 
72471774 17584 1783669123.941 1 
82473401 17585 1783669123.991 1 
92471112 17586 1783669124.041 1 
102473913 17587 1783669124.091 1 
112489382 17588 1783669124.141 1 
122470866 17589 1783669124.191 1 
132471619 17590 1783669124.241 1 
142474385 17591 1783669124.291 1 
152471888 17592 1783669124.341 1 
162490210 17593 1783669124.391 1 
172471964 17594 1783669124.441 1 
182471649 17595 1783669124.491 1 
192474081 17596 1783669124.541 1 
202471538 17597 1783669124.591 1 
212473133 17598 1783669124.641 1 
222470580 17599 1783669124.691 1 
232472389 17600 1783669124.741 1 
242564111 17601 1783669124.791 1 
252488892 17602 1783669124.841 1 
262471020 17603 1783669124.891 1 
272471950 17604 1783669124.941 1 
282471334 17605 1783669124.991 1 
292471994 17606 1783669125.041 1 
302470895 17607 1783669125.091 1 
312473404 17608 1783669125.141 1 
322472681 17609 1783669125.191 1 
332471411 17610 1783669125.241 1 
342473128 17611 1783669125.291 1 
352472425 17612 1783669125.341 1 
362487999 17613 1783669125.391 1 
372472512 17614 1783669125.441 1 
382472879 17615 1783669125.491 1 
392471706 17616 1783669125.541 1 
402471612 17617 1783669125.591 1 
412471682 17618 1783669125.641 1 
422473133 17619 1783669125.691 1 
432470750 17620 1783669125.741 1 
442507028 17621 1783669125.791 1 
452472043 17622 1783669125.841 1 
462470746 17623 1783669125.891 1 
472472499 17624 1783669125.941 1 
482471547 17625 1783669125.991 1 
492472883 17626 1783669126.041 1 
502471490 17627 1783669126.091 1 
512472291 17628 1783669126.141 1 
522473433 17629 1783669126.191 1 
532472123 17630 1783669126.241 1 
542471841 17631 1783669126.291 1 
552472201 17632 1783669126.341 1 
562474251 17633 1783669126.391 1 
572471879 17634 1783669126.441 1 
582472171 17635 1783669126.492 1 
592472089 17636 1783669126.541 1 
602472930 17637 1783669126.591 1 
612471372 17638 1783669126.641 1 
622472091 17639 1783669126.691 1 
632471698 17640 1783669126.741 1 
642488576 17641 1783669126.791 1 
652472622 17642 1783669126.841 1 
662474165 17643 1783669126.891 1 
672472734 17644 1783669126.941 1 
682471333 17645 1783669126.991 1 
692472794 17646 1783669127.041 1 
702472773 17647 1783669127.091 1 
712472198 17648 1783669127.141 1 
722472095 17649 1783669127.191 1 
732471578 17650 1783669127.241 1 
742474752 17651 1783669127.291 1 
752474003 17652 1783669127.341 1 
762471780 17653 1783669127.391 1 
772471693 17654 1783669127.441 1 
782472822 17655 1783669127.491 1 
792472857 17656 1783669127.541 1 
802472938 17657 1783669127.591 1 
812472986 17658 1783669127.641 1 
822471556 17659 1783669127.691 1 
832471973 17660 1783669127.741 1 
842508113 17661 1783669127.791 1 
852473311 17662 1783669127.841 1 
862471424 17663 1783669127.891 1 
872470520 17664 1783669127.941 1 
882473010 17665 1783669127.991 1 
892491038 17666 1783669128.041 1 
902469933 17667 1783669128.091 1 
912472225 17668 1783669128.141 1 
922470230 17669 1783669128.191 1 
932473084 17670 1783669128.241 1 
942473884 17671 1783669128.291 1 
952471308 17672 1783669128.341 1 
962472379 17673 1783669128.391 1 
972473133 17674 1783669128.441 1 
982473083 17675 1783669128.491 1 
992473122 17676 1783669128.541 1 
1002472823 17677 1783669128.591 1 
1012472053 17678 1783669128.641 1 
1022539657 17679 1783669128.691 1 
1032473312 17680 1783669128.741 1 
1042530938 17681 1783669128.791 1 
1052615952 17682 1783669128.841 1 
1062472253 17683 1783669128.892 1 
1072472510 17684 1783669128.941 1 
1082472086 17685 1783669128.991 1 
1092473442 17686 1783669129.041 1 
1102471575 17687 1783669129.091 1 
1112471970 17688 1783669129.141 1 
1122471534 17689 1783669129.191 1 
1132473651 17690 1783669129.241 1 
1142471090 17691 1783669129.291 1 
1152473374 17692 1783669129.341 1 
1162472456 17693 1783669129.391 1 
1172472651 17694 1783669129.441 1 
1182473283 17695 1783669129.491 1 
1192470833 17696 1783669129.541 1 
1202539700 17697 1783669129.591 1 
1212472094 17698 1783669129.641 1 
1222472365 17699 1783669129.691 1 
1232472173 17700 1783669129.741 1 
1242489510 17701 1783669129.791 1 
1252472348 17702 1783669129.841 1 
1262471221 17703 1783669129.891 1 
1272470936 17704 1783669129.941 1 
1282473618 17705 1783669129.991 1 
1292473113 17706 1783669130.041 1 
1302474074 17707 1783669130.091 1 
1312485299 17708 1783669130.141 1 
1322472087 17709 1783669130.191 1 
1332471259 17710 1783669130.241 1 
1342473144 17711 1783669130.291 1 
1352486592 17712 1783669130.341 1 
1362470528 17713 1783669130.391 1 
1372472802 17714 1783669130.441 1 
1382472084 17715 1783669130.491 1 
1392472405 17716 1783669130.541 1 
1402471760 17717 1783669130.591 1 
1412472656 17718 1783669130.641 1 
1422486767 17719 1783669130.691 1 
1432538141 17720 1783669130.741 1 
1442478744 17721 1783669130.791 1 
1452471798 17722 1783669130.841 1 
1462539660 17723 1783669130.891 1 
1472472579 17724 1783669130.941 1 
1482471575 17725 1783669130.991 1 
1492473214 17726 1783669131.041 1 
1502472941 17727 1783669131.091 1 
1512472316 17728 1783669131.141 1 
1522486249 17729 1783669131.191 1 
1532491019 17730 1783669131.241 1 
1542472088 17731 1783669131.291 1 
1552472173 17732 1783669131.341 1 
1562473125 17733 1783669131.391 1 
1572473293 17734 1783669131.441 1 
1582471636 17735 1783669131.492 1 
1592473083 17736 1783669131.541 1 
1602473311 17737 1783669131.591 1 
1612472153 17738 1783669131.641 1 
1622473525 17739 1783669131.691 1 
1632471873 17740 1783669131.741 1 
1642562663 17741 1783669131.791 1 
1652472724 17742 1783669131.841 1 
1662472610 17743 1783669131.891 1 
1672472121 17744 1783669131.941 1 
1682473436 17745 1783669131.991 1 
1692472264 17746 1783669132.041 1 
1702473771 17747 1783669132.091 1 
1712471618 17748 1783669132.141 1 
1722472257 17749 1783669132.191 1 
1732472304 17750 1783669132.241 1 
1742538171 17751 1783669132.291 1 
1752474744 17752 1783669132.341 1 
1762473171 17753 1783669132.391 1 
1772473367 17754 1783669132.441 1 
1782473542 17755 1783669132.491 1 
1792472436 17756 1783669132.541 1 
1802473805 17757 1783669132.591 1 
1812473178 17758 1783669132.641 1 
1822473532 17759 1783669132.691 1 
1832471570 17760 1783669132.741 1 
1842531001 17761 1783669132.791 1 
1852613795 17762 1783669132.841 1 
1862472825 17763 1783669132.892 1 
1872470857 17764 1783669132.941 1 
1882473036 17765 1783669132.991 1 
1892471897 17766 1783669133.041 1 
1902472869 17767 1783669133.091 1 
1912472033 17768 1783669133.141 1 
1922472501 17769 1783669133.191 1 
1932472422 17770 1783669133.241 1 
1942473901 17771 1783669133.291 1 
1952472508 17772 1783669133.341 1 
1962538338 17773 1783669133.391 1 
1972488757 17774 1783669133.441 1 
1982472452 17775 1783669133.491 1 
1992472321 17776 1783669133.541 1 
2002473283 17777 1783669133.591 1 
2012473974 17778 1783669133.641 1 
2022473888 17779 1783669133.691 1 
2032472488 17780 1783669133.741 1 
2042565133 17781 1783669133.791 1 
2052471879 17782 1783669133.842 1 
2062473104 17783 1783669133.891 1 
2072472938 17784 1783669133.941 1 
2082473513 17785 1783669133.991 1 
2092473830 17786 1783669134.041 1 
2102472539 17787 1783669134.091 1 
2112488140 17788 1783669134.141 1 
2122472925 17789 1783669134.191 1 
2132472142 17790 1783669134.241 1 
2142492115 17791 1783669134.291 1 
2152473263 17792 1783669134.341 1 
2162473027 17793 1783669134.391 1 
2172471640 17794 1783669134.441 1 
2182471689 17795 1783669134.491 1 
2192473874 17796 1783669134.541 1 
2202474263 17797 1783669134.591 1 
2212472989 17798 1783669134.641 1 
2222473128 17799 1783669134.691 1 
2232470432 17800 1783669134.741 1 
2242507510 17801 1783669134.791 1 
2252471698 17802 1783669134.841 1 
2262472924 17803 1783669134.891 1 
2272471481 17804 1783669134.941 1 
2282488706 17805 1783669134.991 1 
2292471881 17806 1783669135.041 1 
2302539396 17807 1783669135.091 1 
2312470887 17808 1783669135.142 1 
2322470561 17809 1783669135.191 1 
2332471976 17810 1783669135.241 1 
2342471440 17811 1783669135.291 1 
2352474654 17812 1783669135.341 1 
2362473998 17813 1783669135.391 1 
2372471435 17814 1783669135.441 1 
2382472515 17815 1783669135.491 1 
2392472607 17816 1783669135.541 1 
2402470320 17817 1783669135.591 1 
2412472213 17818 1783669135.641 1 
2422471530 17819 1783669135.691 1 
2432539776 17820 1783669135.741 1 
2442506677 17821 1783669135.792 1 
2452472584 17822 1783669135.841 1 
2462471316 17823 1783669135.891 1 
2472472933 17824 1783669135.941 1 
2482472622 17825 1783669135.991 1 
2492471780 17826 1783669136.041 1 
2502472740 17827 1783669136.091 1 
2512474293 17828 1783669136.141 1 
2522473565 17829 1783669136.191 1 
2532538711 17830 1783669136.241 1 
2542472966 17831 1783669136.296 1 
2552471113 17832 1783669136.341 1 
2562472143 17833 1783669136.391 1 
2572471311 17834 1783669136.441 1 
2582472761 17835 1783669136.493 1 
2592471364 17836 1783669136.541 1 
2602473387 17837 1783669136.591 1 
2612539166 17838 1783669136.641 1 
2622472637 17839 1783669136.692 1 
2632472658 17840 1783669136.741 1 
2642509025 17841 1783669136.791 1 
2652472003 17842 1783669136.841 1 
2662473196 17843 1783669136.891 1 
2672472584 17844 1783669136.941 1 
2682471142 17845 1783669136.991 1 
2692472505 17846 1783669137.041 1 
2702473903 17847 1783669137.091 1 
2712471722 17848 1783669137.141 1 
2722472085 17849 1783669137.191 1 
2732471849 17850 1783669137.241 1 
2742472269 17851 1783669137.291 1 
2752473956 17852 1783669137.341 1 
2762472330 17853 1783669137.391 1 
2772471147 17854 1783669137.442 1 
2782473690 17855 1783669137.492 1 
2792472270 17856 1783669137.541 1 
2802472633 17857 1783669137.591 1 
2812470735 17858 1783669137.641 1 
2822490956 17859 1783669137.691 1 
2832473259 17860 1783669137.741 1 
2842506578 17861 1783669137.791 1 
2852494217 17862 1783669137.842 1 
2862472091 17863 1783669137.892 1 
2872472446 17864 1783669137.941 1 
2882471417 17865 1783669137.991 1 
2892471678 17866 1783669138.041 1 
2902471008 17867 1783669138.091 1 
2912472665 17868 1783669138.141 1 
2922472613 17869 1783669138.191 1 
2932473030 17870 1783669138.241 1 
2942472626 17871 1783669138.291 1 
2952474276 17872 1783669138.341 1 
2962473088 17873 1783669138.391 1 
2972472960 17874 1783669138.441 1 
2982473134 17875 1783669138.491 1 
2992472596 17876 1783669138.541 1 
3002472641 17877 1783669138.591 1 
3012472127 17878 1783669138.641 1 
3022473979 17879 1783669138.691 1 
3032470912 17880 1783669138.741 1 
3042564510 17881 1783669138.791 1 
3052473909 17882 1783669138.842 1 
3062473302 17883 1783669138.892 1 
3072474053 17884 1783669138.941 1 
3082473747 17885 1783669138.991 1 
3092471273 17886 1783669139.041 1 
3102472403 17887 1783669139.092 1 
3112472267 17888 1783669139.141 1 
3122472189 17889 1783669139.192 1 
3132471631 17890 1783669139.241 1 
3142473113 17891 1783669139.291 1 
3152471830 17892 1783669139.341 1 
3162472647 17893 1783669139.391 1 
3172472290 17894 1783669139.441 1 
3182474150 17895 1783669139.491 1 
3192474015 17896 1783669139.541 1 
3202473685 17897 1783669139.591 1 
3212471437 17898 1783669139.641 1 
3222472636 17899 1783669139.691 1 
3232473914 17900 1783669139.741 1 
3242564402 17901 1783669139.791 1 
3252471457 17902 1783669139.842 1 
3262472363 17903 1783669139.892 1 
3272472815 17904 1783669139.941 1 
3282474491 17905 1783669139.992 1 
3292473425 17906 1783669140.041 1 
3302471904 17907 1783669140.092 1 
3312471786 17908 1783669140.141 1 
3322472354 17909 1783669140.191 1 
3332473007 17910 1783669140.241 1 
3342474398 17911 1783669140.291 1 
3352471651 17912 1783669140.341 1 
3362472451 17913 1783669140.392 1 
3372473140 17914 1783669140.441 1 
3382471081 17915 1783669140.491 1 
3392473429 17916 1783669140.541 1 
3402472311 17917 1783669140.592 1 
3412472323 17918 1783669140.641 1 
3422473159 17919 1783669140.692 1 
3432472085 17920 1783669140.741 1 
3442563605 17921 1783669140.792 1 
3452473159 17922 1783669140.842 1 
3462474756 17923 1783669140.892 1 
3472472295 17924 1783669140.941 1 
3482473485 17925 1783669140.992 1 
3492471470 17926 1783669141.041 1 
3502495671 17927 1783669141.092 1 
3512472310 17928 1783669141.142 1 
3522470597 17929 1783669141.192 1 
3532471608 17930 1783669141.241 1 
3542538509 17931 1783669141.292 1 
3552472891 17932 1783669141.342 1 
3562471585 17933 1783669141.392 1 
3572470964 17934 1783669141.441 1 
3582472809 17935 1783669141.492 1 
3592473408 17936 1783669141.542 1 
3602471538 17937 1783669141.592 1 
3612472787 17938 1783669141.641 1 
3622472119 17939 1783669141.692 1 
3632473144 17940 1783669141.741 1 
3642530224 17941 1783669141.792 1 
3652472739 17942 1783669141.842 1 
3662474016 17943 1783669141.892 1 
3672472033 17944 1783669141.941 1 
3682472878 17945 1783669141.992 1 
3692472716 17946 1783669142.041 1 
3702472328 17947 1783669142.092 1 
3712473734 17948 1783669142.141 1 
3722472185 17949 1783669142.192 1 
3732473853 17950 1783669142.241 1 
3742474025 17951 1783669142.292 1 
3752472102 17952 1783669142.341 1 
3762471000 17953 1783669142.392 1 
3772474068 17954 1783669142.441 1 
3782471598 17955 1783669142.492 1 
3792472768 17956 1783669142.542 1 
3802472298 17957 1783669142.592 1 
3812470928 17958 1783669142.641 1 
3822539842 17959 1783669142.692 1 
3832471910 17960 1783669142.742 1 
3842489455 17961 1783669142.792 1 
3852473586 17962 1783669142.842 1 
3862471755 17963 1783669142.892 1 
3872471126 17964 1783669142.942 1 
3882472031 17965 1783669142.992 1 
3892471741 17966 1783669143.042 1 
3902473464 17967 1783669143.092 1 
3912473157 17968 1783669143.142 1 
3922473633 17969 1783669143.192 1 
3932472024 17970 1783669143.242 1 
3942471257 17971 1783669143.291 1 
3952470448 17972 1783669143.342 1 
3962471517 17973 1783669143.391 1 
3972472206 17974 1783669143.442 1 
3982472312 17975 1783669143.492 1 
3992471538 17976 1783669143.542 1 
4002473522 17977 1783669143.591 1 
4012473044 17978 1783669143.642 1 
4022474104 17979 1783669143.692 1 
4032471356 17980 1783669143.742 1 
4042563962 17981 1783669143.792 1 
4052472332 17982 1783669143.842 1 
4062473771 17983 1783669143.892 1 
4072474703 17984 1783669143.942 1 
4082471298 17985 1783669143.992 1 
4092471717 17986 1783669144.042 1 
4102471038 17987 1783669144.092 1 
4112473611 17988 1783669144.142 1 
4122472293 17989 1783669144.192 1 
4132471498 17990 1783669144.242 1 
4142472254 17991 1783669144.292 1 
4152471998 17992 1783669144.342 1 
4162472422 17993 1783669144.392 1 
4172472330 17994 1783669144.442 1 
4182487488 17995 1783669144.492 1 
4192472072 17996 1783669144.542 1 
4202473485 17997 1783669144.592 1 
4212472145 17998 1783669144.642 1 
4222471532 17999 1783669144.692 1 
4232539965 18000 1783669144.742 1 
4242624380 18001 1783669144.792 1 
4252473117 18002 1783669144.842 1 
4262472849 18003 1783669144.892 1 
4272472378 18004 1783669144.942 1 
4282473524 18005 1783669144.992 1 
4292471918 18006 1783669145.042 1 
7505370 18007 1783669145.092 1 
17504612 18008 1783669145.142 1 
27504355 18009 1783669145.192 1 
37505444 18010 1783669145.242 1 
47505554 18011 1783669145.292 1 
57503841 18012 1783669145.342 1 
67505739 18013 1783669145.392 1 
77504887 18014 1783669145.442 1 
87505399 18015 1783669145.492 1 
97505010 18016 1783669145.542 1 
107505104 18017 1783669145.592 1 
117505354 18018 1783669145.642 1 
127505393 18019 1783669145.692 1 
137503997 18020 1783669145.742 1 
147542534 18021 1783669145.792 1 
157504211 18022 1783669145.842 1 
167503369 18023 1783669145.892 1 
177505639 18024 1783669145.942 1 
187506200 18025 1783669145.992 1 
197503844 18026 1783669146.042 1 
207504693 18027 1783669146.092 1 
217506204 18028 1783669146.142 1 
227505287 18029 1783669146.192 1 
237504721 18030 1783669146.242 1 
247505218 18031 1783669146.292 1 
257504321 18032 1783669146.342 1 
267505094 18033 1783669146.392 1 
277503648 18034 1783669146.442 1 
287505372 18035 1783669146.492 1 
297506802 18036 1783669146.543 1 
307505142 18037 1783669146.592 1 
317505324 18038 1783669146.642 1 
327505269 18039 1783669146.692 1 
337504052 18040 1783669146.742 1 
347672797 18041 1783669146.792 1 
357505575 18042 1783669146.843 1 
367507033 18043 1783669146.892 1 
377504208 18044 1783669146.942 1 
387571007 18045 1783669146.992 1 
397505608 18046 1783669147.042 1 
407505012 18047 1783669147.092 1 
417504545 18048 1783669147.142 1 
427504107 18049 1783669147.192 1 
437504301 18050 1783669147.242 1 
447504231 18051 1783669147.292 1 
457506826 18052 1783669147.342 1 
467505637 18053 1783669147.392 1 
477505584 18054 1783669147.442 1 
487504648 18055 1783669147.492 1 
497505705 18056 1783669147.542 1 
507505704 18057 1783669147.592 1 
517505090 18058 1783669147.642 1 
527506616 18059 1783669147.692 1 
537504535 18060 1783669147.742 1 
547596574 18061 1783669147.792 1 
557503546 18062 1783669147.842 1 
567504641 18063 1783669147.892 1 
577505106 18064 1783669147.942 1 
587503617 18065 1783669147.992 1 
597504820 18066 1783669148.042 1 
607515988 18067 1783669148.092 1 
617504238 18068 1783669148.142 1 
627504669 18069 1783669148.192 1 
637503988 18070 1783669148.242 1 
647506987 18071 1783669148.292 1 
657504218 18072 1783669148.342 1 
667505191 18073 1783669148.392 1 
677503757 18074 1783669148.442 1 
687506185 18075 1783669148.492 1 
697504535 18076 1783669148.542 1 
707504379 18077 1783669148.592 1 
717504813 18078 1783669148.642 1 
727504887 18079 1783669148.692 1 
737504422 18080 1783669148.742 1 
747658180 18081 1783669148.792 1 
757503869 18082 1783669148.843 1 
767506696 18083 1783669148.892 1 
777503974 18084 1783669148.942 1 
787507789 18085 1783669148.992 1 
797504764 18086 1783669149.042 1 
807505186 18087 1783669149.092 1 
817504529 18088 1783669149.142 1 
827506378 18089 1783669149.192 1 
837505888 18090 1783669149.242 1 
847504286 18091 1783669149.292 1 
857504999 18092 1783669149.342 1 
867503251 18093 1783669149.392 1 
877507624 18094 1783669149.442 1 
887503720 18095 1783669149.492 1 
897506518 18096 1783669149.542 1 
907504613 18097 1783669149.592 1 
917504221 18098 1783669149.642 1 
927505583 18099 1783669149.692 1 
937506319 18100 1783669149.742 1 
947595884 18101 1783669149.792 1 
957506906 18102 1783669149.842 1 
967505668 18103 1783669149.892 1 
977502860 18104 1783669149.942 1 
987506536 18105 1783669149.992 1 
997503560 18106 1783669150.042 1 
1007505944 18107 1783669150.092 1 
1017504087 18108 1783669150.142 1 
1027571718 18109 1783669150.192 1 
1037504755 18110 1783669150.242 1 
1047504392 18111 1783669150.292 1 
1057505151 18112 1783669150.342 1 
1067504953 18113 1783669150.392 1 
1077506599 18114 1783669150.442 1 
1087505057 18115 1783669150.492 1 
1097504582 18116 1783669150.542 1 
1107505077 18117 1783669150.592 1 
1117504486 18118 1783669150.642 1 
1127503296 18119 1783669150.692 1 
1137504903 18120 1783669150.742 1 
1147522834 18121 1783669150.792 1 
1157506170 18122 1783669150.842 1 
1167505460 18123 1783669150.892 1 
1177505643 18124 1783669150.942 1 
1187505722 18125 1783669150.992 1 
1197504753 18126 1783669151.042 1 
1207504929 18127 1783669151.092 1 
1217506023 18128 1783669151.142 1 
1227505742 18129 1783669151.192 1 
1237504568 18130 1783669151.242 1 
1247506238 18131 1783669151.292 1 
1257506025 18132 1783669151.342 1 
1267504704 18133 1783669151.392 1 
1277504057 18134 1783669151.442 1 
1287507343 18135 1783669151.492 1 
1297504787 18136 1783669151.583 1 
1307505352 18137 1783669151.592 1 
1317505482 18138 1783669151.642 1 
1327505869 18139 1783669151.692 1 
1337504434 18140 1783669151.742 1 
1347540768 18141 1783669151.792 1 
1357506211 18142 1783669151.842 1 
1367504168 18143 1783669151.892 1 
1377505802 18144 1783669151.942 1 
1387503520 18145 1783669151.992 1 
1397505645 18146 1783669152.042 1 
1407504564 18147 1783669152.092 1 
1417504377 18148 1783669152.142 1 
1427504049 18149 1783669152.192 1 
1437504611 18150 1783669152.242 1 
1447570758 18151 1783669152.292 1 
1457506210 18152 1783669152.342 1 
1467504989 18153 1783669152.392 1 
1477505563 18154 1783669152.442 1 
1487503588 18155 1783669152.492 1 
1497505662 18156 1783669152.542 1 
1507506098 18157 1783669152.592 1 
1517504148 18158 1783669152.642 1 
1527505723 18159 1783669152.692 1 
1537503811 18160 1783669152.742 1 
1547521232 18161 1783669152.792 1 
1557505392 18162 1783669152.842 1 
1567505221 18163 1783669152.892 1 
1577504366 18164 1783669152.942 1 
1587522400 18165 1783669152.992 1 
1597504552 18166 1783669153.042 1 
1607571368 18167 1783669153.092 1 
1617504032 18168 1783669153.142 1 
1627504192 18169 1783669153.192 1 
1637571749 18170 1783669153.242 1 
1647505227 18171 1783669153.292 1 
1657504610 18172 1783669153.342 1 
1667505190 18173 1783669153.392 1 
1677506027 18174 1783669153.442 1 
1687572619 18175 1783669153.492 1 
1697504857 18176 1783669153.542 1 
1707504486 18177 1783669153.592 1 
1717505125 18178 1783669153.642 1 
1727507022 18179 1783669153.692 1 
1737504722 18180 1783669153.742 1 
1747521196 18181 1783669153.792 1 
1757505873 18182 1783669153.842 1 
1767504438 18183 1783669153.892 1 
1777502926 18184 1783669153.942 1 
1787505502 18185 1783669153.992 1 
1797506262 18186 1783669154.042 1 
1807504598 18187 1783669154.092 1 
1817505779 18188 1783669154.142 1 
1827505833 18189 1783669154.192 1 
1837504611 18190 1783669154.242 1 
1847503730 18191 1783669154.292 1 
1857504075 18192 1783669154.342 1 
1867506549 18193 1783669154.392 1 
1877503461 18194 1783669154.442 1 
1887505679 18195 1783669154.492 1 
1897506583 18196 1783669154.542 1 
1907506105 18197 1783669154.592 1 
1917524440 18198 1783669154.642 1 
1927506214 18199 1783669154.692 1 
1937506118 18200 1783669154.742 1 
1947519837 18201 1783669154.792 1 
1957503036 18202 1783669154.842 1 
1967505301 18203 1783669154.892 1 
1977505027 18204 1783669154.942 1 
1987504346 18205 1783669154.992 1 
1997504734 18206 1783669155.042 1 
2007504312 18207 1783669155.092 1 
2017503886 18208 1783669155.142 1 
2027504731 18209 1783669155.192 1 
2037505118 18210 1783669155.242 1 
2047503715 18211 1783669155.292 1 
2057504965 18212 1783669155.342 1 
2067504950 18213 1783669155.392 1 
2077530050 18214 1783669155.442 1 
2087505126 18215 1783669155.492 1 
2097505092 18216 1783669155.542 1 
2107505354 18217 1783669155.592 1 
2117505288 18218 1783669155.642 1 
2127503688 18219 1783669155.692 1 
2137505411 18220 1783669155.742 1 
2147540741 18221 1783669155.792 1 
2157504046 18222 1783669155.842 1 
2167504141 18223 1783669155.892 1 
2177505090 18224 1783669155.942 1 
2187506382 18225 1783669155.992 1 
2197505949 18226 1783669156.042 1 
2207572237 18227 1783669156.092 1 
2217504661 18228 1783669156.143 1 
2227506528 18229 1783669156.192 1 
2237504444 18230 1783669156.242 1 
2247505725 18231 1783669156.292 1 
2257505725 18232 1783669156.342 1 
2267504475 18233 1783669156.392 1 
2277504380 18234 1783669156.442 1 
2287503900 18235 1783669156.492 1 
2297504844 18236 1783669156.544 1 
2307504620 18237 1783669156.592 1 
2317504999 18238 1783669156.642 1 
2327505498 18239 1783669156.692 1 
2337503629 18240 1783669156.742 1 
2347563523 18241 1783669156.792 1 
2357647570 18242 1783669156.842 1 
2367504902 18243 1783669156.893 1 
2377505701 18244 1783669156.942 1 
2387504493 18245 1783669156.992 1 
2397506510 18246 1783669157.042 1 
2407504906 18247 1783669157.092 1 
2417505880 18248 1783669157.142 1 
2427503586 18249 1783669157.192 1 
2437506340 18250 1783669157.242 1 
2447505584 18251 1783669157.292 1 
2457505360 18252 1783669157.342 1 
2467504899 18253 1783669157.392 1 
2477503733 18254 1783669157.442 1 
2487504310 18255 1783669157.492 1 
2497504602 18256 1783669157.542 1 
2507504581 18257 1783669157.592 1 
2517504824 18258 1783669157.642 1 
2527503631 18259 1783669157.692 1 
2537505183 18260 1783669157.742 1 
2547577160 18261 1783669157.792 1 
2557507798 18262 1783669157.843 1 
2567505306 18263 1783669157.893 1 
2577505221 18264 1783669157.942 1 
2587504759 18265 1783669157.992 1 
2597505491 18266 1783669158.042 1 
2607503042 18267 1783669158.092 1 
2617505945 18268 1783669158.142 1 
2627505343 18269 1783669158.192 1 
2637504408 18270 1783669158.242 1 
2647504221 18271 1783669158.292 1 
2657504662 18272 1783669158.342 1 
2667528424 18273 1783669158.392 1 
2677505331 18274 1783669158.443 1 
2687504845 18275 1783669158.492 1 
2697503857 18276 1783669158.542 1 
2707505659 18277 1783669158.592 1 
2717505022 18278 1783669158.642 1 
2727507026 18279 1783669158.692 1 
2737505211 18280 1783669158.742 1 
2747597122 18281 1783669158.792 1 
2757504996 18282 1783669158.843 1 
2767505111 18283 1783669158.893 1 
2777504839 18284 1783669158.943 1 
2787504091 18285 1783669158.992 1 
2797505925 18286 1783669159.043 1 
2807506473 18287 1783669159.092 1 
2817503521 18288 1783669159.143 1 
2827505267 18289 1783669159.192 1 
2837505099 18290 1783669159.243 1 
2847506094 18291 1783669159.292 1 
2857504493 18292 1783669159.343 1 
2867505624 18293 1783669159.392 1 
2877502728 18294 1783669159.443 1 
2887503889 18295 1783669159.492 1 
2897516582 18296 1783669159.543 1 
2907505367 18297 1783669159.592 1 
2917504769 18298 1783669159.643 1 
2927505511 18299 1783669159.692 1 
2937504709 18300 1783669159.743 1 
2947540382 18301 1783669159.792 1 
2957506054 18302 1783669159.843 1 
2967503859 18303 1783669159.893 1 
2977571050 18304 1783669159.943 1 
2987504239 18305 1783669159.993 1 
2997505015 18306 1783669160.043 1 
3007505950 18307 1783669160.092 1 
3017505545 18308 1783669160.143 1 
3027505450 18309 1783669160.192 1 
3037505383 18310 1783669160.243 1 
3047506194 18311 1783669160.292 1 
3057571478 18312 1783669160.343 1 
3067504195 18313 1783669160.393 1 
3077505595 18314 1783669160.442 1 
3087505321 18315 1783669160.492 1 
3097506162 18316 1783669160.542 1 
3107503851 18317 1783669160.592 1 
3117505325 18318 1783669160.643 1 
3127504762 18319 1783669160.692 1 
3137503041 18320 1783669160.742 1 
3147539765 18321 1783669160.792 1 
3157504980 18322 1783669160.843 1 
3167570709 18323 1783669160.892 1 
3177520926 18324 1783669160.943 1 
3187504762 18325 1783669160.992 1 
3197504191 18326 1783669161.042 1 
3207504832 18327 1783669161.092 1 
3217506559 18328 1783669161.142 1 
3227505383 18329 1783669161.192 1 
3237506620 18330 1783669161.243 1 
3247523697 18331 1783669161.292 1 
3257506684 18332 1783669161.343 1 
3267506572 18333 1783669161.392 1 
3277505944 18334 1783669161.442 1 
3287504087 18335 1783669161.492 1 
3297505742 18336 1783669161.544 1 
3307505812 18337 1783669161.592 1 
3317505025 18338 1783669161.642 1 
3327523512 18339 1783669161.692 1 
3337505965 18340 1783669161.743 1 
3347562269 18341 1783669161.792 1 
3357648233 18342 1783669161.843 1 
3367571391 18343 1783669161.893 1 
3377504558 18344 1783669161.943 1 
3387504628 18345 1783669161.992 1 
3397505569 18346 1783669162.043 1 
3407506183 18347 1783669162.092 1 
3417503330 18348 1783669162.143 1 
3427505800 18349 1783669162.193 1 
3437507457 18350 1783669162.243 1 
3447504865 18351 1783669162.292 1 
3457505720 18352 1783669162.342 1 
3467570282 18353 1783669162.392 1 
3477504693 18354 1783669162.443 1 
3487504185 18355 1783669162.492 1 
3497504291 18356 1783669162.543 1 
3507504055 18357 1783669162.592 1 
3517504353 18358 1783669162.643 1 
3527504881 18359 1783669162.692 1 
3537504832 18360 1783669162.743 1 
3547539631 18361 1783669162.792 1 
3557506485 18362 1783669162.843 1 
3567504275 18363 1783669162.893 1 
3577516395 18364 1783669162.943 1 
3587504978 18365 1783669162.993 1 
3597506875 18366 1783669163.042 1 
3607503345 18367 1783669163.093 1 
3617504697 18368 1783669163.142 1 
3627505582 18369 1783669163.192 1 
3637507068 18370 1783669163.242 1 
3647505144 18371 1783669163.293 1 
3657505027 18372 1783669163.342 1 
3667505406 18373 1783669163.392 1 
3677506504 18374 1783669163.442 1 
3687504664 18375 1783669163.493 1 
3697507187 18376 1783669163.542 1 
3707506514 18377 1783669163.593 1 
3717505017 18378 1783669163.642 1 
3727506827 18379 1783669163.693 1 
3737507231 18380 1783669163.742 1 
3747539213 18381 1783669163.793 1 
3757505357 18382 1783669163.843 1 
3767505340 18383 1783669163.893 1 
3777571745 18384 1783669163.943 1 
3787504226 18385 1783669163.993 1 
3797506712 18386 1783669164.043 1 
3807505104 18387 1783669164.093 1 
3817504927 18388 1783669164.143 1 
3827505487 18389 1783669164.193 1 
3837505468 18390 1783669164.243 1 
3847504371 18391 1783669164.293 1 
3857505239 18392 1783669164.343 1 
3867505904 18393 1783669164.393 1 
3877506749 18394 1783669164.443 1 
3887505843 18395 1783669164.493 1 
3897505634 18396 1783669164.543 1 
3907505249 18397 1783669164.593 1 
3917505140 18398 1783669164.643 1 
3927503996 18399 1783669164.693 1 
3937503732 18400 1783669164.743 1 
3947597112 18401 1783669164.793 1 
3957505171 18402 1783669164.843 1 
3967504317 18403 1783669164.893 1 
3977505790 18404 1783669164.943 1 
3987506108 18405 1783669164.993 1 
3997506033 18406 1783669165.043 1 
4007504902 18407 1783669165.093 1 
4017504328 18408 1783669165.143 1 
4027571523 18409 1783669165.193 1 
4037570935 18410 1783669165.243 1 
4047506115 18411 1783669165.293 1 
4057506752 18412 1783669165.343 1 
4067505478 18413 1783669165.393 1 
4077505663 18414 1783669165.443 1 
4087503503 18415 1783669165.493 1 
4097505466 18416 1783669165.543 1 
4107505099 18417 1783669165.593 1 
4117505605 18418 1783669165.643 1 
4127504678 18419 1783669165.693 1 
4137502214 18420 1783669165.743 1 
4147562602 18421 1783669165.793 1 
4157647112 18422 1783669165.843 1 
4167514775 18423 1783669165.893 1 
4177507551 18424 1783669165.943 1 
4187503445 18425 1783669165.993 1 
4197505683 18426 1783669166.043 1 
4207503131 18427 1783669166.093 1 
4217505457 18428 1783669166.143 1 
4227502940 18429 1783669166.193 1 
4237502701 18430 1783669166.243 1 
4247505106 18431 1783669166.293 1 
4257505632 18432 1783669166.343 1 
4267504383 18433 1783669166.393 1 
4277504927 18434 1783669166.443 1 
4287505170 18435 1783669166.493 1 
2538669 18436 1783669166.544 1 
12538017 18437 1783669166.593 1 
22603805 18438 1783669166.643 1 
32538012 18439 1783669166.693 1 
42538817 18440 1783669166.743 1 
52572468 18441 1783669166.793 1 
62537602 18442 1783669166.843 1 
72539271 18443 1783669166.893 1 
82538227 18444 1783669166.943 1 
92537896 18445 1783669166.993 1 
102555043 18446 1783669167.043 1 
112539502 18447 1783669167.093 1 
122539042 18448 1783669167.143 1 
132538100 18449 1783669167.193 1 
142539581 18450 1783669167.243 1 
152536935 18451 1783669167.293 1 
162561114 18452 1783669167.343 1 
172556268 18453 1783669167.393 1 
182539225 18454 1783669167.443 1 
192540165 18455 1783669167.493 1 
202537099 18456 1783669167.543 1 
212537138 18457 1783669167.593 1 
222538831 18458 1783669167.643 1 
232536500 18459 1783669167.693 1 
242603946 18460 1783669167.743 1 
252630395 18461 1783669167.793 1 
262538164 18462 1783669167.843 1 
272558759 18463 1783669167.893 1 
282537727 18464 1783669167.943 1 
292604375 18465 1783669167.993 1 
302537977 18466 1783669168.043 1 
312536563 18467 1783669168.093 1 
322536761 18468 1783669168.143 1 
332538155 18469 1783669168.193 1 
342560042 18470 1783669168.243 1 
352541045 18471 1783669168.293 1 
362603901 18472 1783669168.343 1 
372537356 18473 1783669168.393 1 
382538863 18474 1783669168.443 1 
392540044 18475 1783669168.493 1 
402538597 18476 1783669168.543 1 
412537510 18477 1783669168.593 1 
422539893 18478 1783669168.643 1 
432539517 18479 1783669168.693 1 
442536825 18480 1783669168.743 1 
452628545 18481 1783669168.793 1 
462537822 18482 1783669168.843 1 
472536844 18483 1783669168.893 1 
482537877 18484 1783669168.943 1 
492538380 18485 1783669168.993 1 
502537999 18486 1783669169.043 1 
512538805 18487 1783669169.093 1 
522537100 18488 1783669169.143 1 
532538433 18489 1783669169.193 1 
542538946 18490 1783669169.243 1 
552536934 18491 1783669169.293 1 
562537689 18492 1783669169.343 1 
572536150 18493 1783669169.393 1 
582538904 18494 1783669169.443 1 
592536503 18495 1783669169.493 1 
602538724 18496 1783669169.543 1 
612538913 18497 1783669169.593 1 
622537637 18498 1783669169.643 1 
632536808 18499 1783669169.693 1 
642538304 18500 1783669169.743 1 
652690080 18501 1783669169.793 1 
662537308 18502 1783669169.844 1 
672538772 18503 1783669169.893 1 
682538233 18504 1783669169.943 1 
692536957 18505 1783669169.993 1 
702538238 18506 1783669170.043 1 
712536976 18507 1783669170.093 1 
722538003 18508 1783669170.143 1 
732538395 18509 1783669170.193 1 
742539009 18510 1783669170.243 1 
752538026 18511 1783669170.293 1 
762603734 18512 1783669170.343 1 
772537932 18513 1783669170.393 1 
782553000 18514 1783669170.443 1 
792537719 18515 1783669170.493 1 
802538060 18516 1783669170.543 1 
812537586 18517 1783669170.593 1 
822538858 18518 1783669170.643 1 
832604898 18519 1783669170.693 1 
842538013 18520 1783669170.743 1 
852607482 18521 1783669170.793 1 
862680811 18522 1783669170.843 1 
872538518 18523 1783669170.894 1 
882536566 18524 1783669170.943 1 
892539204 18525 1783669170.993 1 
902538159 18526 1783669171.043 1 
912536030 18527 1783669171.093 1 
922537364 18528 1783669171.143 1 
932536721 18529 1783669171.193 1 
942537594 18530 1783669171.243 1 
952537379 18531 1783669171.293 1 
962536591 18532 1783669171.343 1 
972552485 18533 1783669171.393 1 
982539378 18534 1783669171.443 1 
992539192 18535 1783669171.493 1 
1002539543 18536 1783669171.545 1 
1012537849 18537 1783669171.593 1 
1022551124 18538 1783669171.643 1 
1032537282 18539 1783669171.693 1 
1042549529 18540 1783669171.743 1 
1052585013 18541 1783669171.793 1 
1062537544 18542 1783669171.843 1 
1072536837 18543 1783669171.893 1 
1082538527 18544 1783669171.943 1 
1092536712 18545 1783669171.993 1 
1102538758 18546 1783669172.043 1 
1112538192 18547 1783669172.093 1 
1122538056 18548 1783669172.143 1 
1132537892 18549 1783669172.193 1 
1142539361 18550 1783669172.243 1 
1152538626 18551 1783669172.293 1 
1162538031 18552 1783669172.343 1 
1172552644 18553 1783669172.393 1 
1182538962 18554 1783669172.443 1 
1192551288 18555 1783669172.493 1 
1202540049 18556 1783669172.543 1 
1212538511 18557 1783669172.593 1 
1222537585 18558 1783669172.643 1 
1232538297 18559 1783669172.693 1 
1242537742 18560 1783669172.743 1 
1252573158 18561 1783669172.793 1 
1262552829 18562 1783669172.843 1 
1272537206 18563 1783669172.893 1 
1282539056 18564 1783669172.943 1 
1292536935 18565 1783669172.993 1 
1302537217 18566 1783669173.043 1 
1312539263 18567 1783669173.093 1 
1322538472 18568 1783669173.143 1 
1332536994 18569 1783669173.193 1 
1342537963 18570 1783669173.243 1 
1352537699 18571 1783669173.293 1 
1362538331 18572 1783669173.343 1 
1372537261 18573 1783669173.393 1 
1382538143 18574 1783669173.443 1 
1392538326 18575 1783669173.493 1 
1402537188 18576 1783669173.543 1 
1412536401 18577 1783669173.593 1 
1422538262 18578 1783669173.643 1 
1432538555 18579 1783669173.693 1 
1442539234 18580 1783669173.743 1 
1452629470 18581 1783669173.793 1 
1462537692 18582 1783669173.843 1 
1472536734 18583 1783669173.893 1 
1482538316 18584 1783669173.943 1 
1492538336 18585 1783669173.993 1 
1502538100 18586 1783669174.043 1 
1512539033 18587 1783669174.093 1 
1522536973 18588 1783669174.143 1 
1532539343 18589 1783669174.193 1 
1542537884 18590 1783669174.243 1 
1552539185 18591 1783669174.293 1 
1562536048 18592 1783669174.343 1 
1572604567 18593 1783669174.393 1 
1582537353 18594 1783669174.443 1 
1592538629 18595 1783669174.493 1 
1602539222 18596 1783669174.543 1 
1612537738 18597 1783669174.593 1 
1622537207 18598 1783669174.643 1 
1632538725 18599 1783669174.693 1 
1642604912 18600 1783669174.743 1 
1652629720 18601 1783669174.793 1 
1662538284 18602 1783669174.843 1 
1672537702 18603 1783669174.893 1 
1682538106 18604 1783669174.943 1 
1692537316 18605 1783669174.993 1 
1702537552 18606 1783669175.043 1 
1712536599 18607 1783669175.093 1 
1722536912 18608 1783669175.143 1 
1732538053 18609 1783669175.193 1 
1742537239 18610 1783669175.243 1 
1752604076 18611 1783669175.293 1 
1762538432 18612 1783669175.343 1 
1772538929 18613 1783669175.393 1 
1782537988 18614 1783669175.443 1 
1792536704 18615 1783669175.493 1 
1802538541 18616 1783669175.543 1 
1812537559 18617 1783669175.593 1 
1822538451 18618 1783669175.643 1 
1832537404 18619 1783669175.693 1 
1842536515 18620 1783669175.743 1 
1852553965 18621 1783669175.793 1 
1862536059 18622 1783669175.843 1 
1872539647 18623 1783669175.893 1 
1882537889 18624 1783669175.943 1 
1892537341 18625 1783669175.993 1 
1902538392 18626 1783669176.043 1 
1912537975 18627 1783669176.093 1 
1922538165 18628 1783669176.143 1 
1932536734 18629 1783669176.193 1 
1942537280 18630 1783669176.243 1 
1952539000 18631 1783669176.293 1 
1962538075 18632 1783669176.343 1 
1972538960 18633 1783669176.393 1 
1982538501 18634 1783669176.443 1 
1992538780 18635 1783669176.493 1 
2002538371 18636 1783669176.545 1 
2012535574 18637 1783669176.593 1 
2022537902 18638 1783669176.643 1 
2032538378 18639 1783669176.693 1 
2042536394 18640 1783669176.743 1 
2052572472 18641 1783669176.793 1 
2062537734 18642 1783669176.843 1 
2072536678 18643 1783669176.893 1 
2082537088 18644 1783669176.943 1 
2092538031 18645 1783669176.993 1 
2102538132 18646 1783669177.043 1 
2112556518 18647 1783669177.093 1 
2122537928 18648 1783669177.143 1 
2132536512 18649 1783669177.193 1 
2142538373 18650 1783669177.243 1 
2152538346 18651 1783669177.293 1 
2162537967 18652 1783669177.343 1 
2172537945 18653 1783669177.393 1 
2182538160 18654 1783669177.443 1 
2192536885 18655 1783669177.493 1 
2202604249 18656 1783669177.543 1 
2212539186 18657 1783669177.593 1 
2222537758 18658 1783669177.643 1 
2232539787 18659 1783669177.693 1 
2242539219 18660 1783669177.743 1 
2252573074 18661 1783669177.793 1 
2262537745 18662 1783669177.843 1 
2272538642 18663 1783669177.893 1 
2282538824 18664 1783669177.943 1 
2292552919 18665 1783669177.993 1 -1.495 11.816 1.122 0.841 87 416 
2302538436 18666 1783669178.044 1 
2312535946 18667 1783669178.093 1 
2322537681 18668 1783669178.143 1 
2332538890 18669 1783669178.193 1 
2342537159 18670 1783669178.243 1 
2352538191 18671 1783669178.293 1 
2362538105 18672 1783669178.343 1 
2372538447 18673 1783669178.393 1 
2382538562 18674 1783669178.443 1 
2392537521 18675 1783669178.493 1 
2402536679 18676 1783669178.543 1 
2412539194 18677 1783669178.593 1 
2422537369 18678 1783669178.643 1 
2432537571 18679 1783669178.693 1 
2442538656 18680 1783669178.743 1 
2452571777 18681 1783669178.793 1 
2462538114 18682 1783669178.843 1 
2472537537 18683 1783669178.893 1 
2482550979 18684 1783669178.943 1 -3.502 11.949 0.000 0.841 91 425 
2492538510 18685 1783669178.994 1 
2502537125 18686 1783669179.043 1 
2512537746 18687 1783669179.093 1 
2522537982 18688 1783669179.143 1 
2532560183 18689 1783669179.193 1 
2542539763 18690 1783669179.243 1 
2552537103 18691 1783669179.293 1 
2562551699 18692 1783669179.343 1 -3.571 12.183 0.000 0.841 78 426 
2572538225 18693 1783669179.394 1 
2582539186 18694 1783669179.443 1 
2592537812 18695 1783669179.493 1 
2602538320 18696 1783669179.543 1 
2612537729 18697 1783669179.593 1 
2622538815 18698 1783669179.643 1 
2632537665 18699 1783669179.693 1 
2642538726 18700 1783669179.743 1 
2652629263 18701 1783669179.793 1 
2662537413 18702 1783669179.844 1 
2672539086 18703 1783669179.893 1 
2682605915 18704 1783669179.943 1 
2692624490 18705 1783669179.994 1 
2702537925 18706 1783669180.044 1 
2712552872 18707 1783669180.093 1 -6.294 11.831 0.839 0.841 70 427 
2722539040 18708 1783669180.149 1 
2732554054 18709 1783669180.193 1 
2742536618 18710 1783669180.243 1 
2752536337 18711 1783669180.293 1 
2762538404 18712 1783669180.343 1 
2772538142 18713 1783669180.393 1 
2782538281 18714 1783669180.443 1 
2792537167 18715 1783669180.493 1 
2802537151 18716 1783669180.543 1 
2812605073 18717 1783669180.593 1 
2822537217 18718 1783669180.644 1 
2832538574 18719 1783669180.693 1 
2842539021 18720 1783669180.743 1 
2852566354 18721 1783669180.793 1 
2862538036 18722 1783669180.843 1 
2872537873 18723 1783669180.893 1 
2882604617 18724 1783669180.943 1 
2892537501 18725 1783669180.994 1 
2902538233 18726 1783669181.043 1 
2912538360 18727 1783669181.093 1 
2922537901 18728 1783669181.143 1 
2932537415 18729 1783669181.193 1 
2942554148 18730 1783669181.243 1 
2952536889 18731 1783669181.293 1 
2962538889 18732 1783669181.343 1 
2972536494 18733 1783669181.393 1 
2982538100 18734 1783669181.443 1 
2992539061 18735 1783669181.493 1 
3002553847 18736 1783669181.545 1 
3012539590 18737 1783669181.593 1 
3022537790 18738 1783669181.643 1 
3032536931 18739 1783669181.693 1 
3042537761 18740 1783669181.743 1 
3052629504 18741 1783669181.793 1 
3062539243 18742 1783669181.844 1 
3072536591 18743 1783669181.893 1 
3082537036 18744 1783669181.943 1 
3092537580 18745 1783669181.993 1 
3102537640 18746 1783669182.043 1 
3112538300 18747 1783669182.093 1 
3122538616 18748 1783669182.143 1 
3132537759 18749 1783669182.193 1 
3142604413 18750 1783669182.243 1 
3152537162 18751 1783669182.294 1 
3162538146 18752 1783669182.343 1 
3172605611 18753 1783669182.393 1 
3182604236 18754 1783669182.444 1 
3192538285 18755 1783669182.493 1 
3202538255 18756 1783669182.543 1 
3212537897 18757 1783669182.593 1 
3222537519 18758 1783669182.643 1 
3232537477 18759 1783669182.693 1 
3242539088 18760 1783669182.743 1 
3252573174 18761 1783669182.793 1 
3262537541 18762 1783669182.843 1 
3272604822 18763 1783669182.893 1 
3282539460 18764 1783669182.944 1 
3292536776 18765 1783669182.993 1 
3302540682 18766 1783669183.043 1 
3312538216 18767 1783669183.093 1 
3322536180 18768 1783669183.143 1 
3332536190 18769 1783669183.193 1 
3342538224 18770 1783669183.243 1 
3352537472 18771 1783669183.293 1 
3362537178 18772 1783669183.343 1 
3372537996 18773 1783669183.393 1 
3382538576 18774 1783669183.443 1 
3392538868 18775 1783669183.493 1 
3402539285 18776 1783669183.543 1 
3412538121 18777 1783669183.593 1 
3422538707 18778 1783669183.643 1 
3432538180 18779 1783669183.693 1 
3442604295 18780 1783669183.743 1 
3452689708 18781 1783669183.794 1 
3462536870 18782 1783669183.844 1 
3472604356 18783 1783669183.894 1 
3482536870 18784 1783669183.944 1 
3492535917 18785 1783669183.993 1 
3502539031 18786 1783669184.044 1 
3512549855 18787 1783669184.093 1 
3522537476 18788 1783669184.144 1 
3532538381 18789 1783669184.193 1 
3542536593 18790 1783669184.244 1 
3552537920 18791 1783669184.293 1 
3562537710 18792 1783669184.344 1 
3572605394 18793 1783669184.393 1 
3582539063 18794 1783669184.444 1 
3592537033 18795 1783669184.493 1 
3602538375 18796 1783669184.543 1 
3612537274 18797 1783669184.593 1 
3622539026 18798 1783669184.644 1 
3632537228 18799 1783669184.693 1 
3642537139 18800 1783669184.744 1 
3652629388 18801 1783669184.793 1 
3662538015 18802 1783669184.844 1 
3672538596 18803 1783669184.894 1 
3682537424 18804 1783669184.944 1 
3692538404 18805 1783669184.993 1 
3702537301 18806 1783669185.044 1 
3712537601 18807 1783669185.093 1 
3722537350 18808 1783669185.144 1 
3732535818 18809 1783669185.193 1 
3742537716 18810 1783669185.243 1 
3752538543 18811 1783669185.293 1 
3762537597 18812 1783669185.344 1 
3772537778 18813 1783669185.393 1 
3782540050 18814 1783669185.444 1 
3792538425 18815 1783669185.493 1 
3802539017 18816 1783669185.544 1 
3812537352 18817 1783669185.594 1 
3822537714 18818 1783669185.644 1 
3832536393 18819 1783669185.693 1 
3842538098 18820 1783669185.744 1 
3852554604 18821 1783669185.793 1 
3862538614 18822 1783669185.844 1 
3872538177 18823 1783669185.894 1 
3882537400 18824 1783669185.944 1 
3892540452 18825 1783669185.993 1 
3902540688 18826 1783669186.044 1 
3912536230 18827 1783669186.094 1 
3922539252 18828 1783669186.144 1 
3932535762 18829 1783669186.193 1 
3942539002 18830 1783669186.244 1 
3952537138 18831 1783669186.293 1 
3962536292 18832 1783669186.344 1 
3972537255 18833 1783669186.393 1 
3982536281 18834 1783669186.444 1 
3992538697 18835 1783669186.493 1 
4002537525 18836 1783669186.544 1 
4012537409 18837 1783669186.594 1 
4022539533 18838 1783669186.644 1 
4032538861 18839 1783669186.693 1 
4042536768 18840 1783669186.744 1 
4052554139 18841 1783669186.793 1 
4062538887 18842 1783669186.844 1 
4072537549 18843 1783669186.894 1 
4082538673 18844 1783669186.944 1 
4092537445 18845 1783669186.994 1 
4102538753 18846 1783669187.044 1 
4112537061 18847 1783669187.094 1 
4122535741 18848 1783669187.144 1 
4132538367 18849 1783669187.194 1 
4142538153 18850 1783669187.244 1 
4152536343 18851 1783669187.294 1 
4162537384 18852 1783669187.344 1 
4172538360 18853 1783669187.394 1 
4182536800 18854 1783669187.444 1 
4192604674 18855 1783669187.494 1 
4202537954 18856 1783669187.544 1 
4212538767 18857 1783669187.594 1 
4222538233 18858 1783669187.644 1 
4232537890 18859 1783669187.694 1 
4242537447 18860 1783669187.744 1 
4252639854 18861 1783669187.794 1 
4262537810 18862 1783669187.844 1 
4272537450 18863 1783669187.894 1 
4282538001 18864 1783669187.944 1 
4292538459 18865 1783669187.994 1 
7569474 18866 1783669188.044 1 
17569414 18867 1783669188.094 1 
27570130 18868 1783669188.144 1 
37569225 18869 1783669188.194 1 
47570854 18870 1783669188.244 1 
57570595 18871 1783669188.294 1 
67570139 18872 1783669188.344 1 
77569930 18873 1783669188.394 1 
87569802 18874 1783669188.444 1 
97570615 18875 1783669188.494 1 
107569483 18876 1783669188.544 1 
117570074 18877 1783669188.594 1 
127570519 18878 1783669188.644 1 
137571609 18879 1783669188.694 1 
147568680 18880 1783669188.744 1 
157662674 18881 1783669188.794 1 
167570884 18882 1783669188.844 1 
177570782 18883 1783669188.894 1 
187569531 18884 1783669188.944 1 
197571625 18885 1783669188.994 1 
207588534 18886 1783669189.044 1 
217569496 18887 1783669189.094 1 
227571823 18888 1783669189.144 1 
237571136 18889 1783669189.194 1 
247568931 18890 1783669189.244 1 
257572026 18891 1783669189.294 1 
267571092 18892 1783669189.344 1 
277571520 18893 1783669189.394 1 
287570848 18894 1783669189.444 1 
297571139 18895 1783669189.494 1 
307570505 18896 1783669189.544 1 
317570886 18897 1783669189.594 1 
327571525 18898 1783669189.644 1 
337569563 18899 1783669189.694 1 
347568871 18900 1783669189.744 1 
357662642 18901 1783669189.794 1 
367570403 18902 1783669189.844 1 
377569863 18903 1783669189.894 1 
387570426 18904 1783669189.944 1 
397571309 18905 1783669189.994 1 
407569611 18906 1783669190.044 1 
417571482 18907 1783669190.094 1 
427571643 18908 1783669190.144 1 
437637486 18909 1783669190.194 1 
447571508 18910 1783669190.244 1 
457569797 18911 1783669190.294 1 
467638921 18912 1783669190.344 1 
477571091 18913 1783669190.394 1 
487571520 18914 1783669190.444 1 
497571060 18915 1783669190.494 1 
507570172 18916 1783669190.544 1 
517571279 18917 1783669190.594 1 
527570098 18918 1783669190.644 1 
537572235 18919 1783669190.694 1 
547571363 18920 1783669190.744 1 
557606270 18921 1783669190.794 1 
567570953 18922 1783669190.844 1 
577570681 18923 1783669190.894 1 
587570961 18924 1783669190.944 1 
597587234 18925 1783669190.994 1 
607571992 18926 1783669191.044 1 
617570663 18927 1783669191.094 1 
627569358 18928 1783669191.144 1 
637568502 18929 1783669191.194 1 
647569102 18930 1783669191.244 1 
657569736 18931 1783669191.294 1 
667571686 18932 1783669191.344 1 
677569812 18933 1783669191.394 1 
687569361 18934 1783669191.444 1 
697571784 18935 1783669191.494 1 
707570899 18936 1783669191.544 1 
717572122 18937 1783669191.595 1 
727569812 18938 1783669191.644 1 
737571219 18939 1783669191.694 1 
747571607 18940 1783669191.744 1 
757605128 18941 1783669191.794 1 
767571264 18942 1783669191.844 1 
777588215 18943 1783669191.894 1 
787571007 18944 1783669191.944 1 
797568187 18945 1783669191.994 1 
807589495 18946 1783669192.044 1 
817569677 18947 1783669192.094 1 
827570444 18948 1783669192.144 1 
837571059 18949 1783669192.194 1 
847569641 18950 1783669192.244 1 
857570870 18951 1783669192.294 1 
867570219 18952 1783669192.344 1 
877570882 18953 1783669192.394 1 
887570169 18954 1783669192.444 1 
897568873 18955 1783669192.494 1 
907570677 18956 1783669192.544 1 
917588106 18957 1783669192.594 1 
927569641 18958 1783669192.644 1 
937572257 18959 1783669192.694 1 
947570519 18960 1783669192.744 1 
957587777 18961 1783669192.794 1 
967571466 18962 1783669192.844 1 
977569371 18963 1783669192.894 1 
987570802 18964 1783669192.944 1 
997568822 18965 1783669192.994 1 
1007583655 18966 1783669193.044 1 
1017569653 18967 1783669193.094 1 
1027571782 18968 1783669193.144 1 
1037569512 18969 1783669193.194 1 
1047569764 18970 1783669193.244 1 
1057588290 18971 1783669193.294 1 
1067570051 18972 1783669193.344 1 
1077569572 18973 1783669193.394 1 
1087569022 18974 1783669193.444 1 
1097570330 18975 1783669193.494 1 
1107570086 18976 1783669193.544 1 
1117571291 18977 1783669193.594 1 
1127571521 18978 1783669193.644 1 
1137570792 18979 1783669193.694 1 
1147569795 18980 1783669193.744 1 
1157605890 18981 1783669193.794 1 
1167570736 18982 1783669193.844 1 
1177570375 18983 1783669193.894 1 
1187571730 18984 1783669193.944 1 
1197569463 18985 1783669193.994 1 
1207570320 18986 1783669194.044 1 
1217569723 18987 1783669194.094 1 
1227569499 18988 1783669194.144 1 
1237571068 18989 1783669194.194 1 
1247570878 18990 1783669194.244 1 
1257571124 18991 1783669194.294 1 
1267572028 18992 1783669194.344 1 
1277587490 18993 1783669194.394 1 
1287570809 18994 1783669194.444 1 
1297571025 18995 1783669194.494 1 
1307571580 18996 1783669194.544 1 
1317569695 18997 1783669194.594 1 
1327570775 18998 1783669194.644 1 
1337591947 18999 1783669194.694 1 
1347570392 19000 1783669194.744 1 
1357661417 19001 1783669194.794 1 
1367572085 19002 1783669194.844 1 
1377569455 19003 1783669194.894 1 
1387569870 19004 1783669194.944 1 
1397569770 19005 1783669194.994 1 
1407569782 19006 1783669195.044 1 
1417570326 19007 1783669195.094 1 
1427571848 19008 1783669195.144 1 
1437570052 19009 1783669195.194 1 
1447571002 19010 1783669195.244 1 
1457587744 19011 1783669195.294 1 
1467570848 19012 1783669195.344 1 
1477571305 19013 1783669195.394 1 
1487571144 19014 1783669195.444 1 
1497570236 19015 1783669195.494 1 
1507569977 19016 1783669195.544 1 
1517569914 19017 1783669195.594 1 
1527570926 19018 1783669195.644 1 
1537570650 19019 1783669195.694 1 
1547571191 19020 1783669195.744 1 
1557587609 19021 1783669195.794 1 
1567570123 19022 1783669195.844 1 
1577570938 19023 1783669195.894 1 
1587571243 19024 1783669195.944 1 
1597571570 19025 1783669195.994 1 
1607570096 19026 1783669196.044 1 
1617570196 19027 1783669196.094 1 
1627569762 19028 1783669196.144 1 
1637588578 19029 1783669196.194 1 
1647570300 19030 1783669196.244 1 
1657570035 19031 1783669196.294 1 
1667571574 19032 1783669196.344 1 
1677571346 19033 1783669196.394 1 
1687571612 19034 1783669196.444 1 
1697569585 19035 1783669196.494 1 
1707572609 19036 1783669196.544 1 
1717570839 19037 1783669196.596 1 
1727569934 19038 1783669196.644 1 
1737569899 19039 1783669196.694 1 
1747569906 19040 1783669196.744 1 
1757605967 19041 1783669196.794 1 
1767571495 19042 1783669196.844 1 
1777570211 19043 1783669196.894 1 
1787570811 19044 1783669196.944 1 
1797570861 19045 1783669196.994 1 
1807570455 19046 1783669197.044 1 
1817571578 19047 1783669197.094 1 
1827570428 19048 1783669197.144 1 
1837570490 19049 1783669197.194 1 
1847571008 19050 1783669197.244 1 
1857570729 19051 1783669197.294 1 
1867569550 19052 1783669197.344 1 
1877570125 19053 1783669197.394 1 
1887569103 19054 1783669197.444 1 
1897569592 19055 1783669197.494 1 
1907569965 19056 1783669197.544 1 
1917569533 19057 1783669197.594 1 
1927570414 19058 1783669197.644 1 
1937570592 19059 1783669197.694 1 
1947571275 19060 1783669197.744 1 
1957574662 19061 1783669197.794 1 
1967572298 19062 1783669197.844 1 
1977571572 19063 1783669197.894 1 
1987571116 19064 1783669197.944 1 
1997588106 19065 1783669197.994 1 
2007569078 19066 1783669198.044 1 
2017570346 19067 1783669198.094 1 
2027571354 19068 1783669198.144 1 
2037639100 19069 1783669198.194 1 
2047570589 19070 1783669198.244 1 
2057571533 19071 1783669198.294 1 
2067568500 19072 1783669198.344 1 
2077572065 19073 1783669198.394 1 
2087569563 19074 1783669198.444 1 
2097571966 19075 1783669198.494 1 
2107570490 19076 1783669198.544 1 
2117569955 19077 1783669198.594 1 
2127571401 19078 1783669198.644 1 
2137568957 19079 1783669198.694 1 
2147570412 19080 1783669198.744 1 
2157587303 19081 1783669198.794 1 
2167571529 19082 1783669198.844 1 
2177571853 19083 1783669198.894 1 
2187570892 19084 1783669198.944 1 
2197571784 19085 1783669198.994 1 
2207571032 19086 1783669199.044 1 
2217637793 19087 1783669199.094 1 
2227569431 19088 1783669199.144 1 
2237570901 19089 1783669199.194 1 
2247571869 19090 1783669199.244 1 
2257570805 19091 1783669199.294 1 
2267570177 19092 1783669199.344 1 
2277570613 19093 1783669199.394 1 
2287569420 19094 1783669199.444 1 
2297572292 19095 1783669199.494 1 
2307569898 19096 1783669199.544 1 
2317570702 19097 1783669199.594 1 
2327571440 19098 1783669199.644 1 
2337570543 19099 1783669199.694 1 
2347638341 19100 1783669199.744 1 
2357587538 19101 1783669199.794 1 
2367569077 19102 1783669199.844 1 
2377568791 19103 1783669199.894 1 
2387570180 19104 1783669199.944 1 
2397570954 19105 1783669199.994 1 
2407570372 19106 1783669200.044 1 
2417572959 19107 1783669200.094 1 
2427571602 19108 1783669200.144 1 
2437570798 19109 1783669200.194 1 
2447569753 19110 1783669200.244 1 
2457571693 19111 1783669200.294 1 
2467637603 19112 1783669200.344 1 
2477571329 19113 1783669200.394 1 
2487571812 19114 1783669200.444 1 
2497569693 19115 1783669200.494 1 
2507569889 19116 1783669200.544 1 
2517572145 19117 1783669200.594 1 
2527570395 19118 1783669200.644 1 
2537570819 19119 1783669200.694 1 
2547569050 19120 1783669200.744 1 
2557605909 19121 1783669200.794 1 
2567569783 19122 1783669200.844 1 
2577571866 19123 1783669200.894 1 
2587568886 19124 1783669200.944 1 
2597571135 19125 1783669200.994 1 
2607570547 19126 1783669201.044 1 
2617569871 19127 1783669201.094 1 
2627570106 19128 1783669201.144 1 
2637572086 19129 1783669201.194 1 
2647568114 19130 1783669201.244 1 
2657569900 19131 1783669201.294 1 
2667570276 19132 1783669201.344 1 
2677570555 19133 1783669201.394 1 
2687571928 19134 1783669201.444 1 
2697588710 19135 1783669201.494 1 
2707572664 19136 1783669201.544 1 
2717590229 19137 1783669201.596 1 
2727570945 19138 1783669201.644 1 
2737570446 19139 1783669201.694 1 
2747569459 19140 1783669201.744 1 
2757628890 19141 1783669201.794 1 
2767713007 19142 1783669201.845 1 
2777568441 19143 1783669201.895 1 
2787569643 19144 1783669201.944 1 
2797571331 19145 1783669201.994 1 
2807638134 19146 1783669202.044 1 
2817571757 19147 1783669202.095 1 
2827571652 19148 1783669202.144 1 
2837569467 19149 1783669202.194 1 
2847571646 19150 1783669202.244 1 
2857570250 19151 1783669202.294 1 
2867570729 19152 1783669202.344 1 
2877570295 19153 1783669202.394 1 
2887587967 19154 1783669202.444 1 
2897588983 19155 1783669202.494 1 
2907571204 19156 1783669202.544 1 
2917571740 19157 1783669202.594 1 
2927586334 19158 1783669202.644 1 
2937570281 19159 1783669202.694 1 
2947592546 19160 1783669202.744 1 
2957605149 19161 1783669202.794 1 
2967572489 19162 1783669202.844 1 
2977570469 19163 1783669202.894 1 
2987570106 19164 1783669202.944 1 
2997572313 19165 1783669202.994 1 
3007570047 19166 1783669203.044 1 
3017569573 19167 1783669203.094 1 
3027569799 19168 1783669203.144 1 
3037568652 19169 1783669203.194 1 
3047569875 19170 1783669203.244 1 
3057570595 19171 1783669203.294 1 
3067571055 19172 1783669203.344 1 
3077571739 19173 1783669203.394 1 
3087569771 19174 1783669203.444 1 
3097571600 19175 1783669203.494 1 
3107571378 19176 1783669203.544 1 
3117570755 19177 1783669203.594 1 
3127569134 19178 1783669203.644 1 
3137570329 19179 1783669203.694 1 
3147570708 19180 1783669203.744 1 
3157663087 19181 1783669203.794 1 
3167571070 19182 1783669203.845 1 
3177569903 19183 1783669203.894 1 
3187570350 19184 1783669203.944 1 
3197570060 19185 1783669203.994 1 
3207571244 19186 1783669204.044 1 
3217635783 19187 1783669204.094 1 
3227568982 19188 1783669204.145 1 
3237588987 19189 1783669204.194 1 
3247570425 19190 1783669204.244 1 
3257571240 19191 1783669204.294 1 
3267572772 19192 1783669204.344 1 
3277571397 19193 1783669204.394 1 
3287570082 19194 1783669204.444 1 
3297571088 19195 1783669204.494 1 
3307569455 19196 1783669204.544 1 
3317570033 19197 1783669204.594 1 
3327569608 19198 1783669204.644 1 
3337570032 19199 1783669204.694 1 
3347571005 19200 1783669204.744 1 
3357662614 19201 1783669204.794 1 
3367571555 19202 1783669204.845 1 
3377570225 19203 1783669204.895 1 
3387570164 19204 1783669204.944 1 
3397570769 19205 1783669204.994 1 
3407572696 19206 1783669205.044 1 
3417571648 19207 1783669205.094 1 
3427569862 19208 1783669205.144 1 
3437569779 19209 1783669205.194 1 
3447570486 19210 1783669205.244 1 
3457586635 19211 1783669205.294 1 
3467569800 19212 1783669205.344 1 
3477569420 19213 1783669205.394 1 
3487569880 19214 1783669205.444 1 
3497570325 19215 1783669205.494 1 
3507570198 19216 1783669205.544 1 
3517569742 19217 1783669205.595 1 
3527571954 19218 1783669205.644 1 
3537570622 19219 1783669205.694 1 
3547572062 19220 1783669205.744 1 
3557629072 19221 1783669205.795 1 
3567713135 19222 1783669205.845 1 
3577569937 19223 1783669205.895 1 
3587572089 19224 1783669205.944 1 
3597571218 19225 1783669205.995 1 
3607569649 19226 1783669206.044 1 
3617572109 19227 1783669206.095 1 
3627569938 19228 1783669206.144 1 
3637571305 19229 1783669206.195 1 
3647569684 19230 1783669206.244 1 
3657570302 19231 1783669206.295 1 
3667570283 19232 1783669206.344 1 
3677570609 19233 1783669206.395 1 
3687569409 19234 1783669206.444 1 
3697570529 19235 1783669206.495 1 
3707571296 19236 1783669206.544 1 
3717568766 19237 1783669206.595 1 
3727570621 19238 1783669206.644 1 
3737570991 19239 1783669206.695 1 
3747570089 19240 1783669206.744 1 
3757661494 19241 1783669206.795 1 
3767636641 19242 1783669206.845 1 
3777587522 19243 1783669206.895 1 
3787571457 19244 1783669206.945 1 
3797569823 19245 1783669206.995 1 
3807570872 19246 1783669207.044 1 
3817570689 19247 1783669207.095 1 
3827568633 19248 1783669207.144 1 
3837571255 19249 1783669207.195 1 
3847590500 19250 1783669207.244 1 
3857571397 19251 1783669207.295 1 
3867587357 19252 1783669207.344 1 
3877572538 19253 1783669207.395 1 
3887570016 19254 1783669207.444 1 
3897569513 19255 1783669207.495 1 
3907572194 19256 1783669207.544 1 
3917571184 19257 1783669207.595 1 
3927570885 19258 1783669207.644 1 
3937570392 19259 1783669207.694 1 
3947570435 19260 1783669207.744 1 
3957604502 19261 1783669207.794 1 
3967571378 19262 1783669207.845 1 
3977569722 19263 1783669207.895 1 
3987570784 19264 1783669207.945 1 
3997570880 19265 1783669207.995 1 
4007570861 19266 1783669208.045 1 
4017570024 19267 1783669208.095 1 
4027571265 19268 1783669208.145 1 
4037570095 19269 1783669208.195 1 
4047571171 19270 1783669208.245 1 
4057571515 19271 1783669208.295 1 
4067571850 19272 1783669208.345 1 
4077569966 19273 1783669208.395 1 
4087570759 19274 1783669208.445 1 
4097570477 19275 1783669208.495 1 
4107569282 19276 1783669208.545 1 
4117569716 19277 1783669208.595 1 
4127572169 19278 1783669208.645 1 
4137570014 19279 1783669208.695 1 
4147570614 19280 1783669208.745 1 
4157586879 19281 1783669208.795 1 
4167570701 19282 1783669208.845 1 
4177570370 19283 1783669208.895 1 
4187570995 19284 1783669208.945 1 
4197570291 19285 1783669208.995 1 
4207570255 19286 1783669209.045 1 
4217570700 19287 1783669209.095 1 
4227570287 19288 1783669209.145 1 
4237570910 19289 1783669209.195 1 
4247571336 19290 1783669209.245 1 
4257569170 19291 1783669209.295 1 
4267569087 19292 1783669209.345 1 
4277571312 19293 1783669209.395 1 
4287636725 19294 1783669209.445 1 
2602409 19295 1783669209.495 1 
12604142 19296 1783669209.545 1 
22603093 19297 1783669209.595 1 
32602735 19298 1783669209.645 1 
42603057 19299 1783669209.695 1 
52603550 19300 1783669209.745 1 
62620558 19301 1783669209.795 1 
72602689 19302 1783669209.845 1 
82603317 19303 1783669209.895 1 
92601141 19304 1783669209.944 1 
102604802 19305 1783669209.994 1 
112603172 19306 1783669210.045 1 
122605138 19307 1783669210.095 1 
132603342 19308 1783669210.145 1 
142602267 19309 1783669210.195 1 
152602061 19310 1783669210.245 1 
162602224 19311 1783669210.295 1 
172603482 19312 1783669210.344 1 
182603795 19313 1783669210.394 1 
192603829 19314 1783669210.445 1 
202603373 19315 1783669210.495 1 
212603792 19316 1783669210.545 1 
222621609 19317 1783669210.595 1 
232603672 19318 1783669210.645 1 
242602836 19319 1783669210.695 1 
252602742 19320 1783669210.745 1 
262636971 19321 1783669210.795 1 
272604673 19322 1783669210.845 1 
282602378 19323 1783669210.895 1 
292602410 19324 1783669210.945 1 
302603411 19325 1783669210.995 1 
312604302 19326 1783669211.045 1 
322602539 19327 1783669211.095 1 
332602304 19328 1783669211.145 1 
342619884 19329 1783669211.195 1 
352671020 19330 1783669211.245 1 
362603953 19331 1783669211.295 1 
372603526 19332 1783669211.345 1 
382604919 19333 1783669211.395 1 
392601654 19334 1783669211.445 1 
402603776 19335 1783669211.494 1 
412603068 19336 1783669211.544 1 
422602656 19337 1783669211.595 1 
432602492 19338 1783669211.644 1 
442604791 19339 1783669211.694 1 
452602665 19340 1783669211.744 1 
462618544 19341 1783669211.794 1 
472603727 19342 1783669211.844 1 
482603423 19343 1783669211.894 1 
492604107 19344 1783669211.944 1 
502603611 19345 1783669211.994 1 
512602783 19346 1783669212.044 1 
522602216 19347 1783669212.094 1 
532603228 19348 1783669212.144 1 
542602235 19349 1783669212.194 1 
552602421 19350 1783669212.244 1 
562603132 19351 1783669212.294 1 
572603734 19352 1783669212.344 1 
582604770 19353 1783669212.394 1 
592604872 19354 1783669212.444 1 
602602538 19355 1783669212.494 1 
612604377 19356 1783669212.544 1 
622604657 19357 1783669212.594 1 
632603470 19358 1783669212.644 1 
642614208 19359 1783669212.694 1 
652603140 19360 1783669212.744 1 
662607532 19361 1783669212.794 1 
672604285 19362 1783669212.844 1 
682602322 19363 1783669212.894 1 
692603763 19364 1783669212.944 1 
702603776 19365 1783669212.994 1 
712602890 19366 1783669213.044 1 
722603550 19367 1783669213.094 1 
732603115 19368 1783669213.144 1 
742604180 19369 1783669213.194 1 
752604640 19370 1783669213.244 1 
762603419 19371 1783669213.294 1 
772603402 19372 1783669213.344 1 
782602997 19373 1783669213.394 1 
792603481 19374 1783669213.444 1 
802603434 19375 1783669213.494 1 
812602654 19376 1783669213.544 1 
822604519 19377 1783669213.594 1 
832604634 19378 1783669213.644 1 
842603230 19379 1783669213.694 1 
852602512 19380 1783669213.744 1 
862618670 19381 1783669213.794 1 
872604885 19382 1783669213.844 1 
882602399 19383 1783669213.894 1 
892602809 19384 1783669213.944 1 
902603276 19385 1783669213.994 1 
912603150 19386 1783669214.044 1 
922602155 19387 1783669214.094 1 
932603102 19388 1783669214.144 1 
942603528 19389 1783669214.194 1 
952602374 19390 1783669214.244 1 
962602513 19391 1783669214.294 1 
972604102 19392 1783669214.344 1 
982602937 19393 1783669214.394 1 
992604493 19394 1783669214.444 1 
1002602251 19395 1783669214.494 1 
1012602707 19396 1783669214.544 1 
1022604222 19397 1783669214.594 1 
1032604723 19398 1783669214.644 1 
1042603137 19399 1783669214.694 1 
1052618877 19400 1783669214.744 1 
1062755971 19401 1783669214.794 1 
1072602208 19402 1783669214.845 1 
1082602838 19403 1783669214.894 1 
1092600677 19404 1783669214.944 1 
1102603641 19405 1783669214.994 1 
1112603616 19406 1783669215.044 1 
1122604220 19407 1783669215.094 1 
1132605565 19408 1783669215.144 1 
1142602556 19409 1783669215.194 1 
1152604348 19410 1783669215.244 1 
1162603039 19411 1783669215.294 1 
1172603508 19412 1783669215.344 1 
1182604610 19413 1783669215.394 1 
1192627962 19414 1783669215.444 1 
1202603304 19415 1783669215.494 1 
1212605305 19416 1783669215.544 1 
1222604107 19417 1783669215.594 1 
1232602775 19418 1783669215.644 1 
1242603765 19419 1783669215.694 1 
1252604555 19420 1783669215.744 1 
1262695123 19421 1783669215.794 1 
1272602686 19422 1783669215.844 1 
1282602418 19423 1783669215.894 1 
1292604472 19424 1783669215.944 1 
1302602445 19425 1783669215.994 1 
1312604100 19426 1783669216.044 1 
1322602278 19427 1783669216.094 1 
1332603551 19428 1783669216.144 1 
1342603433 19429 1783669216.194 1 
1352604391 19430 1783669216.244 1 
1362603779 19431 1783669216.294 1 
1372605701 19432 1783669216.344 1 
1382602614 19433 1783669216.394 1 
1392603730 19434 1783669216.444 1 
1402603227 19435 1783669216.496 1 
1412603599 19436 1783669216.545 1 
1422602506 19437 1783669216.597 1 
1432603567 19438 1783669216.645 1 
1442601519 19439 1783669216.695 1 
1452603680 19440 1783669216.745 1 
1462695239 19441 1783669216.795 1 
1472604713 19442 1783669216.845 1 
1482602858 19443 1783669216.895 1 
1492603471 19444 1783669216.945 1 
1502603799 19445 1783669216.995 1 
1512602498 19446 1783669217.045 1 
1522604246 19447 1783669217.095 1 
1532602572 19448 1783669217.145 1 
1542602317 19449 1783669217.195 1 
1552604108 19450 1783669217.245 1 
1562601839 19451 1783669217.295 1 
1572602868 19452 1783669217.345 1 
1582603106 19453 1783669217.395 1 
1592602406 19454 1783669217.445 1 
1602602773 19455 1783669217.495 1 
1612601436 19456 1783669217.545 1 
1622604214 19457 1783669217.595 1 
1632602719 19458 1783669217.645 1 
1642671167 19459 1783669217.695 1 
1652604021 19460 1783669217.746 1 
1662638675 19461 1783669217.795 1 
1672618946 19462 1783669217.845 1 
1682601431 19463 1783669217.895 1 
1692603841 19464 1783669217.945 1 
1702603146 19465 1783669217.995 1 
1712602944 19466 1783669218.045 1 
1722604303 19467 1783669218.095 1 
1732601981 19468 1783669218.145 1 
1742604313 19469 1783669218.195 1 
1752603219 19470 1783669218.245 1 
1762602073 19471 1783669218.295 1 
1772603174 19472 1783669218.345 1 
1782604112 19473 1783669218.395 1 
1792603831 19474 1783669218.445 1 
1802603724 19475 1783669218.495 1 
1812602455 19476 1783669218.545 1 
1822603127 19477 1783669218.595 1 
1832618726 19478 1783669218.645 1 
1842669505 19479 1783669218.695 1 
1852602428 19480 1783669218.745 1 
1862695624 19481 1783669218.795 1 
1872602781 19482 1783669218.845 1 
1882601640 19483 1783669218.895 1 
1892617750 19484 1783669218.945 1 
1902603451 19485 1783669218.995 1 
1912604390 19486 1783669219.045 1 
1922604053 19487 1783669219.095 1 
1932604340 19488 1783669219.145 1 
1942604253 19489 1783669219.195 1 
1952603893 19490 1783669219.245 1 
1962604120 19491 1783669219.295 1 
1972604636 19492 1783669219.345 1 
1982602337 19493 1783669219.395 1 
1992603930 19494 1783669219.445 1 
2002602380 19495 1783669219.495 1 
2012603744 19496 1783669219.545 1 
2022603361 19497 1783669219.595 1 
2032603288 19498 1783669219.645 1 
2042603284 19499 1783669219.695 1 
2052602088 19500 1783669219.745 1 
2062609532 19501 1783669219.795 1 
2072602986 19502 1783669219.845 1 
2082602635 19503 1783669219.895 1 
2092602752 19504 1783669219.945 1 
2102718073 19505 1783669219.995 1 
2112603689 19506 1783669220.046 1 
2122604680 19507 1783669220.095 1 
2132603629 19508 1783669220.145 1 
2142602983 19509 1783669220.195 1 
2152602799 19510 1783669220.245 1 
2162602940 19511 1783669220.295 1 
2172602726 19512 1783669220.345 1 
2182603586 19513 1783669220.395 1 
2192601856 19514 1783669220.445 1 
2202603817 19515 1783669220.495 1 
2212601818 19516 1783669220.545 1 
2222603911 19517 1783669220.595 1 
2232603393 19518 1783669220.645 1 
2242603261 19519 1783669220.695 1 
2252602056 19520 1783669220.745 1 
2262756029 19521 1783669220.795 1 
2272601681 19522 1783669220.846 1 
2282604513 19523 1783669220.895 1 
2292603645 19524 1783669220.945 1 
2302602525 19525 1783669220.995 1 
2312604342 19526 1783669221.045 1 
2322602560 19527 1783669221.095 1 
2332602325 19528 1783669221.145 1 
2342601584 19529 1783669221.195 1 
2352602496 19530 1783669221.245 1 
2362604602 19531 1783669221.295 1 
2372603132 19532 1783669221.345 1 
2382602853 19533 1783669221.395 1 
2392602343 19534 1783669221.445 1 
2402603050 19535 1783669221.495 1 
2412602013 19536 1783669221.545 1 
2422603261 19537 1783669221.596 1 
2432603761 19538 1783669221.645 1 
2442603730 19539 1783669221.695 1 
2452604796 19540 1783669221.745 1 
2462754346 19541 1783669221.795 1 
2472604622 19542 1783669221.846 1 
2482602546 19543 1783669221.895 1 
2492604026 19544 1783669221.945 1 
2502603178 19545 1783669221.995 1 
2512602941 19546 1783669222.045 1 
2522612444 19547 1783669222.095 1 
2532603271 19548 1783669222.145 1 
2542603262 19549 1783669222.195 1 
2552603271 19550 1783669222.245 1 
2562603387 19551 1783669222.295 1 
2572602986 19552 1783669222.345 1 
2582601574 19553 1783669222.395 1 
2592602114 19554 1783669222.445 1 
2602602661 19555 1783669222.495 1 
2612602526 19556 1783669222.545 1 
2622603813 19557 1783669222.595 1 
2632604657 19558 1783669222.645 1 
2642603581 19559 1783669222.695 1 
2652602178 19560 1783669222.745 1 
2662620683 19561 1783669222.795 1 
2672603842 19562 1783669222.845 1 
2682604721 19563 1783669222.895 1 
2692605052 19564 1783669222.945 1 
2702603334 19565 1783669222.995 1 
2712603442 19566 1783669223.045 1 
2722603079 19567 1783669223.095 1 
2732601967 19568 1783669223.145 1 
2742603742 19569 1783669223.195 1 
2752601758 19570 1783669223.245 1 
2762620656 19571 1783669223.295 1 
2772620642 19572 1783669223.345 1 
2782602191 19573 1783669223.395 1 
2792603077 19574 1783669223.445 1 
2802603099 19575 1783669223.495 1 
2812603999 19576 1783669223.545 1 
2822603237 19577 1783669223.595 1 
2832603183 19578 1783669223.645 1 
2842601493 19579 1783669223.695 1 
2852602081 19580 1783669223.745 1 
2862619653 19581 1783669223.795 1 
2872602654 19582 1783669223.845 1 
2882603729 19583 1783669223.895 1 
2892604356 19584 1783669223.945 1 
2902604356 19585 1783669223.995 1 
2912605070 19586 1783669224.045 1 
2922603328 19587 1783669224.095 1 
2932604515 19588 1783669224.145 1 
2942603620 19589 1783669224.195 1 
2952601816 19590 1783669224.245 1 
2962602524 19591 1783669224.295 1 
2972603102 19592 1783669224.345 1 
2982603463 19593 1783669224.395 1 
2992602177 19594 1783669224.445 1 
3002605084 19595 1783669224.495 1 
3012602682 19596 1783669224.545 1 
3022601535 19597 1783669224.595 1 
3032602950 19598 1783669224.645 1 
3042605258 19599 1783669224.695 1 
3052602208 19600 1783669224.745 1 
3062661756 19601 1783669224.795 1 
3072744861 19602 1783669224.846 1 
3082603803 19603 1783669224.896 1 
3092603099 19604 1783669224.945 1 
3102602487 19605 1783669224.995 1 
3112602330 19606 1783669225.045 1 
3122602504 19607 1783669225.095 1 
3132605228 19608 1783669225.145 1 
3142603445 19609 1783669225.195 1 
3152603074 19610 1783669225.245 1 
3162603510 19611 1783669225.295 1 
3172670619 19612 1783669225.345 1 
3182602329 19613 1783669225.396 1 
3192602951 19614 1783669225.445 1 
3202602507 19615 1783669225.495 1 
3212603394 19616 1783669225.545 1 
3222602955 19617 1783669225.595 1 
3232603267 19618 1783669225.645 1 
3242602806 19619 1783669225.695 1 
3252604430 19620 1783669225.745 1 
3262638186 19621 1783669225.795 1 
3272602144 19622 1783669225.845 1 
3282603633 19623 1783669225.895 1 
3292603836 19624 1783669225.945 1 
3302603612 19625 1783669225.995 1 
3312604788 19626 1783669226.045 1 
3322602282 19627 1783669226.095 1 
3332605001 19628 1783669226.145 1 
3342603593 19629 1783669226.195 1 
3352602372 19630 1783669226.245 1 
3362603705 19631 1783669226.295 1 
3372670553 19632 1783669226.345 1 
3382602787 19633 1783669226.396 1 
3392601400 19634 1783669226.445 1 
3402604486 19635 1783669226.495 1 
3412601963 19636 1783669226.545 1 
3422602845 19637 1783669226.596 1 
3432605658 19638 1783669226.645 1 
3442602937 19639 1783669226.695 1 
3452603134 19640 1783669226.745 1 
3462638426 19641 1783669226.795 1 
3472603051 19642 1783669226.846 1 
3482619349 19643 1783669226.896 1 
3492604160 19644 1783669226.946 1 
3502604960 19645 1783669226.995 1 
3512604035 19646 1783669227.045 1 
3522601905 19647 1783669227.095 1 
3532604165 19648 1783669227.145 1 
3542603559 19649 1783669227.195 1 
3552603780 19650 1783669227.246 1 
3562601906 19651 1783669227.296 1 
3572604022 19652 1783669227.345 1 
3582603968 19653 1783669227.395 1 
3592603988 19654 1783669227.445 1 
3602602558 19655 1783669227.495 1 
3612602819 19656 1783669227.545 1 
3622603908 19657 1783669227.595 1 
3632602644 19658 1783669227.645 1 
3642603374 19659 1783669227.695 1 
3652603813 19660 1783669227.745 1 
3662638216 19661 1783669227.795 1 
3672604379 19662 1783669227.846 1 
3682603158 19663 1783669227.896 1 
3692603359 19664 1783669227.945 1 
3702603839 19665 1783669227.995 1 
3712603256 19666 1783669228.045 1 
3722602994 19667 1783669228.095 1 
3732604791 19668 1783669228.145 1 
3742602417 19669 1783669228.195 1 
3752670685 19670 1783669228.245 1 
3762603233 19671 1783669228.296 1 
3772603331 19672 1783669228.345 1 
3782602872 19673 1783669228.395 1 
3792603929 19674 1783669228.445 1 
3802603356 19675 1783669228.496 1 
3812602443 19676 1783669228.545 1 
3822605146 19677 1783669228.595 1 
3832603298 19678 1783669228.645 1 
3842602880 19679 1783669228.695 1 
3852603804 19680 1783669228.745 1 
3862694932 19681 1783669228.795 1 
3872604371 19682 1783669228.846 1 
3882602463 19683 1783669228.896 1 
3892603189 19684 1783669228.946 1 
3902603284 19685 1783669228.995 1 
3912603033 19686 1783669229.046 1 
3922603378 19687 1783669229.095 1 
3932601965 19688 1783669229.146 1 
3942602720 19689 1783669229.196 1 
3952604123 19690 1783669229.245 1 
3962671061 19691 1783669229.295 1 
3972603473 19692 1783669229.346 1 
3982621602 19693 1783669229.395 1 
3992621247 19694 1783669229.446 1 
4002603883 19695 1783669229.496 1 
4012602934 19696 1783669229.546 1 
4022732048 19697 1783669229.595 1 
4032747100 19698 1783669229.646 1 
4042604397 19699 1783669229.696 1 
4052603885 19700 1783669229.746 1 
4062659969 19701 1783669229.795 1 
4072747428 19702 1783669229.846 1 
4082603877 19703 1783669229.896 1 
4092602906 19704 1783669229.946 1 
4102603644 19705 1783669229.995 1 
4112603779 19706 1783669230.046 1 
4122602944 19707 1783669230.096 1 
4132601816 19708 1783669230.146 1 
4142603560 19709 1783669230.196 1 
4152603782 19710 1783669230.245 1 
4162603138 19711 1783669230.296 1 
4172603521 19712 1783669230.345 1 
4182604572 19713 1783669230.396 1 
4192603762 19714 1783669230.445 1 
4202603305 19715 1783669230.496 1 
4212603769 19716 1783669230.546 1 
4222603579 19717 1783669230.596 1 
4232604111 19718 1783669230.645 1 
4242603325 19719 1783669230.696 1 
4252603499 19720 1783669230.745 1 
4262672685 19721 1783669230.796 1 
4272747999 19722 1783669230.846 1 
4282601685 19723 1783669230.896 1 
4292602813 19724 1783669230.946 1 
7637888 19725 1783669230.996 1 
17636989 19726 1783669231.046 1 
27636899 19727 1783669231.096 1 
37635594 19728 1783669231.146 1 
47637669 19729 1783669231.196 1 
57635028 19730 1783669231.246 1 
67636435 19731 1783669231.296 1 
77635803 19732 1783669231.346 1 
87635166 19733 1783669231.396 1 
97636073 19734 1783669231.445 1 
107635780 19735 1783669231.496 1 
117635145 19736 1783669231.546 1 
127635297 19737 1783669231.596 1 
137635900 19738 1783669231.646 1 
147636373 19739 1783669231.696 1 
157652184 19740 1783669231.746 1 
167670868 19741 1783669231.796 1 
177634912 19742 1783669231.846 1 
187634162 19743 1783669231.896 1 
197636640 19744 1783669231.946 1 
207635600 19745 1783669231.996 1 
217635542 19746 1783669232.046 1 
227702294 19747 1783669232.096 1 
237636377 19748 1783669232.146 1 
247634851 19749 1783669232.196 1 
257636168 19750 1783669232.246 1 
267635572 19751 1783669232.296 1 
277636708 19752 1783669232.346 1 
287635090 19753 1783669232.396 1 
297635406 19754 1783669232.446 1 
307635307 19755 1783669232.496 1 
317637320 19756 1783669232.546 1 
327635294 19757 1783669232.596 1 
337635949 19758 1783669232.646 1 
347635566 19759 1783669232.696 1 
357635853 19760 1783669232.746 1 
367672579 19761 1783669232.796 1 
377702291 19762 1783669232.846 1 
387636160 19763 1783669232.896 1 
397636178 19764 1783669232.946 1 
407635718 19765 1783669232.996 1 
417636875 19766 1783669233.046 1 
427637573 19767 1783669233.096 1 
437633978 19768 1783669233.146 1 
447636597 19769 1783669233.196 1 
457636092 19770 1783669233.246 1 
467635612 19771 1783669233.296 1 
477701152 19772 1783669233.346 1 
487637675 19773 1783669233.396 1 
497655901 19774 1783669233.446 1 
507636478 19775 1783669233.496 1 
517636858 19776 1783669233.546 1 
527636579 19777 1783669233.596 1 
537635474 19778 1783669233.646 1 
547636600 19779 1783669233.696 1 
557637495 19780 1783669233.746 1 
567670517 19781 1783669233.796 1 
577635215 19782 1783669233.846 1 
587636073 19783 1783669233.896 1 
597637099 19784 1783669233.946 1 
607636106 19785 1783669233.996 1 
617635694 19786 1783669234.046 1 
627638394 19787 1783669234.096 1 
637636606 19788 1783669234.146 1 
647634386 19789 1783669234.196 1 
657635172 19790 1783669234.246 1 
667635297 19791 1783669234.296 1 
677634214 19792 1783669234.346 1 
687635521 19793 1783669234.396 1 
697636053 19794 1783669234.446 1 
707636056 19795 1783669234.496 1 
717638021 19796 1783669234.546 1 
727635703 19797 1783669234.596 1 
737636535 19798 1783669234.646 1 
747635994 19799 1783669234.696 1 
757636965 19800 1783669234.746 1 
767728091 19801 1783669234.796 1 
777635086 19802 1783669234.846 1 
787636519 19803 1783669234.896 1 
797634505 19804 1783669234.946 1 
807634977 19805 1783669234.996 1 
817637351 19806 1783669235.046 1 
827637873 19807 1783669235.096 1 
837635368 19808 1783669235.146 1 
847633958 19809 1783669235.196 1 
857635492 19810 1783669235.246 1 
867637666 19811 1783669235.296 1 
877636672 19812 1783669235.346 1 
887637085 19813 1783669235.396 1 
897635999 19814 1783669235.446 1 
907635667 19815 1783669235.496 1 
917636922 19816 1783669235.546 1 
927636435 19817 1783669235.596 1 
937636852 19818 1783669235.646 1 
947634076 19819 1783669235.696 1 
957635733 19820 1783669235.746 1 
967652167 19821 1783669235.796 1 
977635238 19822 1783669235.846 1 
987634311 19823 1783669235.896 1 
997634835 19824 1783669235.946 1 
1007635005 19825 1783669235.996 1 
1017636377 19826 1783669236.046 1 
1027649234 19827 1783669236.096 1 
1037635607 19828 1783669236.146 1 
1047636331 19829 1783669236.196 1 
1057633681 19830 1783669236.246 1 
1067705000 19831 1783669236.296 1 
1077637443 19832 1783669236.346 1 
1087635710 19833 1783669236.396 1 
1097636543 19834 1783669236.446 1 
1107634560 19835 1783669236.496 1 
1117635375 19836 1783669236.546 1 
1127636139 19837 1783669236.596 1 
1137637816 19838 1783669236.647 1 
1147635784 19839 1783669236.696 1 
1157635276 19840 1783669236.746 1 
1167652739 19841 1783669236.796 1 
1177635294 19842 1783669236.846 1 
1187636060 19843 1783669236.896 1 
1197636152 19844 1783669236.946 1 
1207637470 19845 1783669236.996 1 
1217634271 19846 1783669237.046 1 
1227635464 19847 1783669237.096 1 
1237637466 19848 1783669237.146 1 
1247637703 19849 1783669237.196 1 
1257635064 19850 1783669237.246 1 
1267636240 19851 1783669237.296 1 
1277635934 19852 1783669237.346 1 
1287637016 19853 1783669237.396 1 
1297635485 19854 1783669237.446 1 
1307635310 19855 1783669237.496 1 
1317636285 19856 1783669237.546 1 
1327637223 19857 1783669237.596 1 
1337634635 19858 1783669237.646 1 
1347637876 19859 1783669237.696 1 
1357635953 19860 1783669237.746 1 
1367653255 19861 1783669237.796 1 
1377635432 19862 1783669237.846 1 
1387637247 19863 1783669237.896 1 
1397636131 19864 1783669237.946 1 
1407637148 19865 1783669237.996 1 
1417634391 19866 1783669238.046 1 
1427703695 19867 1783669238.096 1 
1437648572 19868 1783669238.146 1 
1447635925 19869 1783669238.196 1 
1457635332 19870 1783669238.246 1 
1467637019 19871 1783669238.296 1 
1477635834 19872 1783669238.346 1 
1487636446 19873 1783669238.396 1 
1497635959 19874 1783669238.446 1 
1507635441 19875 1783669238.496 1 
1517634988 19876 1783669238.546 1 
1527635327 19877 1783669238.596 1 
1537634122 19878 1783669238.646 1 
1547634838 19879 1783669238.696 1 
1557637587 19880 1783669238.746 1 
1567653095 19881 1783669238.796 1 
1577635298 19882 1783669238.846 1 
1587635592 19883 1783669238.896 1 
1597635271 19884 1783669238.946 1 
1607634944 19885 1783669238.996 1 
1617650504 19886 1783669239.046 1 
1627636092 19887 1783669239.096 1 
1637637733 19888 1783669239.146 1 
1647635694 19889 1783669239.196 1 
1657636072 19890 1783669239.246 1 
1667637808 19891 1783669239.296 1 
1677636286 19892 1783669239.346 1 
1687635809 19893 1783669239.396 1 
1697637355 19894 1783669239.446 1 
1707636526 19895 1783669239.496 1 
1717634564 19896 1783669239.546 1 
1727636063 19897 1783669239.596 1 
1737635589 19898 1783669239.646 1 
1747635946 19899 1783669239.696 1 
1757636288 19900 1783669239.746 1 
1767671374 19901 1783669239.796 1 
1777634209 19902 1783669239.846 1 
1787634571 19903 1783669239.896 1 
1797638101 19904 1783669239.946 1 
1807636750 19905 1783669239.996 1 
1817638023 19906 1783669240.046 1 
1827635779 19907 1783669240.096 1 
1837635467 19908 1783669240.146 1 
1847636099 19909 1783669240.196 1 
1857636412 19910 1783669240.246 1 
1867636050 19911 1783669240.296 1 
1877637927 19912 1783669240.346 1 
1887635956 19913 1783669240.396 1 
1897635740 19914 1783669240.446 1 
1907651306 19915 1783669240.496 1 
1917634167 19916 1783669240.546 1 
1927635672 19917 1783669240.596 1 
1937636634 19918 1783669240.646 1 
1947634540 19919 1783669240.696 1 
1957650152 19920 1783669240.746 1 
1967728621 19921 1783669240.796 1 
1977635250 19922 1783669240.846 1 
1987635183 19923 1783669240.896 1 
1997636959 19924 1783669240.946 1 
2007635488 19925 1783669240.996 1 
2017637124 19926 1783669241.046 1 
2027636979 19927 1783669241.096 1 
2037634601 19928 1783669241.146 1 
2047635930 19929 1783669241.196 1 
2057650259 19930 1783669241.246 1 
2067635485 19931 1783669241.296 1 
2077638432 19932 1783669241.346 1 
2087636929 19933 1783669241.396 1 
2097636333 19934 1783669241.446 1 
2107634547 19935 1783669241.496 1 
2117703581 19936 1783669241.546 1 
2127658848 19937 1783669241.596 1 
2137635592 19938 1783669241.647 1 
2147635388 19939 1783669241.696 1 
2157636162 19940 1783669241.746 1 
2167728610 19941 1783669241.796 1 
2177636430 19942 1783669241.846 1 
2187635739 19943 1783669241.896 1 
2197635289 19944 1783669241.946 1 
2207635820 19945 1783669241.996 1 
2217634485 19946 1783669242.046 1 
2227636878 19947 1783669242.096 1 
2237635162 19948 1783669242.146 1 
2247638571 19949 1783669242.196 1 
2257636012 19950 1783669242.246 1 
2267634238 19951 1783669242.296 1 
2277635999 19952 1783669242.346 1 
2287637027 19953 1783669242.396 1 
2297635501 19954 1783669242.446 1 
2307637176 19955 1783669242.496 1 
2317637612 19956 1783669242.546 1 
2327636311 19957 1783669242.596 1 
2337633473 19958 1783669242.646 1 
2347635189 19959 1783669242.696 1 
2357635048 19960 1783669242.746 1 
2367669732 19961 1783669242.796 1 
2377634405 19962 1783669242.846 1 
2387637348 19963 1783669242.896 1 
2397636113 19964 1783669242.946 1 
2407634787 19965 1783669242.996 1 
2417637321 19966 1783669243.046 1 
2427635882 19967 1783669243.096 1 
2437634893 19968 1783669243.146 1 
2447702488 19969 1783669243.196 1 
2457636514 19970 1783669243.247 1 
2467635639 19971 1783669243.296 1 
2477635400 19972 1783669243.346 1 
2487634940 19973 1783669243.396 1 
2497637150 19974 1783669243.446 1 
2507637083 19975 1783669243.496 1 
2517636837 19976 1783669243.546 1 
2527637406 19977 1783669243.596 1 
2537636742 19978 1783669243.646 1 
2547635576 19979 1783669243.696 1 
2557636391 19980 1783669243.746 1 
2567671161 19981 1783669243.796 1 
2577634978 19982 1783669243.846 1 
2587635541 19983 1783669243.896 1 
2597636928 19984 1783669243.946 1 
2607635796 19985 1783669243.996 1 
2617635076 19986 1783669244.047 1 
2627703276 19987 1783669244.096 1 
2637636631 19988 1783669244.147 1 
2647635285 19989 1783669244.196 1 
2657637376 19990 1783669244.246 1 
2667636655 19991 1783669244.296 1 
2677635575 19992 1783669244.346 1 
2687635449 19993 1783669244.396 1 
2697702483 19994 1783669244.446 1 
2707635928 19995 1783669244.496 1 
2717636953 19996 1783669244.546 1 
2727635628 19997 1783669244.596 1 
2737635317 19998 1783669244.646 1 
2747635225 19999 1783669244.696 1 
2757635261 20000 1783669244.746 1 
2767670370 20001 1783669244.796 1 
2777636579 20002 1783669244.846 1 
2787636215 20003 1783669244.896 1 
2797635676 20004 1783669244.946 1 
2807635183 20005 1783669244.996 1 
2817634748 20006 1783669245.046 1 
2827636072 20007 1783669245.096 1 
2837637451 20008 1783669245.146 1 
2847651520 20009 1783669245.196 1 
2857636093 20010 1783669245.246 1 
2867634721 20011 1783669245.296 1 
2877635905 20012 1783669245.346 1 
2887636665 20013 1783669245.396 1 
2897635894 20014 1783669245.446 1 
2907636581 20015 1783669245.496 1 
2917635529 20016 1783669245.546 1 
2927636355 20017 1783669245.596 1 
2937636258 20018 1783669245.646 1 
2947636489 20019 1783669245.696 1 
2957635767 20020 1783669245.746 1 
2967652346 20021 1783669245.796 1 
2977635408 20022 1783669245.846 1 
2987634972 20023 1783669245.896 1 
2997637807 20024 1783669245.946 1 
3007636545 20025 1783669245.996 1 
3017635867 20026 1783669246.046 1 
3027636516 20027 1783669246.096 1 
3037636860 20028 1783669246.146 1 
3047634525 20029 1783669246.196 1 
3057702978 20030 1783669246.246 1 
3067634064 20031 1783669246.297 1 
3077703211 20032 1783669246.346 1 
3087637745 20033 1783669246.397 1 
3097702226 20034 1783669246.446 1 
3107724023 20035 1783669246.497 1 
3117635094 20036 1783669246.547 1 
3127634257 20037 1783669246.596 1 
3137637736 20038 1783669246.647 1 
3147637317 20039 1783669246.696 1 
3157636526 20040 1783669246.746 1 
3167670272 20041 1783669246.796 1 
3177635430 20042 1783669246.846 1 
3187634892 20043 1783669246.896 1 
3197635908 20044 1783669246.946 1 
3207635453 20045 1783669246.996 1 
3217635407 20046 1783669247.046 1 
3227636907 20047 1783669247.096 1 
3237656894 20048 1783669247.146 1 
3247634938 20049 1783669247.196 1 
3257636775 20050 1783669247.246 1 
3267636093 20051 1783669247.296 1 
3277635940 20052 1783669247.346 1 
3287635321 20053 1783669247.396 1 
3297637839 20054 1783669247.446 1 
3307634971 20055 1783669247.496 1 
3317636200 20056 1783669247.546 1 
3327635200 20057 1783669247.596 1 
3337635310 20058 1783669247.646 1 
3347637110 20059 1783669247.696 1 
3357635737 20060 1783669247.746 1 
3367652259 20061 1783669247.796 1 
3377634472 20062 1783669247.846 1 
3387634353 20063 1783669247.896 1 
3397652592 20064 1783669247.946 1 
3407634305 20065 1783669247.996 1 
3417636702 20066 1783669248.046 1 
3427636039 20067 1783669248.096 1 
3437634949 20068 1783669248.146 1 
3447637434 20069 1783669248.196 1 
3457637021 20070 1783669248.246 1 
3467635107 20071 1783669248.296 1 
3477635888 20072 1783669248.346 1 
3487636526 20073 1783669248.396 1 
3497636789 20074 1783669248.446 1 
3507636491 20075 1783669248.496 1 
3517639224 20076 1783669248.546 1 
3527637257 20077 1783669248.596 1 
3537637088 20078 1783669248.646 1 
3547635234 20079 1783669248.696 1 
3557636984 20080 1783669248.746 1 
3567652102 20081 1783669248.797 1 
3577634559 20082 1783669248.847 1 
3587634707 20083 1783669248.896 1 
3597635391 20084 1783669248.946 1 
3607635057 20085 1783669248.996 1 
3617635658 20086 1783669249.046 1 
3627635367 20087 1783669249.096 1 
3637635866 20088 1783669249.146 1 
3647636995 20089 1783669249.197 1 
3657638485 20090 1783669249.247 1 
3667703575 20091 1783669249.297 1 
3677637215 20092 1783669249.347 1 
3687635036 20093 1783669249.397 1 
3697636366 20094 1783669249.446 1 
3707637397 20095 1783669249.497 1 
3717634603 20096 1783669249.547 1 
3727636224 20097 1783669249.597 1 
3737636595 20098 1783669249.647 1 
3747634951 20099 1783669249.697 1 
3757637492 20100 1783669249.746 1 
3767728560 20101 1783669249.797 1 
3777649944 20102 1783669249.847 1 
3787635109 20103 1783669249.897 1 
3797637805 20104 1783669249.946 1 
3807636062 20105 1783669249.997 1 
3817635528 20106 1783669250.046 1 
3827703784 20107 1783669250.096 1 
3837636094 20108 1783669250.147 1 
3847635351 20109 1783669250.196 1 
3857635129 20110 1783669250.246 1 
3867635378 20111 1783669250.296 1 
3877634486 20112 1783669250.347 1 
3887636024 20113 1783669250.396 1 
3897637092 20114 1783669250.447 1 
3907633849 20115 1783669250.496 1 
3917636234 20116 1783669250.546 1 
3927635169 20117 1783669250.596 1 
3937635708 20118 1783669250.647 1 
3947636664 20119 1783669250.696 1 
3957635804 20120 1783669250.747 1 
3967668848 20121 1783669250.796 1 
3977636573 20122 1783669250.847 1 
3987636750 20123 1783669250.897 1 
3997634948 20124 1783669250.947 1 
4007636963 20125 1783669250.996 1 
4017702570 20126 1783669251.047 1 
4027637823 20127 1783669251.097 1 
4037636955 20128 1783669251.147 1 
4047637963 20129 1783669251.196 1 
4057636224 20130 1783669251.247 1 
4067635169 20131 1783669251.296 1 
4077636341 20132 1783669251.347 1 
4087635036 20133 1783669251.396 1 
4097634327 20134 1783669251.447 1 
4107637071 20135 1783669251.496 1 
4117634508 20136 1783669251.547 1 
4127653669 20137 1783669251.596 1 
4137636874 20138 1783669251.648 1 
4147635431 20139 1783669251.696 1 
4157636634 20140 1783669251.747 1 
4167640404 20141 1783669251.796 1 
4177636665 20142 1783669251.847 1 
4187635756 20143 1783669251.897 1 
4197636382 20144 1783669251.947 1 
4207635448 20145 1783669251.996 1 
4217635472 20146 1783669252.047 1 
4227635505 20147 1783669252.097 1 
4237637815 20148 1783669252.147 1 
4247635500 20149 1783669252.196 1 
4257634589 20150 1783669252.247 1 
4267636499 20151 1783669252.297 1 
4277635219 20152 1783669252.347 1 
4287634342 20153 1783669252.396 1 
2670133 20154 1783669252.447 1 
12668765 20155 1783669252.496 1 
22668041 20156 1783669252.547 1 
32736101 20157 1783669252.596 1 
42669793 20158 1783669252.647 1 
52666777 20159 1783669252.696 1 
62667488 20160 1783669252.747 1 
72821070 20161 1783669252.797 1 
82668620 20162 1783669252.847 1 
92668104 20163 1783669252.897 1 
102668160 20164 1783669252.947 1 
112669705 20165 1783669252.996 1 
122668650 20166 1783669253.047 1 
132669811 20167 1783669253.097 1 
142666348 20168 1783669253.147 1 
152667139 20169 1783669253.196 1 
162667973 20170 1783669253.247 1 
172668099 20171 1783669253.297 1 
182668225 20172 1783669253.347 1 
192667743 20173 1783669253.396 1 
202668983 20174 1783669253.447 1 
212669903 20175 1783669253.497 1 
222669852 20176 1783669253.547 1 
232669332 20177 1783669253.597 1 
242668388 20178 1783669253.647 1 
252667569 20179 1783669253.697 1 
262668196 20180 1783669253.747 1 
272759375 20181 1783669253.797 1 
282669104 20182 1783669253.847 1 
292668432 20183 1783669253.897 1 
302670325 20184 1783669253.947 1 
312668759 20185 1783669253.997 1 
322669812 20186 1783669254.047 1 
332669230 20187 1783669254.097 1 
342667683 20188 1783669254.147 1 
352667782 20189 1783669254.197 1 
362666955 20190 1783669254.247 1 
372667057 20191 1783669254.297 1 
382669430 20192 1783669254.347 1 
392668985 20193 1783669254.397 1 
402668682 20194 1783669254.447 1 
412670682 20195 1783669254.497 1 
422688883 20196 1783669254.547 1 
432669485 20197 1783669254.597 1 
442668817 20198 1783669254.647 1 
452670429 20199 1783669254.697 1 
462668302 20200 1783669254.747 1 
472772136 20201 1783669254.797 1 
482667312 20202 1783669254.847 1 
492684135 20203 1783669254.897 1 
502669272 20204 1783669254.947 1 
512668742 20205 1783669254.997 1 
522668930 20206 1783669255.047 1 
532668331 20207 1783669255.097 1 
542682630 20208 1783669255.147 1 
552670337 20209 1783669255.197 1 
562691805 20210 1783669255.247 1 
572682743 20211 1783669255.297 1 
582668589 20212 1783669255.347 1 
592670343 20213 1783669255.397 1 
602668682 20214 1783669255.447 1 
612666832 20215 1783669255.497 1 
622668068 20216 1783669255.547 1 
632670664 20217 1783669255.597 1 
642669382 20218 1783669255.647 1 
652669308 20219 1783669255.697 1 
662667450 20220 1783669255.747 1 
672725992 20221 1783669255.797 1 
682810195 20222 1783669255.847 1 
692668803 20223 1783669255.898 1 
702669157 20224 1783669255.947 1 
712669301 20225 1783669255.997 1 
722669832 20226 1783669256.047 1 
732667711 20227 1783669256.097 1 
742668377 20228 1783669256.147 1 
752669064 20229 1783669256.197 1 
762669506 20230 1783669256.247 1 
772666708 20231 1783669256.297 1 
782735926 20232 1783669256.347 1 
792667910 20233 1783669256.397 1 
802667546 20234 1783669256.447 1 
812669888 20235 1783669256.497 1 
822670885 20236 1783669256.547 1 
832669066 20237 1783669256.597 1 
842667549 20238 1783669256.648 1 
852670482 20239 1783669256.697 1 
862668980 20240 1783669256.747 1 
872673175 20241 1783669256.797 1 
882667962 20242 1783669256.847 1 
892670020 20243 1783669256.897 1 
902669099 20244 1783669256.947 1 
912669831 20245 1783669256.997 1 
922667436 20246 1783669257.047 1 
932669652 20247 1783669257.097 1 
942667788 20248 1783669257.147 1 
952669524 20249 1783669257.197 1 
962668672 20250 1783669257.247 1 
972668812 20251 1783669257.297 1 
982668736 20252 1783669257.347 1 
992686707 20253 1783669257.397 1 
1002667091 20254 1783669257.447 1 
1012668035 20255 1783669257.497 1 
1022667856 20256 1783669257.547 1 
1032668416 20257 1783669257.597 1 
1042670504 20258 1783669257.647 1 
1052683430 20259 1783669257.697 1 
1062668123 20260 1783669257.747 1 
1072682885 20261 1783669257.797 1 
1082669865 20262 1783669257.847 1 
1092669417 20263 1783669257.897 1 
1102669099 20264 1783669257.947 1 
1112669344 20265 1783669257.997 1 
1122667537 20266 1783669258.047 1 
1132667514 20267 1783669258.097 1 
1142669717 20268 1783669258.147 1 
1152668768 20269 1783669258.197 1 
1162668507 20270 1783669258.247 1 
1172668562 20271 1783669258.297 1 
1182669600 20272 1783669258.347 1 
1192668370 20273 1783669258.397 1 
1202668139 20274 1783669258.447 1 
1212668689 20275 1783669258.497 1 
1222681621 20276 1783669258.547 1 
1232668956 20277 1783669258.597 1 
1242667104 20278 1783669258.647 1 
1252668308 20279 1783669258.697 1 
1262669633 20280 1783669258.747 1 
1272760557 20281 1783669258.797 1 
1282668968 20282 1783669258.848 1 
1292668730 20283 1783669258.897 1 
1302668562 20284 1783669258.947 1 
1312668139 20285 1783669258.997 1 
1322668146 20286 1783669259.047 1 
1332677674 20287 1783669259.097 1 
1342669286 20288 1783669259.147 1 
1352671236 20289 1783669259.197 1 
1362669140 20290 1783669259.247 1 
1372667452 20291 1783669259.297 1 
1382668369 20292 1783669259.347 1 
1392667880 20293 1783669259.397 1 
1402667792 20294 1783669259.447 1 
1412668886 20295 1783669259.497 1 
1422669151 20296 1783669259.547 1 
1432670565 20297 1783669259.597 1 
1442667747 20298 1783669259.647 1 
1452670182 20299 1783669259.697 1 
1462668984 20300 1783669259.747 1 
1472704858 20301 1783669259.797 1 
1482666994 20302 1783669259.847 1 
1492667697 20303 1783669259.897 1 
1502668033 20304 1783669259.947 1 
1512669362 20305 1783669259.997 1 
1522667946 20306 1783669260.047 1 
1532667652 20307 1783669260.097 1 
1542668477 20308 1783669260.147 1 
1552667263 20309 1783669260.197 1 
1562667302 20310 1783669260.247 1 
1572670189 20311 1783669260.297 1 
1582669706 20312 1783669260.347 1 
1592668282 20313 1783669260.397 1 
1602668328 20314 1783669260.447 1 
1612670684 20315 1783669260.497 1 
1622670148 20316 1783669260.547 1 
1632667828 20317 1783669260.597 1 
1642669633 20318 1783669260.647 1 
1652670258 20319 1783669260.697 1 
1662668567 20320 1783669260.747 1 
1672759431 20321 1783669260.797 1 
1682670513 20322 1783669260.848 1 
1692667375 20323 1783669260.897 1 
1702667676 20324 1783669260.947 1 
1712668782 20325 1783669260.997 1 
1722669223 20326 1783669261.047 1 
1732670015 20327 1783669261.097 1 
1742668283 20328 1783669261.147 1 
1752689361 20329 1783669261.197 1 
1762666658 20330 1783669261.247 1 
1772667360 20331 1783669261.297 1 
1782668946 20332 1783669261.347 1 
1792667638 20333 1783669261.397 1 
1802669718 20334 1783669261.447 1 
1812669664 20335 1783669261.497 1 
1822669912 20336 1783669261.547 1 
1832669048 20337 1783669261.597 1 
1842669643 20338 1783669261.647 1 
1852668395 20339 1783669261.697 1 
1862671377 20340 1783669261.747 1 
1872684085 20341 1783669261.797 1 
1882668121 20342 1783669261.847 1 
1892670126 20343 1783669261.898 1 
1902668713 20344 1783669261.947 1 
1912669490 20345 1783669261.997 1 
1922668070 20346 1783669262.047 1 
1932668368 20347 1783669262.097 1 
1942670143 20348 1783669262.147 1 
1952667816 20349 1783669262.197 1 
1962670265 20350 1783669262.247 1 
1972668380 20351 1783669262.297 1 
1982669857 20352 1783669262.347 1 
1992667989 20353 1783669262.397 1 
2002668537 20354 1783669262.447 1 
2012669646 20355 1783669262.497 1 
2022667401 20356 1783669262.547 1 
2032666521 20357 1783669262.597 1 
2042668663 20358 1783669262.647 1 
2052668524 20359 1783669262.697 1 
2062668686 20360 1783669262.747 1 
2072721737 20361 1783669262.797 1 
2082669965 20362 1783669262.847 1 
2092669853 20363 1783669262.897 1 
2102669108 20364 1783669262.947 1 
2112668737 20365 1783669262.997 1 
2122669582 20366 1783669263.047 1 
2132669055 20367 1783669263.097 1 
2142669156 20368 1783669263.147 1 
2152667599 20369 1783669263.197 1 
2162667919 20370 1783669263.247 1 
2172667362 20371 1783669263.297 1 
2182667790 20372 1783669263.347 1 
2192668533 20373 1783669263.397 1 
2202667528 20374 1783669263.447 1 
2212668600 20375 1783669263.497 1 
2222668879 20376 1783669263.547 1 
2232668356 20377 1783669263.597 1 
2242670129 20378 1783669263.647 1 
2252669660 20379 1783669263.697 1 
2262670871 20380 1783669263.747 1 
2272704580 20381 1783669263.797 1 
2282668761 20382 1783669263.847 1 
2292667971 20383 1783669263.897 1 
2302669625 20384 1783669263.947 1 
2312668584 20385 1783669263.997 1 
2322669278 20386 1783669264.047 1 
2332668816 20387 1783669264.097 1 
2342670664 20388 1783669264.147 1 
2352671096 20389 1783669264.197 1 
2362668512 20390 1783669264.247 1 
2372669287 20391 1783669264.297 1 
2382667685 20392 1783669264.347 1 
2392670311 20393 1783669264.397 1 
2402667460 20394 1783669264.447 1 
2412683615 20395 1783669264.497 1 
2422667461 20396 1783669264.547 1 
2432669752 20397 1783669264.597 1 
2442668845 20398 1783669264.647 1 
2452668259 20399 1783669264.697 1 
2462669418 20400 1783669264.747 1 
2472683861 20401 1783669264.797 1 
2482669323 20402 1783669264.847 1 
2492667997 20403 1783669264.897 1 
2502668753 20404 1783669264.947 1 
2512671246 20405 1783669264.997 1 
2522669378 20406 1783669265.047 1 
2532667866 20407 1783669265.097 1 
2542685713 20408 1783669265.147 1 
2552668416 20409 1783669265.197 1 
2562669172 20410 1783669265.247 1 
2572667950 20411 1783669265.297 1 
2582667547 20412 1783669265.347 1 
2592668758 20413 1783669265.397 1 
2602667924 20414 1783669265.447 1 
2612668488 20415 1783669265.497 1 
2622667366 20416 1783669265.547 1 
2632668829 20417 1783669265.597 1 
2642670635 20418 1783669265.647 1 
2652666782 20419 1783669265.697 1 
2662668918 20420 1783669265.747 1 
2672704165 20421 1783669265.797 1 
2682669136 20422 1783669265.847 1 
2692667815 20423 1783669265.898 1 
2702667747 20424 1783669265.947 1 
2712667843 20425 1783669265.997 1 
2722666769 20426 1783669266.047 1 
2732668559 20427 1783669266.097 1 
2742667239 20428 1783669266.147 1 
2752669179 20429 1783669266.197 1 
2762686481 20430 1783669266.247 1 
2772670013 20431 1783669266.297 1 
2782668128 20432 1783669266.347 1 
2792669165 20433 1783669266.397 1 
2802669182 20434 1783669266.447 1 
2812668117 20435 1783669266.497 1 
2822671211 20436 1783669266.547 1 
2832668591 20437 1783669266.597 1 
2842668091 20438 1783669266.650 1 
2852688261 20439 1783669266.697 1 
2862667969 20440 1783669266.748 1 
2872685551 20441 1783669266.797 1 
2882667054 20442 1783669266.847 1 
2892670391 20443 1783669266.897 1 
2902669919 20444 1783669266.947 1 
2912669386 20445 1783669266.997 1 
2922667710 20446 1783669267.047 1 
2932668767 20447 1783669267.097 1 
2942667044 20448 1783669267.147 1 
2952667662 20449 1783669267.197 1 
2962670484 20450 1783669267.247 1 
2972669288 20451 1783669267.297 1 
2982668617 20452 1783669267.347 1 
2992668592 20453 1783669267.397 1 
3002667907 20454 1783669267.447 1 
3012667787 20455 1783669267.497 1 
3022669253 20456 1783669267.547 1 
3032683331 20457 1783669267.597 1 
3042667660 20458 1783669267.648 1 
3052669440 20459 1783669267.697 1 
3062668656 20460 1783669267.747 1 
3072760965 20461 1783669267.797 1 
3082669322 20462 1783669267.848 1 
3092669720 20463 1783669267.898 1 
3102670087 20464 1783669267.948 1 
3112668782 20465 1783669267.997 1 
3122668512 20466 1783669268.048 1 
3132668855 20467 1783669268.097 1 
3142669408 20468 1783669268.147 1 
3152669743 20469 1783669268.197 1 
3162669366 20470 1783669268.247 1 
3172670857 20471 1783669268.297 1 
3182668690 20472 1783669268.347 1 
3192670652 20473 1783669268.397 1 
3202668019 20474 1783669268.447 1 
3212667827 20475 1783669268.497 1 
3222685353 20476 1783669268.547 1 
3232669218 20477 1783669268.597 1 
3242668971 20478 1783669268.647 1 
3252669283 20479 1783669268.697 1 
3262668427 20480 1783669268.747 1 
3272704575 20481 1783669268.797 1 
3282684388 20482 1783669268.848 1 
3292669659 20483 1783669268.898 1 
3302668816 20484 1783669268.947 1 
3312669627 20485 1783669268.997 1 
3322669510 20486 1783669269.048 1 
3332670412 20487 1783669269.097 1 
3342689253 20488 1783669269.148 1 
3352686076 20489 1783669269.198 1 
3362668826 20490 1783669269.248 1 
3372668137 20491 1783669269.297 1 
3382667134 20492 1783669269.347 1 
3392669843 20493 1783669269.397 1 
3402668131 20494 1783669269.448 1 
3412668960 20495 1783669269.497 1 
3422670899 20496 1783669269.548 1 
3432681020 20497 1783669269.597 1 
3442667607 20498 1783669269.648 1 
3452669206 20499 1783669269.697 1 
3462669203 20500 1783669269.747 1 
3472727931 20501 1783669269.797 1 
3482811697 20502 1783669269.848 1 
3492687025 20503 1783669269.898 1 
3502666373 20504 1783669269.948 1 
3512667849 20505 1783669269.997 1 
3522668634 20506 1783669270.047 1 
3532669018 20507 1783669270.097 1 
3542669794 20508 1783669270.147 1 
3552669334 20509 1783669270.197 1 
3562668311 20510 1783669270.247 1 
3572668338 20511 1783669270.297 1 
3582669692 20512 1783669270.347 1 
3592688574 20513 1783669270.397 1 
3602667777 20514 1783669270.447 1 
3612670135 20515 1783669270.497 1 
3622668763 20516 1783669270.547 1 
3632667630 20517 1783669270.597 1 
3642668376 20518 1783669270.648 1 
3652667925 20519 1783669270.698 1 
3662669089 20520 1783669270.748 1 
3672725972 20521 1783669270.797 1 
3682810966 20522 1783669270.848 1 
3692667873 20523 1783669270.898 1 
3702670194 20524 1783669270.947 1 
3712686405 20525 1783669270.997 1 
3722669659 20526 1783669271.047 1 
3732667758 20527 1783669271.097 1 
3742666818 20528 1783669271.147 1 
3752669640 20529 1783669271.197 1 
3762688424 20530 1783669271.247 1 
3772669295 20531 1783669271.297 1 
3782669742 20532 1783669271.347 1 
3792669461 20533 1783669271.397 1 
3802683777 20534 1783669271.447 1 
3812669404 20535 1783669271.498 1 
3822670020 20536 1783669271.547 1 
3832667688 20537 1783669271.597 1 
3842668308 20538 1783669271.647 1 
3852667565 20539 1783669271.697 1 
3862668327 20540 1783669271.747 1 
3872760940 20541 1783669271.797 1 
3882683814 20542 1783669271.848 1 
3892668848 20543 1783669271.898 1 
3902668602 20544 1783669271.947 1 
3912669361 20545 1783669271.997 1 
3922667301 20546 1783669272.047 1 
3932668360 20547 1783669272.097 1 
3942667226 20548 1783669272.147 1 
3952668858 20549 1783669272.197 1 
3962671100 20550 1783669272.247 1 
3972669732 20551 1783669272.297 1 
3982668005 20552 1783669272.347 1 
3992669069 20553 1783669272.397 1 
4002668086 20554 1783669272.447 1 
4012670132 20555 1783669272.497 1 
4022669261 20556 1783669272.547 1 
4032668845 20557 1783669272.597 1 
4042735883 20558 1783669272.647 1 
4052667773 20559 1783669272.698 1 
4062667798 20560 1783669272.747 1 
4072685124 20561 1783669272.797 1 
4082667496 20562 1783669272.847 1 
4092668082 20563 1783669272.898 1 
4102668866 20564 1783669272.947 1 
4112668849 20565 1783669272.997 1 
4122668774 20566 1783669273.047 1 
4132668474 20567 1783669273.097 1 
4142668988 20568 1783669273.147 1 
4152669463 20569 1783669273.197 1 
4162669160 20570 1783669273.247 1 
4172735608 20571 1783669273.297 1 
4182669600 20572 1783669273.348 1 
4192668886 20573 1783669273.397 1 
4202668661 20574 1783669273.447 1 
4212668850 20575 1783669273.497 1 
4222667489 20576 1783669273.547 1 
4232669021 20577 1783669273.597 1 
4242667681 20578 1783669273.647 1 
4252668046 20579 1783669273.697 1 
4262666364 20580 1783669273.747 1 
4272702558 20581 1783669273.798 1 
4282670293 20582 1783669273.848 1 
4292667809 20583 1783669273.898 1 
7701364 20584 1783669273.947 1 
17700850 20585 1783669273.998 1 
27701052 20586 1783669274.048 1 
37701600 20587 1783669274.098 1 
47703991 20588 1783669274.148 1 
57702134 20589 1783669274.197 1 
67699511 20590 1783669274.248 1 
77700895 20591 1783669274.297 1 
87700284 20592 1783669274.348 1 
97702832 20593 1783669274.397 1 
107703101 20594 1783669274.448 1 
117700964 20595 1783669274.497 1 
127701449 20596 1783669274.548 1 
137718639 20597 1783669274.597 1 
147701238 20598 1783669274.648 1 
157701446 20599 1783669274.698 1 
167716771 20600 1783669274.748 1 
177792362 20601 1783669274.798 1 
187699905 20602 1783669274.848 1 
197700196 20603 1783669274.898 1 
207701437 20604 1783669274.948 1 
217700904 20605 1783669274.997 1 
227702238 20606 1783669275.048 1 
237702881 20607 1783669275.098 1 
247719588 20608 1783669275.148 1 
257703100 20609 1783669275.198 1 
267699746 20610 1783669275.248 1 
277768124 20611 1783669275.298 1 
287701574 20612 1783669275.348 1 
297719053 20613 1783669275.397 1 
307702802 20614 1783669275.448 1 
317703564 20615 1783669275.498 1 
327702384 20616 1783669275.548 1 
337698497 20617 1783669275.597 1 
347703473 20618 1783669275.648 1 
357702765 20619 1783669275.698 1 
367699407 20620 1783669275.748 1 
377758259 20621 1783669275.798 1 
387843240 20622 1783669275.848 1 
397700684 20623 1783669275.898 1 
407700302 20624 1783669275.948 1 
417703146 20625 1783669275.998 1 
427700640 20626 1783669276.048 1 
437702497 20627 1783669276.098 1 
447701014 20628 1783669276.148 1 
457718173 20629 1783669276.198 1 
467699943 20630 1783669276.248 1 
477700691 20631 1783669276.298 1 
487703310 20632 1783669276.348 1 
497702875 20633 1783669276.398 1 
507720512 20634 1783669276.448 1 
517701875 20635 1783669276.498 1 
527702456 20636 1783669276.548 1 
537701695 20637 1783669276.598 1 
547702695 20638 1783669276.648 1 
557701117 20639 1783669276.699 1 
567699913 20640 1783669276.748 1 
577787627 20641 1783669276.798 1 
587844648 20642 1783669276.848 1 
597699662 20643 1783669276.898 1 
607701303 20644 1783669276.948 1 
617700311 20645 1783669276.998 1 
627701878 20646 1783669277.048 1 
637702462 20647 1783669277.098 1 
647702044 20648 1783669277.148 1 
657700154 20649 1783669277.198 1 
667699131 20650 1783669277.248 1 
677702419 20651 1783669277.298 1 
687703486 20652 1783669277.348 1 
697700706 20653 1783669277.398 1 
707702443 20654 1783669277.448 1 
717701248 20655 1783669277.498 1 
727699369 20656 1783669277.548 1 
737703522 20657 1783669277.598 1 
747702143 20658 1783669277.648 1 
757703535 20659 1783669277.698 1 
767701604 20660 1783669277.748 1 
777793829 20661 1783669277.798 1 
787699434 20662 1783669277.848 1 
797700487 20663 1783669277.898 1 
807700743 20664 1783669277.948 1 
817702808 20665 1783669277.998 1 
827701627 20666 1783669278.048 1 
837700979 20667 1783669278.098 1 
847700115 20668 1783669278.148 1 
857700203 20669 1783669278.198 1 
867700044 20670 1783669278.248 1 
877700120 20671 1783669278.298 1 
887700685 20672 1783669278.348 1 
897701594 20673 1783669278.398 1 
907701537 20674 1783669278.448 1 
917702252 20675 1783669278.498 1 
927700646 20676 1783669278.548 1 
937699868 20677 1783669278.598 1 
947701227 20678 1783669278.648 1 
957701268 20679 1783669278.698 1 
967701235 20680 1783669278.748 1 
977736857 20681 1783669278.798 1 
987700467 20682 1783669278.848 1 
997700945 20683 1783669278.898 1 
1007700723 20684 1783669278.948 1 
1017701690 20685 1783669278.998 1 
1027701230 20686 1783669279.048 1 
1037701012 20687 1783669279.098 1 
1047702170 20688 1783669279.148 1 
1057702605 20689 1783669279.198 1 
1067701921 20690 1783669279.248 1 
1077698862 20691 1783669279.298 1 
1087700244 20692 1783669279.348 1 
1097701408 20693 1783669279.398 1 
1107700467 20694 1783669279.448 1 
1117701301 20695 1783669279.498 1 
1127702029 20696 1783669279.548 1 
1137701019 20697 1783669279.598 1 
1147702257 20698 1783669279.648 1 
1157700336 20699 1783669279.698 1 
1167700002 20700 1783669279.748 1 
1177706962 20701 1783669279.798 1 
1187700356 20702 1783669279.848 1 
1197701821 20703 1783669279.898 1 
1207701008 20704 1783669279.948 1 
1217702935 20705 1783669279.998 1 
1227703084 20706 1783669280.048 1 
1237704242 20707 1783669280.098 1 
1247700630 20708 1783669280.148 1 
1257701668 20709 1783669280.198 1 
1267702094 20710 1783669280.248 1 
1277700571 20711 1783669280.298 1 
1287703119 20712 1783669280.348 1 
1297701315 20713 1783669280.398 1 
1307702060 20714 1783669280.448 1 
1317699627 20715 1783669280.498 1 
1327700391 20716 1783669280.548 1 
1337700769 20717 1783669280.598 1 
1347750948 20718 1783669280.648 1 
1357701906 20719 1783669280.698 1 
1367702330 20720 1783669280.748 1 
1377737664 20721 1783669280.798 1 
1387701739 20722 1783669280.848 1 
1397701664 20723 1783669280.898 1 
1407701119 20724 1783669280.948 1 
1417700551 20725 1783669280.998 1 
1427699489 20726 1783669281.048 1 
1437703165 20727 1783669281.098 1 
1447701641 20728 1783669281.148 1 
1457700767 20729 1783669281.198 1 
1467701245 20730 1783669281.248 1 
1477701711 20731 1783669281.298 1 
1487701586 20732 1783669281.348 1 
1497701528 20733 1783669281.398 1 
1507702008 20734 1783669281.448 1 
1517702653 20735 1783669281.498 1 
1527702803 20736 1783669281.548 1 
1537701070 20737 1783669281.598 1 
1547703030 20738 1783669281.648 1 
1557702086 20739 1783669281.700 1 
1567701796 20740 1783669281.748 1 
1577770671 20741 1783669281.798 1 
1587845231 20742 1783669281.848 1 
1597701786 20743 1783669281.899 1 
1607701244 20744 1783669281.948 1 
1617703002 20745 1783669281.998 1 
1627699517 20746 1783669282.048 1 
1637701598 20747 1783669282.098 1 
1647701381 20748 1783669282.148 1 
1657700292 20749 1783669282.198 1 
1667701170 20750 1783669282.248 1 
1677701983 20751 1783669282.298 1 
1687701774 20752 1783669282.348 1 
1697769013 20753 1783669282.398 1 
1707701267 20754 1783669282.448 1 
1717700775 20755 1783669282.498 1 
1727769101 20756 1783669282.548 1 
1737702534 20757 1783669282.598 1 
1747702141 20758 1783669282.648 1 
1757702314 20759 1783669282.698 1 
1767702735 20760 1783669282.748 1 
1777791942 20761 1783669282.798 1 
1787700060 20762 1783669282.848 1 
1797702010 20763 1783669282.898 1 
1807700552 20764 1783669282.948 1 
1817702583 20765 1783669282.998 1 
1827702419 20766 1783669283.048 1 
1837702165 20767 1783669283.098 1 
1847701938 20768 1783669283.148 1 
1857701047 20769 1783669283.198 1 
1867701637 20770 1783669283.248 1 
1877718574 20771 1783669283.298 1 
1887702554 20772 1783669283.348 1 
1897700651 20773 1783669283.398 1 
1907700550 20774 1783669283.448 1 
1917700821 20775 1783669283.498 1 
1927700880 20776 1783669283.548 1 
1937701917 20777 1783669283.598 1 
1947701334 20778 1783669283.648 1 
1957701609 20779 1783669283.698 1 
1967700790 20780 1783669283.748 1 
1977736341 20781 1783669283.798 1 
1987701063 20782 1783669283.848 1 
1997700510 20783 1783669283.898 1 
2007701053 20784 1783669283.948 1 
2017704222 20785 1783669283.998 1 
2027702913 20786 1783669284.048 1 
2037702537 20787 1783669284.098 1 
2047702452 20788 1783669284.148 1 
2057700900 20789 1783669284.198 1 
2067700550 20790 1783669284.248 1 
2077701407 20791 1783669284.298 1 
2087703959 20792 1783669284.348 1 
2097700678 20793 1783669284.398 1 
2107702010 20794 1783669284.448 1 
2117701927 20795 1783669284.498 1 
2127701857 20796 1783669284.548 1 
2137701914 20797 1783669284.598 1 
2147717399 20798 1783669284.648 1 
2157701031 20799 1783669284.698 1 
2167701114 20800 1783669284.748 1 
2177849822 20801 1783669284.798 1 
2187700690 20802 1783669284.849 1 
2197701422 20803 1783669284.898 1 
2207701721 20804 1783669284.948 1 
2217700453 20805 1783669284.998 1 
2227700048 20806 1783669285.048 1 
2237700676 20807 1783669285.098 1 
2247700323 20808 1783669285.148 1 
2257702225 20809 1783669285.198 1 
2267701601 20810 1783669285.248 1 
2277701732 20811 1783669285.298 1 
2287701265 20812 1783669285.348 1 
2297701087 20813 1783669285.398 1 
2307701655 20814 1783669285.448 1 
2317701904 20815 1783669285.498 1 
2327702500 20816 1783669285.548 1 
2337702310 20817 1783669285.598 1 
2347703017 20818 1783669285.648 1 
2357716154 20819 1783669285.698 1 
2367723702 20820 1783669285.748 1 
2377792367 20821 1783669285.798 1 
2387701276 20822 1783669285.849 1 
2397702396 20823 1783669285.898 1 
2407700139 20824 1783669285.948 1 
2417701484 20825 1783669285.998 1 
2427767526 20826 1783669286.048 1 
2437699554 20827 1783669286.098 1 
2447703237 20828 1783669286.148 1 
2457700217 20829 1783669286.198 1 
2467700815 20830 1783669286.248 1 
2477703060 20831 1783669286.298 1 
2487701593 20832 1783669286.348 1 
2497702600 20833 1783669286.398 1 
2507701899 20834 1783669286.448 1 
2517702560 20835 1783669286.498 1 
2527701786 20836 1783669286.548 1 
2537701771 20837 1783669286.598 1 
2547701216 20838 1783669286.648 1 
2557768288 20839 1783669286.700 1 
2567701434 20840 1783669286.748 1 
2577718136 20841 1783669286.798 1 
2587703267 20842 1783669286.848 1 
2597699988 20843 1783669286.898 1 
2607700145 20844 1783669286.948 1 
2617701840 20845 1783669286.998 1 
2627702033 20846 1783669287.048 1 
2637701994 20847 1783669287.098 1 
2647699787 20848 1783669287.148 1 
2657700383 20849 1783669287.198 1 
2667702212 20850 1783669287.248 1 
2677702090 20851 1783669287.298 1 
2687699729 20852 1783669287.348 1 
2697701295 20853 1783669287.398 1 
2707702518 20854 1783669287.448 1 
2717722045 20855 1783669287.498 1 
2727701381 20856 1783669287.548 1 
2737700487 20857 1783669287.598 1 
2747700980 20858 1783669287.648 1 
2757700867 20859 1783669287.698 1 
2767701719 20860 1783669287.748 1 
2777717207 20861 1783669287.798 1 
2787702115 20862 1783669287.848 1 
2797700907 20863 1783669287.898 1 
2807699979 20864 1783669287.948 1 
2817704225 20865 1783669287.998 1 
2827701471 20866 1783669288.048 1 
2837702059 20867 1783669288.098 1 
2847701783 20868 1783669288.148 1 
2857700524 20869 1783669288.198 1 
2867702629 20870 1783669288.248 1 
2877701067 20871 1783669288.298 1 
2887702468 20872 1783669288.348 1 
2897702350 20873 1783669288.398 1 
2907703548 20874 1783669288.448 1 
2917701287 20875 1783669288.498 1 
2927701354 20876 1783669288.548 1 
2937702260 20877 1783669288.598 1 
2947703970 20878 1783669288.648 1 
2957701489 20879 1783669288.698 1 
2967701412 20880 1783669288.748 1 
2977793967 20881 1783669288.798 1 
2987702408 20882 1783669288.849 1 
2997700615 20883 1783669288.898 1 
3007701242 20884 1783669288.948 1 
3017701117 20885 1783669288.998 1 
3027700020 20886 1783669289.048 1 
3037701372 20887 1783669289.098 1 
3047700161 20888 1783669289.148 1 
3057701005 20889 1783669289.198 1 
3067699934 20890 1783669289.248 1 
3077701680 20891 1783669289.298 1 
3087702539 20892 1783669289.348 1 
3097701823 20893 1783669289.398 1 
3107701857 20894 1783669289.448 1 
3117702757 20895 1783669289.498 1 
3127701936 20896 1783669289.548 1 
3137700877 20897 1783669289.598 1 
3147701516 20898 1783669289.648 1 
3157701245 20899 1783669289.698 1 
3167700850 20900 1783669289.748 1 
3177759335 20901 1783669289.798 1 
3187845901 20902 1783669289.848 1 
3197702005 20903 1783669289.899 1 
3207700940 20904 1783669289.948 1 
3217701930 20905 1783669289.998 1 
3227701030 20906 1783669290.048 1 
3237702902 20907 1783669290.098 1 
3247701103 20908 1783669290.148 1 
3257702640 20909 1783669290.198 1 
3267700554 20910 1783669290.248 1 
3277700440 20911 1783669290.298 1 
3287701859 20912 1783669290.348 1 
3297699637 20913 1783669290.398 1 
3307699858 20914 1783669290.448 1 
3317700990 20915 1783669290.498 1 
3327701959 20916 1783669290.548 1 
3337701703 20917 1783669290.598 1 
3347701044 20918 1783669290.648 1 
3357701251 20919 1783669290.698 1 
3367702811 20920 1783669290.748 1 
3377851910 20921 1783669290.798 1 
3387701383 20922 1783669290.849 1 
3397702519 20923 1783669290.898 1 
3407700428 20924 1783669290.948 1 
3417702881 20925 1783669290.998 1 
3427701530 20926 1783669291.048 1 
3437715425 20927 1783669291.098 1 
3447714037 20928 1783669291.148 1 
3457700098 20929 1783669291.198 1 
3467701258 20930 1783669291.248 1 
3477702566 20931 1783669291.298 1 
3487702886 20932 1783669291.348 1 
3497769264 20933 1783669291.398 1 
3507700242 20934 1783669291.449 1 
3517702813 20935 1783669291.498 1 
3527700296 20936 1783669291.548 1 
3537702760 20937 1783669291.598 1 
3547719454 20938 1783669291.648 1 
3557700622 20939 1783669291.701 1 
3567701687 20940 1783669291.748 1 
3577718962 20941 1783669291.798 1 
3587702740 20942 1783669291.848 1 
3597701555 20943 1783669291.898 1 
3607700888 20944 1783669291.948 1 
3617701029 20945 1783669291.998 1 
3627701554 20946 1783669292.048 1 
3637700761 20947 1783669292.098 1 
3647701720 20948 1783669292.148 1 
3657703105 20949 1783669292.198 1 
3667701306 20950 1783669292.248 1 
3677701362 20951 1783669292.298 1 
3687700679 20952 1783669292.348 1 
3697701523 20953 1783669292.398 1 
3707717726 20954 1783669292.448 1 
3717700831 20955 1783669292.498 1 
3727701594 20956 1783669292.548 1 
3737701152 20957 1783669292.598 1 
3747700940 20958 1783669292.648 1 
3757701990 20959 1783669292.698 1 
3767721931 20960 1783669292.748 1 
3777734280 20961 1783669292.798 1 
3787723312 20962 1783669292.849 1 
3797701497 20963 1783669292.899 1 
3807703229 20964 1783669292.948 1 
3817701780 20965 1783669292.998 1 
3827701406 20966 1783669293.048 1 
3837701999 20967 1783669293.098 1 
3847701418 20968 1783669293.148 1 
3857702286 20969 1783669293.198 1 
3867714054 20970 1783669293.249 1 
3877702705 20971 1783669293.299 1 
3887700712 20972 1783669293.348 1 
3897700464 20973 1783669293.398 1 
3907702894 20974 1783669293.448 1 
3917700877 20975 1783669293.498 1 
3927702040 20976 1783669293.548 1 
3937701778 20977 1783669293.598 1 
3947700888 20978 1783669293.648 1 
3957701681 20979 1783669293.698 1 
3967702829 20980 1783669293.748 1 
3977770367 20981 1783669293.798 1 
3987844230 20982 1783669293.849 1 
3997701910 20983 1783669293.899 1 
4007700515 20984 1783669293.948 1 
4017702252 20985 1783669293.998 1 
4027699511 20986 1783669294.048 1 
4037702287 20987 1783669294.099 1 
4047702326 20988 1783669294.148 1 
4057700926 20989 1783669294.199 1 
4067701196 20990 1783669294.248 1 
4077703468 20991 1783669294.299 1 
4087700429 20992 1783669294.348 1 
4097701102 20993 1783669294.399 1 
4107701003 20994 1783669294.448 1 
4117700272 20995 1783669294.498 1 
4127701632 20996 1783669294.548 1 
4137700048 20997 1783669294.599 1 
4147701372 20998 1783669294.648 1 
4157701439 20999 1783669294.698 1 
4167699559 21000 1783669294.748 1 
4177706337 21001 1783669294.798 1 
4187701726 21002 1783669294.848 1 
4197702408 21003 1783669294.899 1 
4207700287 21004 1783669294.948 1 
4217702928 21005 1783669294.999 1 
4227701770 21006 1783669295.048 1 
4237700365 21007 1783669295.099 1 
4247700900 21008 1783669295.148 1 
4257702333 21009 1783669295.199 1 
4267701041 21010 1783669295.248 1 
4277700833 21011 1783669295.299 1 
4287701780 21012 1783669295.348 1 
2733256 21013 1783669295.399 1 
12734121 21014 1783669295.448 1 
22737615 21015 1783669295.499 1 
32734803 21016 1783669295.548 1 
42736046 21017 1783669295.599 1 
52734063 21018 1783669295.649 1 
62734030 21019 1783669295.699 1 
72734871 21020 1783669295.748 1 
82825813 21021 1783669295.799 1 
92734030 21022 1783669295.849 1 
102734817 21023 1783669295.899 1 
112734658 21024 1783669295.948 1 
122734548 21025 1783669295.999 1 
132734201 21026 1783669296.049 1 
142735130 21027 1783669296.099 1 
152734483 21028 1783669296.148 1 
162733197 21029 1783669296.198 1 
172733826 21030 1783669296.248 1 
182733341 21031 1783669296.299 1 
192735265 21032 1783669296.348 1 
202734831 21033 1783669296.399 1 
212733939 21034 1783669296.448 1 
222733415 21035 1783669296.499 1 
232734463 21036 1783669296.548 1 
242734770 21037 1783669296.599 1 
252734982 21038 1783669296.648 1 
262733525 21039 1783669296.700 1 
272734061 21040 1783669296.749 1 
282769279 21041 1783669296.799 1 
292735730 21042 1783669296.849 1 
302733189 21043 1783669296.899 1 
312800518 21044 1783669296.948 1 
322732374 21045 1783669296.999 1 
332733007 21046 1783669297.048 1 
342733806 21047 1783669297.099 1 
352749191 21048 1783669297.149 1 
362735413 21049 1783669297.199 1 
372734577 21050 1783669297.248 1 
382734351 21051 1783669297.299 1 
392735520 21052 1783669297.349 1 
402733736 21053 1783669297.399 1 
412733775 21054 1783669297.449 1 
422733031 21055 1783669297.499 1 
432734765 21056 1783669297.549 1 
442735562 21057 1783669297.599 1 
452734566 21058 1783669297.649 1 
462733263 21059 1783669297.699 1 
472732618 21060 1783669297.749 1 
482749634 21061 1783669297.799 1 
492734473 21062 1783669297.849 1 
502734851 21063 1783669297.899 1 
512735226 21064 1783669297.949 1 
522734435 21065 1783669297.999 1 
532732819 21066 1783669298.049 1 
542733446 21067 1783669298.099 1 
552732817 21068 1783669298.149 1 
562733826 21069 1783669298.199 1 
572734901 21070 1783669298.249 1 
582733017 21071 1783669298.299 1 
592731976 21072 1783669298.349 1 
602733567 21073 1783669298.399 1 
612734378 21074 1783669298.449 1 
622733750 21075 1783669298.499 1 
632732712 21076 1783669298.549 1 
642733582 21077 1783669298.599 1 
652733961 21078 1783669298.649 1 
662734964 21079 1783669298.699 1 
672734445 21080 1783669298.749 1 
682769503 21081 1783669298.799 1 
692734531 21082 1783669298.849 1 
702750507 21083 1783669298.899 1 
712734291 21084 1783669298.949 1 
722734510 21085 1783669298.999 1 
732735175 21086 1783669299.049 1 
742733325 21087 1783669299.099 1 
752733297 21088 1783669299.149 1 
762734426 21089 1783669299.199 1 
772736316 21090 1783669299.249 1 
782733373 21091 1783669299.299 1 
792751875 21092 1783669299.349 1 
802733006 21093 1783669299.399 1 
812733741 21094 1783669299.449 1 
822733499 21095 1783669299.499 1 
832733931 21096 1783669299.549 1 
842733029 21097 1783669299.599 1 
852734207 21098 1783669299.649 1 
862745628 21099 1783669299.699 1 
872736042 21100 1783669299.749 1 
882826215 21101 1783669299.799 1 
892734156 21102 1783669299.849 1 
902735757 21103 1783669299.899 1 
912734101 21104 1783669299.949 1 
922733099 21105 1783669299.999 1 
932734836 21106 1783669300.049 1 
942735613 21107 1783669300.099 1 
952732767 21108 1783669300.149 1 
962733680 21109 1783669300.199 1 
972735046 21110 1783669300.249 1 
982802587 21111 1783669300.299 1 
992733795 21112 1783669300.349 1 
1002736423 21113 1783669300.399 1 
1012736043 21114 1783669300.449 1 
1022734067 21115 1783669300.499 1 
1032734661 21116 1783669300.549 1 
1042735287 21117 1783669300.599 1 
1052733207 21118 1783669300.649 1 
1062734721 21119 1783669300.699 1 
1072734640 21120 1783669300.749 1 
1082824978 21121 1783669300.799 1 
1092733999 21122 1783669300.849 1 
1102733219 21123 1783669300.899 1 
1112735934 21124 1783669300.949 1 
1122735265 21125 1783669300.999 1 
1132734003 21126 1783669301.049 1 
1142734290 21127 1783669301.099 1 
1152734304 21128 1783669301.149 1 
1162735879 21129 1783669301.199 1 
1172732906 21130 1783669301.249 1 
1182754160 21131 1783669301.299 1 
1192753313 21132 1783669301.349 1 
1202734480 21133 1783669301.399 1 
1212733556 21134 1783669301.449 1 
1222801395 21135 1783669301.499 1 
1232735880 21136 1783669301.549 1 
1242735217 21137 1783669301.599 1 
1252735644 21138 1783669301.649 1 
1262734341 21139 1783669301.701 1 
1272734830 21140 1783669301.749 1 
1282824770 21141 1783669301.799 1 
1292733865 21142 1783669301.849 1 
1302732767 21143 1783669301.899 1 
1312735066 21144 1783669301.949 1 
1322752275 21145 1783669301.999 1 
1332734583 21146 1783669302.049 1 
1342734700 21147 1783669302.099 1 
1352733486 21148 1783669302.149 1 
1362800599 21149 1783669302.199 1 
1372733940 21150 1783669302.249 1 
1382732450 21151 1783669302.299 1 
1392800178 21152 1783669302.349 1 
1402748884 21153 1783669302.399 1 
1412751538 21154 1783669302.449 1 
1422734468 21155 1783669302.499 1 
1432734694 21156 1783669302.549 1 
1442732916 21157 1783669302.599 1 
1452734840 21158 1783669302.649 1 
1462733660 21159 1783669302.699 1 
1472734251 21160 1783669302.749 1 
1482769450 21161 1783669302.799 1 
1492734818 21162 1783669302.849 1 
1502735157 21163 1783669302.899 1 
1512734179 21164 1783669302.949 1 
1522734814 21165 1783669302.999 1 
1532735028 21166 1783669303.049 1 
1542735653 21167 1783669303.099 1 
1552734425 21168 1783669303.149 1 
1562734952 21169 1783669303.199 1 
1572733588 21170 1783669303.249 1 
1582800557 21171 1783669303.299 1 
1592734600 21172 1783669303.349 1 
1602733947 21173 1783669303.399 1 
1612734901 21174 1783669303.450 1 
1622734338 21175 1783669303.499 1 
1632733765 21176 1783669303.548 1 
1642733241 21177 1783669303.599 1 
1652800864 21178 1783669303.649 1 
1662735128 21179 1783669303.699 1 
1672733971 21180 1783669303.749 1 
1682770115 21181 1783669303.799 1 
1692733937 21182 1783669303.849 1 
1702735111 21183 1783669303.899 1 
1712733319 21184 1783669303.949 1 
1722732898 21185 1783669303.999 1 
1732733967 21186 1783669304.049 1 
1742750636 21187 1783669304.099 1 
1752731939 21188 1783669304.149 1 
1762734272 21189 1783669304.199 1 
1772734937 21190 1783669304.249 1 
1782734012 21191 1783669304.299 1 
1792734963 21192 1783669304.349 1 
1802734462 21193 1783669304.399 1 
1812735852 21194 1783669304.449 1 
1822734083 21195 1783669304.499 1 
1832733175 21196 1783669304.549 1 
1842734868 21197 1783669304.599 1 
1852800203 21198 1783669304.649 1 
1862734450 21199 1783669304.699 1 
1872732455 21200 1783669304.749 1 
1882792167 21201 1783669304.799 1 
1892877418 21202 1783669304.849 1 
1902733519 21203 1783669304.900 1 
1912734054 21204 1783669304.949 1 
1922750836 21205 1783669304.999 1 
1932736312 21206 1783669305.049 1 
1942733240 21207 1783669305.099 1 
1952750166 21208 1783669305.149 1 
1962734020 21209 1783669305.199 1 
1972733331 21210 1783669305.249 1 
1982735312 21211 1783669305.299 1 
1992733617 21212 1783669305.349 1 
2002734337 21213 1783669305.399 1 
2012735275 21214 1783669305.449 1 
2022731849 21215 1783669305.499 1 
2032800998 21216 1783669305.549 1 
2042735813 21217 1783669305.599 1 
2052734111 21218 1783669305.649 1 
2062733137 21219 1783669305.700 1 
2072733044 21220 1783669305.750 1 
2082768540 21221 1783669305.799 1 
2092733265 21222 1783669305.849 1 
2102732279 21223 1783669305.899 1 
2112735344 21224 1783669305.949 1 
2122735398 21225 1783669305.999 1 
2132732380 21226 1783669306.049 1 
2142734096 21227 1783669306.099 1 
2152732665 21228 1783669306.149 1 
2162732466 21229 1783669306.199 1 
2172734261 21230 1783669306.249 1 
2182733718 21231 1783669306.299 1 
2192733889 21232 1783669306.349 1 
2202731848 21233 1783669306.399 1 
2212733581 21234 1783669306.449 1 
2222734825 21235 1783669306.499 1 
2232734092 21236 1783669306.549 1 
2242743673 21237 1783669306.599 1 
2252734887 21238 1783669306.649 1 
2262735204 21239 1783669306.701 1 
2272734143 21240 1783669306.749 1 
2282803926 21241 1783669306.799 1 
2292876984 21242 1783669306.849 1 
2302734303 21243 1783669306.900 1 
2312731760 21244 1783669306.949 1 
2322733329 21245 1783669306.999 1 
2332733616 21246 1783669307.049 1 
2342733027 21247 1783669307.099 1 
2352734614 21248 1783669307.149 1 
2362733849 21249 1783669307.199 1 
2372735673 21250 1783669307.249 1 
2382732801 21251 1783669307.299 1 
2392734626 21252 1783669307.348 1 
2402734403 21253 1783669307.398 1 
2412733878 21254 1783669307.448 1 
2422733417 21255 1783669307.498 1 
