336013266 1 1783593647.979 1 
345933769 2 1783593648.101 1 
355933934 3 1783593648.151 1 
365932378 4 1783593648.201 1 
375933086 5 1783593648.251 1 
385931985 6 1783593648.301 1 
395932280 7 1783593648.351 1 
405934544 8 1783593648.401 1 
415933476 9 1783593648.451 1 
425941773 10 1783593648.501 1 
435933090 11 1783593648.552 1 
445933054 12 1783593648.602 1 
455934350 13 1783593648.652 1 
465933876 14 1783593648.701 1 
475932417 15 1783593648.752 1 
485933277 16 1783593648.801 1 
495933640 17 1783593648.852 1 
505932804 18 1783593648.902 1 
515933453 19 1783593648.952 1 
525932793 20 1783593649.002 1 
535944649 21 1783593649.052 1 
545934142 22 1783593649.102 1 
555933654 23 1783593649.152 1 
565932940 24 1783593649.202 1 
575934388 25 1783593649.252 1 
585933849 26 1783593649.302 1 
595933660 27 1783593649.352 1 
605985659 28 1783593649.402 1 
616076076 29 1783593649.452 1 
625931905 30 1783593649.502 1 
635985749 31 1783593649.552 1 
646075972 32 1783593649.602 1 
655932830 33 1783593649.652 1 
665933651 34 1783593649.702 1 
675934112 35 1783593649.752 1 
685951310 36 1783593649.802 1 
695932786 37 1783593649.852 1 
705933618 38 1783593649.902 1 
715933686 39 1783593649.952 1 
725933565 40 1783593650.002 1 
736118065 41 1783593650.052 1 
746077147 42 1783593650.103 1 
755932985 43 1783593650.152 1 
765933532 44 1783593650.202 1 
775932205 45 1783593650.252 1 
785932592 46 1783593650.302 1 
795932989 47 1783593650.352 1 
805933750 48 1783593650.402 1 
815932910 49 1783593650.452 1 
825934404 50 1783593650.502 1 
835933072 51 1783593650.552 1 
845932862 52 1783593650.602 1 
855932938 53 1783593650.652 1 
865932902 54 1783593650.702 1 
875933649 55 1783593650.752 1 
885933757 56 1783593650.802 1 
895931890 57 1783593650.852 1 
905933314 58 1783593650.902 1 
915933253 59 1783593650.952 1 
925932219 60 1783593651.002 1 
935944601 61 1783593651.052 1 
945933233 62 1783593651.102 1 
955934499 63 1783593651.152 1 
965933765 64 1783593651.202 1 
975935282 65 1783593651.252 1 
985934367 66 1783593651.302 1 
995933564 67 1783593651.353 1 
1005933448 68 1783593651.402 1 
1015933107 69 1783593651.452 1 
1025932723 70 1783593651.502 1 
1035932602 71 1783593651.552 1 
1045933011 72 1783593651.602 1 
1055933614 73 1783593651.652 1 
1065933079 74 1783593651.702 1 
1075932121 75 1783593651.753 1 
1085933206 76 1783593651.802 1 
1095932756 77 1783593651.853 1 
1105932397 78 1783593651.903 1 
1115934091 79 1783593651.953 1 
1125933561 80 1783593652.002 1 
1135938370 81 1783593652.053 1 
1145933489 82 1783593652.103 1 
1155933357 83 1783593652.152 1 
1165932358 84 1783593652.203 1 
1175933791 85 1783593652.252 1 
1185986372 86 1783593652.303 1 
1196075899 87 1783593652.353 1 
1205933785 88 1783593652.403 1 
1215932090 89 1783593652.453 1 
1225933480 90 1783593652.502 1 
1235933147 91 1783593652.553 1 
1245986395 92 1783593652.603 1 
1256078344 93 1783593652.652 1 
1265933903 94 1783593652.703 1 
1275934221 95 1783593652.752 1 
1285933066 96 1783593652.802 1 
1295932833 97 1783593652.852 1 
1305933567 98 1783593652.902 1 
1315933396 99 1783593652.952 1 
1325934778 100 1783593653.005 1 
1336118687 101 1783593653.052 1 
1346076999 102 1783593653.103 1 
1355935013 103 1783593653.153 1 
1365985177 104 1783593653.202 1 
1376077144 105 1783593653.252 1 
1385933574 106 1783593653.303 1 
1395934771 107 1783593653.352 1 
1405933170 108 1783593653.402 1 
1415933463 109 1783593653.452 1 
1425933253 110 1783593653.502 1 
1435933141 111 1783593653.552 1 
1445988264 112 1783593653.602 1 
1456076174 113 1783593653.652 1 
1465934040 114 1783593653.703 1 
1475933026 115 1783593653.752 1 
1485933489 116 1783593653.802 1 
1495933514 117 1783593653.852 1 
1505933235 118 1783593653.902 1 
1515934357 119 1783593653.952 1 
1525932969 120 1783593654.002 1 
1535946253 121 1783593654.052 1 
1545985977 122 1783593654.102 1 
1556077590 123 1783593654.152 1 
1565932731 124 1783593654.203 1 
1575985363 125 1783593654.252 1 
1586076260 126 1783593654.302 1 
1595932849 127 1783593654.352 1 
1605931970 128 1783593654.402 1 
1615933467 129 1783593654.452 1 
1625933333 130 1783593654.502 1 
1635933678 131 1783593654.552 1 
1645933591 132 1783593654.602 1 
1655951353 133 1783593654.652 1 
1665933735 134 1783593654.702 1 
1675932518 135 1783593654.752 1 
1685934042 136 1783593654.802 1 
1695933973 137 1783593654.852 1 
1705950217 138 1783593654.902 1 
1715932695 139 1783593654.952 1 
1725932810 140 1783593655.002 1 
1735939027 141 1783593655.052 1 
1745933799 142 1783593655.102 1 
1755932876 143 1783593655.152 1 
1765933998 144 1783593655.202 1 
1775932907 145 1783593655.252 1 
1785933473 146 1783593655.302 1 
1795932579 147 1783593655.352 1 
1805933390 148 1783593655.402 1 
1815933242 149 1783593655.452 1 
1825933070 150 1783593655.502 1 
1835933586 151 1783593655.552 1 
1845932992 152 1783593655.602 1 
1855933603 153 1783593655.652 1 
1865933950 154 1783593655.702 1 
1875933268 155 1783593655.752 1 
1885931859 156 1783593655.802 1 
1895951495 157 1783593655.852 1 
1905932787 158 1783593655.902 1 
1915933020 159 1783593655.952 1 
1925933444 160 1783593656.002 1 
1936031122 161 1783593656.052 1 
1945932915 162 1783593656.102 1 
1955933894 163 1783593656.152 1 
1965933365 164 1783593656.202 1 
1975933719 165 1783593656.252 1 
1985933353 166 1783593656.302 1 
1995933711 167 1783593656.352 1 
2005985645 168 1783593656.402 1 
2016076655 169 1783593656.452 1 
2025933657 170 1783593656.503 1 
2035933593 171 1783593656.552 1 
2045932863 172 1783593656.602 1 
2055949629 173 1783593656.652 1 
2065933258 174 1783593656.702 1 
2075985941 175 1783593656.752 1 
2086099007 176 1783593656.802 1 
2095932886 177 1783593656.853 1 
2105933344 178 1783593656.902 1 
2115933587 179 1783593656.952 1 
2125933533 180 1783593657.002 1 
2136030139 181 1783593657.052 1 
2145933153 182 1783593657.102 1 
2155933391 183 1783593657.152 1 
2165932828 184 1783593657.202 1 
2175933561 185 1783593657.252 1 
2185934349 186 1783593657.302 1 
2195933104 187 1783593657.352 1 
2205933285 188 1783593657.402 1 
2215933339 189 1783593657.452 1 
2225933461 190 1783593657.502 1 
2235933763 191 1783593657.552 1 
2245933817 192 1783593657.602 1 
2255932529 193 1783593657.652 1 
2265932796 194 1783593657.703 1 
2275933203 195 1783593657.753 1 
2285933647 196 1783593657.803 1 
2295934816 197 1783593657.853 1 
2305933832 198 1783593657.903 1 
2315933159 199 1783593657.953 1 
2325986141 200 1783593658.005 1 
2336017810 201 1783593658.053 1 
2345932337 202 1783593658.103 1 
2355933916 203 1783593658.153 1 
2365985862 204 1783593658.203 1 
2376076350 205 1783593658.253 1 
2385986418 206 1783593658.304 1 
2396075943 207 1783593658.353 1 
2405951737 208 1783593658.404 1 
2415933098 209 1783593658.453 1 
2425932322 210 1783593658.503 1 
2435933233 211 1783593658.553 1 
2445932859 212 1783593658.603 1 
2455950494 213 1783593658.653 1 
2465934094 214 1783593658.703 1 
2475934948 215 1783593658.753 1 
2485933243 216 1783593658.803 1 
2495933656 217 1783593658.853 1 
2505933966 218 1783593658.903 1 
2515933930 219 1783593658.953 1 
2525932757 220 1783593659.003 1 
2536030853 221 1783593659.053 1 
2545933676 222 1783593659.104 1 
2555933076 223 1783593659.153 1 
2565933600 224 1783593659.203 1 
2575934205 225 1783593659.253 1 
2585933994 226 1783593659.303 1 
2595934229 227 1783593659.353 1 
2605934207 228 1783593659.403 1 
2615933065 229 1783593659.453 1 
2625933570 230 1783593659.503 1 
2635933462 231 1783593659.553 1 
2645952238 232 1783593659.603 1 
2655932980 233 1783593659.653 1 
2665933326 234 1783593659.703 1 
2675933683 235 1783593659.753 1 
2685947767 236 1783593659.803 1 
2695932837 237 1783593659.853 1 
2705933440 238 1783593659.903 1 
2715950685 239 1783593659.953 1 
2725933073 240 1783593660.003 1 
2735937658 241 1783593660.053 1 
2745933220 242 1783593660.103 1 
2755933006 243 1783593660.153 1 
2765932783 244 1783593660.203 1 
2775933459 245 1783593660.253 1 
2785933275 246 1783593660.303 1 
2795932704 247 1783593660.353 1 
2805933216 248 1783593660.403 1 
2815985703 249 1783593660.453 1 
2826076033 250 1783593660.503 1 
2835932121 251 1783593660.554 1 
2845933017 252 1783593660.603 1 
2855932318 253 1783593660.653 1 
2865932371 254 1783593660.703 1 
2875933243 255 1783593660.753 1 
2885933602 256 1783593660.803 1 
2895932587 257 1783593660.853 1 
2905932556 258 1783593660.903 1 
2915932884 259 1783593660.953 1 
2925933764 260 1783593661.003 1 
2935937893 261 1783593661.053 1 
2945934527 262 1783593661.103 1 
2955932969 263 1783593661.153 1 
2965933682 264 1783593661.203 1 
2975933808 265 1783593661.253 1 
2985934055 266 1783593661.303 1 
2995933614 267 1783593661.353 1 
3005932820 268 1783593661.403 1 
3015934183 269 1783593661.453 1 
3025932411 270 1783593661.503 1 
3035933457 271 1783593661.553 1 
3045935497 272 1783593661.603 1 
3055985255 273 1783593661.653 1 
3066075512 274 1783593661.703 1 
3075933091 275 1783593661.754 1 
3085934563 276 1783593661.803 1 
3095933766 277 1783593661.853 1 
3105932967 278 1783593661.903 1 
3115933956 279 1783593661.953 1 
3125934071 280 1783593662.003 1 
3136083201 281 1783593662.053 1 
3145933028 282 1783593662.104 1 
3155932620 283 1783593662.153 1 
3165933682 284 1783593662.203 1 
3175933174 285 1783593662.253 1 
3185934572 286 1783593662.303 1 
3195932726 287 1783593662.353 1 
3205932835 288 1783593662.403 1 
3215934458 289 1783593662.453 1 
3225932941 290 1783593662.503 1 
3235933322 291 1783593662.553 1 
3245934627 292 1783593662.603 1 
3255933195 293 1783593662.653 1 
3265984838 294 1783593662.703 1 
3276077601 295 1783593662.753 1 
3285950302 296 1783593662.804 1 
3295985788 297 1783593662.853 1 
3306076080 298 1783593662.903 1 
3315986747 299 1783593662.954 1 
3326077048 300 1783593663.005 1 
3336068913 301 1783593663.054 1 
3345933275 302 1783593663.104 1 
3355934401 303 1783593663.153 1 
3365933683 304 1783593663.203 1 
3375951011 305 1783593663.253 1 
3385933013 306 1783593663.303 1 
3395933644 307 1783593663.353 1 
3405933937 308 1783593663.403 1 
3415933392 309 1783593663.453 1 
3425932754 310 1783593663.503 1 
3435934134 311 1783593663.553 1 
3445935425 312 1783593663.603 1 
3455932867 313 1783593663.653 1 
3465932634 314 1783593663.703 1 
3475933935 315 1783593663.753 1 
3485934184 316 1783593663.803 1 
3495933334 317 1783593663.853 1 
3505933386 318 1783593663.903 1 
3515933181 319 1783593663.953 1 
3525984486 320 1783593664.003 1 
3536017914 321 1783593664.053 1 
3545932862 322 1783593664.103 1 
3555933773 323 1783593664.153 1 
3565933722 324 1783593664.203 1 
3575934517 325 1783593664.253 1 
3585933462 326 1783593664.303 1 
3595931400 327 1783593664.353 1 
3605933256 328 1783593664.403 1 
3615932624 329 1783593664.453 1 
3625933633 330 1783593664.503 1 
3635934072 331 1783593664.553 1 
3645932670 332 1783593664.603 1 
3655932491 333 1783593664.653 1 
3665932871 334 1783593664.703 1 
3675934029 335 1783593664.753 1 
3685933753 336 1783593664.803 1 
3695933406 337 1783593664.853 1 
3705933488 338 1783593664.903 1 
3715933921 339 1783593664.953 1 
3725933189 340 1783593665.003 1 
3735939245 341 1783593665.053 1 
3745933713 342 1783593665.103 1 
3755932927 343 1783593665.153 1 
3765933730 344 1783593665.203 1 
3775932828 345 1783593665.253 1 
3785933212 346 1783593665.303 1 
3795931854 347 1783593665.353 1 
3805933508 348 1783593665.403 1 
3815932909 349 1783593665.453 1 
3825932657 350 1783593665.503 1 
3835932961 351 1783593665.553 1 
3845986125 352 1783593665.603 1 
3856077618 353 1783593665.653 1 
3865932242 354 1783593665.704 1 
3875933719 355 1783593665.753 1 
3885934194 356 1783593665.803 1 
3895933559 357 1783593665.853 1 
3905933417 358 1783593665.903 1 
3915933922 359 1783593665.953 1 
3925932827 360 1783593666.003 1 
3935946083 361 1783593666.053 1 
3945932936 362 1783593666.103 1 
3955933503 363 1783593666.153 1 
3965933633 364 1783593666.203 1 
3975931542 365 1783593666.253 1 
3985934483 366 1783593666.303 1 
3995933403 367 1783593666.353 1 
4005934642 368 1783593666.403 1 
4015933097 369 1783593666.453 1 
4025933585 370 1783593666.503 1 
4035934301 371 1783593666.553 1 
4045932153 372 1783593666.603 1 
4055933193 373 1783593666.653 1 
4065931900 374 1783593666.703 1 
4075934016 375 1783593666.753 1 
4085933518 376 1783593666.803 1 
4095933156 377 1783593666.853 1 
4105932548 378 1783593666.903 1 
4115933271 379 1783593666.953 1 
4125933942 380 1783593667.003 1 
4136082049 381 1783593667.053 1 
4145951466 382 1783593667.104 1 
4155930995 383 1783593667.153 1 
4165933045 384 1783593667.203 1 
4175933156 385 1783593667.253 1 
4185932478 386 1783593667.303 1 
4195934588 387 1783593667.353 1 
4205933653 388 1783593667.403 1 
4215932553 389 1783593667.453 1 
4225932716 390 1783593667.503 1 
4235932910 391 1783593667.553 1 
4245933322 392 1783593667.603 1 
4255933475 393 1783593667.653 1 
4265933716 394 1783593667.703 1 
4275950848 395 1783593667.753 1 
4285932923 396 1783593667.803 1 
967407 397 1783593667.853 1 
10964933 398 1783593667.903 1 
20966032 399 1783593667.953 1 
30965533 400 1783593668.003 1 
41115501 401 1783593668.090 1 
50965227 402 1783593668.104 1 
60965883 403 1783593668.153 1 
70966701 404 1783593668.203 1 
80964946 405 1783593668.253 1 
90968307 406 1783593668.303 1 
100966530 407 1783593668.353 1 
110965420 408 1783593668.403 1 
120965353 409 1783593668.453 1 
130965590 410 1783593668.503 1 
140966483 411 1783593668.553 1 
150967118 412 1783593668.603 1 
160965761 413 1783593668.653 1 
170966070 414 1783593668.703 1 
180966461 415 1783593668.753 1 
190966032 416 1783593668.803 1 
201017730 417 1783593668.853 1 
211110206 418 1783593668.904 1 
220965848 419 1783593668.954 1 
230965700 420 1783593669.003 1 
240971612 421 1783593669.053 1 
250965750 422 1783593669.103 1 
260966119 423 1783593669.153 1 
270966016 424 1783593669.203 1 
280966664 425 1783593669.253 1 
290964680 426 1783593669.303 1 
300966786 427 1783593669.353 1 
310965627 428 1783593669.403 1 
320965152 429 1783593669.453 1 
330966111 430 1783593669.503 1 
340965966 431 1783593669.553 1 
350965999 432 1783593669.603 1 
360965976 433 1783593669.653 1 
370965658 434 1783593669.703 1 
380966075 435 1783593669.753 1 
391019142 436 1783593669.803 1 
401109013 437 1783593669.853 1 
410965640 438 1783593669.904 1 
420967250 439 1783593669.953 1 
430965901 440 1783593670.003 1 
440972836 441 1783593670.053 1 
450965775 442 1783593670.103 1 
460966828 443 1783593670.153 1 
470966741 444 1783593670.203 1 
480964793 445 1783593670.253 1 
491018010 446 1783593670.303 1 
501109041 447 1783593670.353 1 
510966757 448 1783593670.404 1 
520966452 449 1783593670.453 1 
530983925 450 1783593670.503 1 
540966218 451 1783593670.553 1 
550966368 452 1783593670.603 1 
560966500 453 1783593670.653 1 
570965534 454 1783593670.703 1 
580966323 455 1783593670.753 1 
590965950 456 1783593670.803 1 
600966004 457 1783593670.853 1 
610966387 458 1783593670.903 1 
620965932 459 1783593670.953 1 
630964581 460 1783593671.003 1 
640977552 461 1783593671.053 1 
650966134 462 1783593671.103 1 
660967675 463 1783593671.153 1 
670965562 464 1783593671.203 1 
680967977 465 1783593671.253 1 
690965337 466 1783593671.303 1 
700966832 467 1783593671.353 1 
710966119 468 1783593671.403 1 
720965682 469 1783593671.453 1 
730965460 470 1783593671.503 1 
740966554 471 1783593671.553 1 
750964401 472 1783593671.603 1 
760965439 473 1783593671.653 1 
770964866 474 1783593671.703 1 
780967475 475 1783593671.753 1 
790986681 476 1783593671.803 1 
801017517 477 1783593671.853 1 
811109942 478 1783593671.904 1 
820966171 479 1783593671.954 1 
830965807 480 1783593672.003 1 
840971909 481 1783593672.053 1 
850966361 482 1783593672.103 1 
860965507 483 1783593672.153 1 
870967073 484 1783593672.203 1 
880966793 485 1783593672.253 1 
890965587 486 1783593672.303 1 
900966042 487 1783593672.353 1 
910965887 488 1783593672.403 1 
920965595 489 1783593672.453 1 
930966580 490 1783593672.503 1 
940967074 491 1783593672.553 1 
950967053 492 1783593672.604 1 
960965378 493 1783593672.653 1 
970966556 494 1783593672.703 1 
980964716 495 1783593672.753 1 
990965026 496 1783593672.803 1 
1000967276 497 1783593672.853 1 
1010966573 498 1783593672.903 1 
1020966681 499 1783593672.953 1 
1030965821 500 1783593673.003 1 
1041150050 501 1783593673.055 1 
1051109666 502 1783593673.104 1 
1060983243 503 1783593673.154 1 
1070967251 504 1783593673.204 1 
1080966562 505 1783593673.253 1 
1090965821 506 1783593673.303 1 
1100967215 507 1783593673.353 1 
1110967179 508 1783593673.403 1 
1120967050 509 1783593673.453 1 
1130966927 510 1783593673.503 1 
1140965734 511 1783593673.553 1 
1150966226 512 1783593673.603 1 
1160965126 513 1783593673.653 1 
1170965781 514 1783593673.703 1 
1181018089 515 1783593673.753 1 
1191109147 516 1783593673.804 1 
1200965746 517 1783593673.854 1 
1210966650 518 1783593673.903 1 
1220966378 519 1783593673.953 1 
1230965941 520 1783593674.003 1 
1240970387 521 1783593674.053 1 
1250965972 522 1783593674.103 1 
1260966846 523 1783593674.153 1 
1270967117 524 1783593674.203 1 
1280965381 525 1783593674.253 1 
1290967442 526 1783593674.303 1 
1300965911 527 1783593674.353 1 
1310964823 528 1783593674.403 1 
1321018025 529 1783593674.453 1 
1331109691 530 1783593674.504 1 
1340966596 531 1783593674.554 1 
1350966052 532 1783593674.603 1 
1360964239 533 1783593674.653 1 
1370966047 534 1783593674.703 1 
1380967457 535 1783593674.753 1 
1390966417 536 1783593674.803 1 
1400966406 537 1783593674.853 1 
1411018788 538 1783593674.904 1 
1421108345 539 1783593674.954 1 
1430965383 540 1783593675.004 1 
1441100933 541 1783593675.053 1 
1450966603 542 1783593675.104 1 
1460966480 543 1783593675.153 1 
1470965188 544 1783593675.203 1 
1480965641 545 1783593675.253 1 
1490965507 546 1783593675.303 1 
1500965941 547 1783593675.353 1 
1510965148 548 1783593675.403 1 
1520964944 549 1783593675.453 1 
1530965997 550 1783593675.503 1 
1540966247 551 1783593675.553 1 
1550965895 552 1783593675.603 1 
1560966627 553 1783593675.653 1 
1570965525 554 1783593675.703 1 
1580985033 555 1783593675.753 1 
1590965793 556 1783593675.804 1 
1600965714 557 1783593675.853 1 
1610965324 558 1783593675.904 1 
1620965189 559 1783593675.954 1 
1630966767 560 1783593676.004 1 
1640972111 561 1783593676.053 1 
1650966658 562 1783593676.104 1 
1660966394 563 1783593676.153 1 
1670968369 564 1783593676.203 1 
1680965805 565 1783593676.254 1 
1690966420 566 1783593676.303 1 
1700964526 567 1783593676.353 1 
1710965233 568 1783593676.403 1 
1720965547 569 1783593676.453 1 
1730967144 570 1783593676.503 1 
1740966560 571 1783593676.553 1 
1750966799 572 1783593676.603 1 
1760965252 573 1783593676.653 1 
1770965727 574 1783593676.703 1 
1780966036 575 1783593676.753 1 
1790966631 576 1783593676.803 1 
1800965815 577 1783593676.853 1 
1810966324 578 1783593676.904 1 
1820965091 579 1783593676.954 1 
1830965870 580 1783593677.003 1 
1840971962 581 1783593677.054 1 
1850965436 582 1783593677.104 1 
1860966353 583 1783593677.153 1 
1870965647 584 1783593677.203 1 
1880966044 585 1783593677.253 1 
1890966131 586 1783593677.303 1 
1900967235 587 1783593677.353 1 
1910965064 588 1783593677.403 1 
1920965528 589 1783593677.454 1 
1930965143 590 1783593677.503 1 
1940981276 591 1783593677.553 1 
1950965885 592 1783593677.604 1 
1960966672 593 1783593677.653 1 
1970964986 594 1783593677.703 1 
1980965358 595 1783593677.754 1 
1990966220 596 1783593677.803 1 
2000984405 597 1783593677.853 1 
2010966326 598 1783593677.904 1 
2020966442 599 1783593677.954 1 
2030964280 600 1783593678.003 1 
2041102734 601 1783593678.055 1 
2050965582 602 1783593678.104 1 
2060965975 603 1783593678.154 1 
2070966304 604 1783593678.204 1 
2080966046 605 1783593678.254 1 
2090966543 606 1783593678.305 1 
2100965901 607 1783593678.353 1 
2110966528 608 1783593678.403 1 
2120967071 609 1783593678.453 1 
2130966151 610 1783593678.503 1 
2140965807 611 1783593678.554 1 
2151018329 612 1783593678.603 1 
2161108419 613 1783593678.654 1 
2170965534 614 1783593678.704 1 
2180964967 615 1783593678.754 1 
2190965593 616 1783593678.804 1 
2200964921 617 1783593678.854 1 
2210967030 618 1783593678.904 1 
2220966107 619 1783593678.954 1 
2230965528 620 1783593679.004 1 
2240977839 621 1783593679.054 1 
2250967663 622 1783593679.104 1 
2260964922 623 1783593679.154 1 
2270965477 624 1783593679.204 1 
2280965781 625 1783593679.254 1 
2290964917 626 1783593679.304 1 
2300966495 627 1783593679.354 1 
2310966886 628 1783593679.404 1 
2320966705 629 1783593679.454 1 
2330965462 630 1783593679.504 1 
2340965782 631 1783593679.554 1 
2350964966 632 1783593679.604 1 
2361018054 633 1783593679.654 1 
2371108538 634 1783593679.704 1 
2380966629 635 1783593679.754 1 
2390966338 636 1783593679.804 1 
2400966098 637 1783593679.854 1 
2410990465 638 1783593679.904 1 -3.365 11.382 1.495 23.561 74 421 
2420965755 639 1783593679.955 1 
2430964290 640 1783593680.004 1 
2441117384 641 1783593680.054 1 
2450984261 642 1783593680.104 1 
2460966060 643 1783593680.154 1 
2470983402 644 1783593680.204 1 
2480966476 645 1783593680.254 1 
2490965523 646 1783593680.304 1 
2500965604 647 1783593680.354 1 
2510993674 648 1783593680.404 1 
2520965086 649 1783593680.454 1 
2530964587 650 1783593680.504 1 
2540965063 651 1783593680.554 1 
2550965209 652 1783593680.604 1 
2560965276 653 1783593680.653 1 
2570966010 654 1783593680.704 1 
2580967597 655 1783593680.754 1 
2591018337 656 1783593680.804 1 
2601109512 657 1783593680.854 1 
2610965186 658 1783593680.904 1 
2620967037 659 1783593680.954 1 
2630966000 660 1783593681.004 1 
2640977862 661 1783593681.054 1 
2650966031 662 1783593681.104 1 
2660965313 663 1783593681.154 1 
2670966592 664 1783593681.204 1 
2680966775 665 1783593681.254 1 
2690966069 666 1783593681.304 1 
2700965933 667 1783593681.354 1 
2710966979 668 1783593681.404 1 
2720965253 669 1783593681.454 1 
2730965447 670 1783593681.504 1 
2740965820 671 1783593681.554 1 
2750966465 672 1783593681.604 1 
2760965634 673 1783593681.654 1 
2770965665 674 1783593681.704 1 
2780965788 675 1783593681.754 1 
2790965702 676 1783593681.804 1 
2800966056 677 1783593681.854 1 
2810967460 678 1783593681.904 1 
2820965581 679 1783593681.954 1 
2830964814 680 1783593682.004 1 
2840977975 681 1783593682.054 1 
2850965620 682 1783593682.104 1 
2860965538 683 1783593682.154 1 
2870966862 684 1783593682.204 1 
2880965948 685 1783593682.254 1 
2890967295 686 1783593682.304 1 
2900966077 687 1783593682.354 1 
2910967715 688 1783593682.404 1 
2920967492 689 1783593682.454 1 
2930964343 690 1783593682.504 1 
2940965629 691 1783593682.554 1 
2950965740 692 1783593682.604 1 
2960983496 693 1783593682.654 1 
2970966335 694 1783593682.704 1 
2980966087 695 1783593682.754 1 
2990966426 696 1783593682.804 1 
3000965503 697 1783593682.854 1 
3010965916 698 1783593682.904 1 
3020965586 699 1783593682.954 1 
3030966333 700 1783593683.004 1 
3040977965 701 1783593683.055 1 
3050966090 702 1783593683.104 1 
3060966056 703 1783593683.154 1 
3070965464 704 1783593683.204 1 
3080966551 705 1783593683.254 1 
3090965680 706 1783593683.304 1 
3100964858 707 1783593683.354 1 
3110965155 708 1783593683.404 1 
3120966946 709 1783593683.454 1 
3130983579 710 1783593683.504 1 
3140965041 711 1783593683.554 1 
3150965967 712 1783593683.604 1 
3160964955 713 1783593683.654 1 
3170965478 714 1783593683.704 1 
3180965647 715 1783593683.754 1 
3190966029 716 1783593683.804 1 
3200965764 717 1783593683.854 1 
3210965092 718 1783593683.904 1 
3220965563 719 1783593683.954 1 
3230966901 720 1783593684.004 1 
3240978635 721 1783593684.054 1 
3250965822 722 1783593684.104 1 
3260965215 723 1783593684.154 1 
3270965484 724 1783593684.204 1 
3280965159 725 1783593684.254 1 
3290965200 726 1783593684.304 1 
3300966141 727 1783593684.354 1 
3310966121 728 1783593684.404 1 
3320967015 729 1783593684.454 1 
3330965931 730 1783593684.504 1 
3340965187 731 1783593684.554 1 
3350966033 732 1783593684.604 1 
3360965847 733 1783593684.654 1 
3370966788 734 1783593684.704 1 
3381017084 735 1783593684.754 1 
3391108646 736 1783593684.804 1 
3400965171 737 1783593684.855 1 
3410966622 738 1783593684.904 1 
3420965465 739 1783593684.954 1 
3430965356 740 1783593685.004 1 
3440979036 741 1783593685.054 1 
3450964854 742 1783593685.104 1 
3460965404 743 1783593685.154 1 
3470965929 744 1783593685.204 1 
3480965800 745 1783593685.254 1 
3490965954 746 1783593685.304 1 
3500965611 747 1783593685.354 1 
3510965647 748 1783593685.404 1 
3520964671 749 1783593685.454 1 
3530965566 750 1783593685.504 1 
3540966376 751 1783593685.554 1 
3550965830 752 1783593685.604 1 
3560966632 753 1783593685.654 1 
3570966289 754 1783593685.704 1 
3581018536 755 1783593685.754 1 
3591109358 756 1783593685.804 1 
3600965362 757 1783593685.855 1 
3610966897 758 1783593685.904 1 
3620966512 759 1783593685.954 1 
3630966890 760 1783593686.004 1 
3640978499 761 1783593686.054 1 
3650965081 762 1783593686.104 1 
3660964714 763 1783593686.154 1 
3670964930 764 1783593686.204 1 
3680965302 765 1783593686.254 1 
3690964536 766 1783593686.304 1 
3700965884 767 1783593686.354 1 
3710966658 768 1783593686.404 1 
3720965526 769 1783593686.454 1 
3730967293 770 1783593686.504 1 
3740965170 771 1783593686.554 1 
3750965934 772 1783593686.604 1 
3760984548 773 1783593686.654 1 
3770966356 774 1783593686.704 1 
3780966507 775 1783593686.754 1 
3790966344 776 1783593686.804 1 
3800965979 777 1783593686.854 1 
3810965923 778 1783593686.904 1 
3820966260 779 1783593686.954 1 
3830965566 780 1783593687.004 1 
3841116001 781 1783593687.054 1 
3850964126 782 1783593687.105 1 
3860965688 783 1783593687.154 1 
3870984234 784 1783593687.204 1 
3880965680 785 1783593687.254 1 
3890966068 786 1783593687.304 1 
3900965813 787 1783593687.354 1 
3910964108 788 1783593687.404 1 
3920966574 789 1783593687.454 1 
3930964968 790 1783593687.504 1 
3940965073 791 1783593687.554 1 
3951019390 792 1783593687.604 1 
3961109739 793 1783593687.654 1 
3970966603 794 1783593687.705 1 
3980966958 795 1783593687.754 1 
3990965624 796 1783593687.804 1 
4000965805 797 1783593687.854 1 
4010966737 798 1783593687.904 1 
4021017683 799 1783593687.954 1 
4031109902 800 1783593688.004 1 
4040978070 801 1783593688.057 1 
4050965688 802 1783593688.104 1 
4060965943 803 1783593688.154 1 
4070967537 804 1783593688.204 1 
4080964989 805 1783593688.254 1 
4090965903 806 1783593688.304 1 
4100965764 807 1783593688.354 1 
4110965823 808 1783593688.404 1 
4120966633 809 1783593688.454 1 
4130965529 810 1783593688.504 1 
4140965668 811 1783593688.554 1 
4150964617 812 1783593688.604 1 
4160965833 813 1783593688.654 1 
4170967174 814 1783593688.704 1 
4180965598 815 1783593688.754 1 
4190965434 816 1783593688.804 1 
4200966377 817 1783593688.854 1 
4210965891 818 1783593688.904 1 
4220965504 819 1783593688.954 1 
4230966658 820 1783593689.004 1 
4240978521 821 1783593689.054 1 
4250965651 822 1783593689.104 1 
4260967351 823 1783593689.154 1 
4270966555 824 1783593689.204 1 
4280965626 825 1783593689.254 1 
4290965300 826 1783593689.304 1 
5997639 827 1783593689.354 1 
15999235 828 1783593689.404 1 
25998447 829 1783593689.454 1 
35996867 830 1783593689.504 1 
45998995 831 1783593689.554 1 
55998755 832 1783593689.604 1 
65998029 833 1783593689.654 1 
75997817 834 1783593689.704 1 
85998960 835 1783593689.754 1 
95999251 836 1783593689.804 1 
105998702 837 1783593689.854 1 
115999021 838 1783593689.904 1 
125997798 839 1783593689.954 1 
136020455 840 1783593690.004 1 
146004920 841 1783593690.054 1 
155998251 842 1783593690.104 1 
165997501 843 1783593690.154 1 
175998922 844 1783593690.204 1 
185998635 845 1783593690.254 1 
195999204 846 1783593690.304 1 
205998621 847 1783593690.354 1 
215999314 848 1783593690.404 1 
225998099 849 1783593690.454 1 
235997979 850 1783593690.504 1 
245998489 851 1783593690.554 1 
255998686 852 1783593690.604 1 
266052014 853 1783593690.654 1 
276141787 854 1783593690.704 1 
285999562 855 1783593690.755 1 
295998499 856 1783593690.804 1 
305996759 857 1783593690.854 1 
315998338 858 1783593690.904 1 
325998274 859 1783593690.954 1 
335998606 860 1783593691.004 1 
346010143 861 1783593691.054 1 
355999657 862 1783593691.104 1 
365998715 863 1783593691.154 1 
375998656 864 1783593691.204 1 
385999771 865 1783593691.254 1 
395998142 866 1783593691.304 1 
405998779 867 1783593691.354 1 
415999314 868 1783593691.404 1 
425998768 869 1783593691.454 1 
435998442 870 1783593691.504 1 
445998414 871 1783593691.554 1 
455999702 872 1783593691.604 1 
465999151 873 1783593691.654 1 
475999574 874 1783593691.704 1 
485998289 875 1783593691.754 1 
495999104 876 1783593691.804 1 
505997887 877 1783593691.854 1 
515999065 878 1783593691.904 1 
525998273 879 1783593691.954 1 
535999206 880 1783593692.005 1 
546003326 881 1783593692.055 1 
556000102 882 1783593692.104 1 
565998612 883 1783593692.154 1 
575997505 884 1783593692.204 1 
585998990 885 1783593692.254 1 
595999314 886 1783593692.304 1 
605998313 887 1783593692.354 1 
615999044 888 1783593692.404 1 
625999038 889 1783593692.454 1 
635999582 890 1783593692.504 1 
645997109 891 1783593692.554 1 
656000183 892 1783593692.604 1 
665999027 893 1783593692.654 1 
676050636 894 1783593692.704 1 
686141887 895 1783593692.754 1 
695997478 896 1783593692.805 1 
706052265 897 1783593692.854 1 
716143287 898 1783593692.905 1 
726000459 899 1783593692.955 1 
736049999 900 1783593693.004 1 
746083263 901 1783593693.056 1 
755998465 902 1783593693.105 1 
765998285 903 1783593693.154 1 
776000041 904 1783593693.204 1 
785999122 905 1783593693.254 1 
795999929 906 1783593693.303 1 
805999490 907 1783593693.353 1 
815997629 908 1783593693.403 1 
825999869 909 1783593693.453 1 
835998627 910 1783593693.503 1 
845998945 911 1783593693.553 1 
855998377 912 1783593693.603 1 
865998062 913 1783593693.653 1 
875998045 914 1783593693.703 1 
885998828 915 1783593693.753 1 
896000019 916 1783593693.803 1 
905998387 917 1783593693.853 1 
915998239 918 1783593693.904 1 
925999867 919 1783593693.953 1 
935998785 920 1783593694.003 1 
946010617 921 1783593694.053 1 
955998762 922 1783593694.103 1 
965997186 923 1783593694.153 1 
975998730 924 1783593694.203 1 
986051754 925 1783593694.253 1 
996142319 926 1783593694.304 1 
1005999096 927 1783593694.354 1 
1015999935 928 1783593694.403 1 
1025997949 929 1783593694.453 1 
1035999395 930 1783593694.503 1 
1045999276 931 1783593694.553 1 
1055998989 932 1783593694.603 1 
1065998876 933 1783593694.653 1 
1075997923 934 1783593694.703 1 
1085997470 935 1783593694.753 1 
1095997850 936 1783593694.803 1 
1105997894 937 1783593694.853 1 
1115997508 938 1783593694.903 1 
1125997768 939 1783593694.953 1 
1135998242 940 1783593695.003 1 
1146010211 941 1783593695.053 1 
1155998452 942 1783593695.103 1 
1165999528 943 1783593695.153 1 
1175999022 944 1783593695.203 1 
1185998346 945 1783593695.253 1 
1195997947 946 1783593695.303 1 
1205998609 947 1783593695.353 1 
1215999129 948 1783593695.404 1 
1225997869 949 1783593695.454 1 
1235999291 950 1783593695.503 1 
1245998276 951 1783593695.553 1 
1255998177 952 1783593695.603 1 
1265998595 953 1783593695.653 1 
1275998483 954 1783593695.703 1 
1285998689 955 1783593695.754 1 
1295997465 956 1783593695.803 1 
1305998090 957 1783593695.853 1 
1315998028 958 1783593695.903 1 
1325997745 959 1783593695.954 1 
1336050874 960 1783593696.003 1 
1346083206 961 1783593696.054 1 
1355998821 962 1783593696.104 1 
1365999440 963 1783593696.154 1 
1375997896 964 1783593696.203 1 
1386016702 965 1783593696.253 1 
1395999780 966 1783593696.303 1 
1405998866 967 1783593696.353 1 
1415999060 968 1783593696.403 1 
1425998322 969 1783593696.453 1 
1435999197 970 1783593696.503 1 
1445999112 971 1783593696.553 1 
1455998603 972 1783593696.603 1 
1465999125 973 1783593696.653 1 
1475999245 974 1783593696.703 1 
1485997705 975 1783593696.753 1 
1495999283 976 1783593696.803 1 
1505998851 977 1783593696.853 1 
1515998642 978 1783593696.903 1 
1525998635 979 1783593696.953 1 
1536000602 980 1783593697.003 1 
1546094805 981 1783593697.053 1 
1556016531 982 1783593697.104 1 
1565998885 983 1783593697.154 1 
1575999016 984 1783593697.203 1 
1585998611 985 1783593697.253 1 
1595998283 986 1783593697.303 1 
1605999240 987 1783593697.353 1 
1615998274 988 1783593697.403 1 
1625997999 989 1783593697.453 1 
1635998237 990 1783593697.503 1 
1645999539 991 1783593697.553 1 
1655998849 992 1783593697.604 1 
1665997494 993 1783593697.654 1 
1676051024 994 1783593697.704 1 
1686143667 995 1783593697.754 1 
1695998394 996 1783593697.804 1 
1705998474 997 1783593697.853 1 
1715998309 998 1783593697.904 1 
1726051917 999 1783593697.953 1 
1736140518 1000 1783593698.004 1 
1746004338 1001 1783593698.056 1 
1756050390 1002 1783593698.103 1 
1766142076 1003 1783593698.154 1 
1775999259 1004 1783593698.205 1 
1785998159 1005 1783593698.254 1 
1795998304 1006 1783593698.304 1 
1806050669 1007 1783593698.354 1 
1816140492 1008 1783593698.405 1 
1825997867 1009 1783593698.455 1 
1835997866 1010 1783593698.504 1 
1845999893 1011 1783593698.554 1 
1855997830 1012 1783593698.604 1 
1865999447 1013 1783593698.654 1 
1876000115 1014 1783593698.704 1 
1885997664 1015 1783593698.755 1 
1895997701 1016 1783593698.804 1 
1905998715 1017 1783593698.854 1 
1915998187 1018 1783593698.904 1 
1925998408 1019 1783593698.954 1 
1935997204 1020 1783593699.004 1 
1946011779 1021 1783593699.054 1 
1955999083 1022 1783593699.104 1 
1965998236 1023 1783593699.154 1 
1976050215 1024 1783593699.204 1 
1986142249 1025 1783593699.255 1 
1995999378 1026 1783593699.305 1 
2005998711 1027 1783593699.354 1 
2015998319 1028 1783593699.404 1 
2025998520 1029 1783593699.454 1 
2035999517 1030 1783593699.504 1 
2045999437 1031 1783593699.554 1 
2055998530 1032 1783593699.604 1 
2065998287 1033 1783593699.654 1 
2075999298 1034 1783593699.704 1 
2085998714 1035 1783593699.754 1 
2095997776 1036 1783593699.805 1 
2105998921 1037 1783593699.855 1 
2115999140 1038 1783593699.905 1 
2125998778 1039 1783593699.954 1 
2135997610 1040 1783593700.004 1 
2146004118 1041 1783593700.054 1 
2155999391 1042 1783593700.104 1 
2165999173 1043 1783593700.153 1 
2175997353 1044 1783593700.204 1 
2185998112 1045 1783593700.254 1 
196608 33508 1783593700.304 0
336072871 1 1783593701.967 1 
346047133 2 1783593702.090 1 
356014118 3 1783593702.139 1 
366071277 4 1783593702.189 1 
376046321 5 1783593702.239 1 
386013066 6 1783593702.289 1 
396071302 7 1783593702.339 1 
406013430 8 1783593702.389 1 
416072195 9 1783593702.439 1 
426013473 10 1783593702.490 1 
436071574 11 1783593702.540 1 
446013051 12 1783593702.590 1 
456072846 13 1783593702.640 1 
466047215 14 1783593702.690 1 
476013838 15 1783593702.740 1 
486073226 16 1783593702.790 1 
496013668 17 1783593702.840 1 
506072063 18 1783593702.890 1 
516013316 19 1783593702.940 1 
526072414 20 1783593702.990 1 
536082863 21 1783593703.040 1 
546013295 22 1783593703.092 1 
556036931 23 1783593703.140 1 
566071937 24 1783593703.190 1 
576014368 25 1783593703.240 1 
586071565 26 1783593703.290 1 
596013111 27 1783593703.340 1 
606011422 28 1783593703.390 1 
616046730 29 1783593703.440 1 
626046668 30 1783593703.490 1 
636013997 31 1783593703.540 1 
646011824 32 1783593703.590 1 
656013244 33 1783593703.640 1 
666072334 34 1783593703.690 1 
676012998 35 1783593703.740 1 
686072103 36 1783593703.790 1 
696014750 37 1783593703.840 1 
706072253 38 1783593703.890 1 
716013842 39 1783593703.940 1 
726011353 40 1783593703.990 1 
736020961 41 1783593704.040 1 
746076386 42 1783593704.090 1 
756012489 43 1783593704.140 1 
766071503 44 1783593704.190 1 
776046823 45 1783593704.240 1 
786047685 46 1783593704.290 1 
796012907 47 1783593704.340 1 
806072301 48 1783593704.390 1 
816047223 49 1783593704.440 1 
826013243 50 1783593704.490 1 
836072752 51 1783593704.540 1 
846012948 52 1783593704.590 1 
856011359 53 1783593704.640 1 
866014270 54 1783593704.690 1 
876012177 55 1783593704.740 1 
886013394 56 1783593704.791 1 
896011743 57 1783593704.840 1 
906014010 58 1783593704.890 1 
916040274 59 1783593704.941 1 
926013245 60 1783593704.991 1 
936076607 61 1783593705.041 1 
946012034 62 1783593705.091 1 
956014488 63 1783593705.141 1 
966071403 64 1783593705.191 1 
976047081 65 1783593705.241 1 
986046827 66 1783593705.291 1 
996012697 67 1783593705.341 1 
1006071745 68 1783593705.391 1 
1016013915 69 1783593705.441 1 
1026010586 70 1783593705.491 1 
1036014051 71 1783593705.541 1 
1046011049 72 1783593705.591 1 
1056046942 73 1783593705.641 1 
1066012484 74 1783593705.691 1 
1076071415 75 1783593705.741 1 
1086013334 76 1783593705.791 1 
1096071210 77 1783593705.841 1 
1106047181 78 1783593705.891 1 
1115989009 79 1783593705.941 1 
1126046967 80 1783593705.991 1 
1136020791 81 1783593706.041 1 
1146072443 82 1783593706.091 1 
1156047038 83 1783593706.141 1 
1166013769 84 1783593706.191 1 
1176011172 85 1783593706.241 1 
1186014726 86 1783593706.291 1 
1196070935 87 1783593706.341 1 
1206046769 88 1783593706.391 1 
1216045806 89 1783593706.441 1 
1226013947 90 1783593706.491 1 
1236076262 91 1783593706.541 1 
1246046911 92 1783593706.591 1 
1256046517 93 1783593706.641 1 
1266013432 94 1783593706.691 1 
1276072095 95 1783593706.741 1 
1286013888 96 1783593706.791 1 
1296071722 97 1783593706.841 1 
1306047193 98 1783593706.891 1 
1315944703 99 1783593706.941 1 
1326046981 100 1783593706.990 1 
1336020477 101 1783593707.041 1 
1346012354 102 1783593707.091 1 
1356013575 103 1783593707.141 1 
1366077256 104 1783593707.191 1 
1376013979 105 1783593707.241 1 
1386071963 106 1783593707.291 1 
1396013226 107 1783593707.341 1 
1406076599 108 1783593707.391 1 
1416013010 109 1783593707.441 1 
1426011888 110 1783593707.491 1 
1436046602 111 1783593707.541 1 
1446046693 112 1783593707.591 1 
1456047143 113 1783593707.641 1 
1466047195 114 1783593707.691 1 
1476046973 115 1783593707.741 1 
1486061422 116 1783593707.791 1 
1496046938 117 1783593707.841 1 
1506047220 118 1783593707.891 1 
1516013954 119 1783593707.941 1 
1526071675 120 1783593707.991 1 
1536083720 121 1783593708.041 1 
1546013670 122 1783593708.093 1 
1556071393 123 1783593708.141 1 
1566014102 124 1783593708.191 1 
1576071393 125 1783593708.241 1 
1586046146 126 1783593708.291 1 
1596013841 127 1783593708.341 1 
1606072212 128 1783593708.391 1 
1616013636 129 1783593708.441 1 
1626039965 130 1783593708.491 1 
1635988875 131 1783593708.541 1 
1646013809 132 1783593708.591 1 
1656072198 133 1783593708.641 1 
1666014401 134 1783593708.691 1 
1676072526 135 1783593708.741 1 
1686046681 136 1783593708.791 1 
1696012906 137 1783593708.841 1 
1706013180 138 1783593708.891 1 
1716046274 139 1783593708.941 1 
1726014063 140 1783593708.991 1 
1736077115 141 1783593709.041 1 
1746072069 142 1783593709.091 1 
1756015614 143 1783593709.141 1 
1766072460 144 1783593709.191 1 
1776046028 145 1783593709.241 1 
1786046123 146 1783593709.291 1 
1796013418 147 1783593709.341 1 
1806070846 148 1783593709.391 1 
1816013699 149 1783593709.441 1 
1826071859 150 1783593709.491 1 
1836014372 151 1783593709.541 1 
1846076225 152 1783593709.591 1 
1856013558 153 1783593709.641 1 
1866072335 154 1783593709.691 1 
1876013700 155 1783593709.741 1 
1886011781 156 1783593709.791 1 
1896014315 157 1783593709.841 1 
1906072578 158 1783593709.891 1 
1916045197 159 1783593709.941 1 
1926046681 160 1783593709.991 1 
1936021329 161 1783593710.041 1 
1946072408 162 1783593710.091 1 
1956047195 163 1783593710.141 1 
1966013008 164 1783593710.191 1 
1976010810 165 1783593710.241 1 
1985991075 166 1783593710.291 1 
1996046327 167 1783593710.341 1 
2006013284 168 1783593710.391 1 
2016011437 169 1783593710.441 1 
2026014510 170 1783593710.491 1 
2036012488 171 1783593710.541 1 
2046013337 172 1783593710.591 1 
2056012157 173 1783593710.641 1 
2066013727 174 1783593710.691 1 
2076071463 175 1783593710.741 1 
2086046580 176 1783593710.791 1 
2096046947 177 1783593710.841 1 
2106047201 178 1783593710.891 1 
2116013475 179 1783593710.941 1 
2126071985 180 1783593710.991 1 
2136021909 181 1783593711.041 1 
2146072251 182 1783593711.091 1 
2156012641 183 1783593711.141 1 
2166012035 184 1783593711.191 1 
2176047004 185 1783593711.241 1 
2186045684 186 1783593711.291 1 
2196046478 187 1783593711.341 1 
2206013010 188 1783593711.391 1 
2216010679 189 1783593711.441 1 
2226014755 190 1783593711.491 1 
2236071319 191 1783593711.541 1 
2245990432 192 1783593711.591 1 
2256013559 193 1783593711.641 1 
2266011006 194 1783593711.691 1 
2276013717 195 1783593711.741 1 
2286011754 196 1783593711.791 1 
2296013321 197 1783593711.841 1 
2306071373 198 1783593711.891 1 
2315944461 199 1783593711.941 1 
2326012805 200 1783593711.991 1 
2336077663 201 1783593712.041 1 
2346071515 202 1783593712.091 1 
2356013341 203 1783593712.141 1 
2366011375 204 1783593712.191 1 
2376046986 205 1783593712.241 1 
2386046761 206 1783593712.291 1 
2396046737 207 1783593712.341 1 
2406047183 208 1783593712.391 1 
2416012926 209 1783593712.441 1 
2426071969 210 1783593712.491 1 
2436013425 211 1783593712.541 1 
2446010501 212 1783593712.591 1 
2456047211 213 1783593712.641 1 
2466014190 214 1783593712.691 1 
2476073542 215 1783593712.741 1 
2486029178 216 1783593712.791 1 
2496071251 217 1783593712.841 1 
2506046328 218 1783593712.891 1 
2515989103 219 1783593712.941 1 
2526014143 220 1783593712.991 1 
2536078459 221 1783593713.041 1 
2546013095 222 1783593713.091 1 
2556013049 223 1783593713.141 1 
2566073092 224 1783593713.191 1 
2576013320 225 1783593713.241 1 
2586071471 226 1783593713.291 1 
2596047148 227 1783593713.341 1 
2606014212 228 1783593713.391 1 
2616011946 229 1783593713.441 1 
2626046085 230 1783593713.491 1 
2636047166 231 1783593713.541 1 
2646014737 232 1783593713.591 1 
2656011879 233 1783593713.641 1 
2666013253 234 1783593713.691 1 
2676012013 235 1783593713.741 1 
2686012780 236 1783593713.791 1 
2696071289 237 1783593713.841 1 
2706046847 238 1783593713.891 1 
2716012935 239 1783593713.941 1 
2726071770 240 1783593713.991 1 
2736083450 241 1783593714.041 1 
2746013825 242 1783593714.091 1 
2756026260 243 1783593714.141 1 
2766046390 244 1783593714.191 1 
2776013202 245 1783593714.241 1 
2786035938 246 1783593714.291 1 
2796072503 247 1783593714.341 1 
2806047212 248 1783593714.391 1 
2816047219 249 1783593714.441 1 
2826012894 250 1783593714.491 1 
2836010106 251 1783593714.541 1 
2846013401 252 1783593714.591 1 
2856076539 253 1783593714.641 1 
2866013695 254 1783593714.691 1 
2876011531 255 1783593714.741 1 
2886013257 256 1783593714.791 1 
2896071828 257 1783593714.841 1 
2906013407 258 1783593714.892 1 
2916012813 259 1783593714.941 1 
2926046931 260 1783593714.991 1 
2936084708 261 1783593715.041 1 
2946014755 262 1783593715.091 1 
2956072215 263 1783593715.141 1 
2966046757 264 1783593715.191 1 
2976012898 265 1783593715.241 1 
2986011984 266 1783593715.291 1 
2996013898 267 1783593715.341 1 
3006010938 268 1783593715.391 1 
3016046144 269 1783593715.441 1 
3026013984 270 1783593715.491 1 
3036011782 271 1783593715.541 1 
3046014015 272 1783593715.591 1 
3056012115 273 1783593715.641 1 
3066012365 274 1783593715.691 1 
3076071513 275 1783593715.741 1 
3086047183 276 1783593715.791 1 
3096012631 277 1783593715.841 1 
3106011795 278 1783593715.891 1 
3116013239 279 1783593715.941 1 
3126071987 280 1783593715.991 1 
3136021272 281 1783593716.041 1 
3146012045 282 1783593716.091 1 
3156014128 283 1783593716.141 1 
3166071367 284 1783593716.191 1 
3176013940 285 1783593716.241 1 
3186073280 286 1783593716.291 1 
3196013477 287 1783593716.341 1 
3206071394 288 1783593716.391 1 
3216013015 289 1783593716.441 1 
3226010210 290 1783593716.491 1 
3236014098 291 1783593716.541 1 
3246011565 292 1783593716.591 1 
3256047155 293 1783593716.641 1 
3266013327 294 1783593716.691 1 
3276012381 295 1783593716.741 1 
3286047184 296 1783593716.791 1 
3295988492 297 1783593716.841 1 
3306013021 298 1783593716.891 1 
3316072641 299 1783593716.941 1 
3326014220 300 1783593716.991 1 
3336077830 301 1783593717.041 1 
3346071111 302 1783593717.091 1 
3356047221 303 1783593717.141 1 
3366047186 304 1783593717.191 1 
3376012175 305 1783593717.241 1 
3386012061 306 1783593717.291 1 
3396013062 307 1783593717.341 1 
3406039801 308 1783593717.391 1 
3416013794 309 1783593717.441 1 
3426013041 310 1783593717.491 1 
3436013280 311 1783593717.541 1 
3446010465 312 1783593717.591 1 
3456013626 313 1783593717.641 1 
3466071610 314 1783593717.691 1 
3476045970 315 1783593717.741 1 
3486046526 316 1783593717.791 1 
3496046421 317 1783593717.841 1 
3506047235 318 1783593717.892 1 
3516045986 319 1783593717.941 1 
3526013430 320 1783593717.991 1 
3536077341 321 1783593718.041 1 
3546011046 322 1783593718.092 1 
3556047064 323 1783593718.142 1 
3566046954 324 1783593718.191 1 
3576013252 325 1783593718.241 1 
3586072155 326 1783593718.291 1 
3596014371 327 1783593718.341 1 
3606036801 328 1783593718.391 1 
3616012257 329 1783593718.441 1 
3626012658 330 1783593718.491 1 
3636010817 331 1783593718.541 1 
3645989049 332 1783593718.591 1 
3656045189 333 1783593718.641 1 
3666047227 334 1783593718.691 1 
3676012633 335 1783593718.741 1 
3686071498 336 1783593718.791 1 
3696047237 337 1783593718.841 1 
3706046729 338 1783593718.892 1 
3716013043 339 1783593718.941 1 
3726071203 340 1783593718.991 1 
3736020895 341 1783593719.041 1 
3746071463 342 1783593719.091 1 
3756046822 343 1783593719.141 1 
3766014418 344 1783593719.191 1 
3776011179 345 1783593719.241 1 
3786015150 346 1783593719.291 1 
3796072453 347 1783593719.341 1 
3806046763 348 1783593719.392 1 
3816045005 349 1783593719.441 1 
3826045774 350 1783593719.492 1 
3836013390 351 1783593719.541 1 
3846011258 352 1783593719.591 1 
3856013810 353 1783593719.641 1 
3866012037 354 1783593719.691 1 
3876014608 355 1783593719.741 1 
3886012505 356 1783593719.791 1 
3896013300 357 1783593719.841 1 
3906071149 358 1783593719.891 1 
3916046480 359 1783593719.942 1 
3926014497 360 1783593719.992 1 
3936078599 361 1783593720.041 1 
3946010713 362 1783593720.092 1 
3956045991 363 1783593720.141 1 
3966046671 364 1783593720.192 1 
3976047155 365 1783593720.241 1 
3986013273 366 1783593720.292 1 
3996071753 367 1783593720.341 1 
4006047212 368 1783593720.392 1 
4015990552 369 1783593720.441 1 
4026013462 370 1783593720.491 1 
4036012835 371 1783593720.541 1 
4046013966 372 1783593720.591 1 
4056071697 373 1783593720.641 1 
4066013452 374 1783593720.692 1 
4076072618 375 1783593720.741 1 
4086014443 376 1783593720.792 1 
4096010322 377 1783593720.841 1 
4106047185 378 1783593720.891 1 
4116047107 379 1783593720.941 1 
4126046489 380 1783593720.992 1 
4136021977 381 1783593721.041 1 
4146071674 382 1783593721.091 1 
4156047221 383 1783593721.142 1 
4166047054 384 1783593721.192 1 
4175989317 385 1783593721.241 1 
4186045982 386 1783593721.291 1 
4196045806 387 1783593721.341 1 
4205990379 388 1783593721.392 1 
4216046829 389 1783593721.441 1 
4226013097 390 1783593721.492 1 
4236011810 391 1783593721.541 1 
4246013317 392 1783593721.591 1 
4256011241 393 1783593721.641 1 
4266046495 394 1783593721.691 1 
4276013815 395 1783593721.741 1 
4286011252 396 1783593721.791 1 
1046742 397 1783593721.841 1 
11105444 398 1783593721.892 1 
20977347 399 1783593721.942 1 
31045285 400 1783593721.991 1 
41111069 401 1783593722.041 1 
51044752 402 1783593722.092 1 
61046261 403 1783593722.141 1 
71103615 404 1783593722.191 1 
81022487 405 1783593722.242 1 
91045722 406 1783593722.291 1 
101044785 407 1783593722.341 1 
111021741 408 1783593722.391 1 
121045935 409 1783593722.441 1 
131044020 410 1783593722.491 1 
141079894 411 1783593722.541 1 
151079712 412 1783593722.591 1 
161047263 413 1783593722.642 1 
171042932 414 1783593722.691 1 
181079894 415 1783593722.742 1 
191045445 416 1783593722.792 1 
201044032 417 1783593722.841 1 
211045854 418 1783593722.892 1 
221044705 419 1783593722.941 1 
231079899 420 1783593722.991 1 
241116344 421 1783593723.042 1 
251047109 422 1783593723.092 1 
261044731 423 1783593723.142 1 
271022547 424 1783593723.192 1 
281022704 425 1783593723.241 1 
291046153 426 1783593723.291 1 
301104607 427 1783593723.341 1 
311022894 428 1783593723.392 1 
321078677 429 1783593723.441 1 
331045696 430 1783593723.492 1 
341104655 431 1783593723.541 1 
351047116 432 1783593723.592 1 
361042968 433 1783593723.641 1 
371045875 434 1783593723.691 1 
381044737 435 1783593723.741 1 
391079761 436 1783593723.791 1 
401047237 437 1783593723.842 1 
411105348 438 1783593723.892 1 
421079953 439 1783593723.942 1 
431079818 440 1783593723.992 1 
441052412 441 1783593724.042 1 
451044862 442 1783593724.092 1 
461046306 443 1783593724.141 1 
471045284 444 1783593724.191 1 
481079334 445 1783593724.241 1 
491046990 446 1783593724.292 1 
501043402 447 1783593724.341 1 
511046333 448 1783593724.391 1 
521105727 449 1783593724.441 1 
531079255 450 1783593724.492 1 
541045071 451 1783593724.542 1 
551104494 452 1783593724.591 1 
561079612 453 1783593724.642 1 
571079888 454 1783593724.692 1 
581079916 455 1783593724.742 1 
591079914 456 1783593724.792 1 
601022144 457 1783593724.842 1 
611079888 458 1783593724.892 1 
621022922 459 1783593724.942 1 
631047163 460 1783593724.991 1 
641109979 461 1783593725.041 1 
651045224 462 1783593725.092 1 
661045246 463 1783593725.142 1 
671068801 464 1783593725.191 1 
681072618 465 1783593725.242 1 
691092959 466 1783593725.292 1 
701045611 467 1783593725.342 1 
711104391 468 1783593725.391 1 
721079230 469 1783593725.442 1 
731078683 470 1783593725.492 1 
741079320 471 1783593725.542 1 
751079672 472 1783593725.592 1 
761023559 473 1783593725.642 1 
771046429 474 1783593725.691 1 
781043552 475 1783593725.741 1 
791045106 476 1783593725.791 1 
801043597 477 1783593725.842 1 
811045564 478 1783593725.892 1 
821045138 479 1783593725.942 1 
831023317 480 1783593725.992 1 
841054042 481 1783593726.041 1 
851104010 482 1783593726.092 1 
861079917 483 1783593726.142 1 
871045987 484 1783593726.192 1 
881045081 485 1783593726.241 1 
891079193 486 1783593726.292 1 
901079843 487 1783593726.342 1 
911079896 488 1783593726.392 1 
921045741 489 1783593726.442 1 
931107048 490 1783593726.492 1 
941046025 491 1783593726.542 1 
951105390 492 1783593726.592 1 
961047381 493 1783593726.642 1 
971104072 494 1783593726.692 1 
981046022 495 1783593726.742 1 
991104651 496 1783593726.792 1 
1001021998 497 1783593726.842 1 
1011078813 498 1783593726.892 1 
1020977649 499 1783593726.942 1 
1031046811 500 1783593726.991 1 
1041110818 501 1783593727.041 1 
1051104047 502 1783593727.092 1 
1061079797 503 1783593727.142 1 
1071079195 504 1783593727.192 1 
1081046342 505 1783593727.242 1 
1091103943 506 1783593727.292 1 
1101080162 507 1783593727.342 1 
1111046009 508 1783593727.392 1 
1121117331 509 1783593727.441 1 
1131045300 510 1783593727.492 1 
1141044021 511 1783593727.541 1 
1151078467 512 1783593727.592 1 
1161046771 513 1783593727.642 1 
1171105042 514 1783593727.692 1 
1181046465 515 1783593727.742 1 
1191044802 516 1783593727.792 1 
1201047229 517 1783593727.841 1 
1211044599 518 1783593727.892 1 
1221079479 519 1783593727.942 1 
1231021743 520 1783593727.992 1 
1241053749 521 1783593728.041 1 
1251104572 522 1783593728.092 1 
1261045704 523 1783593728.143 1 
1271104678 524 1783593728.192 1 
1281045179 525 1783593728.242 1 
1291104512 526 1783593728.292 1 
1301079209 527 1783593728.342 1 
1311045485 528 1783593728.392 1 
1321044826 529 1783593728.442 1 
1331079040 530 1783593728.492 1 
1341079885 531 1783593728.542 1 
1351021689 532 1783593728.592 1 
1361045970 533 1783593728.641 1 
1371105329 534 1783593728.692 1 
1381046055 535 1783593728.742 1 
1391105637 536 1783593728.792 1 
1401078751 537 1783593728.842 1 
1411046430 538 1783593728.892 1 
1421105335 539 1783593728.942 1 
1431045803 540 1783593728.992 1 
1441111508 541 1783593729.042 1 
1451109443 542 1783593729.092 1 
1461045943 543 1783593729.142 1 
1471108837 544 1783593729.192 1 
1481079867 545 1783593729.242 1 
1491079862 546 1783593729.292 1 
1501079947 547 1783593729.342 1 
1511079930 548 1783593729.392 1 
1521047599 549 1783593729.442 1 
1531104907 550 1783593729.492 1 
1541046227 551 1783593729.542 1 
1551104421 552 1783593729.592 1 
1561061252 553 1783593729.642 1 
1571105272 554 1783593729.692 1 
1581046767 555 1783593729.742 1 
1591061988 556 1783593729.792 1 
1601046545 557 1783593729.842 1 
1611045359 558 1783593729.892 1 
1621079063 559 1783593729.942 1 
1631079329 560 1783593729.992 1 
1641102254 561 1783593730.042 1 
1651046822 562 1783593730.092 1 
1661043554 563 1783593730.142 1 
1671047062 564 1783593730.192 1 
1681045031 565 1783593730.242 1 
1691079529 566 1783593730.292 1 
1701046073 567 1783593730.342 1 
1711043931 568 1783593730.392 1 
1721046351 569 1783593730.442 1 
1731044750 570 1783593730.492 1 
1741078880 571 1783593730.542 1 
1751046371 572 1783593730.592 1 
1761043728 573 1783593730.642 1 
1771078976 574 1783593730.692 1 
1781046962 575 1783593730.742 1 
1791043143 576 1783593730.792 1 
1801078808 577 1783593730.842 1 
1811079400 578 1783593730.892 1 
1821046479 579 1783593730.942 1 
1831043882 580 1783593730.992 1 
1841053358 581 1783593731.042 1 
1851044939 582 1783593731.092 1 
1861079780 583 1783593731.142 1 
1871046740 584 1783593731.192 1 
1881105441 585 1783593731.242 1 
1891078675 586 1783593731.292 1 
1901079652 587 1783593731.342 1 
1911046056 588 1783593731.392 1 
1921105400 589 1783593731.442 1 
1931079447 590 1783593731.492 1 
1941078719 591 1783593731.542 1 
1951079049 592 1783593731.592 1 
1961078926 593 1783593731.642 1 
1971045935 594 1783593731.692 1 
1981104187 595 1783593731.742 1 
1991078371 596 1783593731.792 1 
2001078897 597 1783593731.842 1 
2011046924 598 1783593731.892 1 
2021105083 599 1783593731.942 1 
2031079697 600 1783593731.992 1 
2041054036 601 1783593732.042 1 
2051043307 602 1783593732.092 1 
2061045485 603 1783593732.142 1 
2071104212 604 1783593732.192 1 
2081079934 605 1783593732.242 1 
2091046163 606 1783593732.292 1 
2101108742 607 1783593732.342 1 
2111046567 608 1783593732.392 1 
2121106218 609 1783593732.442 1 
2131079804 610 1783593732.492 1 
2141046702 611 1783593732.542 1 
2151043545 612 1783593732.592 1 
2161079655 613 1783593732.642 1 
2171046512 614 1783593732.692 1 
2181105341 615 1783593732.742 1 
2191080055 616 1783593732.792 1 
2201079924 617 1783593732.842 1 
2211046094 618 1783593732.892 1 
2221044249 619 1783593732.942 1 
2231047027 620 1783593732.992 1 
2241109870 621 1783593733.042 1 
2251043666 622 1783593733.092 1 
2261046380 623 1783593733.144 1 
2271103845 624 1783593733.192 1 
2281078828 625 1783593733.242 1 
2291079896 626 1783593733.292 1 
2301079388 627 1783593733.342 1 
2311079698 628 1783593733.392 1 
2321079895 629 1783593733.442 1 
2331078792 630 1783593733.492 1 
2341046996 631 1783593733.542 1 
2351044435 632 1783593733.592 1 
2361079294 633 1783593733.642 1 
2371079928 634 1783593733.692 1 
2381079969 635 1783593733.742 1 
2391078959 636 1783593733.792 1 
2401046848 637 1783593733.842 1 
2411044258 638 1783593733.892 1 
2421078921 639 1783593733.942 1 
2431079604 640 1783593733.992 1 
2441054020 641 1783593734.042 1 
2451108472 642 1783593734.092 1 
2461080055 643 1783593734.142 1 
2471044544 644 1783593734.192 1 
2481106547 645 1783593734.242 1 
2491045462 646 1783593734.292 1 
2501043623 647 1783593734.342 1 
2511046765 648 1783593734.392 1 
2521109131 649 1783593734.442 1 
2531079533 650 1783593734.492 1 
2541021190 651 1783593734.542 1 
2551079487 652 1783593734.592 1 
2561022329 653 1783593734.642 1 
2571079757 654 1783593734.692 1 
2581079382 655 1783593734.742 1 
2591046186 656 1783593734.792 1 
2601045162 657 1783593734.842 1 
2611046525 658 1783593734.892 1 
2621103990 659 1783593734.942 1 
2631079894 660 1783593734.992 1 
2641053872 661 1783593735.042 1 
2651043946 662 1783593735.092 1 
2661045681 663 1783593735.142 1 
2671105054 664 1783593735.192 1 
2681079916 665 1783593735.242 1 
2691044635 666 1783593735.292 1 
2701104545 667 1783593735.342 1 
2711078704 668 1783593735.392 1 
2721046479 669 1783593735.442 1 
2731104806 670 1783593735.492 1 
2741079150 671 1783593735.542 1 
2751022991 672 1783593735.592 1 
2761044888 673 1783593735.642 1 
2771110000 674 1783593735.692 1 
2781045197 675 1783593735.742 1 
2791073825 676 1783593735.792 1 
2801046669 677 1783593735.842 1 
2811044217 678 1783593735.892 1 
2821079877 679 1783593735.942 1 
2831047524 680 1783593735.992 1 
2841111007 681 1783593736.042 1 
2851044425 682 1783593736.092 1 
2861079417 683 1783593736.142 1 
2871079894 684 1783593736.192 1 
2881078967 685 1783593736.242 1 
2891079313 686 1783593736.292 1 
2901046101 687 1783593736.342 1 
2911109277 688 1783593736.392 1 
2921079604 689 1783593736.442 1 
2931044987 690 1783593736.492 1 
2941044226 691 1783593736.542 1 
2951022308 692 1783593736.592 1 
2961046237 693 1783593736.642 1 
2971104300 694 1783593736.692 1 
2981079395 695 1783593736.742 1 
2991079911 696 1783593736.792 1 
3001046793 697 1783593736.842 1 
3011044924 698 1783593736.892 1 
3020977515 699 1783593736.942 1 
3031079078 700 1783593736.992 1 
3041151267 701 1783593737.042 1 
3051106058 702 1783593737.093 1 
3061046425 703 1783593737.142 1 
3071109556 704 1783593737.192 1 
3081079908 705 1783593737.242 1 
3091078754 706 1783593737.292 1 
3101079891 707 1783593737.342 1 
3111023284 708 1783593737.392 1 
3121046712 709 1783593737.442 1 
3131105238 710 1783593737.492 1 
3141079017 711 1783593737.542 1 
3151046627 712 1783593737.592 1 
3161043766 713 1783593737.642 1 
3171046848 714 1783593737.692 1 
3181045674 715 1783593737.742 1 
3191079920 716 1783593737.792 1 
3201079936 717 1783593737.842 1 
3211079449 718 1783593737.892 1 
3221020939 719 1783593737.942 1 
3231022836 720 1783593737.992 1 
3241054031 721 1783593738.042 1 
3251044990 722 1783593738.092 1 
3261046540 723 1783593738.144 1 
3271045004 724 1783593738.192 1 
3281047463 725 1783593738.242 1 
3291105289 726 1783593738.292 1 
3301023379 727 1783593738.342 1 
3311046134 728 1783593738.392 1 
3321104679 729 1783593738.442 1 
3331046449 730 1783593738.493 1 
3341044610 731 1783593738.542 1 
3351047301 732 1783593738.592 1 
3361103536 733 1783593738.642 1 
3371079339 734 1783593738.693 1 
3381065078 735 1783593738.742 1 
3391044521 736 1783593738.792 1 
3401079871 737 1783593738.842 1 
3411021999 738 1783593738.893 1 
3421078280 739 1783593738.942 1 
3431045726 740 1783593738.992 1 
3441110845 741 1783593739.042 1 
3451044504 742 1783593739.093 1 
3461079899 743 1783593739.142 1 
3471045853 744 1783593739.192 1 
3481044410 745 1783593739.242 1 
3491079880 746 1783593739.292 1 
3501047489 747 1783593739.343 1 
3511104289 748 1783593739.392 1 
3521095300 749 1783593739.443 1 
3531079767 750 1783593739.493 1 
3541045904 751 1783593739.543 1 
3551105409 752 1783593739.592 1 
3561079886 753 1783593739.643 1 
3571045380 754 1783593739.692 1 
3581109021 755 1783593739.742 1 
3591079597 756 1783593739.793 1 
3601046481 757 1783593739.843 1 
3611044722 758 1783593739.892 1 
3621079471 759 1783593739.942 1 
3631079299 760 1783593739.992 1 
3641052769 761 1783593740.043 1 
3651043604 762 1783593740.092 1 
3661079941 763 1783593740.142 1 
3671078939 764 1783593740.192 1 
3681020955 765 1783593740.243 1 
3691061003 766 1783593740.292 1 
3701105402 767 1783593740.342 1 
3711079482 768 1783593740.393 1 
3721047891 769 1783593740.443 1 
3731068195 770 1783593740.492 1 
3741044203 771 1783593740.543 1 
3751045041 772 1783593740.592 1 
3761045122 773 1783593740.642 1 
3771079061 774 1783593740.692 1 
3781045735 775 1783593740.743 1 
3791109785 776 1783593740.792 1 
3801078836 777 1783593740.843 1 
3811079475 778 1783593740.893 1 
3821078462 779 1783593740.943 1 
3831079019 780 1783593740.993 1 
3841053355 781 1783593741.043 1 
3851103600 782 1783593741.092 1 
3861079693 783 1783593741.143 1 
3871079887 784 1783593741.192 1 
3881079460 785 1783593741.243 1 
3891078633 786 1783593741.292 1 
3901047146 787 1783593741.343 1 
3911104954 788 1783593741.392 1 
3921046725 789 1783593741.443 1 
3931044910 790 1783593741.492 1 
3941079895 791 1783593741.542 1 
3951079893 792 1783593741.593 1 
3961047164 793 1783593741.643 1 
3971103793 794 1783593741.692 1 
3981044952 795 1783593741.743 1 
3991103855 796 1783593741.792 1 
4001079152 797 1783593741.843 1 
4011045778 798 1783593741.893 1 
4021108621 799 1783593741.943 1 
4031023321 800 1783593741.993 1 
4041151454 801 1783593742.042 1 
4051043917 802 1783593742.093 1 
4061045533 803 1783593742.143 1 
4071103895 804 1783593742.192 1 
4081023585 805 1783593742.243 1 
4091045096 806 1783593742.292 1 
4101104759 807 1783593742.343 1 
4111047424 808 1783593742.393 1 
4121044090 809 1783593742.443 1 
4131046512 810 1783593742.492 1 
4141043735 811 1783593742.543 1 
4151079819 812 1783593742.592 1 
4161047050 813 1783593742.643 1 
4171105242 814 1783593742.692 1 
4181047149 815 1783593742.743 1 
4191044257 816 1783593742.792 1 
4201047840 817 1783593742.843 1 
4211045091 818 1783593742.893 1 
4221079772 819 1783593742.943 1 
4231046274 820 1783593742.993 1 
4241110317 821 1783593743.043 1 
4251103643 822 1783593743.093 1 
4261046756 823 1783593743.145 1 
4271109847 824 1783593743.193 1 
4281079913 825 1783593743.243 1 
4291045919 826 1783593743.293 1 
6076478 827 1783593743.343 1 
16078356 828 1783593743.393 1 
26136748 829 1783593743.443 1 
36112425 830 1783593743.493 1 
46078217 831 1783593743.543 1 
56077387 832 1783593743.593 1 
66112595 833 1783593743.643 1 
76079478 834 1783593743.693 1 
86076494 835 1783593743.743 1 
96112595 836 1783593743.793 1 
106111679 837 1783593743.843 1 
116111371 838 1783593743.893 1 
126112586 839 1783593743.943 1 
136112445 840 1783593743.993 1 
146086373 841 1783593744.043 1 
156075736 842 1783593744.093 1 
166112587 843 1783593744.143 1 
176079767 844 1783593744.193 1 
186136458 845 1783593744.243 1 
196113775 846 1783593744.293 1 
206079147 847 1783593744.343 1 
216138651 848 1783593744.393 1 
226081178 849 1783593744.443 1 
236137269 850 1783593744.493 1 
246080166 851 1783593744.543 1 
256137214 852 1783593744.593 1 
266079118 853 1783593744.643 1 
276102495 854 1783593744.693 1 
286138395 855 1783593744.743 1 
296112439 856 1783593744.793 1 
306077713 857 1783593744.843 1 
316138318 858 1783593744.893 1 
326112595 859 1783593744.943 1 
336112319 860 1783593744.993 1 
346086181 861 1783593745.043 1 
356135419 862 1783593745.093 1 
366078682 863 1783593745.143 1 
376077116 864 1783593745.193 1 
386078465 865 1783593745.243 1 
396138054 866 1783593745.293 1 
406078549 867 1783593745.343 1 
416138064 868 1783593745.393 1 
426077407 869 1783593745.443 1 
436141703 870 1783593745.493 1 
446112598 871 1783593745.543 1 
456078699 872 1783593745.593 1 
466136910 873 1783593745.643 1 
476111918 874 1783593745.693 1 
486112346 875 1783593745.743 1 
496112423 876 1783593745.793 1 
506112614 877 1783593745.843 1 
516112279 878 1783593745.893 1 
526112581 879 1783593745.943 1 
536077779 880 1783593745.993 1 
546143256 881 1783593746.043 1 
556077879 882 1783593746.093 1 
566112099 883 1783593746.143 1 
576112599 884 1783593746.193 1 
586112610 885 1783593746.243 1 
596078839 886 1783593746.293 1 
606137211 887 1783593746.343 1 
616112371 888 1783593746.393 1 
626078938 889 1783593746.443 1 
636136665 890 1783593746.493 1 
646112211 891 1783593746.543 1 
656079630 892 1783593746.593 1 
666136949 893 1783593746.643 1 
676112622 894 1783593746.693 1 
686079122 895 1783593746.743 1 
696076767 896 1783593746.793 1 
706079971 897 1783593746.843 1 
716137557 898 1783593746.893 1 
726009164 899 1783593746.943 1 
736112582 900 1783593746.993 1 
746149074 901 1783593747.043 1 
756078029 902 1783593747.093 1 
766076374 903 1783593747.143 1 
776078690 904 1783593747.193 1 
786138400 905 1783593747.243 1 
796111915 906 1783593747.293 1 
806112528 907 1783593747.343 1 
816111719 908 1783593747.393 1 
826112623 909 1783593747.443 1 
836078107 910 1783593747.493 1 
846077377 911 1783593747.543 1 
856090038 912 1783593747.593 1 -7.217 7.510 1.312 -4.207 85 415 
866151185 913 1783593747.644 1 -7.050 7.272 1.602 -4.207 123 427 
876093756 914 1783593747.694 1 -6.256 7.789 0.626 -4.207 134 434 
886151528 915 1783593747.744 1 -6.256 7.713 1.251 -4.207 149 434 
896094717 916 1783593747.794 1 -6.249 7.085 1.190 -4.207 166 424 -5.943 7.751 2.190 -4.207 96 429 
906092851 917 1783593747.844 1 -5.951 7.282 1.488 -4.207 181 427 
916091205 918 1783593747.894 1 -5.219 7.532 1.450 -3.366 180 423 
926153830 919 1783593747.944 1 -5.608 6.245 1.602 -4.207 170 433 -4.799 7.522 1.411 -3.366 163 429 
936134145 920 1783593747.994 1 -5.035 6.162 1.259 -4.207 126 416 -4.540 6.917 2.136 -3.366 160 424 -5.363 6.995 1.976 -3.366 166 430 
946228371 921 1783593748.044 1 -4.532 6.488 1.511 -4.207 116 423 -6.943 3.814 3.204 -3.366 97 433 -4.883 8.319 1.526 -3.366 92 424 -5.447 5.701 2.594 -1.683 80 426 
956247969 922 1783593748.095 1 -4.929 6.349 2.075 -5.049 152 425 -5.363 6.572 3.105 -4.207 71 456 -5.798 7.708 1.526 -4.207 113 438 -6.561 8.169 0.656 -4.207 80 439 -4.395 6.291 1.465 -3.366 169 418 -5.493 6.287 2.747 -3.366 89 443 -5.653 7.516 1.488 -3.366 113 436 -4.540 7.115 1.335 -2.524 106 426 
966168266 923 1783593748.147 1 -5.608 6.358 1.068 -4.207 162 438 -3.906 6.605 1.465 -3.366 157 432 -4.280 6.656 1.511 -2.524 156 423 
976169489 924 1783593748.207 1 -6.409 7.312 0.916 -4.207 128 423 -3.891 5.995 1.602 -3.366 132 424 -4.028 6.751 1.762 -3.366 207 420 
986173790 925 1783593748.249 1 -4.150 6.394 1.709 -5.049 135 431 -4.021 6.127 1.892 -3.366 194 429 -4.784 6.239 1.762 -3.366 184 427 -4.517 7.637 1.694 -3.366 69 446 -4.150 6.394 1.709 -2.524 199 425 
996177767 926 1783593748.295 1 -5.341 6.535 1.335 -4.207 69 448 -5.493 8.022 0.916 -4.207 128 431 -2.876 6.281 1.549 -3.366 114 432 -3.273 7.205 1.511 -2.524 131 443 -4.021 6.048 2.129 -1.683 151 422 
1006248430 927 1783593748.374 1 -4.669 6.784 1.038 -4.207 113 440 -5.943 8.030 0.626 -4.207 94 423 -3.319 5.998 1.770 -3.366 159 435 -3.784 6.447 1.183 -3.366 158 435 -3.952 7.879 1.976 -3.366 75 446 -3.319 5.998 1.770 -2.524 164 430 -2.975 6.550 1.373 -1.683 118 423 
1016139522 928 1783593748.405 1 -3.662 5.916 2.289 -4.207 196 421 -4.929 6.349 2.075 -4.207 112 434 -4.395 7.487 1.373 -3.366 110 440 -2.975 6.368 2.060 -2.524 187 424 
1026190002 929 1783593748.450 1 -2.747 6.470 2.060 0.000 133 400 -3.662 6.073 1.831 -3.366 210 423 -4.929 7.725 1.450 -3.366 120 430 -2.777 6.065 1.495 -2.524 192 435 -1.709 7.369 1.953 -2.524 133 442 -4.005 7.429 1.335 -2.524 126 426 -1.656 7.197 1.656 -1.683 158 433 
1036203234 930 1783593748.503 1 -2.434 6.409 1.770 0.000 153 395 -3.891 7.104 1.816 0.841 84 435 -5.081 7.334 1.411 -3.366 110 432 -2.136 6.319 1.495 -2.524 232 424 -2.197 7.089 2.441 -1.683 94 438 -0.534 8.099 2.670 -1.683 78 431 -6.409 5.420 1.602 -1.683 78 431 -3.204 6.086 2.518 -0.841 138 423 
1046180753 931 1783593748.554 1 -1.854 6.159 1.442 0.000 221 387 -5.341 6.403 1.869 -5.049 134 427 -3.098 6.175 1.549 -3.366 172 416 -5.341 6.535 1.335 -3.366 146 446 -1.854 6.159 1.442 -2.524 309 420 -3.174 6.866 1.953 -2.524 129 445 
1056191984 932 1783593748.603 1 -2.953 9.406 3.609 -5.049 68 429 -4.807 6.938 1.335 -4.207 110 454 -4.639 7.903 1.450 -3.366 91 429 -4.784 6.359 1.259 -2.524 149 448 -1.854 6.107 1.648 -1.683 257 419 -1.831 6.786 2.060 -0.841 118 430 
1066231196 933 1783593748.655 1 -4.120 7.587 1.648 -3.366 129 436 -1.923 5.943 2.777 -2.524 216 422 -2.769 7.460 1.259 -2.524 197 444 -1.190 5.974 1.785 -1.683 278 424 -1.549 6.466 2.434 -0.841 166 428 -2.022 12.463 2.831 -0.841 68 420 
1076193658 934 1783593748.706 1 -4.028 6.751 1.762 -3.366 182 429 -4.669 7.401 0.824 -3.366 71 434 -0.595 6.062 1.785 -1.683 223 421 -1.656 7.072 2.129 -0.841 122 449 
1086209140 935 1783593748.753 1 -1.892 6.936 2.365 0.841 96 441 -1.648 6.166 1.648 -2.524 157 433 -1.953 7.501 0.977 -1.683 206 442 -0.954 5.779 1.717 -0.841 198 427 -0.885 6.667 2.213 -0.841 138 449 
1096159948 936 1783593748.806 1 -6.043 16.053 3.845 0.841 75 424 -3.784 6.342 1.656 -3.366 192 429 -1.465 7.576 1.221 -1.683 140 447 -0.793 5.908 2.182 -0.841 285 419 -1.106 6.470 2.655 -0.841 180 442 
1106181807 937 1783593748.862 1 -3.906 6.655 1.221 -3.366 112 435 -3.098 6.116 1.770 -2.524 172 427 -1.984 5.817 1.587 -1.683 204 423 -1.892 7.139 1.656 -1.683 173 440 -1.816 7.995 1.297 -1.683 83 440 -0.641 6.305 2.563 -0.841 230 421 
1116241424 938 1783593748.910 1 -1.328 6.332 2.876 0.841 117 428 -3.433 6.133 2.060 -4.207 121 431 -3.662 6.619 1.953 -3.366 122 434 -2.655 6.320 1.770 -2.524 150 442 -3.021 7.314 1.511 -2.524 124 439 -0.954 5.832 1.526 -1.683 155 429 -0.237 7.430 1.419 -0.841 123 446 
1126155145 939 1783593748.958 1 -2.876 6.155 1.991 -2.524 243 423 0.000 5.800 2.579 -0.841 234 409 -0.473 7.494 0.946 -0.841 157 432 0.000 12.427 0.778 -0.841 82 427 
1136194933 940 1783593749.002 1 0.000 10.668 3.510 0.841 108 431 -2.876 6.079 2.213 -2.524 209 429 -2.335 7.812 1.556 -2.524 77 443 -1.854 6.159 1.442 -1.683 184 424 -0.191 5.854 1.717 -0.841 228 415 -0.977 7.561 1.709 -0.841 213 429 
1146223270 941 1783593749.057 1 -2.365 6.867 2.129 0.841 93 438 -2.136 6.202 1.923 -4.207 110 418 -2.518 6.562 2.060 -2.524 158 436 -1.442 6.217 1.648 -1.683 219 428 -1.709 7.481 1.465 -1.683 145 434 
1156175330 942 1783593749.105 1 -1.991 6.496 1.991 -3.366 130 422 -1.648 6.217 1.442 -1.683 185 438 -1.221 7.465 1.953 -0.841 162 454 
1166289101 943 1783593749.154 1 -1.656 7.197 1.656 0.841 90 442 -1.442 6.093 2.060 -1.683 195 421 -1.106 6.937 0.885 -0.841 119 456 -0.946 7.324 1.656 -0.841 115 456 
1176182967 944 1783593749.205 1 -1.495 6.065 2.777 -1.683 176 427 -0.191 5.854 1.717 -0.841 187 427 -0.259 8.096 1.816 -0.841 107 438 
1186147548 945 1783593749.255 1 -1.442 5.938 2.472 -1.683 217 431 -0.244 7.619 1.709 -0.841 136 484 -1.053 10.726 3.159 -0.841 91 469 
1196208290 946 1783593749.307 1 -1.030 5.935 2.678 -0.841 244 416 -0.702 10.523 3.860 -0.841 93 462 
1206223945 947 1783593749.354 1 0.000 6.030 1.984 -0.841 255 421 
1216203514 948 1783593749.394 1 0.000 5.732 2.098 -0.841 202 420 0.000 6.190 2.266 -0.841 175 425 0.000 7.434 1.419 -0.841 91 453 
1226231939 949 1783593749.445 1 -0.427 6.546 1.923 -0.841 148 426 
1236181426 950 1783593749.503 1 -0.214 6.667 1.495 -0.841 119 419 
1246281162 951 1783593749.553 1 -0.427 6.480 2.136 -0.841 97 420 
1256149535 952 1783593749.603 1 
1266300899 953 1783593749.643 1 
1276211102 954 1783593749.694 1 
1286200286 955 1783593749.744 1 
1296209339 956 1783593749.794 1 
1306202382 957 1783593749.844 1 -7.141 4.138 3.021 4.207 78 436 
1316227984 958 1783593749.900 1 
1326194587 959 1783593749.944 1 
1336238258 960 1783593749.993 1 
1346157992 961 1783593750.044 1 
1356160283 962 1783593750.094 1 
1366142941 963 1783593750.144 1 
1376211548 964 1783593750.193 1 
1386183087 965 1783593750.244 1 
1396120341 966 1783593750.294 1 
1406177078 967 1783593750.343 1 
1416165518 968 1783593750.393 1 
1426165444 969 1783593750.444 1 
1436126226 970 1783593750.493 1 
1446156624 971 1783593750.544 1 
1456120761 972 1783593750.593 1 
1466115697 973 1783593750.643 1 
1476115527 974 1783593750.693 1 
1486091036 975 1783593750.743 1 
1496119211 976 1783593750.793 1 
1506079182 977 1783593750.843 1 
1516100694 978 1783593750.893 1 
1526141462 979 1783593750.943 1 
1536078510 980 1783593750.994 1 
1546143192 981 1783593751.043 1 
1556137531 982 1783593751.093 1 
1566112543 983 1783593751.144 1 
1576112472 984 1783593751.193 1 
1586078588 985 1783593751.243 1 
1596140840 986 1783593751.293 1 
1606112635 987 1783593751.344 1 
1616079901 988 1783593751.393 1 
1626141971 989 1783593751.443 1 
1636079194 990 1783593751.493 1 
1646141569 991 1783593751.543 1 
1656079689 992 1783593751.593 1 
1666137194 993 1783593751.643 1 
1676056587 994 1783593751.693 1 
1686079399 995 1783593751.743 1 
1696137507 996 1783593751.793 1 
1706079079 997 1783593751.844 1 
1716137601 998 1783593751.893 1 
1726009619 999 1783593751.943 1 
1736112605 1000 1783593751.993 1 
1746084848 1001 1783593752.043 1 
1756076292 1002 1783593752.093 1 
1766112596 1003 1783593752.143 1 
1776112600 1004 1783593752.193 1 
1786078248 1005 1783593752.243 1 
1796142319 1006 1783593752.293 1 
1806079054 1007 1783593752.344 1 
1816138473 1008 1783593752.393 1 
1826112612 1009 1783593752.443 1 
1836078136 1010 1783593752.493 1 
1846137720 1011 1783593752.543 1 
1856112121 1012 1783593752.593 1 
1866078677 1013 1783593752.643 1 
1876078735 1014 1783593752.693 1 
1886077504 1015 1783593752.743 1 
1896076630 1016 1783593752.793 1 
1906112023 1017 1783593752.843 1 
1916112432 1018 1783593752.893 1 
1926079254 1019 1783593752.943 1 
1936076496 1020 1783593752.993 1 
1946086072 1021 1783593753.043 1 
1956137559 1022 1783593753.093 1 
1966112625 1023 1783593753.144 1 
1976078451 1024 1783593753.194 1 
1986137688 1025 1783593753.243 1 
1996078239 1026 1783593753.294 1 
2006076487 1027 1783593753.343 1 
2016112537 1028 1783593753.393 1 
2026078389 1029 1783593753.443 1 
2036137312 1030 1783593753.493 1 
2046112598 1031 1783593753.543 1 
2056079340 1032 1783593753.593 1 
2066139179 1033 1783593753.643 1 
2076112546 1034 1783593753.694 1 
2086055485 1035 1783593753.743 1 
2096112019 1036 1783593753.793 1 
2106081363 1037 1783593753.843 1 
2116136886 1038 1783593753.893 1 
2126079120 1039 1783593753.943 1 
2136142074 1040 1783593753.993 1 
2146085600 1041 1783593754.044 1 
2156136931 1042 1783593754.093 1 
2166077601 1043 1783593754.143 1 
2176077315 1044 1783593754.193 1 
2186080090 1045 1783593754.243 1 
2196076759 1046 1783593754.294 1 
2206079441 1047 1783593754.343 1 
2216077843 1048 1783593754.393 1 
2226111688 1049 1783593754.443 1 
2236078096 1050 1783593754.493 1 
2246076927 1051 1783593754.543 1 
2256112628 1052 1783593754.593 1 
2266077557 1053 1783593754.643 1 
2276135839 1054 1783593754.693 1 
2286112936 1055 1783593754.744 1 
2296079524 1056 1783593754.793 1 
2306076753 1057 1783593754.843 1 
2316079885 1058 1783593754.893 1 
2326137405 1059 1783593754.943 1 
2336112602 1060 1783593754.994 1 
2346086310 1061 1783593755.043 1 
2356141883 1062 1783593755.093 1 
2366111812 1063 1783593755.144 1 
2376078419 1064 1783593755.193 1 
2386137203 1065 1783593755.243 1 
2396080102 1066 1783593755.294 1 
2406137770 1067 1783593755.343 1 
2416112333 1068 1783593755.394 1 
2426112560 1069 1783593755.443 1 
2436112169 1070 1783593755.494 1 
2446110656 1071 1783593755.543 1 
2456112603 1072 1783593755.594 1 
2466078204 1073 1783593755.643 1 
2476137124 1074 1783593755.693 1 
2486112603 1075 1783593755.744 1 
2496112211 1076 1783593755.794 1 
2506112161 1077 1783593755.843 1 
2516111618 1078 1783593755.894 1 
2526080837 1079 1783593755.944 1 
2536136898 1080 1783593755.994 1 
2546086713 1081 1783593756.044 1 
2556137662 1082 1783593756.094 1 
2566079767 1083 1783593756.144 1 
2576136517 1084 1783593756.193 1 
2586080231 1085 1783593756.244 1 
2596141116 1086 1783593756.293 1 
2606112208 1087 1783593756.344 1 
2616112003 1088 1783593756.393 1 
2626112046 1089 1783593756.444 1 
2636112598 1090 1783593756.494 1 
2646079010 1091 1783593756.544 1 
2656076979 1092 1783593756.593 1 
2666112529 1093 1783593756.643 1 
2676111225 1094 1783593756.694 1 
2686111420 1095 1783593756.744 1 
2696079853 1096 1783593756.794 1 
2706137082 1097 1783593756.843 1 
2716079413 1098 1783593756.894 1 
2726142331 1099 1783593756.944 1 
2736112549 1100 1783593756.994 1 
2746086749 1101 1783593757.044 1 
2756076162 1102 1783593757.093 1 
2766112059 1103 1783593757.144 1 
2776078710 1104 1783593757.194 1 
2786137597 1105 1783593757.244 1 
2796112595 1106 1783593757.294 1 
2806112597 1107 1783593757.344 1 
2816111077 1108 1783593757.394 1 
2826077998 1109 1783593757.444 1 
2836136612 1110 1783593757.493 1 
2846112001 1111 1783593757.544 1 
2856079066 1112 1783593757.594 1 
2866103063 1113 1783593757.644 1 
2876141947 1114 1783593757.694 1 
2886079105 1115 1783593757.744 1 
2896136651 1116 1783593757.793 1 
2906112076 1117 1783593757.844 1 
2916078909 1118 1783593757.894 1 
2926142195 1119 1783593757.944 1 
2936079106 1120 1783593757.994 1 
2946143558 1121 1783593758.044 1 
2956136889 1122 1783593758.094 1 
2966078047 1123 1783593758.144 1 
2976077338 1124 1783593758.194 1 
2986078641 1125 1783593758.244 1 
2996141846 1126 1783593758.293 1 
3006079647 1127 1783593758.344 1 
3016078120 1128 1783593758.393 1 
3026077977 1129 1783593758.444 1 
3036143379 1130 1783593758.493 1 
3046078557 1131 1783593758.544 1 
3056078225 1132 1783593758.593 1 
3066111197 1133 1783593758.644 1 
3076112585 1134 1783593758.694 1 
3086079194 1135 1783593758.744 1 
3096142712 1136 1783593758.793 1 
3106111603 1137 1783593758.844 1 
3116078972 1138 1783593758.894 1 
3126142219 1139 1783593758.944 1 
3136112503 1140 1783593758.994 1 
3146086453 1141 1783593759.044 1 
3156136788 1142 1783593759.094 1 
3166113447 1143 1783593759.144 1 
3176112584 1144 1783593759.194 1 
3186078573 1145 1783593759.244 1 
3196137430 1146 1783593759.293 1 
3206080497 1147 1783593759.344 1 
3216158917 1148 1783593759.394 1 
3226111397 1149 1783593759.444 1 
3236112013 1150 1783593759.494 1 
3246112479 1151 1783593759.544 1 
3256078673 1152 1783593759.594 1 
3266141766 1153 1783593759.644 1 
3276078789 1154 1783593759.694 1 
3286136948 1155 1783593759.744 1 
3296077881 1156 1783593759.794 1 
3306137392 1157 1783593759.844 1 
3316080181 1158 1783593759.894 1 
3326137944 1159 1783593759.944 1 
3336078043 1160 1783593759.994 1 
3346143459 1161 1783593760.044 1 
3356076140 1162 1783593760.094 1 
3366078521 1163 1783593760.144 1 
3376137826 1164 1783593760.194 1 
3386054528 1165 1783593760.244 1 
3396079617 1166 1783593760.293 1 
3406137817 1167 1783593760.344 1 
3416111430 1168 1783593760.394 1 
3426112327 1169 1783593760.444 1 
3436079610 1170 1783593760.494 1 
3446136292 1171 1783593760.544 1 
3456078682 1172 1783593760.594 1 
3466077563 1173 1783593760.644 1 
3476055442 1174 1783593760.694 1 
3486112395 1175 1783593760.744 1 
3496079515 1176 1783593760.794 1 
3506141707 1177 1783593760.844 1 
3516079965 1178 1783593760.894 1 
3526137116 1179 1783593760.944 1 
3536078618 1180 1783593760.994 1 
3546143681 1181 1783593761.044 1 
3556137658 1182 1783593761.094 1 
3566078402 1183 1783593761.144 1 
3576138027 1184 1783593761.194 1 
3586079608 1185 1783593761.244 1 
3596136667 1186 1783593761.294 1 
3606079301 1187 1783593761.344 1 
3616142173 1188 1783593761.394 1 
3626112089 1189 1783593761.444 1 
3636078860 1190 1783593761.494 1 
3646137422 1191 1783593761.544 1 
3656111746 1192 1783593761.594 1 
3666111157 1193 1783593761.644 1 
3676078806 1194 1783593761.694 1 
3686077635 1195 1783593761.744 1 
3696112603 1196 1783593761.794 1 
3706112632 1197 1783593761.844 1 
3716112831 1198 1783593761.894 1 
3726010334 1199 1783593761.944 1 
3736079265 1200 1783593761.993 1 
3746142364 1201 1783593762.044 1 
3756142515 1202 1783593762.094 1 
3766053953 1203 1783593762.144 1 
3776079193 1204 1783593762.194 1 
3786137012 1205 1783593762.244 1 
3796112492 1206 1783593762.294 1 
3806111698 1207 1783593762.344 1 
3816079912 1208 1783593762.394 1 
3826077018 1209 1783593762.444 1 
3836078327 1210 1783593762.494 1 
3846136156 1211 1783593762.544 1 
3856078242 1212 1783593762.594 1 
3866076801 1213 1783593762.644 1 
3876078775 1214 1783593762.694 1 
3886077366 1215 1783593762.744 1 
3896112359 1216 1783593762.794 1 
3906078862 1217 1783593762.844 1 
3916137939 1218 1783593762.894 1 
3926112463 1219 1783593762.944 1 
3936054896 1220 1783593762.994 1 
3946087466 1221 1783593763.044 1 
3956076503 1222 1783593763.094 1 
3966079224 1223 1783593763.144 1 
3976136607 1224 1783593763.195 1 
3986112598 1225 1783593763.244 1 
3996077933 1226 1783593763.294 1 
4006142409 1227 1783593763.344 1 
4016111699 1228 1783593763.394 1 
4026112764 1229 1783593763.444 1 
4036054255 1230 1783593763.494 1 
4046078803 1231 1783593763.544 1 
4056078391 1232 1783593763.594 1 
4066112092 1233 1783593763.644 1 
4076079295 1234 1783593763.694 1 
4086076554 1235 1783593763.744 1 
4096112606 1236 1783593763.794 1 
4106079140 1237 1783593763.844 1 
4116137236 1238 1783593763.894 1 
4126079386 1239 1783593763.944 1 
4136137087 1240 1783593763.994 1 
4146086092 1241 1783593764.044 1 
4156137171 1242 1783593764.094 1 
4166112613 1243 1783593764.144 1 
4176079429 1244 1783593764.194 1 
4186137520 1245 1783593764.244 1 
4196078856 1246 1783593764.294 1 
4206078361 1247 1783593764.344 1 
4216078827 1248 1783593764.394 1 
4226076874 1249 1783593764.444 1 
4236079629 1250 1783593764.494 1 
4246138495 1251 1783593764.544 1 
4256077817 1252 1783593764.594 1 
4266077110 1253 1783593764.644 1 
4276056454 1254 1783593764.694 1 
4286079141 1255 1783593764.744 1 
1110552 1256 1783593764.794 1 
11144686 1257 1783593764.844 1 
21110309 1258 1783593764.894 1 
31173872 1259 1783593764.944 1 
41144601 1260 1783593764.994 1 
51119254 1261 1783593765.044 1 
61169569 1262 1783593765.094 1 
71111293 1263 1783593765.144 1 
81108917 1264 1783593765.194 1 
91145316 1265 1783593765.244 1 
101145299 1266 1783593765.294 1 
111111409 1267 1783593765.344 1 
121169672 1268 1783593765.394 1 
131145052 1269 1783593765.444 1 
141113039 1270 1783593765.494 1 
151109418 1271 1783593765.544 1 
161112523 1272 1783593765.594 1 
171170255 1273 1783593765.644 1 
181111325 1274 1783593765.694 1 
191169684 1275 1783593765.744 1 
201145328 1276 1783593765.794 1 
211145449 1277 1783593765.844 1 
221145321 1278 1783593765.894 1 
231145299 1279 1783593765.944 1 
241111100 1280 1783593765.994 1 
251176297 1281 1783593766.044 1 
261170577 1282 1783593766.094 1 
271112049 1283 1783593766.144 1 
281170333 1284 1783593766.194 1 
291144979 1285 1783593766.244 1 
301112194 1286 1783593766.294 1 
311168986 1287 1783593766.344 1 
321143753 1288 1783593766.394 1 
331145066 1289 1783593766.444 1 
341145676 1290 1783593766.494 1 
351087550 1291 1783593766.544 1 
361145105 1292 1783593766.594 1 
371145019 1293 1783593766.644 1 
381144079 1294 1783593766.694 1 
391144393 1295 1783593766.744 1 
401110861 1296 1783593766.794 1 
411169994 1297 1783593766.844 1 
421145278 1298 1783593766.895 1 
431042215 1299 1783593766.944 1 
441145177 1300 1783593766.994 1 
451118632 1301 1783593767.044 1 
461170149 1302 1783593767.094 1 
471110897 1303 1783593767.144 1 
481169799 1304 1783593767.194 1 
491111695 1305 1783593767.244 1 
501174062 1306 1783593767.294 1 
511145176 1307 1783593767.344 1 
521111624 1308 1783593767.394 1 
531169389 1309 1783593767.444 1 
541145085 1310 1783593767.494 1 
551145329 1311 1783593767.544 1 
561145340 1312 1783593767.594 1 
571111720 1313 1783593767.644 1 
581169411 1314 1783593767.694 1 
591145285 1315 1783593767.744 1 
601110755 1316 1783593767.794 1 
611175848 1317 1783593767.844 1 
621112713 1318 1783593767.895 1 
631170874 1319 1783593767.944 1 
641111370 1320 1783593767.994 1 
651175891 1321 1783593768.044 1 
661170575 1322 1783593768.095 1 
671145319 1323 1783593768.144 1 
681111444 1324 1783593768.195 1 
691134488 1325 1783593768.244 1 
701174681 1326 1783593768.294 1 
711144962 1327 1783593768.345 1 
721111857 1328 1783593768.394 1 
731174907 1329 1783593768.444 1 
741111456 1330 1783593768.495 1 
751171594 1331 1783593768.544 1 
761145301 1332 1783593768.594 1 
771145165 1333 1783593768.644 1 
781112203 1334 1783593768.694 1 
791170203 1335 1783593768.744 1 
801111437 1336 1783593768.794 1 
811174851 1337 1783593768.844 1 
821087472 1338 1783593768.895 1 
831087672 1339 1783593768.944 1 
841110267 1340 1783593768.994 1 
851175890 1341 1783593769.044 1 
861110646 1342 1783593769.095 1 
871111550 1343 1783593769.144 1 
881169915 1344 1783593769.194 1 
891111963 1345 1783593769.244 1 
901108744 1346 1783593769.294 1 
911110448 1347 1783593769.344 1 
921138435 1348 1783593769.394 1 
931110327 1349 1783593769.444 1 
941169392 1350 1783593769.494 1 
951144881 1351 1783593769.545 1 
961145286 1352 1783593769.594 1 
971145327 1353 1783593769.644 1 
981145306 1354 1783593769.695 1 
991111258 1355 1783593769.745 1 
1001171064 1356 1783593769.794 1 
1011145293 1357 1783593769.845 1 
1021112096 1358 1783593769.895 1 
1031169454 1359 1783593769.944 1 
1041145023 1360 1783593769.995 1 
1051119149 1361 1783593770.044 1 
1061170128 1362 1783593770.094 1 
1071143830 1363 1783593770.145 1 
1081144184 1364 1783593770.195 1 
1091145316 1365 1783593770.244 1 
1101110518 1366 1783593770.295 1 
1111111591 1367 1783593770.344 1 
1121111795 1368 1783593770.394 1 
1131170786 1369 1783593770.444 1 
1141144567 1370 1783593770.495 1 
1151111453 1371 1783593770.544 1 
1161170682 1372 1783593770.594 1 
1171113271 1373 1783593770.645 1 
1181110830 1374 1783593770.694 1 
1191111801 1375 1783593770.744 1 
1201169957 1376 1783593770.794 1 
1211113317 1377 1783593770.845 1 
1221170251 1378 1783593770.895 1 
1231109917 1379 1783593770.945 1 
1241169800 1380 1783593770.994 1 
1251216358 1381 1783593771.045 1 
1261169362 1382 1783593771.095 1 
1271144877 1383 1783593771.145 1 
1281144921 1384 1783593771.194 1 
1291112140 1385 1783593771.244 1 
1301108713 1386 1783593771.294 1 
1311087656 1387 1783593771.344 1 
1321145288 1388 1783593771.394 1 
1331145349 1389 1783593771.444 1 
1341110404 1390 1783593771.495 1 
1351170716 1391 1783593771.544 1 
1361145242 1392 1783593771.594 1 
1371143898 1393 1783593771.644 1 
1381110360 1394 1783593771.695 1 
1391109192 1395 1783593771.744 1 
1401111339 1396 1783593771.795 1 
1411109656 1397 1783593771.844 1 
1421112864 1398 1783593771.895 1 
1431110178 1399 1783593771.944 1 
1441111495 1400 1783593771.994 1 
1451176036 1401 1783593772.044 1 
1461110282 1402 1783593772.095 1 
1471145337 1403 1783593772.145 1 
1481112072 1404 1783593772.195 1 
1491169685 1405 1783593772.244 1 
1501110347 1406 1783593772.295 1 
1511170256 1407 1783593772.345 1 
1521111043 1408 1783593772.395 1 
1531110258 1409 1783593772.444 1 
1541087231 1410 1783593772.495 1 
1551112138 1411 1783593772.545 1 
1561111283 1412 1783593772.594 1 
1571110114 1413 1783593772.644 1 
1581107880 1414 1783593772.694 1 
1591144935 1415 1783593772.744 1 
1601112360 1416 1783593772.794 1 
1611170587 1417 1783593772.844 1 
1621111161 1418 1783593772.894 1 
1631170669 1419 1783593772.944 1 
1641088148 1420 1783593772.994 1 
1651167954 1421 1783593773.044 1 
1661111301 1422 1783593773.094 1 
1671169177 1423 1783593773.144 1 
1681145112 1424 1783593773.240 1 
1691088253 1425 1783593773.244 1 
1701112059 1426 1783593773.294 1 
1711169249 1427 1783593773.344 1 
1721111317 1428 1783593773.394 1 
1731109695 1429 1783593773.444 1 
1741111436 1430 1783593773.494 1 
1751168704 1431 1783593773.544 1 
1761087070 1432 1783593773.594 1 
1771111837 1433 1783593773.644 1 
1781133334 1434 1783593773.694 1 
1791173952 1435 1783593773.744 1 
1801145307 1436 1783593773.794 1 
1811111496 1437 1783593773.844 1 
1821109270 1438 1783593773.894 1 
1831145301 1439 1783593773.944 1 
1841111497 1440 1783593773.994 1 
1851176188 1441 1783593774.044 1 
1861171510 1442 1783593774.094 1 
1871145838 1443 1783593774.144 1 
1881111138 1444 1783593774.194 1 
1891169969 1445 1783593774.244 1 
1901111329 1446 1783593774.294 1 
1911169483 1447 1783593774.344 1 
1921111440 1448 1783593774.394 1 
1931110073 1449 1783593774.444 1 
1941088035 1450 1783593774.494 1 
1951112125 1451 1783593774.544 1 
1961169098 1452 1783593774.594 1 
1971112853 1453 1783593774.644 1 
1981169896 1454 1783593774.694 1 
1991111488 1455 1783593774.744 1 
2001187175 1456 1783593774.794 1 
2011088954 1457 1783593774.845 1 
2021143858 1458 1783593774.894 1 
2031145084 1459 1783593774.944 1 
2041112412 1460 1783593774.994 1 
2051176062 1461 1783593775.044 1 
2061125712 1462 1783593775.094 1 
2071144588 1463 1783593775.144 1 
2081144292 1464 1783593775.194 1 
2091112301 1465 1783593775.244 1 
2101109938 1466 1783593775.294 1 
2111145288 1467 1783593775.344 1 
2121110686 1468 1783593775.394 1 
2131169757 1469 1783593775.444 1 
2141112172 1470 1783593775.494 1 
2151169382 1471 1783593775.544 1 
2161145105 1472 1783593775.594 1 
2171144175 1473 1783593775.644 1 
2181143793 1474 1783593775.694 1 
2191144690 1475 1783593775.744 1 
2201144937 1476 1783593775.794 1 
2211145212 1477 1783593775.844 1 
2221112330 1478 1783593775.894 1 
2231110520 1479 1783593775.944 1 
2241111332 1480 1783593775.995 1 
2251176495 1481 1783593776.044 1 
2261109294 1482 1783593776.094 1 
2271145327 1483 1783593776.144 1 
2281144642 1484 1783593776.195 1 
2291112690 1485 1783593776.244 1 
2301109819 1486 1783593776.294 1 
2311088314 1487 1783593776.344 1 
2321144733 1488 1783593776.394 1 
2331111078 1489 1783593776.444 1 
2341108154 1490 1783593776.494 1 
2351112516 1491 1783593776.544 1 
2361170102 1492 1783593776.594 1 
2371087375 1493 1783593776.644 1 
2381112925 1494 1783593776.694 1 
2391169146 1495 1783593776.744 1 
2401143911 1496 1783593776.794 1 
2411145296 1497 1783593776.844 1 
2421112482 1498 1783593776.894 1 
2431169083 1499 1783593776.944 1 
2441110754 1500 1783593776.994 1 
2451176171 1501 1783593777.044 1 
2461169045 1502 1783593777.094 1 
2471145323 1503 1783593777.144 1 
2481145301 1504 1783593777.194 1 
2491111754 1505 1783593777.244 1 
2501174082 1506 1783593777.294 1 
2511086218 1507 1783593777.344 1 
2521112299 1508 1783593777.394 1 
2531110803 1509 1783593777.444 1 
2541145307 1510 1783593777.494 1 
2551111218 1511 1783593777.544 1 
2561109998 1512 1783593777.594 1 
2571145287 1513 1783593777.644 1 
2581086843 1514 1783593777.696 1 
2591088029 1515 1783593777.745 1 
2601144411 1516 1783593777.794 1 
2611112511 1517 1783593777.844 1 
2621175445 1518 1783593777.894 1 
2631089678 1519 1783593777.944 1 
2641088201 1520 1783593777.994 1 
2651180314 1521 1783593778.044 1 
2661110949 1522 1783593778.095 1 
2671169616 1523 1783593778.144 1 
2681145294 1524 1783593778.197 1 
2691145209 1525 1783593778.245 1 
2701111884 1526 1783593778.295 1 
2711174761 1527 1783593778.344 1 
2721145311 1528 1783593778.395 1 
336013191 1 1783594085.395 1 
345985990 2 1783594085.517 1 
356072066 3 1783594085.567 1 
365985549 4 1783594085.618 1 
376072362 5 1783594085.667 1 
385932944 6 1783594085.718 1 
395932832 7 1783594085.767 1 
405985945 8 1783594085.817 1 
416073135 9 1783594085.867 1 
425933105 10 1783594085.918 1 
435933556 11 1783594085.970 1 
445986173 12 1783594086.019 1 
456071852 13 1783594086.069 1 
465932050 14 1783594086.123 1 
475932457 15 1783594086.169 1 
485933343 16 1783594086.218 1 
495932859 17 1783594086.269 1 
505985074 18 1783594086.318 1 
516071543 19 1783594086.369 1 
525984773 20 1783594086.419 1 
536028376 21 1783594086.469 1 
545933765 22 1783594086.519 1 
555932926 23 1783594086.569 1 
565933966 24 1783594086.618 1 
575933813 25 1783594086.669 1 
585985805 26 1783594086.718 1 
596070259 27 1783594086.769 1 
605932275 28 1783594086.819 1 
615986880 29 1783594086.869 1 
626071792 30 1783594086.919 1 
635985251 31 1783594086.969 1 
646071912 32 1783594087.019 1 
655986871 33 1783594087.070 1 
666074680 34 1783594087.120 1 
675932404 35 1783594087.169 1 
685985583 36 1783594087.218 1 
696012404 37 1783594087.268 1 
705934322 38 1783594087.318 1 
715933245 39 1783594087.368 1 
725935165 40 1783594087.418 1 
736083520 41 1783594087.468 1 
745986211 42 1783594087.519 1 
756012452 43 1783594087.568 1 
765986329 44 1783594087.618 1 
776071987 45 1783594087.668 1 
785933164 46 1783594087.718 1 
795934069 47 1783594087.768 1 
805932266 48 1783594087.818 1 
815933753 49 1783594087.868 1 
825987035 50 1783594087.918 1 
836071818 51 1783594087.968 1 
845934027 52 1783594088.019 1 
855985614 53 1783594088.068 1 
866071527 54 1783594088.118 1 
875985270 55 1783594088.169 1 
886071926 56 1783594088.218 1 
895935233 57 1783594088.268 1 
905932573 58 1783594088.318 1 
915932666 59 1783594088.368 1 
925933337 60 1783594088.418 1 
936005575 61 1783594088.468 1 
945986713 62 1783594088.518 1 
956071413 63 1783594088.568 1 
965934235 64 1783594088.618 1 
975932706 65 1783594088.668 1 
985933356 66 1783594088.718 1 
996003652 67 1783594088.768 1 
1006071777 68 1783594088.818 1 
1015985097 69 1783594088.868 1 
1026012379 70 1783594088.918 1 
1035933525 71 1783594088.968 1 
1045933141 72 1783594089.018 1 
1055985676 73 1783594089.068 1 
1066012714 74 1783594089.118 1 
1075985536 75 1783594089.168 1 
1086072341 76 1783594089.218 1 
1095935091 77 1783594089.268 1 
1105933122 78 1783594089.318 1 
1115985024 79 1783594089.368 1 
1126013715 80 1783594089.418 1 
1136083738 81 1783594089.469 1 
1145932297 82 1783594089.519 1 
1155933308 83 1783594089.568 1 
1165986492 84 1783594089.618 1 
1176012091 85 1783594089.668 1 
1185932995 86 1783594089.718 1 
1195985323 87 1783594089.768 1 
1206072063 88 1783594089.818 1 
1215985703 89 1783594089.869 1 
1226071920 90 1783594089.918 1 
1235986111 91 1783594089.968 1 
1246013126 92 1783594090.019 1 
1255987057 93 1783594090.068 1 
1266011730 94 1783594090.118 1 
1275932609 95 1783594090.168 1 
1285934369 96 1783594090.218 1 
1295932692 97 1783594090.268 1 
1305987040 98 1783594090.318 1 
1316012642 99 1783594090.368 1 
1325932242 100 1783594090.418 1 
1336030569 101 1783594090.468 1 
1345986179 102 1783594090.518 1 
1356012358 103 1783594090.568 1 
1365948108 104 1783594090.618 1 
1375933660 105 1783594090.668 1 
1385933611 106 1783594090.718 1 
1395932962 107 1783594090.768 1 
1405986085 108 1783594090.818 1 
1416011054 109 1783594090.868 1 
1425985095 110 1783594090.918 1 
1436072042 111 1783594090.968 1 
1445932425 112 1783594091.019 1 
1455985223 113 1783594091.068 1 
1466071876 114 1783594091.118 1 
1475931765 115 1783594091.223 1 
1485986144 116 1783594091.224 1 
1496072508 117 1783594091.268 1 
1505985112 118 1783594091.319 1 
1516089154 119 1783594091.368 1 
1525985451 120 1783594091.419 1 
1536029156 121 1783594091.468 1 
1545933219 122 1783594091.518 1 
1555933663 123 1783594091.568 1 
1565933449 124 1783594091.618 1 
1575933228 125 1783594091.668 1 
1585984980 126 1783594091.718 1 
1596012213 127 1783594091.768 1 
1605934191 128 1783594091.818 1 
1615985922 129 1783594091.868 1 
1626011253 130 1783594091.918 1 
1635986821 131 1783594091.968 1 
1646072771 132 1783594092.018 1 
1655986021 133 1783594092.069 1 
1666013510 134 1783594092.118 1 
1675935114 135 1783594092.168 1 
1685985053 136 1783594092.219 1 
1696071473 137 1783594092.269 1 
1705985442 138 1783594092.320 1 
1716072073 139 1783594092.369 1 
1725986806 140 1783594092.419 1 
1736030287 141 1783594092.469 1 
1745986379 142 1783594092.519 1 
1756012260 143 1783594092.569 1 
1765985704 144 1783594092.619 1 
1776071994 145 1783594092.669 1 
1785985412 146 1783594092.720 1 
1796072108 147 1783594092.769 1 
1805933664 148 1783594092.820 1 
1815931955 149 1783594092.869 1 
1825985092 150 1783594092.919 1 
1836012166 151 1783594092.969 1 
1845934028 152 1783594093.019 1 
1855933734 153 1783594093.069 1 
1865933314 154 1783594093.119 1 
1875985563 155 1783594093.169 1 
1886010899 156 1783594093.219 1 
1895933249 157 1783594093.269 1 
1905984309 158 1783594093.319 1 
1916072417 159 1783594093.369 1 
1925932866 160 1783594093.420 1 
1935939061 161 1783594093.469 1 
1945985807 162 1783594093.519 1 
1956011418 163 1783594093.569 1 
1965986053 164 1783594093.619 1 
1976011145 165 1783594093.669 1 
1985932411 166 1783594093.719 1 
1995984424 167 1783594093.769 1 
2006011157 168 1783594093.819 1 
2015934004 169 1783594093.869 1 
2025932093 170 1783594093.919 1 
2035934154 171 1783594093.969 1 
2045933680 172 1783594094.019 1 
2055933891 173 1783594094.069 1 
2065933718 174 1783594094.119 1 
2075933737 175 1783594094.169 1 
2085934331 176 1783594094.219 1 
2095934119 177 1783594094.269 1 
2105933002 178 1783594094.319 1 
2115933960 179 1783594094.369 1 
2125933286 180 1783594094.419 1 
2135939030 181 1783594094.469 1 
2145933327 182 1783594094.519 1 
2155933624 183 1783594094.569 1 
2165984294 184 1783594094.619 1 
2176011829 185 1783594094.669 1 
2185932981 186 1783594094.719 1 
2195932163 187 1783594094.769 1 
2205985888 188 1783594094.819 1 
2216071030 189 1783594094.869 1 
2225932329 190 1783594094.920 1 
2235932790 191 1783594094.969 1 
2245933253 192 1783594095.019 1 
2255934164 193 1783594095.069 1 
2265933104 194 1783594095.119 1 
2275933777 195 1783594095.169 1 
2285932933 196 1783594095.219 1 
2295932589 197 1783594095.269 1 
2305932334 198 1783594095.319 1 
2315985284 199 1783594095.369 1 
2326011568 200 1783594095.419 1 
2335946083 201 1783594095.469 1 
2345932821 202 1783594095.519 1 
2355932298 203 1783594095.569 1 
2365932966 204 1783594095.619 1 
2375986027 205 1783594095.669 1 
2386070726 206 1783594095.719 1 
2395932812 207 1783594095.770 1 
2405933183 208 1783594095.819 1 
2415932043 209 1783594095.869 1 
2425934922 210 1783594095.919 1 
2435933265 211 1783594095.969 1 
2445985064 212 1783594096.019 1 
2456011765 213 1783594096.069 1 
2465985856 214 1783594096.119 1 
2476011411 215 1783594096.170 1 
2485985268 216 1783594096.219 1 
2496072830 217 1783594096.269 1 
2505932481 218 1783594096.320 1 
2515933336 219 1783594096.369 1 
2525932749 220 1783594096.419 1 
2535945863 221 1783594096.469 1 
2545933969 222 1783594096.519 1 
2555931801 223 1783594096.569 1 
2565932899 224 1783594096.619 1 
2575933466 225 1783594096.669 1 
2585985248 226 1783594096.719 1 
2596072723 227 1783594096.769 1 
2605931902 228 1783594096.820 1 
2615933012 229 1783594096.869 1 
2625932945 230 1783594096.919 1 
2635932423 231 1783594096.969 1 
2645984859 232 1783594097.019 1 
2656071765 233 1783594097.069 1 
2665934897 234 1783594097.120 1 
2675933406 235 1783594097.169 1 
2685933841 236 1783594097.219 1 
2695932866 237 1783594097.269 1 
2705932335 238 1783594097.319 1 
2715985102 239 1783594097.369 1 
2726070518 240 1783594097.419 1 
2736082971 241 1783594097.470 1 
2745932384 242 1783594097.520 1 
2755932684 243 1783594097.569 1 
2765934857 244 1783594097.619 1 
2775932385 245 1783594097.669 1 
2785933149 246 1783594097.719 1 
2795933329 247 1783594097.769 1 
2805933356 248 1783594097.819 1 
2815932869 249 1783594097.869 1 
2825932996 250 1783594097.919 1 
2835986254 251 1783594097.969 1 
2846010962 252 1783594098.019 1 
2855984297 253 1783594098.069 1 
2866073206 254 1783594098.119 1 
2875933978 255 1783594098.170 1 
2885985823 256 1783594098.219 1 
2896073756 257 1783594098.269 1 
2905932966 258 1783594098.320 1 
2915933220 259 1783594098.369 1 
2925932605 260 1783594098.419 1 
2936005175 261 1783594098.469 1 
2945931999 262 1783594098.519 1 
2955986130 263 1783594098.569 1 
2966011058 264 1783594098.619 1 
2975933674 265 1783594098.669 1 
2985932331 266 1783594098.719 1 
2995985909 267 1783594098.769 1 
3006011611 268 1783594098.819 1 
3015933479 269 1783594098.869 1 
3025932867 270 1783594098.919 1 
3035985731 271 1783594098.969 1 
3046011894 272 1783594099.019 1 
3055985628 273 1783594099.069 1 
3066012944 274 1783594099.119 1 
3075933712 275 1783594099.169 1 
3085933540 276 1783594099.219 1 
3095933841 277 1783594099.269 1 
3105934090 278 1783594099.319 1 
3115933097 279 1783594099.369 1 
3125933946 280 1783594099.419 1 
3136082998 281 1783594099.469 1 
3145985716 282 1783594099.520 1 
3156072279 283 1783594099.569 1 
3165933543 284 1783594099.620 1 
3175933373 285 1783594099.669 1 
3185985804 286 1783594099.719 1 
3196012739 287 1783594099.769 1 
3205950302 288 1783594099.820 1 
3215932957 289 1783594099.869 1 
3225984446 290 1783594099.919 1 
3236071360 291 1783594099.969 1 
3245933563 292 1783594100.020 1 
3255932870 293 1783594100.069 1 
3265986814 294 1783594100.119 1 
3276013090 295 1783594100.169 1 
3285932061 296 1783594100.220 1 
3295985024 297 1783594100.269 1 
3306012537 298 1783594100.320 1 
3315934083 299 1783594100.369 1 
3325933734 300 1783594100.419 1 
3336029817 301 1783594100.469 1 
3345933508 302 1783594100.520 1 
3355986183 303 1783594100.569 1 
3366071901 304 1783594100.619 1 
3375934000 305 1783594100.670 1 
3385984595 306 1783594100.719 1 
3396011209 307 1783594100.769 1 
3405933062 308 1783594100.820 1 
3415985835 309 1783594100.869 1 
3426012200 310 1783594100.920 1 
3435933985 311 1783594100.969 1 
3445934269 312 1783594101.019 1 
3455933814 313 1783594101.069 1 
3465933542 314 1783594101.119 1 
3475933685 315 1783594101.171 1 
3485932463 316 1783594101.219 1 
3495932871 317 1783594101.269 1 
3505931264 318 1783594101.319 1 
3515933593 319 1783594101.369 1 
3525934518 320 1783594101.419 1 
3535937203 321 1783594101.469 1 
3545933814 322 1783594101.519 1 
3555933857 323 1783594101.569 1 
3565933245 324 1783594101.619 1 
3575954249 325 1783594101.669 1 -3.738 11.265 1.495 23.561 68 425 -4.860 8.309 -7.103 23.561 68 425 
3585934313 326 1783594101.720 1 
3595932523 327 1783594101.769 1 
3605933128 328 1783594101.819 1 
3615934438 329 1783594101.869 1 
3625932441 330 1783594101.919 1 
3635933290 331 1783594101.969 1 
3645985250 332 1783594102.019 1 
3656012511 333 1783594102.069 1 
3665933124 334 1783594102.120 1 
3675985363 335 1783594102.169 1 
3686012827 336 1783594102.220 1 
3695985082 337 1783594102.270 1 
3706012486 338 1783594102.320 1 
3715933400 339 1783594102.370 1 
3725931675 340 1783594102.419 1 
3736029877 341 1783594102.469 1 
3745933442 342 1783594102.520 1 
3755933814 343 1783594102.569 1 
3765933366 344 1783594102.619 1 
3775932797 345 1783594102.669 1 
3785985188 346 1783594102.719 1 
3796072663 347 1783594102.769 1 
3805932871 348 1783594102.820 1 
3815933539 349 1783594102.869 1 
3825933465 350 1783594102.919 1 
3835932961 351 1783594102.969 1 
3845933346 352 1783594103.019 1 
3855933114 353 1783594103.069 1 
3865933587 354 1783594103.119 1 
3875933469 355 1783594103.169 1 
3885933493 356 1783594103.219 1 
3895933537 357 1783594103.269 1 
3905985179 358 1783594103.319 1 
3916071018 359 1783594103.370 1 
3925932476 360 1783594103.420 1 
3936083294 361 1783594103.469 1 
3945983830 362 1783594103.520 1 
3956011893 363 1783594103.570 1 
3965931413 364 1783594103.620 1 
3975985752 365 1783594103.669 1 
3986011929 366 1783594103.720 1 
3995932574 367 1783594103.770 1 
4005932527 368 1783594103.819 1 
4015985094 369 1783594103.869 1 
4026072653 370 1783594103.920 1 
4035933473 371 1783594103.970 1 
4045931484 372 1783594104.020 1 
4055985886 373 1783594104.069 1 
4066070565 374 1783594104.120 1 
4075931808 375 1783594104.170 1 
4085933682 376 1783594104.219 1 
4095985336 377 1783594104.269 1 
4106013092 378 1783594104.320 1 
4115984305 379 1783594104.370 1 
4126012258 380 1783594104.420 1 
4136082951 381 1783594104.470 1 
4145932973 382 1783594104.520 1 
4155933347 383 1783594104.569 1 
4165932891 384 1783594104.619 1 
4175934519 385 1783594104.669 1 
4185934816 386 1783594104.719 1 
4195932856 387 1783594104.769 1 
4205934686 388 1783594104.819 1 
4215932761 389 1783594104.869 1 
4225932926 390 1783594104.920 1 
4235933912 391 1783594104.969 1 
4245985981 392 1783594105.019 1 
4256072467 393 1783594105.070 1 
4265985917 394 1783594105.120 1 
4276071395 395 1783594105.170 1 
4285933727 396 1783594105.220 1 
966491 397 1783594105.269 1 
11018700 398 1783594105.319 1 
21043885 399 1783594105.370 1 
30965320 400 1783594105.420 1 
40978405 401 1783594105.469 1 
50965419 402 1783594105.519 1 
60966648 403 1783594105.569 1 
70965599 404 1783594105.619 1 
80965307 405 1783594105.669 1 
91018285 406 1783594105.719 1 
101105856 407 1783594105.770 1 
110965928 408 1783594105.820 1 
120966012 409 1783594105.869 1 
130966173 410 1783594105.920 1 
140968296 411 1783594105.969 1 
150965728 412 1783594106.019 1 
160965588 413 1783594106.070 1 
170965747 414 1783594106.119 1 
180966018 415 1783594106.171 1 
191017916 416 1783594106.219 1 
201045334 417 1783594106.270 1 
210983674 418 1783594106.320 1 
220964977 419 1783594106.370 1 
231017994 420 1783594106.419 1 
241063147 421 1783594106.470 1 
251017994 422 1783594106.520 1 
261104110 423 1783594106.570 1 
270965847 424 1783594106.620 1 
280964627 425 1783594106.669 1 
291019338 426 1783594106.719 1 
301044677 427 1783594106.770 1 
311018530 428 1783594106.820 1 
321104662 429 1783594106.870 1 
330964607 430 1783594106.920 1 
340965920 431 1783594106.970 1 
351018568 432 1783594107.019 1 
361044200 433 1783594107.070 1 
370966550 434 1783594107.120 1 
380966240 435 1783594107.170 1 
391018438 436 1783594107.220 1 
401043660 437 1783594107.270 1 
410966113 438 1783594107.320 1 
420966607 439 1783594107.369 1 
430965350 440 1783594107.420 1 
440969785 441 1783594107.469 1 
451017974 442 1783594107.520 1 
461045297 443 1783594107.570 1 
470966313 444 1783594107.620 1 
481018794 445 1783594107.669 1 
491045059 446 1783594107.720 1 
500966147 447 1783594107.770 1 
511017863 448 1783594107.820 1 
521104733 449 1783594107.870 1 
530965435 450 1783594107.920 1 
541018523 451 1783594107.970 1 
551045146 452 1783594108.020 1 
560965696 453 1783594108.070 1 
570965662 454 1783594108.120 1 
580966361 455 1783594108.169 1 
590965776 456 1783594108.220 1 
600966557 457 1783594108.269 1 
610966053 458 1783594108.320 1 
621018468 459 1783594108.370 1 
631102787 460 1783594108.420 1 
640971521 461 1783594108.470 1 
651018890 462 1783594108.520 1 
661103409 463 1783594108.570 1 
671019879 464 1783594108.620 1 
681045555 465 1783594108.670 1 
690966294 466 1783594108.720 1 
701018755 467 1783594108.770 1 
711044444 468 1783594108.820 1 
720965442 469 1783594108.870 1 
730965583 470 1783594108.920 1 
740965820 471 1783594108.970 1 
750964835 472 1783594109.020 1 
760965294 473 1783594109.070 1 
770965553 474 1783594109.120 1 
780965084 475 1783594109.170 1 
790966759 476 1783594109.220 1 
800966071 477 1783594109.270 1 
811019158 478 1783594109.320 1 
821045082 479 1783594109.370 1 
830966711 480 1783594109.420 1 
841039192 481 1783594109.470 1 
851018013 482 1783594109.520 1 
861045737 483 1783594109.570 1 
870967054 484 1783594109.620 1 
880965638 485 1783594109.670 1 
890966177 486 1783594109.720 1 
900967972 487 1783594109.770 1 
910964366 488 1783594109.820 1 
921017088 489 1783594109.870 1 
931044018 490 1783594109.920 1 
940965567 491 1783594109.970 1 
950967397 492 1783594110.020 1 
960965729 493 1783594110.070 1 
970966848 494 1783594110.120 1 
980966088 495 1783594110.170 1 
990967043 496 1783594110.220 1 
1001018620 497 1783594110.270 1 
1011045145 498 1783594110.320 1 
1020966870 499 1783594110.370 1 
1030966197 500 1783594110.420 1 
1040971097 501 1783594110.470 1 
1050966209 502 1783594110.520 1 
1061018322 503 1783594110.570 1 
1071044288 504 1783594110.620 1 
1080965282 505 1783594110.670 1 
1091017799 506 1783594110.720 1 
1101104334 507 1783594110.770 1 
1110965692 508 1783594110.820 1 
1121017366 509 1783594110.870 1 
1131104125 510 1783594110.920 1 
1140967188 511 1783594110.970 1 
1150981258 512 1783594111.020 1 
1160966703 513 1783594111.070 1 
1170965936 514 1783594111.120 1 
1180965936 515 1783594111.171 1 
1190965246 516 1783594111.220 1 
1201018465 517 1783594111.270 1 
1211045073 518 1783594111.320 1 
1220966034 519 1783594111.370 1 
1230966872 520 1783594111.420 1 
1240970780 521 1783594111.470 1 
1250967437 522 1783594111.520 1 
1260967134 523 1783594111.570 1 
1270966093 524 1783594111.620 1 
1280965973 525 1783594111.670 1 
1290965149 526 1783594111.720 1 
1301018328 527 1783594111.770 1 
1311104477 528 1783594111.820 1 
1320966126 529 1783594111.871 1 
1330965963 530 1783594111.920 1 
1340966390 531 1783594111.970 1 
1350966613 532 1783594112.020 1 
1361017916 533 1783594112.070 1 
1371105249 534 1783594112.120 1 
1380965248 535 1783594112.171 1 
1390967349 536 1783594112.220 1 
1401017684 537 1783594112.270 1 
1411044037 538 1783594112.320 1 
1420966225 539 1783594112.370 1 
1430965438 540 1783594112.420 1 
1441062358 541 1783594112.470 1 
1450965614 542 1783594112.520 1 
1461017476 543 1783594112.570 1 
1471105529 544 1783594112.620 1 
1480966806 545 1783594112.671 1 
1490965251 546 1783594112.720 1 
1500965490 547 1783594112.770 1 
1510965796 548 1783594112.820 1 
1520965168 549 1783594112.870 1 
1530965306 550 1783594112.920 1 
1540964916 551 1783594112.970 1 
1550965495 552 1783594113.020 1 
1560966665 553 1783594113.070 1 
1570965335 554 1783594113.120 1 
1581019026 555 1783594113.170 1 
1591103925 556 1783594113.220 1 
1601018297 557 1783594113.271 1 
1611103447 558 1783594113.320 1 
1620964928 559 1783594113.371 1 
1630965524 560 1783594113.420 1 
1641063211 561 1783594113.470 1 
1650966976 562 1783594113.520 1 
1660966604 563 1783594113.570 1 
1670964821 564 1783594113.620 1 
1680966658 565 1783594113.670 1 
1690966836 566 1783594113.720 1 
1700965820 567 1783594113.770 1 
1710965417 568 1783594113.820 1 
1720966340 569 1783594113.870 1 
1730965849 570 1783594113.920 1 
1740966126 571 1783594113.970 1 
1750966096 572 1783594114.020 1 
1760966730 573 1783594114.070 1 
1770966308 574 1783594114.120 1 
1781018649 575 1783594114.170 1 
1791044717 576 1783594114.220 1 
1800964960 577 1783594114.270 1 
1810964972 578 1783594114.320 1 
1820966531 579 1783594114.370 1 
1830966334 580 1783594114.420 1 
1841097211 581 1783594114.470 1 
1851044196 582 1783594114.520 1 
1860965021 583 1783594114.570 1 
1871017539 584 1783594114.620 1 
1881045196 585 1783594114.670 1 
1890966737 586 1783594114.720 1 
1901017903 587 1783594114.770 1 
1911044002 588 1783594114.820 1 
1920965562 589 1783594114.870 1 
1931017923 590 1783594114.920 1 
1941045108 591 1783594114.970 1 
1950967064 592 1783594115.020 1 
1960966468 593 1783594115.070 1 
1970965038 594 1783594115.120 1 
1980964943 595 1783594115.170 1 
1990964420 596 1783594115.220 1 
2000966273 597 1783594115.270 1 
2010965663 598 1783594115.320 1 
2020977409 599 1783594115.370 1 
2030966389 600 1783594115.420 1 
2040970585 601 1783594115.470 1 
2051019109 602 1783594115.520 1 
2061045603 603 1783594115.570 1 
2070965595 604 1783594115.620 1 
2080964614 605 1783594115.670 1 
2090965676 606 1783594115.720 1 
2100981926 607 1783594115.770 1 
2110966338 608 1783594115.820 1 
2120966056 609 1783594115.870 1 
2130982223 610 1783594115.920 1 
2140967297 611 1783594115.970 1 
2150964715 612 1783594116.020 1 
2161017702 613 1783594116.070 1 
2171044697 614 1783594116.120 1 
2180965126 615 1783594116.171 1 
2190965614 616 1783594116.220 1 
2200964472 617 1783594116.270 1 
2210967591 618 1783594116.320 1 
2221018966 619 1783594116.370 1 
2231043763 620 1783594116.420 1 
2241098285 621 1783594116.470 1 
2251044217 622 1783594116.521 1 
2260965596 623 1783594116.570 1 
2271018467 624 1783594116.620 1 
2281044919 625 1783594116.670 1 
2290983915 626 1783594116.720 1 
2300965738 627 1783594116.770 1 
2310966233 628 1783594116.820 1 
2320966898 629 1783594116.870 1 
2330966001 630 1783594116.920 1 
2340966093 631 1783594116.970 1 
2350965976 632 1783594117.020 1 
2360965742 633 1783594117.070 1 
2371019718 634 1783594117.120 1 
2381043769 635 1783594117.170 1 
2390965627 636 1783594117.220 1 
2400966280 637 1783594117.270 1 
2410966520 638 1783594117.320 1 
2420964145 639 1783594117.370 1 
2430966046 640 1783594117.420 1 
2441101807 641 1783594117.470 1 
2451016173 642 1783594117.521 1 
2461044525 643 1783594117.570 1 
2470966403 644 1783594117.620 1 
2480965488 645 1783594117.670 1 
2490966353 646 1783594117.720 1 
2500965123 647 1783594117.770 1 
2510965716 648 1783594117.820 1 
2520965686 649 1783594117.870 1 
2530966748 650 1783594117.920 1 
2540966065 651 1783594117.970 1 
2550966401 652 1783594118.020 1 
2560966502 653 1783594118.070 1 
2570965336 654 1783594118.120 1 
2580966471 655 1783594118.170 1 
2590966506 656 1783594118.220 1 
2601019038 657 1783594118.270 1 
2611043997 658 1783594118.320 1 
2621018735 659 1783594118.371 1 
2631103880 660 1783594118.420 1 
2641062487 661 1783594118.471 1 
2651019270 662 1783594118.521 1 
2661045354 663 1783594118.570 1 
2671018078 664 1783594118.621 1 
2681104347 665 1783594118.670 1 
2690966848 666 1783594118.721 1 
2700966638 667 1783594118.770 1 
2710965620 668 1783594118.820 1 
2721018992 669 1783594118.870 1 
2731045591 670 1783594118.920 1 
2740965571 671 1783594118.971 1 
2750965948 672 1783594119.020 1 
2760967153 673 1783594119.070 1 
2770966387 674 1783594119.120 1 
2780965064 675 1783594119.170 1 
2790965654 676 1783594119.220 1 
2800965090 677 1783594119.270 1 
2810963847 678 1783594119.320 1 
2820967479 679 1783594119.370 1 
2830965718 680 1783594119.420 1 
2841063780 681 1783594119.470 1 
2850967522 682 1783594119.521 1 
2860965606 683 1783594119.570 1 
2870965425 684 1783594119.620 1 
2880965742 685 1783594119.670 1 
2890966732 686 1783594119.720 1 
2900965874 687 1783594119.770 1 
2910965455 688 1783594119.820 1 
2920967024 689 1783594119.870 1 
2931018295 690 1783594119.920 1 
2941105069 691 1783594119.971 1 
2951017436 692 1783594120.021 1 
2961044224 693 1783594120.071 1 
2970965656 694 1783594120.121 1 
2980966755 695 1783594120.170 1 
2990966585 696 1783594120.220 1 
3000964722 697 1783594120.270 1 
3010966490 698 1783594120.320 1 
3020965074 699 1783594120.370 1 
3031018832 700 1783594120.420 1 
3041049863 701 1783594120.471 1 
3050965752 702 1783594120.521 1 
3060964850 703 1783594120.570 1 
3071019301 704 1783594120.620 1 
3081105343 705 1783594120.671 1 
3090966110 706 1783594120.721 1 
3100966480 707 1783594120.770 1 
3110966975 708 1783594120.820 1 
3120966086 709 1783594120.870 1 
3131017680 710 1783594120.920 1 
3141043866 711 1783594120.971 1 
3150965083 712 1783594121.021 1 
3160966346 713 1783594121.070 1 
3170965986 714 1783594121.120 1 
3180967414 715 1783594121.172 1 
3191017628 716 1783594121.220 1 
3201044619 717 1783594121.271 1 
3211018413 718 1783594121.321 1 
3221105159 719 1783594121.371 1 
3231019043 720 1783594121.421 1 
3241062368 721 1783594121.471 1 
3251019305 722 1783594121.521 1 
3261044974 723 1783594121.571 1 
3270965465 724 1783594121.621 1 
3280966089 725 1783594121.670 1 
3290966450 726 1783594121.720 1 
3300965635 727 1783594121.770 1 
3311017512 728 1783594121.820 1 
3321105020 729 1783594121.871 1 
3330965006 730 1783594121.921 1 
3340965114 731 1783594121.970 1 
3351018878 732 1783594122.020 1 
3361103959 733 1783594122.071 1 
3370966005 734 1783594122.121 1 
3381018373 735 1783594122.170 1 
3391102869 736 1783594122.220 1 
3401018538 737 1783594122.271 1 
3411106883 738 1783594122.321 1 
3420966523 739 1783594122.371 1 
3430966596 740 1783594122.420 1 
3441046066 741 1783594122.470 1 
3451018918 742 1783594122.521 1 
3461104547 743 1783594122.571 1 
3471017964 744 1783594122.621 1 
3481104331 745 1783594122.671 1 
3490966874 746 1783594122.721 1 
3500965056 747 1783594122.770 1 
3510965393 748 1783594122.820 1 
3520966398 749 1783594122.870 1 
3531018038 750 1783594122.920 1 
3541105310 751 1783594122.971 1 
3551019055 752 1783594123.021 1 
3561131864 753 1783594123.071 1 -3.738 7.842 -8.225 23.561 75 428 
3570966211 754 1783594123.122 1 
3580967084 755 1783594123.170 1 
3590966734 756 1783594123.220 1 
3601018311 757 1783594123.270 1 
3611104672 758 1783594123.321 1 
3620965657 759 1783594123.371 1 
3630966350 760 1783594123.420 1 
3640979158 761 1783594123.470 1 
3650965334 762 1783594123.520 1 
3660966360 763 1783594123.570 1 
3670966196 764 1783594123.620 1 
3680966168 765 1783594123.670 1 
3690965968 766 1783594123.720 1 
3700965737 767 1783594123.770 1 
3710966684 768 1783594123.820 1 
3721018923 769 1783594123.871 1 
3731105704 770 1783594123.921 1 
3740966467 771 1783594123.971 1 
3751018355 772 1783594124.020 1 
3761044733 773 1783594124.071 1 
3771018490 774 1783594124.121 1 
3781104534 775 1783594124.171 1 
3790965974 776 1783594124.221 1 
3801017479 777 1783594124.270 1 
3811103725 778 1783594124.321 1 
3821018461 779 1783594124.371 1 
3831104571 780 1783594124.421 1 
3840978140 781 1783594124.471 1 
3850966357 782 1783594124.521 1 
3861018387 783 1783594124.570 1 
3871104564 784 1783594124.621 1 
3880966531 785 1783594124.671 1 
3890966873 786 1783594124.720 1 
3900966694 787 1783594124.771 1 
3910966061 788 1783594124.821 1 
3920965597 789 1783594124.870 1 
3930966186 790 1783594124.921 1 
3940965001 791 1783594124.970 1 
3950965149 792 1783594125.020 1 
3960966096 793 1783594125.071 1 
3971018731 794 1783594125.121 1 
3981044306 795 1783594125.171 1 
3990965438 796 1783594125.221 1 
4000966371 797 1783594125.270 1 
4011017925 798 1783594125.321 1 
4021043583 799 1783594125.371 1 
4031019813 800 1783594125.421 1 
4041062808 801 1783594125.471 1 
4050966160 802 1783594125.521 1 
4060966544 803 1783594125.571 1 
4070965844 804 1783594125.621 1 
4081019456 805 1783594125.670 1 
4091044422 806 1783594125.721 1 
4100966361 807 1783594125.771 1 
4110965882 808 1783594125.821 1 
4121017525 809 1783594125.871 1 
4131044793 810 1783594125.921 1 
4141019526 811 1783594125.971 1 
4151043826 812 1783594126.021 1 
4160964438 813 1783594126.071 1 
4170965774 814 1783594126.121 1 
4180966541 815 1783594126.171 1 
4190965961 816 1783594126.221 1 
4200964808 817 1783594126.271 1 
4210967704 818 1783594126.321 1 
4221018170 819 1783594126.371 1 
4231103681 820 1783594126.421 1 
4240972298 821 1783594126.471 1 
4250965147 822 1783594126.521 1 
4260966489 823 1783594126.571 1 
4271017712 824 1783594126.621 1 
4281043536 825 1783594126.671 1 
4290966102 826 1783594126.721 1 
5999047 827 1783594126.771 1 
16050811 828 1783594126.821 1 
26077326 829 1783594126.871 1 
35998467 830 1783594126.921 1 
46050545 831 1783594126.971 1 
56137638 832 1783594127.021 1 
65998683 833 1783594127.071 1 
76049710 834 1783594127.121 1 
86077757 835 1783594127.171 1 
95998886 836 1783594127.221 1 
105997362 837 1783594127.271 1 
115999782 838 1783594127.321 1 
126051370 839 1783594127.371 1 
136136615 840 1783594127.421 1 
146003784 841 1783594127.471 1 
156051454 842 1783594127.521 1 
166137064 843 1783594127.571 1 
175999752 844 1783594127.621 1 
185999063 845 1783594127.671 1 
195999080 846 1783594127.721 1 
205998155 847 1783594127.771 1 
215998911 848 1783594127.821 1 
226051125 849 1783594127.871 1 
236136655 850 1783594127.921 1 
245998071 851 1783594127.971 1 
255998570 852 1783594128.021 1 
266050794 853 1783594128.071 1 
276137258 854 1783594128.121 1 
286050186 855 1783594128.171 1 
296076889 856 1783594128.221 1 
305997324 857 1783594128.271 1 
316051712 858 1783594128.321 1 
326138174 859 1783594128.371 1 
336050445 860 1783594128.421 1 
346131107 861 1783594128.471 1 
355998393 862 1783594128.521 1 
365997989 863 1783594128.571 1 
375998625 864 1783594128.621 1 
386050310 865 1783594128.671 1 
396137411 866 1783594128.721 1 
405999040 867 1783594128.771 1 
416050692 868 1783594128.821 1 
426137120 869 1783594128.871 1 
435999164 870 1783594128.921 1 
445999769 871 1783594128.971 1 
455998287 872 1783594129.021 1 
465998803 873 1783594129.071 1 
475999305 874 1783594129.121 1 
485999147 875 1783594129.171 1 
495999575 876 1783594129.221 1 
506049595 877 1783594129.271 1 
516137030 878 1783594129.321 1 
525998981 879 1783594129.371 1 
535997825 880 1783594129.421 1 
546070014 881 1783594129.471 1 
556050497 882 1783594129.521 1 
566078332 883 1783594129.571 1 
575997959 884 1783594129.621 1 
585999112 885 1783594129.671 1 
596050914 886 1783594129.721 1 
606077825 887 1783594129.771 1 
615999466 888 1783594129.821 1 
626050678 889 1783594129.871 1 
636137327 890 1783594129.921 1 
645997202 891 1783594129.972 1 
655998251 892 1783594130.021 1 
665997865 893 1783594130.071 1 
676014172 894 1783594130.121 1 
685999292 895 1783594130.171 1 
695997894 896 1783594130.221 1 
705998565 897 1783594130.271 1 
715999176 898 1783594130.320 1 
725997780 899 1783594130.371 1 
736051141 900 1783594130.421 1 
746096283 901 1783594130.471 1 
755998927 902 1783594130.521 1 
765998149 903 1783594130.571 1 
775999677 904 1783594130.620 1 
785998663 905 1783594130.671 1 
795999164 906 1783594130.721 1 
805999620 907 1783594130.771 1 
816050462 908 1783594130.821 1 
826136792 909 1783594130.871 1 
835997448 910 1783594130.922 1 
845999596 911 1783594130.971 1 
855999579 912 1783594131.021 1 
865998172 913 1783594131.071 1 
876000700 914 1783594131.121 1 
886050786 915 1783594131.211 1 
896137837 916 1783594131.221 1 
905997504 917 1783594131.272 1 
916051214 918 1783594131.321 1 
926137028 919 1783594131.371 1 
936049706 920 1783594131.422 1 
946095470 921 1783594131.471 1 
955997936 922 1783594131.521 1 
966050150 923 1783594131.571 1 
976136540 924 1783594131.622 1 
986048793 925 1783594131.671 1 
996076605 926 1783594131.721 1 
1005998003 927 1783594131.771 1 
1015997893 928 1783594131.820 1 
1025998594 929 1783594131.870 1 
1036049055 930 1783594131.920 1 
1046077007 931 1783594131.970 1 
1056049892 932 1783594132.021 1 
1066077365 933 1783594132.070 1 
1076051014 934 1783594132.120 1 
1086137602 935 1783594132.170 1 
1095998493 936 1783594132.221 1 
1106052032 937 1783594132.270 1 
1116077019 938 1783594132.320 1 
1125998686 939 1783594132.371 1 
1135998268 940 1783594132.420 1 
1146095003 941 1783594132.470 1 
1156049915 942 1783594132.520 1 
1166079150 943 1783594132.570 1 
1176051460 944 1783594132.620 1 
1186155681 945 1783594132.670 1 
1196050846 946 1783594132.721 1 
1206076616 947 1783594132.770 1 
1216050418 948 1783594132.821 1 
1226077766 949 1783594132.870 1 
1236052014 950 1783594132.921 1 
1246137436 951 1783594132.970 1 
1256052317 952 1783594133.021 1 
1266138704 953 1783594133.070 1 
1276050627 954 1783594133.121 1 
1286136999 955 1783594133.170 1 
1296050312 956 1783594133.221 1 
1306135788 957 1783594133.270 1 
1315999014 958 1783594133.321 1 
1325999250 959 1783594133.370 1 
1336049786 960 1783594133.420 1 
1346094170 961 1783594133.470 1 
1356050233 962 1783594133.521 1 
1366137853 963 1783594133.570 1 
1376016005 964 1783594133.621 1 
1386051539 965 1783594133.670 1 
1396076867 966 1783594133.720 1 
1405998977 967 1783594133.771 1 
1415998774 968 1783594133.820 1 
1426053123 969 1783594133.871 1 
1436076960 970 1783594133.921 1 
1445998711 971 1783594133.971 1 
1455998524 972 1783594134.020 1 
1465997586 973 1783594134.070 1 
1476051245 974 1783594134.120 1 
1486079109 975 1783594134.170 1 
1496051982 976 1783594134.221 1 
1506078075 977 1783594134.270 1 
1516050539 978 1783594134.321 1 
1526136048 979 1783594134.370 1 
1536017087 980 1783594134.421 1 
1546150066 981 1783594134.470 1 
1556050671 982 1783594134.521 1 
1566137638 983 1783594134.570 1 
1576049436 984 1783594134.621 1 
1586138172 985 1783594134.670 1 
1595999176 986 1783594134.721 1 
1606051462 987 1783594134.770 1 
1616137745 988 1783594134.820 1 
1626049383 989 1783594134.871 1 
1636137688 990 1783594134.921 1 
1645997767 991 1783594134.971 1 
1656050429 992 1783594135.020 1 
1666138292 993 1783594135.070 1 
1675998269 994 1783594135.121 1 
1686049898 995 1783594135.170 1 
1696137278 996 1783594135.220 1 
1706051546 997 1783594135.271 1 
1716136929 998 1783594135.320 1 
1725998214 999 1783594135.371 1 
1735998832 1000 1783594135.420 1 
1746149995 1001 1783594135.470 1 
1755997938 1002 1783594135.521 1 
1765997906 1003 1783594135.570 1 
1775997361 1004 1783594135.620 1 
1785998142 1005 1783594135.670 1 
1796050035 1006 1783594135.720 1 
1806137472 1007 1783594135.771 1 
1816051284 1008 1783594135.821 1 
1826136202 1009 1783594135.870 1 
1835997395 1010 1783594135.921 1 
1845998677 1011 1783594135.970 1 
1855998663 1012 1783594136.020 1 
1866050633 1013 1783594136.070 1 
1876138000 1014 1783594136.121 1 
1886049740 1015 1783594136.171 1 
1896137446 1016 1783594136.221 1 
1905999145 1017 1783594136.271 1 
1916052694 1018 1783594136.320 1 
1926138336 1019 1783594136.371 1 
1935998824 1020 1783594136.421 1 
1946003962 1021 1783594136.470 1 
1956051055 1022 1783594136.520 1 
1966138168 1023 1783594136.571 1 
1975998645 1024 1783594136.621 1 
1985999388 1025 1783594136.670 1 
1995999003 1026 1783594136.721 1 
2005998355 1027 1783594136.771 1 
2016050971 1028 1783594136.821 1 
2026137225 1029 1783594136.871 1 
2036049877 1030 1783594136.922 1 
2046137884 1031 1783594136.971 1 
2056051965 1032 1783594137.022 1 
2066136321 1033 1783594137.071 1 
2075999003 1034 1783594137.122 1 
2086052271 1035 1783594137.171 1 
2096136913 1036 1783594137.221 1 
2105998530 1037 1783594137.272 1 
2115998628 1038 1783594137.321 1 
2125999204 1039 1783594137.371 1 
2135998659 1040 1783594137.421 1 
2146094624 1041 1783594137.471 1 
2155997891 1042 1783594137.522 1 
2166051612 1043 1783594137.571 1 
2176137083 1044 1783594137.621 1 
2186051198 1045 1783594137.672 1 
2196137372 1046 1783594137.721 1 
2206051542 1047 1783594137.772 1 
2216137212 1048 1783594137.821 1 
2226051418 1049 1783594137.872 1 
2236077904 1050 1783594137.922 1 
2245999144 1051 1783594137.972 1 
2256067231 1052 1783594138.021 1 
2266136404 1053 1783594138.072 1 
2276048998 1054 1783594138.122 1 
2286137682 1055 1783594138.171 1 
2295998831 1056 1783594138.222 1 
2306049112 1057 1783594138.271 1 
2316136899 1058 1783594138.321 1 
2326050374 1059 1783594138.372 1 
2336075999 1060 1783594138.421 1 
2346149690 1061 1783594138.472 1 
2356050844 1062 1783594138.522 1 
2366136818 1063 1783594138.572 1 
2375998211 1064 1783594138.622 1 
2386051587 1065 1783594138.671 1 
2396136912 1066 1783594138.722 1 
2405998344 1067 1783594138.772 1 
2415999494 1068 1783594138.821 1 
2426017028 1069 1783594138.871 1 
2436051184 1070 1783594138.921 1 
2446078749 1071 1783594138.972 1 
2455998832 1072 1783594139.022 1 
2465998225 1073 1783594139.071 1 
2475999157 1074 1783594139.121 1 
2486052513 1075 1783594139.171 1 
2496136879 1076 1783594139.221 1 
2506050719 1077 1783594139.272 1 
2516137759 1078 1783594139.321 1 
2525997981 1079 1783594139.372 1 
2535998117 1080 1783594139.421 1 
2546005593 1081 1783594139.471 1 
2556051263 1082 1783594139.521 1 
2566137022 1083 1783594139.572 1 
2576051240 1084 1783594139.622 1 
2586078237 1085 1783594139.672 1 
2595999150 1086 1783594139.722 1 
2605999565 1087 1783594139.771 1 
2615997902 1088 1783594139.821 1 
2625998033 1089 1783594139.871 1 
2636051945 1090 1783594139.921 1 
2646137161 1091 1783594139.972 1 
2655998384 1092 1783594140.022 1 
2666052012 1093 1783594140.071 1 
2676136703 1094 1783594140.121 1 
2685997458 1095 1783594140.172 1 
2696051825 1096 1783594140.221 1 
2706137231 1097 1783594140.272 1 
2716050303 1098 1783594140.322 1 
2726135956 1099 1783594140.372 1 
2736051033 1100 1783594140.422 1 
2746095869 1101 1783594140.472 1 
2755997643 1102 1783594140.522 1 
2766066467 1103 1783594140.571 1 
2776138775 1104 1783594140.622 1 
2785998707 1105 1783594140.672 1 
2796051771 1106 1783594140.721 1 
2806137697 1107 1783594140.772 1 
2815997953 1108 1783594140.822 1 
2825999603 1109 1783594140.871 1 
2835998577 1110 1783594140.921 1 
2846052175 1111 1783594140.971 1 
2856138250 1112 1783594141.022 1 
2866050338 1113 1783594141.072 1 
2876077772 1114 1783594141.122 1 
2886050717 1115 1783594141.172 1 
2896138150 1116 1783594141.222 1 
2906069587 1117 1783594141.272 1 
2916077454 1118 1783594141.322 1 
2925997763 1119 1783594141.372 1 
2936050148 1120 1783594141.421 1 
2946095183 1121 1783594141.472 1 
2956051096 1122 1783594141.522 1 
2966136388 1123 1783594141.572 1 
2976052075 1124 1783594141.622 1 
2986137653 1125 1783594141.672 1 
2996050727 1126 1783594141.722 1 
3006136776 1127 1783594141.772 1 
3015997759 1128 1783594141.822 1 
3026051654 1129 1783594141.872 1 
3036136753 1130 1783594141.922 1 
3046052197 1131 1783594141.972 1 
3056137233 1132 1783594142.022 1 
3065997341 1133 1783594142.072 1 
3076051375 1134 1783594142.121 1 
3086138919 1135 1783594142.172 1 
3095999007 1136 1783594142.222 1 
3105997813 1137 1783594142.271 1 
3115998578 1138 1783594142.321 1 
3126050735 1139 1783594142.372 1 
3136136655 1140 1783594142.422 1 
3146149847 1141 1783594142.472 1 
3155999084 1142 1783594142.522 1 
3166050967 1143 1783594142.571 1 
3176137070 1144 1783594142.622 1 
3185999669 1145 1783594142.672 1 
3195998960 1146 1783594142.721 1 
3205998349 1147 1783594142.771 1 
3216051689 1148 1783594142.821 1 
3226137554 1149 1783594142.872 1 
3235999123 1150 1783594142.922 1 
3245998890 1151 1783594142.972 1 
3255999347 1152 1783594143.021 1 
3265997794 1153 1783594143.071 1 
3275998844 1154 1783594143.121 1 
3285999497 1155 1783594143.171 1 
3296050698 1156 1783594143.221 1 
3306138593 1157 1783594143.272 1 
3316068056 1158 1783594143.322 1 
3326137240 1159 1783594143.372 1 
3335997403 1160 1783594143.422 1 
3346094773 1161 1783594143.471 1 
3356051455 1162 1783594143.522 1 
3366075593 1163 1783594143.572 1 
3375998987 1164 1783594143.622 1 
3385998010 1165 1783594143.671 1 
3396051074 1166 1783594143.721 1 
3406137306 1167 1783594143.772 1 
3415997908 1168 1783594143.822 1 
3426051397 1169 1783594143.872 1 
3436136448 1170 1783594143.922 1 
3446050850 1171 1783594143.972 1 
3456136935 1172 1783594144.022 1 
3466000071 1173 1783594144.072 1 
3475998725 1174 1783594144.122 1 
3486051235 1175 1783594144.171 1 
3496137593 1176 1783594144.222 1 
3506052002 1177 1783594144.272 1 
3516136451 1178 1783594144.322 1 
3526051653 1179 1783594144.372 1 
3536135198 1180 1783594144.422 1 
3546149478 1181 1783594144.472 1 
3556070261 1182 1783594144.522 1 
3566136996 1183 1783594144.572 1 
3576050594 1184 1783594144.622 1 
3586138108 1185 1783594144.672 1 
3595998871 1186 1783594144.722 1 
3605999028 1187 1783594144.772 1 
3615998201 1188 1783594144.822 1 
3626051068 1189 1783594144.872 1 
3636076989 1190 1783594144.922 1 
3646050783 1191 1783594144.972 1 
3656135908 1192 1783594145.022 1 
3665998887 1193 1783594145.072 1 
3675999755 1194 1783594145.122 1 
3685998346 1195 1783594145.172 1 
3696051024 1196 1783594145.222 1 
3706138566 1197 1783594145.272 1 
3715998322 1198 1783594145.322 1 
3725998846 1199 1783594145.372 1 
3735997646 1200 1783594145.422 1 
3746004474 1201 1783594145.472 1 
3755998512 1202 1783594145.522 1 
3765998593 1203 1783594145.572 1 
3776050117 1204 1783594145.622 1 
3786077677 1205 1783594145.672 1 
3795998353 1206 1783594145.722 1 
3805999338 1207 1783594145.772 1 
3815998355 1208 1783594145.822 1 
3825998896 1209 1783594145.872 1 
3836000023 1210 1783594145.922 1 
3846049883 1211 1783594145.972 1 
3856076484 1212 1783594146.022 1 
3865998211 1213 1783594146.072 1 
3875999373 1214 1783594146.122 1 
3886050728 1215 1783594146.172 1 
3896137691 1216 1783594146.223 1 
3905997444 1217 1783594146.272 1 
3916050163 1218 1783594146.322 1 
3926137076 1219 1783594146.372 1 
3935997554 1220 1783594146.422 1 
3946095287 1221 1783594146.472 1 
3955999061 1222 1783594146.522 1 
3966051625 1223 1783594146.572 1 
3976137962 1224 1783594146.622 1 
3985999883 1225 1783594146.672 1 
3995999252 1226 1783594146.722 1 
4006051636 1227 1783594146.772 1 
4016078625 1228 1783594146.822 1 
4025998455 1229 1783594146.872 1 
4036052025 1230 1783594146.922 1 
4046078305 1231 1783594146.972 1 
4056051387 1232 1783594147.022 1 
4066077309 1233 1783594147.072 1 
4076051405 1234 1783594147.122 1 
4086078738 1235 1783594147.172 1 
4095999135 1236 1783594147.222 1 
4105998231 1237 1783594147.272 1 
4116050481 1238 1783594147.322 1 
4126077751 1239 1783594147.372 1 
4135998709 1240 1783594147.422 1 
4146086458 1241 1783594147.472 1 
4156137162 1242 1783594147.522 1 
4166049315 1243 1783594147.572 1 
4176137650 1244 1783594147.622 1 
4185998917 1245 1783594147.672 1 
4196050916 1246 1783594147.722 1 
4206136708 1247 1783594147.772 1 
4215999409 1248 1783594147.822 1 
4226050937 1249 1783594147.872 1 
4236137821 1250 1783594147.922 1 
4246000447 1251 1783594147.972 1 
4256051072 1252 1783594148.022 1 
4266076567 1253 1783594148.072 1 
4275997767 1254 1783594148.122 1 
4285998390 1255 1783594148.172 1 
1083768 1256 1783594148.222 1 
11169968 1257 1783594148.272 1 
21031770 1258 1783594148.322 1 
31031201 1259 1783594148.372 1 
41030757 1260 1783594148.422 1 
51181310 1261 1783594148.472 1 
61031856 1262 1783594148.522 1 
71032843 1263 1783594148.572 1 
81030378 1264 1783594148.622 1 
91032618 1265 1783594148.672 1 
101030941 1266 1783594148.722 1 
111032352 1267 1783594148.772 1 
121031962 1268 1783594148.822 1 
131029834 1269 1783594148.872 1 
141031113 1270 1783594148.922 1 
151032424 1271 1783594148.972 1 
161033115 1272 1783594149.022 1 
171030548 1273 1783594149.072 1 
181031162 1274 1783594149.122 1 
191083208 1275 1783594149.172 1 
201111523 1276 1783594149.222 1 
211031954 1277 1783594149.272 1 
221032066 1278 1783594149.322 1 
231032613 1279 1783594149.372 1 
241031812 1280 1783594149.422 1 
251214807 1281 1783594149.472 1 
261169447 1282 1783594149.523 1 
271084624 1283 1783594149.572 1 
281169844 1284 1783594149.622 1 
291031176 1285 1783594149.672 1 
301032738 1286 1783594149.722 1 
311031627 1287 1783594149.772 1 
321031760 1288 1783594149.822 1 
331031492 1289 1783594149.872 1 
341083352 1290 1783594149.922 1 
351123434 1291 1783594149.972 1 -6.088 6.848 1.450 -6.732 191 425 
361097111 1292 1783594150.023 1 -5.608 6.358 1.068 -6.732 189 409 
371151550 1293 1783594150.073 1 -5.188 6.290 1.556 -6.732 229 416 -4.234 7.798 1.694 -5.890 85 424 
381172662 1294 1783594150.124 1 -5.074 6.442 2.403 -7.573 86 435 -4.883 5.854 1.709 -6.732 163 426 -5.219 6.806 1.923 -6.732 83 448 -7.050 7.335 1.282 -6.732 78 427 -4.410 6.794 1.816 -5.890 148 429 -5.081 7.383 1.129 -5.890 78 439 -4.005 7.313 1.869 -5.049 144 428 
391130845 1295 1783594150.175 1 -5.035 6.105 1.511 -10.939 132 424 -5.539 5.281 2.518 -8.414 108 424 -4.021 6.195 1.656 -5.890 167 436 -4.540 7.060 1.602 -5.049 96 435 -4.639 6.113 1.465 -2.524 106 430 
401168765 1296 1783594150.224 1 -4.494 5.789 1.892 -8.414 119 435 -4.883 5.975 1.221 -6.732 142 430 -4.799 7.522 1.411 -5.890 113 450 -4.021 6.127 1.892 -5.049 158 434 
411291260 1297 1783594150.274 1 -3.662 5.999 2.060 -10.097 148 414 -5.188 6.349 1.297 -6.732 143 439 -6.249 7.085 1.190 -6.732 135 445 -4.257 6.035 1.656 -5.890 196 425 -5.508 7.323 1.450 -5.890 135 440 -3.319 5.998 1.770 -5.049 198 423 -2.930 7.038 1.709 -4.207 173 438 -3.662 5.916 2.289 -2.524 148 440 
421170483 1298 1783594150.372 1 -3.540 5.933 1.549 -6.732 158 419 -4.883 5.975 1.221 -6.732 146 433 -3.891 6.099 1.144 -5.890 162 426 -4.517 7.695 1.411 -5.890 210 443 
431207055 1299 1783594150.380 1 -3.204 5.724 1.923 -7.573 152 418 -4.257 6.145 1.183 -5.890 155 418 -4.005 7.429 1.335 -5.049 205 439 -2.563 6.038 1.923 -4.207 243 419 -1.404 10.868 2.457 -2.524 74 424 
441212498 1300 1783594150.431 1 -5.035 6.208 1.007 -10.097 124 420 -2.472 5.753 2.060 -7.573 133 426 -3.632 7.351 1.297 -5.049 206 442 -2.655 6.254 1.991 -4.207 168 449 -1.984 5.817 1.587 -3.366 244 430 -2.655 6.179 2.213 -0.841 151 414 
451285955 1301 1783594150.483 1 -1.526 5.709 1.526 0.000 135 406 -4.150 6.505 1.221 -5.890 160 440 -3.540 5.933 1.549 -5.049 125 445 -2.884 5.797 1.236 -4.207 154 443 -3.273 7.205 1.511 -4.207 137 448 -1.526 5.655 1.717 -3.366 270 428 -2.129 7.201 0.946 -3.366 179 454 -0.687 10.770 2.060 -1.683 76 435 
461256176 1302 1783594150.535 1 -4.120 5.772 1.831 -9.256 167 426 -1.587 5.817 1.984 -5.890 155 421 -4.021 6.195 1.656 -5.890 185 437 -1.587 5.817 1.984 -4.207 185 428 -2.769 7.413 1.511 -3.366 141 431 -1.144 5.684 1.907 -2.524 279 430 -3.662 5.916 2.289 -1.683 142 447 -0.397 12.664 0.793 -0.841 90 416 
471324281 1303 1783594150.591 1 -1.648 5.694 2.884 0.841 136 424 -3.540 5.799 1.991 -5.890 151 428 -2.380 5.718 1.389 -4.207 185 429 -2.129 7.072 1.656 -3.366 168 443 -2.594 7.673 1.816 -3.366 81 438 -3.983 5.217 2.655 -2.524 118 446 -0.732 5.518 1.831 -1.683 300 419 -0.237 6.802 3.311 -0.841 97 430 -4.967 5.084 2.602 -0.841 97 430 -0.793 12.615 1.190 -0.841 86 431 
481278129 1304 1783594150.642 1 -3.204 5.724 1.923 -7.573 135 430 -1.984 5.868 1.389 -3.366 195 429 -1.831 6.957 1.373 -3.366 120 446 -1.762 7.760 1.259 -3.366 109 443 -1.465 7.353 2.197 -2.524 91 454 -0.549 5.539 1.831 -1.683 261 418 -0.916 7.176 1.144 -1.683 135 449 
491254269 1305 1783594150.687 1 -2.563 5.885 2.350 0.841 148 429 -2.563 6.038 1.923 -4.207 232 418 -1.236 6.262 1.648 -2.524 145 435 -1.419 7.189 1.892 -1.683 173 451 -0.664 6.877 1.549 -0.841 179 444 -0.336 10.199 3.357 -0.841 115 447 
501286177 1306 1783594150.733 1 -2.060 5.753 2.472 0.841 147 442 -1.785 5.881 1.587 -3.366 172 426 -0.793 5.908 2.182 -1.683 197 417 -0.687 7.114 1.602 -1.683 202 453 
511245053 1307 1783594150.783 1 -1.389 5.868 1.984 -5.049 162 421 -1.984 5.694 1.984 -3.366 157 429 -1.526 5.655 1.717 -2.524 149 431 -0.488 7.608 1.709 -1.683 133 441 0.000 7.092 1.831 -0.841 142 443 
521182768 1308 1783594150.833 1 -1.389 5.797 2.182 -2.524 219 433 0.000 7.385 1.656 -0.841 148 443 
531314314 1309 1783594150.880 1 -0.763 5.681 2.098 -2.524 190 433 -0.206 6.187 2.266 -1.683 165 422 0.000 5.800 2.579 -0.841 165 432 0.000 6.909 1.549 -0.841 110 469 
541289155 1310 1783594150.934 1 -0.412 6.176 2.266 -0.841 171 424 0.000 6.560 1.923 -0.841 148 448 
551256871 1311 1783594150.980 1 
561177241 1312 1783594151.023 1 
571218869 1313 1783594151.073 1 
581234774 1314 1783594151.123 1 
591201306 1315 1783594151.173 1 
601200696 1316 1783594151.224 1 -2.518 6.918 3.273 5.890 99 441 
611211296 1317 1783594151.273 1 
621269375 1318 1783594151.323 1 
631122665 1319 1783594151.373 1 
641141752 1320 1783594151.422 1 
651209589 1321 1783594151.473 1 
661073813 1322 1783594151.523 1 
671098230 1323 1783594151.572 1 
681122655 1324 1783594151.622 1 
691045332 1325 1783594151.672 1 
701030787 1326 1783594151.722 1 
711083029 1327 1783594151.772 1 
721109095 1328 1783594151.822 1 
731082250 1329 1783594151.872 1 
741109048 1330 1783594151.922 1 
751031303 1331 1783594151.972 1 
761084068 1332 1783594152.022 1 
771169701 1333 1783594152.072 1 
781084030 1334 1783594152.123 1 
791110359 1335 1783594152.172 1 
801082850 1336 1783594152.222 1 
811170002 1337 1783594152.272 1 
821083474 1338 1783594152.323 1 
831170327 1339 1783594152.372 1 
841083938 1340 1783594152.423 1 
851127905 1341 1783594152.472 1 
861031367 1342 1783594152.522 1 
871082437 1343 1783594152.572 1 
881171335 1344 1783594152.622 1 
891031049 1345 1783594152.673 1 
901083835 1346 1783594152.722 1 
911110275 1347 1783594152.772 1 
921032968 1348 1783594152.822 1 
931030868 1349 1783594152.872 1 
941031028 1350 1783594152.922 1 
951030889 1351 1783594152.972 1 
961031433 1352 1783594153.022 1 
971082881 1353 1783594153.072 1 
981169132 1354 1783594153.122 1 
991031617 1355 1783594153.173 1 
1001084392 1356 1783594153.222 1 
1011169470 1357 1783594153.272 1 
1021084681 1358 1783594153.323 1 
1031110247 1359 1783594153.372 1 
1041083454 1360 1783594153.423 1 
1051127823 1361 1783594153.472 1 
1061030407 1362 1783594153.523 1 
1071083494 1363 1783594153.572 1 
1081169141 1364 1783594153.622 1 
1091084265 1365 1783594153.673 1 
1101171021 1366 1783594153.722 1 
1111031646 1367 1783594153.773 1 
1121029708 1368 1783594153.822 1 
1131082762 1369 1783594153.872 1 
1141169443 1370 1783594153.922 1 
1151030861 1371 1783594153.973 1 
1161031418 1372 1783594154.022 1 
1171082380 1373 1783594154.072 1 
1181109837 1374 1783594154.122 1 
1191083818 1375 1783594154.172 1 
1201170783 1376 1783594154.222 1 
1211029718 1377 1783594154.273 1 
1221084050 1378 1783594154.322 1 
1231170252 1379 1783594154.372 1 
1241030564 1380 1783594154.423 1 
1251036309 1381 1783594154.472 1 
1261083048 1382 1783594154.522 1 
1271110271 1383 1783594154.572 1 
1281030097 1384 1783594154.623 1 
1291031411 1385 1783594154.672 1 
1301084176 1386 1783594154.722 1 
1311170900 1387 1783594154.772 1 
1321030868 1388 1783594154.823 1 
1331032077 1389 1783594154.872 1 
1341030235 1390 1783594154.922 1 
1351081664 1391 1783594154.972 1 
1361169775 1392 1783594155.022 1 
1371084222 1393 1783594155.073 1 
1381169818 1394 1783594155.122 1 
1391083902 1395 1783594155.173 1 
1401170088 1396 1783594155.222 1 
1411082766 1397 1783594155.273 1 
1421170228 1398 1783594155.322 1 
1431030016 1399 1783594155.373 1 
1441032253 1400 1783594155.422 1 
1451128231 1401 1783594155.472 1 
1461083312 1402 1783594155.523 1 
1471170726 1403 1783594155.572 1 
1481030109 1404 1783594155.623 1 
1491082946 1405 1783594155.672 1 
1501110268 1406 1783594155.722 1 
1511084343 1407 1783594155.773 1 
1521170943 1408 1783594155.822 1 
1531083161 1409 1783594155.873 1 
1541170452 1410 1783594155.922 1 
1551031303 1411 1783594155.973 1 
1561031032 1412 1783594156.022 1 
1571030968 1413 1783594156.072 1 
1581030170 1414 1783594156.122 1 
1591083767 1415 1783594156.172 1 
1601108482 1416 1783594156.224 1 
1611032494 1417 1783594156.273 1 
1621031166 1418 1783594156.322 1 
1631030148 1419 1783594156.372 1 
1641030331 1420 1783594156.422 1 
1651036361 1421 1783594156.472 1 
1661032663 1422 1783594156.522 1 
1671030561 1423 1783594156.572 1 
1681031738 1424 1783594156.622 1 
1691031446 1425 1783594156.672 1 
1701031964 1426 1783594156.722 1 
1711031036 1427 1783594156.772 1 
1721083647 1428 1783594156.822 1 
1731109865 1429 1783594156.873 1 
1741084816 1430 1783594156.923 1 
1751169678 1431 1783594156.972 1 
1761084545 1432 1783594157.023 1 
1771170760 1433 1783594157.072 1 
1781030862 1434 1783594157.123 1 
1791083733 1435 1783594157.172 1 
1801170920 1436 1783594157.222 1 
1811031291 1437 1783594157.273 1 
1821031347 1438 1783594157.322 1 
1831083364 1439 1783594157.372 1 
1841169797 1440 1783594157.422 1 
1851044555 1441 1783594157.473 1 
1861084476 1442 1783594157.522 1 
1871110270 1443 1783594157.572 1 
1881029605 1444 1783594157.623 1 
1891083547 1445 1783594157.672 1 
1901170082 1446 1783594157.722 1 
1911082382 1447 1783594157.773 1 
1921170070 1448 1783594157.822 1 
1931084019 1449 1783594157.873 1 
1941169177 1450 1783594157.923 1 
1951031518 1451 1783594157.973 1 
1961032855 1452 1783594158.022 1 
1971031738 1453 1783594158.072 1 
1981031590 1454 1783594158.122 1 
1991032115 1455 1783594158.172 1 
2001031728 1456 1783594158.222 1 
2011083348 1457 1783594158.272 1 
2021171094 1458 1783594158.322 1 
2031029689 1459 1783594158.373 1 
2041084693 1460 1783594158.422 1 
2051128181 1461 1783594158.473 1 
2061031551 1462 1783594158.523 1 
2071084088 1463 1783594158.572 1 
2081110149 1464 1783594158.623 1 
2091032272 1465 1783594158.673 1 
2101032072 1466 1783594158.722 1 
2111032908 1467 1783594158.772 1 
2121030304 1468 1783594158.822 1 
2131029680 1469 1783594158.872 1 
2141084045 1470 1783594158.922 1 
2151169668 1471 1783594158.973 1 
2161032571 1472 1783594159.023 1 
2171032140 1473 1783594159.072 1 
2181083822 1474 1783594159.122 1 
2191169916 1475 1783594159.173 1 
2201030397 1476 1783594159.223 1 
2211030947 1477 1783594159.272 1 
2221083535 1478 1783594159.322 1 
2231110291 1479 1783594159.373 1 
2241030903 1480 1783594159.423 1 
2251167672 1481 1783594159.472 1 
2261031384 1482 1783594159.523 1 
2271030933 1483 1783594159.572 1 
2281031811 1484 1783594159.622 1 
2291031277 1485 1783594159.672 1 
2301057828 1486 1783594159.722 1 -2.991 11.486 1.495 23.561 68 422 -4.486 8.517 -7.103 23.561 68 422 
2311083159 1487 1783594159.774 1 
2321171780 1488 1783594159.823 1 
2331083354 1489 1783594159.873 1 
2341169785 1490 1783594159.923 1 
2351031631 1491 1783594159.973 1 
2361083642 1492 1783594160.022 1 
2371110120 1493 1783594160.073 1 
2381083967 1494 1783594160.123 1 
2391170307 1495 1783594160.173 1 
2401084410 1496 1783594160.223 1 
2411168907 1497 1783594160.273 1 
2421083075 1498 1783594160.323 1 
2431110747 1499 1783594160.373 1 
2441082182 1500 1783594160.423 1 
2451114600 1501 1783594160.473 1 
2461031070 1502 1783594160.523 1 
2471031773 1503 1783594160.572 1 
2481031820 1504 1783594160.622 1 
2491082643 1505 1783594160.672 1 
2501110451 1506 1783594160.723 1 
2511030877 1507 1783594160.773 1 
2521030537 1508 1783594160.822 1 
2531031466 1509 1783594160.873 1 
2541031295 1510 1783594160.923 1 
2551084405 1511 1783594160.972 1 
2561169676 1512 1783594161.023 1 
2571031990 1513 1783594161.073 1 
2581031377 1514 1783594161.123 1 
2591083030 1515 1783594161.172 1 
2601111272 1516 1783594161.224 1 
2611031699 1517 1783594161.273 1 
2621032061 1518 1783594161.322 1 
2631031373 1519 1783594161.372 1 
2641030658 1520 1783594161.423 1 
2651181294 1521 1783594161.472 1 
2661032309 1522 1783594161.523 1 
2671083477 1523 1783594161.572 1 
2681109527 1524 1783594161.623 1 
2691031324 1525 1783594161.673 1 
2701032384 1526 1783594161.722 1 
2711032727 1527 1783594161.772 1 
2721031427 1528 1783594161.822 1 
2731030992 1529 1783594161.873 1 
2741030977 1530 1783594161.923 1 
2751029432 1531 1783594161.972 1 
2761030297 1532 1783594162.023 1 
2771031358 1533 1783594162.072 1 
2781085572 1534 1783594162.123 1 
2791111039 1535 1783594162.173 1 
2801031695 1536 1783594162.223 1 
2811030167 1537 1783594162.272 1 
2821031757 1538 1783594162.323 1 
2831031118 1539 1783594162.376 1 
2841031211 1540 1783594162.422 1 
2851168249 1541 1783594162.472 1 
2861030890 1542 1783594162.523 1 
2871084361 1543 1783594162.572 1 
2881171772 1544 1783594162.623 1 
2891031769 1545 1783594162.673 1 
2901031269 1546 1783594162.723 1 
2911060188 1547 1783594162.772 1 
2921031672 1548 1783594162.823 1 
2931031878 1549 1783594162.873 1 
2941031283 1550 1783594162.923 1 
2951032170 1551 1783594162.972 1 
2961083714 1552 1783594163.023 1 
2971110514 1553 1783594163.073 1 
2981030135 1554 1783594163.123 1 
2991083482 1555 1783594163.172 1 
3001110656 1556 1783594163.223 1 
3011084547 1557 1783594163.273 1 
3021170864 1558 1783594163.323 1 
3031030630 1559 1783594163.373 1 
3041030786 1560 1783594163.423 1 
3051181989 1561 1783594163.472 1 
3061082971 1562 1783594163.523 1 
3071109164 1563 1783594163.573 1 
3081031031 1564 1783594163.623 1 
3091032230 1565 1783594163.672 1 
3101082923 1566 1783594163.723 1 
3111109838 1567 1783594163.773 1 
3121029756 1568 1783594163.823 1 
3131031109 1569 1783594163.873 1 
3141082488 1570 1783594163.923 1 
3151110586 1571 1783594163.973 1 
3161084628 1572 1783594164.023 1 
3171170592 1573 1783594164.073 1 
3181083996 1574 1783594164.123 1 
3191170006 1575 1783594164.173 1 
3201031193 1576 1783594164.223 1 
3211030563 1577 1783594164.273 1 
3221031479 1578 1783594164.323 1 
3231031434 1579 1783594164.373 1 
3241083438 1580 1783594164.423 1 
3251127429 1581 1783594164.473 1 
3261031027 1582 1783594164.523 1 
3271082224 1583 1783594164.573 1 
3281169785 1584 1783594164.623 1 
3291082268 1585 1783594164.673 1 
3301170270 1586 1783594164.723 1 
3311030612 1587 1783594164.773 1 
3321030385 1588 1783594164.823 1 
3331032357 1589 1783594164.873 1 
3341031556 1590 1783594164.923 1 
3351082776 1591 1783594164.973 1 
3361107869 1592 1783594165.023 1 
3371031947 1593 1783594165.073 1 
3381031227 1594 1783594165.123 1 
3391030889 1595 1783594165.173 1 
3401085055 1596 1783594165.223 1 
3411110218 1597 1783594165.273 1 
3421031946 1598 1783594165.323 1 
3431030326 1599 1783594165.373 1 
3441032309 1600 1783594165.423 1 
3451035456 1601 1783594165.473 1 
3461083597 1602 1783594165.523 1 
3471169562 1603 1783594165.573 1 
3481030214 1604 1783594165.623 1 
3491030965 1605 1783594165.673 1 
3501032533 1606 1783594165.723 1 
3511030566 1607 1783594165.773 1 
3521032664 1608 1783594165.823 1 
3531031662 1609 1783594165.873 1 
3541031959 1610 1783594165.923 1 
3551030771 1611 1783594165.973 1 
3561031490 1612 1783594166.023 1 
3571032007 1613 1783594166.073 1 
3581111812 1614 1783594166.123 1 -4.486 7.833 -7.851 23.561 71 423 
3591109297 1615 1783594166.174 1 
3601031977 1616 1783594166.224 1 
3611030633 1617 1783594166.273 1 
3621030904 1618 1783594166.323 1 
3631032419 1619 1783594166.373 1 
3641032476 1620 1783594166.423 1 
3651128950 1621 1783594166.473 1 
3661030743 1622 1783594166.523 1 
3671031715 1623 1783594166.573 1 
3681031075 1624 1783594166.623 1 
3691030887 1625 1783594166.673 1 
3701032174 1626 1783594166.723 1 
3711031299 1627 1783594166.773 1 
3721031198 1628 1783594166.823 1 
3731083920 1629 1783594166.873 1 
3741110483 1630 1783594166.923 1 
3751031579 1631 1783594166.973 1 
3761083267 1632 1783594167.023 1 
3771169623 1633 1783594167.073 1 
3781030379 1634 1783594167.123 1 
3791030938 1635 1783594167.173 1 
3801030021 1636 1783594167.223 1 
3811030945 1637 1783594167.273 1 
3821032540 1638 1783594167.323 1 
3831031817 1639 1783594167.373 1 
3841030440 1640 1783594167.423 1 
3851181687 1641 1783594167.473 1 
3861084219 1642 1783594167.523 1 
3871109023 1643 1783594167.573 1 
3881031529 1644 1783594167.623 1 
3891030924 1645 1783594167.673 1 
3901030227 1646 1783594167.723 1 
3911030243 1647 1783594167.773 1 
3921083829 1648 1783594167.823 1 
3931110258 1649 1783594167.873 1 
3941082851 1650 1783594167.923 1 
3951169414 1651 1783594167.973 1 
3961032076 1652 1783594168.024 1 
3971084020 1653 1783594168.073 1 
3981110023 1654 1783594168.123 1 
3991032581 1655 1783594168.173 1 
4001031607 1656 1783594168.223 1 
4011031887 1657 1783594168.273 1 
4021031294 1658 1783594168.323 1 
4031085181 1659 1783594168.373 1 
4041109258 1660 1783594168.423 1 
4051182662 1661 1783594168.473 1 
4061031591 1662 1783594168.524 1 
4071031170 1663 1783594168.573 1 
4081032706 1664 1783594168.623 1 
4091085085 1665 1783594168.673 1 
4101169436 1666 1783594168.723 1 
4111031602 1667 1783594168.773 1 
4121031207 1668 1783594168.823 1 
4131032092 1669 1783594168.873 1 
4141031340 1670 1783594168.923 1 
4151032136 1671 1783594168.973 1 
4161031399 1672 1783594169.023 1 
4171031593 1673 1783594169.073 1 
4181032253 1674 1783594169.123 1 
4191032193 1675 1783594169.173 1 
4201055131 1676 1783594169.223 1 
4211031770 1677 1783594169.273 1 
4221032666 1678 1783594169.323 1 
4231030218 1679 1783594169.373 1 
4241030063 1680 1783594169.423 1 
4251181317 1681 1783594169.473 1 
4261031543 1682 1783594169.524 1 
4271032006 1683 1783594169.573 1 
4281056913 1684 1783594169.623 1 -2.991 11.529 1.122 23.561 74 426 
4291083183 1685 1783594169.673 1 
6141931 1686 1783594169.723 1 
16074183 1687 1783594169.773 1 
26116339 1688 1783594169.823 1 
36143720 1689 1783594169.873 1 
46062545 1690 1783594169.923 1 
56065078 1691 1783594169.973 1 
66064754 1692 1783594170.023 1 
76116168 1693 1783594170.073 1 
86202705 1694 1783594170.123 1 
96065532 1695 1783594170.173 1 
106117180 1696 1783594170.223 1 
116142406 1697 1783594170.273 1 
126064090 1698 1783594170.323 1 
136063526 1699 1783594170.373 1 
146064562 1700 1783594170.423 1 
156151751 1701 1783594170.473 1 
166142574 1702 1783594170.523 1 
176064192 1703 1783594170.573 1 
186116989 1704 1783594170.623 1 
196214416 1705 1783594170.673 1 
206116558 1706 1783594170.724 1 
216142604 1707 1783594170.773 1 
226115853 1708 1783594170.823 1 
236202406 1709 1783594170.873 1 
246064615 1710 1783594170.924 1 
256063749 1711 1783594170.973 1 
266063879 1712 1783594171.023 1 
276065272 1713 1783594171.073 1 
286063779 1714 1783594171.123 1 
296064138 1715 1783594171.173 1 
306116506 1716 1783594171.224 1 
316143684 1717 1783594171.273 1 
326063689 1718 1783594171.323 1 
336136907 1719 1783594171.373 1 0.000 3.882 2.060 -0.841 78 427 -3.021 2.314 2.197 -0.841 78 427 
346159549 1720 1783594171.430 1 -2.060 2.874 2.609 -1.683 83 422 
356221834 1721 1783594171.478 1 -0.725 3.766 2.609 -0.841 76 428 
366087573 1722 1783594171.528 1 -1.648 2.877 2.884 -1.683 67 430 
376063621 1723 1783594171.577 1 
386063762 1724 1783594171.623 1 
396064095 1725 1783594171.673 1 
406064644 1726 1783594171.723 1 
416079064 1727 1783594171.773 1 -1.884 3.092 2.899 -0.841 99 450 
426064407 1728 1783594171.828 1 
436132537 1729 1783594171.873 1 -3.357 2.417 2.594 -0.841 75 432 
446202377 1730 1783594171.928 1 
456133440 1731 1783594171.974 1 
466202520 1732 1783594172.023 1 
476064484 1733 1783594172.074 1 
486064802 1734 1783594172.123 1 
496116073 1735 1783594172.173 1 
506142893 1736 1783594172.223 1 
516064987 1737 1783594172.273 1 
526063961 1738 1783594172.323 1 
536137476 1739 1783594172.373 1 
546203714 1740 1783594172.423 1 
556076335 1741 1783594172.474 1 
566063799 1742 1783594172.523 1 
576064305 1743 1783594172.573 1 
586117419 1744 1783594172.623 1 
596155883 1745 1783594172.673 1 -3.052 2.475 2.899 -0.841 69 446 
606063732 1746 1783594172.729 1 
616063568 1747 1783594172.773 1 
626062968 1748 1783594172.823 1 
636115915 1749 1783594172.873 1 
646202693 1750 1783594172.923 1 
656065732 1751 1783594172.974 1 
666080090 1752 1783594173.023 1 
676116296 1753 1783594173.073 1 
686142747 1754 1783594173.123 1 
696063242 1755 1783594173.173 1 
706064395 1756 1783594173.223 1 
716063792 1757 1783594173.273 1 
726064764 1758 1783594173.323 1 
736064827 1759 1783594173.373 1 
746062947 1760 1783594173.423 1 
756214763 1761 1783594173.473 1 
766063038 1762 1783594173.524 1 
776116569 1763 1783594173.573 1 
786202307 1764 1783594173.623 1 
796116726 1765 1783594173.674 1 
806143107 1766 1783594173.723 1 
816115929 1767 1783594173.774 1 
826202803 1768 1783594173.824 1 
836116111 1769 1783594173.874 1 
846202893 1770 1783594173.923 1 
856116425 1771 1783594173.974 1 
866203789 1772 1783594174.023 1 
876063414 1773 1783594174.074 1 
886064557 1774 1783594174.123 1 
896116782 1775 1783594174.173 1 
906213224 1776 1783594174.223 1 
916116327 1777 1783594174.274 1 
926165942 1778 1783594174.323 1 -2.319 1.633 2.686 0.841 101 435 
936126179 1779 1783594174.374 1 
946201896 1780 1783594174.423 1 
956068768 1781 1783594174.474 1 
966116176 1782 1783594174.523 1 
976214650 1783 1783594174.573 1 
986115731 1784 1783594174.624 1 
996159991 1785 1783594174.673 1 
1006167295 1786 1783594174.724 1 
1016213509 1787 1783594174.774 1 
1026115087 1788 1783594174.824 1 
1036270328 1789 1783594174.874 1 
1046155471 1790 1783594174.924 1 
1056157804 1791 1783594174.974 1 
1066108556 1792 1783594175.024 1 
1076079506 1793 1783594175.073 1 
1086063828 1794 1783594175.123 1 
1096077338 1795 1783594175.173 1 -1.297 3.077 2.464 0.841 94 470 
1106064674 1796 1783594175.224 1 
1116062777 1797 1783594175.273 1 
1126131452 1798 1783594175.323 1 -2.243 3.720 2.724 0.841 75 434 
1136154788 1799 1783594175.374 1 -1.556 2.842 2.594 0.841 94 461 
1146131018 1800 1783594175.424 1 
1156174363 1801 1783594175.473 1 -0.687 3.469 2.609 0.841 112 461 
1166124262 1802 1783594175.524 1 
1176248703 1803 1783594175.573 1 -3.204 1.896 3.525 0.841 71 458 
1186133258 1804 1783594175.625 1 
1196222740 1805 1783594175.674 1 
1206116269 1806 1783594175.724 1 
1216203367 1807 1783594175.773 1 
1226096515 1808 1783594175.824 1 
1236063687 1809 1783594175.874 1 
1246064474 1810 1783594175.923 1 
1256117210 1811 1783594175.973 1 
1266202557 1812 1783594176.023 1 
1276117055 1813 1783594176.074 1 
1286202542 1814 1783594176.123 1 
1296064177 1815 1783594176.174 1 
1306064946 1816 1783594176.225 1 
1316116379 1817 1783594176.273 1 
1326203886 1818 1783594176.323 1 
1336115284 1819 1783594176.374 1 
1346143566 1820 1783594176.423 1 
1356214921 1821 1783594176.474 1 
1366116809 1822 1783594176.524 1 
1376201905 1823 1783594176.573 1 
1386117323 1824 1783594176.624 1 
1396202380 1825 1783594176.673 1 
1406116002 1826 1783594176.724 1 
1416203188 1827 1783594176.773 1 
1426115608 1828 1783594176.824 1 
1436202342 1829 1783594176.874 1 
1446064269 1830 1783594176.924 1 
1456114571 1831 1783594176.973 1 
1466202717 1832 1783594177.024 1 
1476116170 1833 1783594177.074 1 
1486202640 1834 1783594177.124 1 
1496064123 1835 1783594177.174 1 
1506063850 1836 1783594177.223 1 
1516063956 1837 1783594177.273 1 
1526114608 1838 1783594177.323 1 
1536203251 1839 1783594177.373 1 
1546061871 1840 1783594177.424 1 
1556160982 1841 1783594177.473 1 
1566064129 1842 1783594177.524 1 
1576117069 1843 1783594177.573 1 
1586142400 1844 1783594177.624 1 
1596115547 1845 1783594177.674 1 
1606142669 1846 1783594177.724 1 
1616064560 1847 1783594177.774 1 
1626116790 1848 1783594177.823 1 
1636202864 1849 1783594177.874 1 
1646064216 1850 1783594177.924 1 
1656116404 1851 1783594177.973 1 
1666202186 1852 1783594178.024 1 
1676064502 1853 1783594178.074 1 
1686115894 1854 1783594178.123 1 
1696202516 1855 1783594178.173 1 
1706063992 1856 1783594178.224 1 
1716064836 1857 1783594178.273 1 
1726063352 1858 1783594178.323 1 
1736115736 1859 1783594178.373 1 
1746204145 1860 1783594178.424 1 
1756195322 1861 1783594178.474 1 
1766202764 1862 1783594178.524 1 
1776064822 1863 1783594178.574 1 
1786117066 1864 1783594178.623 1 
1796202737 1865 1783594178.674 1 
1806062913 1866 1783594178.724 1 
1816116395 1867 1783594178.773 1 
1826203058 1868 1783594178.824 1 
1836064107 1869 1783594178.874 1 
1846063810 1870 1783594178.923 1 
1856064057 1871 1783594178.973 1 
1866133773 1872 1783594179.023 1 
1876203139 1873 1783594179.074 1 
1886064564 1874 1783594179.124 1 
1896063648 1875 1783594179.173 1 
1906116071 1876 1783594179.223 1 
1916203362 1877 1783594179.273 1 
1926064605 1878 1783594179.324 1 
1936064644 1879 1783594179.373 1 
1946116621 1880 1783594179.423 1 
1956159372 1881 1783594179.474 1 
1966119276 1882 1783594179.524 1 
1976202250 1883 1783594179.574 1 
1986063934 1884 1783594179.624 1 
1996115820 1885 1783594179.673 1 
2006203358 1886 1783594179.724 1 
2016063275 1887 1783594179.774 1 
2026063106 1888 1783594179.823 1 
2036064700 1889 1783594179.874 1 
2046063058 1890 1783594179.924 1 
2056063768 1891 1783594179.973 1 
2066116061 1892 1783594180.023 1 
2076141930 1893 1783594180.074 1 
2086115722 1894 1783594180.124 1 
2096202848 1895 1783594180.174 1 
2106116591 1896 1783594180.224 1 
2116203107 1897 1783594180.274 1 
2126065300 1898 1783594180.324 1 
2136064135 1899 1783594180.373 1 
2146115819 1900 1783594180.423 1 
2156161334 1901 1783594180.474 1 
2166116620 1902 1783594180.524 1 
2176202230 1903 1783594180.574 1 
2186115332 1904 1783594180.624 1 
2196202379 1905 1783594180.674 1 
2206064581 1906 1783594180.724 1 
2216063807 1907 1783594180.773 1 
2226115163 1908 1783594180.824 1 
2236202059 1909 1783594180.874 1 
2246063742 1910 1783594180.924 1 
2256064021 1911 1783594180.973 1 
2266063331 1912 1783594181.024 1 
2276116443 1913 1783594181.074 1 
2286201629 1914 1783594181.124 1 
2296116270 1915 1783594181.174 1 
2306202347 1916 1783594181.224 1 
2316063930 1917 1783594181.274 1 
2326063517 1918 1783594181.323 1 
2336062698 1919 1783594181.373 1 
2346081054 1920 1783594181.423 1 
2356195174 1921 1783594181.474 1 
2366203108 1922 1783594181.524 1 
2376065029 1923 1783594181.574 1 
2386063118 1924 1783594181.623 1 
2396116858 1925 1783594181.673 1 
2406142192 1926 1783594181.724 1 
2416117171 1927 1783594181.774 1 
2426201399 1928 1783594181.824 1 
2436063474 1929 1783594181.875 1 
2446064542 1930 1783594181.924 1 
2456063397 1931 1783594181.973 1 
2466063794 1932 1783594182.024 1 
2476064099 1933 1783594182.074 1 
2486065665 1934 1783594182.123 1 
2496064439 1935 1783594182.174 1 
2506117084 1936 1783594182.223 1 
2516142200 1937 1783594182.274 1 
2526115523 1938 1783594182.324 1 
2536143604 1939 1783594182.374 1 
2546115916 1940 1783594182.424 1 
2556160471 1941 1783594182.474 1 
2566116217 1942 1783594182.524 1 
2576142810 1943 1783594182.574 1 
2586116526 1944 1783594182.624 1 
2596142861 1945 1783594182.674 1 
2606063011 1946 1783594182.724 1 
2616064943 1947 1783594182.774 1 
2626063796 1948 1783594182.824 1 
2636062800 1949 1783594182.874 1 
2646063850 1950 1783594182.924 1 
2656116575 1951 1783594182.974 1 
2666202007 1952 1783594183.024 1 
2676064001 1953 1783594183.074 1 
2686116637 1954 1783594183.124 1 
2696143187 1955 1783594183.174 1 
2706063296 1956 1783594183.224 1 
2716063505 1957 1783594183.274 1 
2726117055 1958 1783594183.323 1 
2736201758 1959 1783594183.374 1 
2746063268 1960 1783594183.424 1 
2756068537 1961 1783594183.474 1 
2766064681 1962 1783594183.524 1 
2776064079 1963 1783594183.574 1 
2786063854 1964 1783594183.624 1 
2796116990 1965 1783594183.674 1 
2806203580 1966 1783594183.724 1 
2816064589 1967 1783594183.774 1 
2826065762 1968 1783594183.824 1 
2836141278 1969 1783594183.874 1 -3.365 11.456 0.748 23.561 72 425 
2846202601 1970 1783594183.925 1 
2856064572 1971 1783594183.974 1 
2866115874 1972 1783594184.024 1 
2876202778 1973 1783594184.074 1 
2886063994 1974 1783594184.124 1 
2896064207 1975 1783594184.174 1 
2906064285 1976 1783594184.224 1 
2916063728 1977 1783594184.274 1 
2926116534 1978 1783594184.324 1 
2936143161 1979 1783594184.374 1 
2946116090 1980 1783594184.424 1 
2956146869 1981 1783594184.474 1 
2966064284 1982 1783594184.524 1 
2976115983 1983 1783594184.574 1 
2986143301 1984 1783594184.624 1 
2996065217 1985 1783594184.674 1 
3006063828 1986 1783594184.724 1 
3016063309 1987 1783594184.774 1 
3026063717 1988 1783594184.824 1 
3036064618 1989 1783594184.874 1 
3046063613 1990 1783594184.924 1 
3056064446 1991 1783594184.974 1 
3066063356 1992 1783594185.024 1 
3076063664 1993 1783594185.074 1 
3086064318 1994 1783594185.124 1 
3096063853 1995 1783594185.174 1 
3106064157 1996 1783594185.224 1 
3116063388 1997 1783594185.274 1 
3126063738 1998 1783594185.324 1 
3136075349 1999 1783594185.374 1 
3146115553 2000 1783594185.424 1 
3156160413 2001 1783594185.474 1 
3166063819 2002 1783594185.524 1 
3176064687 2003 1783594185.574 1 
3186116958 2004 1783594185.624 1 
3196142771 2005 1783594185.674 1 
3206064087 2006 1783594185.724 1 
3216063333 2007 1783594185.774 1 
3226063907 2008 1783594185.824 1 
3236115977 2009 1783594185.874 1 
3246202546 2010 1783594185.924 1 
3256116048 2011 1783594185.974 1 
3266202445 2012 1783594186.024 1 
3276064577 2013 1783594186.075 1 
3286063767 2014 1783594186.124 1 
3296064719 2015 1783594186.174 1 
3306064208 2016 1783594186.224 1 
3316117409 2017 1783594186.275 1 
3326203425 2018 1783594186.324 1 
3336064036 2019 1783594186.374 1 
3346065218 2020 1783594186.424 1 
3356068414 2021 1783594186.474 1 
3366063065 2022 1783594186.524 1 
3376116260 2023 1783594186.574 1 
3386202407 2024 1783594186.624 1 
3396115319 2025 1783594186.674 1 
3406202813 2026 1783594186.724 1 
3416116796 2027 1783594186.774 1 
3426202114 2028 1783594186.824 1 
3436063615 2029 1783594186.875 1 
3446064514 2030 1783594186.924 1 
3456064566 2031 1783594186.974 1 
3466116037 2032 1783594187.024 1 
3476203052 2033 1783594187.074 1 
3486064642 2034 1783594187.124 1 
3496115725 2035 1783594187.174 1 
3506202585 2036 1783594187.224 1 
3516064134 2037 1783594187.274 1 
3526065611 2038 1783594187.324 1 
3536081964 2039 1783594187.374 1 
3546115856 2040 1783594187.424 1 
3556161115 2041 1783594187.474 1 
3566063425 2042 1783594187.524 1 
3576064794 2043 1783594187.574 1 
3586064717 2044 1783594187.624 1 
3596116738 2045 1783594187.674 1 
3606203891 2046 1783594187.724 1 
3616064117 2047 1783594187.774 1 
3626064728 2048 1783594187.824 1 
3636115606 2049 1783594187.874 1 
3646201725 2050 1783594187.924 1 
3656116803 2051 1783594187.974 1 
3666202093 2052 1783594188.024 1 
3676115346 2053 1783594188.075 1 
3686203082 2054 1783594188.124 1 
3696062952 2055 1783594188.175 1 
3706115278 2056 1783594188.224 1 
3716203441 2057 1783594188.274 1 
3726063188 2058 1783594188.325 1 
3736063058 2059 1783594188.374 1 
3746063315 2060 1783594188.424 1 
3756169358 2061 1783594188.474 1 
3766064198 2062 1783594188.524 1 
3776063607 2063 1783594188.574 1 
3786117065 2064 1783594188.624 1 
3796143031 2065 1783594188.674 1 
3806063945 2066 1783594188.724 1 
3816116450 2067 1783594188.774 1 
3826143845 2068 1783594188.824 1 
3836064060 2069 1783594188.875 1 
3846115444 2070 1783594188.924 1 
3856202611 2071 1783594188.974 1 
3866064286 2072 1783594189.025 1 
3876063856 2073 1783594189.074 1 
3886063175 2074 1783594189.124 1 
3896116445 2075 1783594189.174 1 
3906202355 2076 1783594189.224 1 
3916115963 2077 1783594189.275 1 
3926142005 2078 1783594189.324 1 
3936064380 2079 1783594189.374 1 
3946064774 2080 1783594189.424 1 
3956160423 2081 1783594189.474 1 
3966116585 2082 1783594189.524 1 
3976203381 2083 1783594189.574 1 
3986062940 2084 1783594189.625 1 
3996064648 2085 1783594189.674 1 
4006064448 2086 1783594189.724 1 
4016064002 2087 1783594189.774 1 
4026115712 2088 1783594189.824 1 
4036202579 2089 1783594189.874 1 
4046064087 2090 1783594189.925 1 
4056064076 2091 1783594189.974 1 
4066116830 2092 1783594190.024 1 
4076143654 2093 1783594190.074 1 
4086064333 2094 1783594190.124 1 
4096064190 2095 1783594190.174 1 
4106115850 2096 1783594190.224 1 
4116144185 2097 1783594190.274 1 
4126114885 2098 1783594190.324 1 
4136143407 2099 1783594190.374 1 
4146063737 2100 1783594190.424 1 
4156136605 2101 1783594190.474 1 
4166063770 2102 1783594190.524 1 
4176117197 2103 1783594190.574 1 
4186144187 2104 1783594190.624 1 
4196116552 2105 1783594190.674 1 
4206143354 2106 1783594190.724 1 
4216065099 2107 1783594190.774 1 
4226063041 2108 1783594190.824 1 
4236064176 2109 1783594190.874 1 
4246063693 2110 1783594190.924 1 
4256065053 2111 1783594190.974 1 
4266063481 2112 1783594191.024 1 
4276064273 2113 1783594191.074 1 
4286117330 2114 1783594191.124 1 
1175600 2115 1783594191.174 1 
11096950 2116 1783594191.224 1 
21149109 2117 1783594191.275 1 
31235765 2118 1783594191.324 1 
41096124 2119 1783594191.375 1 
51095078 2120 1783594191.424 1 
61227966 2121 1783594191.474 1 
71234511 2122 1783594191.525 1 
81149426 2123 1783594191.575 1 
91235892 2124 1783594191.624 1 
101148744 2125 1783594191.675 1 
111234824 2126 1783594191.724 1 
121098013 2127 1783594191.775 1 
131096461 2128 1783594191.824 1 
141096296 2129 1783594191.874 1 
151096779 2130 1783594191.924 1 
161095482 2131 1783594191.974 1 
171149785 2132 1783594192.024 1 
181235576 2133 1783594192.074 1 
191097191 2134 1783594192.125 1 
201149028 2135 1783594192.174 1 
211175533 2136 1783594192.224 1 
221149949 2137 1783594192.274 1 
231235068 2138 1783594192.324 1 
241097931 2139 1783594192.375 1 
251096242 2140 1783594192.424 1 
261246733 2141 1783594192.474 1 
271147778 2142 1783594192.525 1 
281235329 2143 1783594192.574 1 
291097186 2144 1783594192.625 1 
301149580 2145 1783594192.674 1 
311235242 2146 1783594192.724 1 
321149141 2147 1783594192.775 1 
331235976 2148 1783594192.824 1 
341096482 2149 1783594192.875 1 
351096341 2150 1783594192.924 1 
361149586 2151 1783594192.974 1 
371235976 2152 1783594193.024 1 
381149152 2153 1783594193.075 1 
391235286 2154 1783594193.124 1 
401148869 2155 1783594193.175 1 
411235713 2156 1783594193.224 1 
421149275 2157 1783594193.275 1 
431234277 2158 1783594193.324 1 
441148675 2159 1783594193.375 1 
451174882 2160 1783594193.424 1 
461193716 2161 1783594193.475 1 
471149946 2162 1783594193.525 1 
481235841 2163 1783594193.574 1 
491148116 2164 1783594193.625 1 
501234490 2165 1783594193.674 1 
511147573 2166 1783594193.725 1 
521235920 2167 1783594193.774 1 
531096999 2168 1783594193.825 1 
541095495 2169 1783594193.874 1 
551095578 2170 1783594193.924 1 
561096666 2171 1783594193.974 1 
571096702 2172 1783594194.024 1 
581096335 2173 1783594194.074 1 
591149117 2174 1783594194.124 1 
601234887 2175 1783594194.174 1 
611148577 2176 1783594194.225 1 
621236430 2177 1783594194.274 1 
631097858 2178 1783594194.325 1 
641148968 2179 1783594194.374 1 
651174942 2180 1783594194.424 1 
661102109 2181 1783594194.475 1 
671149298 2182 1783594194.524 1 
681234977 2183 1783594194.574 1 
691149119 2184 1783594194.625 1 
701236632 2185 1783594194.674 1 
711148915 2186 1783594194.725 1 
721235170 2187 1783594194.774 1 
731149026 2188 1783594194.825 1 
741236123 2189 1783594194.875 1 
751096773 2190 1783594194.925 1 
761096200 2191 1783594194.974 1 
771097397 2192 1783594195.024 1 
781148931 2193 1783594195.074 1 
791175700 2194 1783594195.124 1 
801147997 2195 1783594195.175 1 
811235470 2196 1783594195.224 1 
821148322 2197 1783594195.275 1 
831234991 2198 1783594195.324 1 
841150634 2199 1783594195.375 1 
851234527 2200 1783594195.425 1 
861231237 2201 1783594195.475 1 
871149234 2202 1783594195.525 1 
881235218 2203 1783594195.574 1 
891149223 2204 1783594195.625 1 
901234726 2205 1783594195.674 1 
911149088 2206 1783594195.725 1 
921260259 2207 1783594195.775 1 
931148780 2208 1783594195.825 1 
941236281 2209 1783594195.875 1 
951096668 2210 1783594195.925 1 
961097747 2211 1783594195.974 1 
971149887 2212 1783594196.024 1 
981235471 2213 1783594196.075 1 
991096686 2214 1783594196.125 1 
1001170186 2215 1783594196.174 1 
1011236216 2216 1783594196.225 1 
1021096421 2217 1783594196.276 1 
1031096880 2218 1783594196.324 1 
1041095133 2219 1783594196.374 1 
1051148502 2220 1783594196.424 1 
1061192495 2221 1783594196.474 1 
1071097530 2222 1783594196.525 1 
1081097098 2223 1783594196.574 1 
1091095879 2224 1783594196.624 1 
1101096753 2225 1783594196.674 1 
1111149581 2226 1783594196.724 1 
1121175779 2227 1783594196.775 1 
1131149249 2228 1783594196.825 1 
1141235422 2229 1783594196.875 1 
1151149554 2230 1783594196.925 1 
1161234266 2231 1783594196.975 1 
1171095643 2232 1783594197.025 1 
1181147983 2233 1783594197.074 1 
1191234622 2234 1783594197.125 1 
1201148742 2235 1783594197.175 1 
1211233926 2236 1783594197.225 1 
1221149176 2237 1783594197.275 1 
1231234612 2238 1783594197.325 1 
1241148831 2239 1783594197.375 1 
1251237332 2240 1783594197.425 1 
1261245731 2241 1783594197.475 1 
1271148857 2242 1783594197.525 1 
1281235525 2243 1783594197.575 1 
1291148283 2244 1783594197.625 1 
1301234206 2245 1783594197.675 1 
1311096428 2246 1783594197.725 1 
1321149303 2247 1783594197.774 1 
1331235259 2248 1783594197.825 1 
1341096528 2249 1783594197.875 1 
1351097021 2250 1783594197.924 1 
1361096420 2251 1783594197.974 1 
1371149730 2252 1783594198.024 1 
1381235290 2253 1783594198.075 1 
1391096747 2254 1783594198.125 1 
1401148694 2255 1783594198.174 1 
1411235529 2256 1783594198.225 1 
1421148700 2257 1783594198.275 1 
1431175845 2258 1783594198.325 1 
1441149721 2259 1783594198.375 1 
1451236724 2260 1783594198.425 1 
1461194417 2261 1783594198.475 1 
1471097682 2262 1783594198.525 1 
1481149680 2263 1783594198.574 1 
1491235613 2264 1783594198.625 1 
1501149989 2265 1783594198.675 1 
1511234545 2266 1783594198.725 1 
1521148416 2267 1783594198.775 1 
1531235295 2268 1783594198.825 1 
1541147770 2269 1783594198.875 1 
1551234920 2270 1783594198.925 1 
1561095676 2271 1783594198.975 1 
1571096147 2272 1783594199.024 1 
1581148768 2273 1783594199.074 1 
1591235593 2274 1783594199.125 1 
1601097229 2275 1783594199.175 1 
1611147400 2276 1783594199.224 1 
1621234877 2277 1783594199.275 1 
1631149016 2278 1783594199.325 1 
1641233952 2279 1783594199.375 1 
1651148442 2280 1783594199.425 1 
1661193025 2281 1783594199.475 1 
1671095855 2282 1783594199.525 1 
1681149327 2283 1783594199.574 1 
1691235867 2284 1783594199.625 1 
1701149310 2285 1783594199.675 1 
1711235605 2286 1783594199.725 1 
1721096714 2287 1783594199.775 1 
1731148289 2288 1783594199.824 1 
1741235574 2289 1783594199.875 1 
1751095256 2290 1783594199.925 1 
1761149512 2291 1783594199.975 1 
1771235528 2292 1783594200.025 1 
1781148922 2293 1783594200.075 1 
1791175778 2294 1783594200.125 1 
1801096004 2295 1783594200.175 1 
1811097002 2296 1783594200.224 1 
1821097963 2297 1783594200.275 1 
1831097381 2298 1783594200.324 1 
1841109247 2299 1783594200.375 1 
1851148951 2300 1783594200.424 1 
1861194083 2301 1783594200.475 1 
1871096320 2302 1783594200.525 1 
1881097588 2303 1783594200.575 1 
1891096138 2304 1783594200.624 1 
1901095352 2305 1783594200.675 1 
1911148564 2306 1783594200.724 1 
1921236279 2307 1783594200.775 1 
1931148093 2308 1783594200.825 1 
1941236040 2309 1783594200.875 1 
1951096043 2310 1783594200.925 1 
1961096514 2311 1783594200.975 1 
1971149065 2312 1783594201.024 1 
1981234544 2313 1783594201.075 1 
1991097575 2314 1783594201.125 1 
2001149297 2315 1783594201.175 1 
2011235813 2316 1783594201.225 1 
2021148836 2317 1783594201.276 1 
2031235388 2318 1783594201.325 1 
2041095721 2319 1783594201.375 1 
2051096315 2320 1783594201.424 1 
2061232479 2321 1783594201.475 1 
2071096821 2322 1783594201.525 1 
2081096412 2323 1783594201.575 1 
2091148477 2324 1783594201.624 1 
2101176158 2325 1783594201.675 1 
2111095136 2326 1783594201.725 1 
2121149626 2327 1783594201.775 1 
2131175688 2328 1783594201.825 1 
2141097920 2329 1783594201.875 1 
2151097906 2330 1783594201.925 1 
2161096378 2331 1783594201.975 1 
2171096604 2332 1783594202.024 1 
2181095736 2333 1783594202.075 1 
2191096744 2334 1783594202.124 1 
2201094945 2335 1783594202.175 1 
2211096716 2336 1783594202.225 1 
2221149742 2337 1783594202.275 1 
2231234669 2338 1783594202.325 1 
2241148738 2339 1783594202.375 1 
2251248236 2340 1783594202.425 1 
2261124979 2341 1783594202.475 1 
2271097693 2342 1783594202.525 1 
2281096499 2343 1783594202.575 1 
2291148846 2344 1783594202.625 1 
2301234938 2345 1783594202.675 1 
2311095733 2346 1783594202.725 1 
2321097481 2347 1783594202.775 1 
2331097238 2348 1783594202.825 1 
2341148449 2349 1783594202.875 1 
2351175496 2350 1783594202.925 1 
2361096227 2351 1783594202.975 1 
2371149114 2352 1783594203.025 1 
2381234991 2353 1783594203.075 1 
2391097691 2354 1783594203.125 1 
2401096440 2355 1783594203.175 1 
2411097419 2356 1783594203.225 1 
2421096143 2357 1783594203.275 1 
2431096334 2358 1783594203.325 1 
2441149745 2359 1783594203.375 1 
2451175444 2360 1783594203.425 1 
2461184775 2361 1783594203.475 1 
2471174695 2362 1783594203.525 1 
2481097277 2363 1783594203.575 1 
2491097523 2364 1783594203.625 1 
2501097207 2365 1783594203.675 1 
2511096056 2366 1783594203.725 1 
2521096947 2367 1783594203.775 1 
2531097392 2368 1783594203.825 1 
2541149856 2369 1783594203.875 1 
2551174693 2370 1783594203.925 1 
2561097054 2371 1783594203.975 1 
2571096320 2372 1783594204.025 1 
2581149903 2373 1783594204.075 1 
2591175719 2374 1783594204.125 1 
2601097492 2375 1783594204.175 1 
2611096640 2376 1783594204.225 1 
2621148699 2377 1783594204.275 1 
2631235871 2378 1783594204.325 1 
2641097226 2379 1783594204.375 1 
2651096863 2380 1783594204.425 1 
2661101383 2381 1783594204.475 1 
2671149423 2382 1783594204.525 1 
2681235641 2383 1783594204.575 1 
2691148251 2384 1783594204.625 1 
2701236932 2385 1783594204.675 1 
2711096851 2386 1783594204.725 1 
2721149150 2387 1783594204.775 1 
2731175814 2388 1783594204.825 1 
2741148503 2389 1783594204.875 1 
2751235892 2390 1783594204.925 1 
2761095422 2391 1783594204.975 1 
2771149256 2392 1783594205.025 1 
2781234506 2393 1783594205.075 1 
2791149836 2394 1783594205.125 1 
2801176234 2395 1783594205.175 1 
2811149823 2396 1783594205.225 1 
2821236554 2397 1783594205.275 1 
2831097284 2398 1783594205.325 1 
2841149624 2399 1783594205.375 1 
2851234553 2400 1783594205.425 1 
2861102702 2401 1783594205.475 1 
2871095878 2402 1783594205.525 1 
2881096005 2403 1783594205.575 1 
2891095158 2404 1783594205.625 1 
2901095251 2405 1783594205.675 1 
2911096091 2406 1783594205.725 1 
2921096489 2407 1783594205.775 1 
2931150391 2408 1783594205.825 1 
2941176101 2409 1783594205.875 1 
2951149131 2410 1783594205.925 1 
2961235011 2411 1783594205.975 1 
2971097922 2412 1783594206.025 1 
2981096709 2413 1783594206.075 1 
2991147802 2414 1783594206.125 1 
3001235957 2415 1783594206.175 1 
3011150065 2416 1783594206.225 1 
3021235389 2417 1783594206.275 1 
3031149603 2418 1783594206.326 1 
3041234932 2419 1783594206.375 1 
3051096460 2420 1783594206.426 1 
3061247108 2421 1783594206.475 1 
3071148035 2422 1783594206.525 1 
3081176742 2423 1783594206.575 1 
3091095200 2424 1783594206.625 1 
3101097153 2425 1783594206.675 1 
3111097232 2426 1783594206.725 1 
3121147639 2427 1783594206.775 1 
3131175476 2428 1783594206.825 1 
3141149683 2429 1783594206.875 1 
3151236262 2430 1783594206.925 1 
3161097155 2431 1783594206.976 1 
3171149143 2432 1783594207.025 1 
3181235823 2433 1783594207.075 1 
3191096905 2434 1783594207.125 1 
3201148831 2435 1783594207.175 1 
3211234531 2436 1783594207.225 1 
3221149104 2437 1783594207.276 1 
3231235157 2438 1783594207.325 1 
3241147672 2439 1783594207.376 1 
3251236447 2440 1783594207.425 1 
3261101519 2441 1783594207.476 1 
3271148244 2442 1783594207.525 1 
3281236116 2443 1783594207.575 1 
3291097377 2444 1783594207.625 1 
3301096239 2445 1783594207.675 1 
3311148917 2446 1783594207.725 1 
3321236663 2447 1783594207.775 1 
3331147027 2448 1783594207.825 1 
3341235923 2449 1783594207.875 1 
3351095755 2450 1783594207.925 1 
3361095406 2451 1783594207.975 1 
3371148236 2452 1783594208.025 1 
3381234721 2453 1783594208.075 1 
3391098401 2454 1783594208.125 1 
3401148058 2455 1783594208.175 1 
3411234785 2456 1783594208.225 1 
3421148847 2457 1783594208.276 1 
3431176057 2458 1783594208.325 1 
3441096463 2459 1783594208.375 1 
3451148690 2460 1783594208.425 1 
3461193611 2461 1783594208.475 1 
3471096201 2462 1783594208.525 1 
3481147848 2463 1783594208.575 1 
3491235624 2464 1783594208.625 1 
3501096563 2465 1783594208.676 1 
3511097108 2466 1783594208.725 1 
3521097493 2467 1783594208.775 1 
3531096799 2468 1783594208.825 1 
3541149007 2469 1783594208.875 1 
3551235255 2470 1783594208.925 1 
3561096573 2471 1783594208.976 1 
3571148082 2472 1783594209.025 1 
3581175927 2473 1783594209.075 1 
3591149001 2474 1783594209.125 1 
3601175706 2475 1783594209.175 1 
3611148220 2476 1783594209.225 1 
3621176139 2477 1783594209.275 1 
3631097541 2478 1783594209.325 1 
3641149584 2479 1783594209.375 1 
3651235929 2480 1783594209.425 1 
3661247883 2481 1783594209.476 1 
3671148225 2482 1783594209.526 1 
3681235088 2483 1783594209.575 1 
3691149180 2484 1783594209.626 1 
3701234960 2485 1783594209.675 1 
3711097078 2486 1783594209.726 1 
3721149274 2487 1783594209.775 1 
3731175813 2488 1783594209.825 1 
3741097343 2489 1783594209.876 1 
3751095703 2490 1783594209.925 1 
3761096946 2491 1783594209.975 1 
3771097447 2492 1783594210.025 1 
3781097176 2493 1783594210.075 1 
3791096704 2494 1783594210.125 1 
3801149044 2495 1783594210.175 1 
3811234984 2496 1783594210.225 1 
3821097046 2497 1783594210.276 1 
3831148299 2498 1783594210.325 1 
3841175218 2499 1783594210.375 1 
3851096988 2500 1783594210.425 1 
3861101478 2501 1783594210.475 1 
3871097604 2502 1783594210.525 1 
3881148721 2503 1783594210.575 1 
3891236094 2504 1783594210.625 1 
3901168512 2505 1783594210.676 1 
3911175897 2506 1783594210.725 1 
3921149805 2507 1783594210.775 1 
3931235488 2508 1783594210.825 1 
3941149231 2509 1783594210.876 1 
3951235564 2510 1783594210.925 1 
3961150099 2511 1783594210.976 1 
3971235953 2512 1783594211.025 1 
3981096877 2513 1783594211.076 1 
3991096049 2514 1783594211.125 1 
4001148730 2515 1783594211.175 1 
4011235745 2516 1783594211.225 1 
4021149632 2517 1783594211.276 1 
4031235635 2518 1783594211.326 1 
4041095096 2519 1783594211.376 1 
4051149582 2520 1783594211.425 1 
4061193534 2521 1783594211.475 1 
4071148940 2522 1783594211.526 1 
4081234410 2523 1783594211.575 1 
4091095703 2524 1783594211.626 1 
4101096642 2525 1783594211.675 1 
4111096305 2526 1783594211.725 1 
4121148489 2527 1783594211.775 1 
4131234286 2528 1783594211.825 1 
4141096349 2529 1783594211.876 1 
4151148710 2530 1783594211.925 1 
4161235786 2531 1783594211.976 1 
4171149261 2532 1783594212.026 1 
4181236210 2533 1783594212.075 1 
4191148870 2534 1783594212.126 1 
4201176046 2535 1783594212.175 1 
4211096225 2536 1783594212.226 1 
4221148214 2537 1783594212.275 1 
4231235845 2538 1783594212.325 1 
4241148592 2539 1783594212.376 1 
4251234692 2540 1783594212.425 1 
4261231337 2541 1783594212.476 1 
4271096145 2542 1783594212.526 1 
4281096623 2543 1783594212.575 1 
4291096190 2544 1783594212.625 1 
6182153 2545 1783594212.675 1 
16207420 2546 1783594212.725 1 
26181892 2547 1783594212.775 1 
36268448 2548 1783594212.825 1 
46181307 2549 1783594212.876 1 
56268261 2550 1783594212.925 1 
66130495 2551 1783594212.976 1 
76130301 2552 1783594213.025 1 
86129688 2553 1783594213.075 1 
96182080 2554 1783594213.125 1 
106268804 2555 1783594213.175 1 
116180952 2556 1783594213.226 1 
126268322 2557 1783594213.275 1 
136129673 2558 1783594213.326 1 
146179998 2559 1783594213.375 1 
156268346 2560 1783594213.425 1 
166279050 2561 1783594213.476 1 
176182073 2562 1783594213.526 1 
186267582 2563 1783594213.575 1 
196129602 2564 1783594213.626 1 
206181525 2565 1783594213.675 1 
216267553 2566 1783594213.725 1 
226129367 2567 1783594213.776 1 
236180383 2568 1783594213.825 1 
246268522 2569 1783594213.876 1 
256181808 2570 1783594213.926 1 
266267741 2571 1783594213.975 1 
276128780 2572 1783594214.026 1 
286181990 2573 1783594214.075 1 
296267381 2574 1783594214.125 1 
306129150 2575 1783594214.176 1 
316181449 2576 1783594214.225 1 
326267943 2577 1783594214.275 1 
336130240 2578 1783594214.326 1 
346129222 2579 1783594214.375 1 
356180891 2580 1783594214.425 1 
366226983 2581 1783594214.475 1 
376182390 2582 1783594214.526 1 
386268535 2583 1783594214.575 1 
396128401 2584 1783594214.626 1 
406182086 2585 1783594214.675 1 
416267678 2586 1783594214.725 1 
426129037 2587 1783594214.776 1 
436181591 2588 1783594214.825 1 
446269911 2589 1783594214.876 1 
456181070 2590 1783594214.926 1 
466268394 2591 1783594214.975 1 
476181250 2592 1783594215.026 1 
486208447 2593 1783594215.076 1 
496180903 2594 1783594215.126 1 
506267343 2595 1783594215.176 1 
516128347 2596 1783594215.226 1 
526129703 2597 1783594215.275 1 
536128844 2598 1783594215.325 1 
546129551 2599 1783594215.375 1 
556129046 2600 1783594215.425 1 
566234892 2601 1783594215.475 1 
576129466 2602 1783594215.526 1 
586130097 2603 1783594215.575 1 
596129470 2604 1783594215.625 1 
606129858 2605 1783594215.675 1 
616181384 2606 1783594215.725 1 
626268451 2607 1783594215.776 1 
636129440 2608 1783594215.826 1 
646181432 2609 1783594215.875 1 
656268290 2610 1783594215.925 1 
666180967 2611 1783594215.976 1 
676269228 2612 1783594216.025 1 
686129100 2613 1783594216.076 1 
696182556 2614 1783594216.125 1 
706267738 2615 1783594216.176 1 
716182634 2616 1783594216.226 1 
726268636 2617 1783594216.276 1 
736181277 2618 1783594216.327 1 
746268705 2619 1783594216.376 1 
756129541 2620 1783594216.426 1 
766201415 2621 1783594216.475 1 
776129844 2622 1783594216.526 1 
786128165 2623 1783594216.575 1 
796129153 2624 1783594216.625 1 
806181703 2625 1783594216.675 1 
816268259 2626 1783594216.725 1 
826181528 2627 1783594216.776 1 
836268777 2628 1783594216.825 1 
846128858 2629 1783594216.876 1 
856180608 2630 1783594216.925 1 
866269838 2631 1783594216.976 1 
876181383 2632 1783594217.026 1 
886208527 2633 1783594217.076 1 
896181632 2634 1783594217.126 1 
906268685 2635 1783594217.176 1 
916182365 2636 1783594217.226 1 
926268758 2637 1783594217.276 1 
936182191 2638 1783594217.326 1 
946267630 2639 1783594217.376 1 
956180656 2640 1783594217.426 1 
966225786 2641 1783594217.476 1 
976182669 2642 1783594217.526 1 
986268791 2643 1783594217.576 1 
996129780 2644 1783594217.626 1 
1006181668 2645 1783594217.676 1 
1016267664 2646 1783594217.726 1 
1026183298 2647 1783594217.776 1 
1036269129 2648 1783594217.826 1 
1046130477 2649 1783594217.876 1 
1056182606 2650 1783594217.925 1 
1066208179 2651 1783594217.976 1 
1076180430 2652 1783594218.026 1 
1086268599 2653 1783594218.076 1 
1096129005 2654 1783594218.126 1 
1106182381 2655 1783594218.176 1 
1116268259 2656 1783594218.226 1 
1126130226 2657 1783594218.276 1 
1136129350 2658 1783594218.325 1 
1146181160 2659 1783594218.376 1 
1156280600 2660 1783594218.426 1 
1166261153 2661 1783594218.476 1 
1176267898 2662 1783594218.526 1 
1186128274 2663 1783594218.576 1 
1196130032 2664 1783594218.625 1 
1206180951 2665 1783594218.676 1 
1216266283 2666 1783594218.726 1 
1226183482 2667 1783594218.776 1 
1236268658 2668 1783594218.826 1 
1246182129 2669 1783594218.876 1 
1256267348 2670 1783594218.926 1 
1266129600 2671 1783594218.976 1 
1276183072 2672 1783594219.025 1 
1286268033 2673 1783594219.076 1 
1296183096 2674 1783594219.126 1 
1306268958 2675 1783594219.176 1 
1316181610 2676 1783594219.226 1 
1326267173 2677 1783594219.276 1 
1336128021 2678 1783594219.326 1 
1346129551 2679 1783594219.375 1 
1356129678 2680 1783594219.426 1 
1366280559 2681 1783594219.475 1 
1376130571 2682 1783594219.526 1 
1386180943 2683 1783594219.575 1 
1396268048 2684 1783594219.626 1 
1406128351 2685 1783594219.676 1 
1416129661 2686 1783594219.726 1 
1426129521 2687 1783594219.776 1 
1436129871 2688 1783594219.826 1 
1446180799 2689 1783594219.876 1 
1456267310 2690 1783594219.926 1 
1466181574 2691 1783594219.976 1 
1476267754 2692 1783594220.026 1 
1486182430 2693 1783594220.076 1 
1496267314 2694 1783594220.126 1 
1506130162 2695 1783594220.176 1 
1516182555 2696 1783594220.226 1 
1526267864 2697 1783594220.276 1 
1536181578 2698 1783594220.326 1 
1546207692 2699 1783594220.376 1 
1556128989 2700 1783594220.426 1 
1566135289 2701 1783594220.476 1 
1576182852 2702 1783594220.526 1 
1586268306 2703 1783594220.576 1 
1596129738 2704 1783594220.626 1 
1606181947 2705 1783594220.676 1 
1616268745 2706 1783594220.726 1 
1626130419 2707 1783594220.776 1 
1636128226 2708 1783594220.826 1 
1646128453 2709 1783594220.876 1 
1656181494 2710 1783594220.926 1 
1666269269 2711 1783594220.976 1 
1676181889 2712 1783594221.026 1 
1686267923 2713 1783594221.076 1 
1696182551 2714 1783594221.126 1 
1706269134 2715 1783594221.176 1 
1716128771 2716 1783594221.226 1 
1726128879 2717 1783594221.276 1 
1736129569 2718 1783594221.327 1 
1746130924 2719 1783594221.376 1 
1756182381 2720 1783594221.426 1 
1766226491 2721 1783594221.476 1 
1776129557 2722 1783594221.526 1 
1786181912 2723 1783594221.576 1 
1796267910 2724 1783594221.626 1 
1806183325 2725 1783594221.676 1 
1816268489 2726 1783594221.726 1 
1826129543 2727 1783594221.776 1 
1836181051 2728 1783594221.826 1 
1846270035 2729 1783594221.876 1 
1856129199 2730 1783594221.927 1 
1866181004 2731 1783594221.976 1 
1876267524 2732 1783594222.026 1 
1886130487 2733 1783594222.076 1 
1896129267 2734 1783594222.126 1 
1906181961 2735 1783594222.176 1 
1916268804 2736 1783594222.226 1 
1926127983 2737 1783594222.276 1 
1936183034 2738 1783594222.326 1 
1946268824 2739 1783594222.376 1 
1956129018 2740 1783594222.427 1 
1966234576 2741 1783594222.476 1 
1976182156 2742 1783594222.526 1 
1986268738 2743 1783594222.576 1 
1996181349 2744 1783594222.626 1 
2006267306 2745 1783594222.676 1 
2016181520 2746 1783594222.726 1 
2026207941 2747 1783594222.776 1 
2036129491 2748 1783594222.826 1 
2046129827 2749 1783594222.876 1 
2056181956 2750 1783594222.926 1 
2066268689 2751 1783594222.976 1 
2076129528 2752 1783594223.026 1 
2086182030 2753 1783594223.076 1 
2096268005 2754 1783594223.126 1 
2106130517 2755 1783594223.176 1 
2116128743 2756 1783594223.226 1 
2126182558 2757 1783594223.276 1 
2136208261 2758 1783594223.326 1 
2146183114 2759 1783594223.376 1 
2156266707 2760 1783594223.426 1 
2166135497 2761 1783594223.476 1 
2176129520 2762 1783594223.526 1 
2186181764 2763 1783594223.576 1 
2196269376 2764 1783594223.626 1 
2206183118 2765 1783594223.676 1 
2216267334 2766 1783594223.726 1 
2226182475 2767 1783594223.776 1 
2236268778 2768 1783594223.826 1 
2246181967 2769 1783594223.876 1 
2256207659 2770 1783594223.926 1 
2266129031 2771 1783594223.976 1 
2276129251 2772 1783594224.026 1 
2286182428 2773 1783594224.076 1 
2296207406 2774 1783594224.126 1 
2306128604 2775 1783594224.176 1 
2316128498 2776 1783594224.226 1 
2326130368 2777 1783594224.276 1 
2336181959 2778 1783594224.326 1 
2346268065 2779 1783594224.376 1 
2356128138 2780 1783594224.426 1 
2366226833 2781 1783594224.476 1 
2376181859 2782 1783594224.526 1 
2386267980 2783 1783594224.576 1 
2396180973 2784 1783594224.626 1 
2406266589 2785 1783594224.676 1 
2416130172 2786 1783594224.726 1 
2426181540 2787 1783594224.776 1 
2436267972 2788 1783594224.826 1 
2446128940 2789 1783594224.876 1 
2456128530 2790 1783594224.926 1 
2466128428 2791 1783594224.976 1 
2476182597 2792 1783594225.026 1 
2486208364 2793 1783594225.076 1 
2496129646 2794 1783594225.126 1 
2506129172 2795 1783594225.176 1 
2516181876 2796 1783594225.226 1 
2526268370 2797 1783594225.276 1 
2536181968 2798 1783594225.326 1 
2546207976 2799 1783594225.376 1 
2556181691 2800 1783594225.426 1 
2566225853 2801 1783594225.476 1 
2576181757 2802 1783594225.526 1 
2586267916 2803 1783594225.576 1 
2596181430 2804 1783594225.626 1 
2606267665 2805 1783594225.676 1 
2616180845 2806 1783594225.726 1 
2626207625 2807 1783594225.776 1 
2636182417 2808 1783594225.826 1 
2646269243 2809 1783594225.876 1 
2656181390 2810 1783594225.926 1 
2666268906 2811 1783594225.976 1 
2676130084 2812 1783594226.026 1 
2686181193 2813 1783594226.076 1 
2696266966 2814 1783594226.126 1 
2706181068 2815 1783594226.176 1 
2716267923 2816 1783594226.226 1 
2726181236 2817 1783594226.276 1 
2736267329 2818 1783594226.327 1 
2746183004 2819 1783594226.376 1 
2756268400 2820 1783594226.426 1 
2766279444 2821 1783594226.476 1 
2776181035 2822 1783594226.527 1 
2786267054 2823 1783594226.576 1 
2796180966 2824 1783594226.626 1 
2806208747 2825 1783594226.676 1 
2816130099 2826 1783594226.726 1 
2826183252 2827 1783594226.776 1 
2836268245 2828 1783594226.826 1 
2846182530 2829 1783594226.877 1 
2856267359 2830 1783594226.926 1 
2866128867 2831 1783594226.977 1 
2876181594 2832 1783594227.026 1 
2886268402 2833 1783594227.076 1 
2896129261 2834 1783594227.127 1 
2906129912 2835 1783594227.176 1 
2916129588 2836 1783594227.226 1 
2926181499 2837 1783594227.276 1 
2936267868 2838 1783594227.326 1 
2946181703 2839 1783594227.377 1 
2956268918 2840 1783594227.426 1 
2966279228 2841 1783594227.477 1 
2976181641 2842 1783594227.527 1 
2986208829 2843 1783594227.576 1 
2996128370 2844 1783594227.626 1 
3006128551 2845 1783594227.676 1 
3016181948 2846 1783594227.726 1 
3026268845 2847 1783594227.776 1 
3036129734 2848 1783594227.827 1 
3046181727 2849 1783594227.876 1 
3056268318 2850 1783594227.926 1 
3066181790 2851 1783594227.977 1 
3076267672 2852 1783594228.026 1 
3086130744 2853 1783594228.077 1 
3096181361 2854 1783594228.126 1 
3106209907 2855 1783594228.176 1 
3116129543 2856 1783594228.226 1 
3126182114 2857 1783594228.276 1 
3136267966 2858 1783594228.326 1 
3146181412 2859 1783594228.377 1 
3156268804 2860 1783594228.426 1 
3166207985 2861 1783594228.477 1 
3176180519 2862 1783594228.526 1 
3186268623 2863 1783594228.576 1 
3196182576 2864 1783594228.627 1 
3206267862 2865 1783594228.676 1 
3216182295 2866 1783594228.727 1 
3226268154 2867 1783594228.776 1 
3236182477 2868 1783594228.827 1 
3246268658 2869 1783594228.876 1 
3256181055 2870 1783594228.927 1 
3266208611 2871 1783594228.976 1 
3276181333 2872 1783594229.026 1 
3286268110 2873 1783594229.076 1 
3296182146 2874 1783594229.127 1 
3306267443 2875 1783594229.176 1 
3316129068 2876 1783594229.227 1 
3326128830 2877 1783594229.276 1 
3336129840 2878 1783594229.326 1 
3346130526 2879 1783594229.376 1 
3356129988 2880 1783594229.426 1 
3366225982 2881 1783594229.476 1 
3376181605 2882 1783594229.526 1 
3386268138 2883 1783594229.576 1 
3396181306 2884 1783594229.627 1 
3406209649 2885 1783594229.676 1 
3416128859 2886 1783594229.726 1 
3426181469 2887 1783594229.776 1 
3436269004 2888 1783594229.826 1 
3446128543 2889 1783594229.877 1 
3456129754 2890 1783594229.926 1 
3466130131 2891 1783594229.976 1 
3476128693 2892 1783594230.026 1 
3486182273 2893 1783594230.076 1 
3496268999 2894 1783594230.126 1 
3506130341 2895 1783594230.177 1 
3516128968 2896 1783594230.226 1 
3526129609 2897 1783594230.276 1 
3536182168 2898 1783594230.326 1 
3546206296 2899 1783594230.376 1 
3556128728 2900 1783594230.426 1 
3566135748 2901 1783594230.476 1 
3576129267 2902 1783594230.526 1 
3586181950 2903 1783594230.576 1 
3596207488 2904 1783594230.626 1 
3606129522 2905 1783594230.676 1 
3616129476 2906 1783594230.726 1 
3626129975 2907 1783594230.776 1 
3636128524 2908 1783594230.826 1 
3646128884 2909 1783594230.876 1 
3656129534 2910 1783594230.926 1 
3666129138 2911 1783594230.976 1 
3676182031 2912 1783594231.026 1 
3686268441 2913 1783594231.076 1 
3696180967 2914 1783594231.127 1 
3706207583 2915 1783594231.176 1 
3716129548 2916 1783594231.227 1 
3726181197 2917 1783594231.276 1 
3736207176 2918 1783594231.327 1 
3746182702 2919 1783594231.376 1 
3756267914 2920 1783594231.426 1 
3766264808 2921 1783594231.477 1 
3776182453 2922 1783594231.527 1 
3786269606 2923 1783594231.576 1 
3796181430 2924 1783594231.627 1 
3806266736 2925 1783594231.676 1 
3816129264 2926 1783594231.727 1 
3826128752 2927 1783594231.776 1 
3836129464 2928 1783594231.826 1 
3846181548 2929 1783594231.876 1 
3856268443 2930 1783594231.927 1 
3866216633 2931 1783594231.977 1 
3876268105 2932 1783594232.027 1 
3886128781 2933 1783594232.077 1 
3896129418 2934 1783594232.126 1 
3906181862 2935 1783594232.176 1 
3916208864 2936 1783594232.226 1 
3926181785 2937 1783594232.276 1 
3936268019 2938 1783594232.326 1 
3946181340 2939 1783594232.377 1 
3956267433 2940 1783594232.426 1 
3966278582 2941 1783594232.477 1 
3976181165 2942 1783594232.527 1 
3986267730 2943 1783594232.576 1 
3996180880 2944 1783594232.627 1 
4006268044 2945 1783594232.676 1 
4016129852 2946 1783594232.727 1 
4026129661 2947 1783594232.776 1 
4036128361 2948 1783594232.826 1 
4046129967 2949 1783594232.876 1 
4056130743 2950 1783594232.926 1 
4066181495 2951 1783594232.976 1 
4076268446 2952 1783594233.026 1 
4086128841 2953 1783594233.077 1 
4096130216 2954 1783594233.126 1 
4106182125 2955 1783594233.176 1 
4116267876 2956 1783594233.226 1 
4126182572 2957 1783594233.277 1 
4136208537 2958 1783594233.326 1 
4146129855 2959 1783594233.377 1 
4156182019 2960 1783594233.426 1 
4166225823 2961 1783594233.476 1 
4176129172 2962 1783594233.527 1 
4186181580 2963 1783594233.576 1 
4196269315 2964 1783594233.626 1 
4206128718 2965 1783594233.677 1 
4216182028 2966 1783594233.726 1 
4226209688 2967 1783594233.776 1 
4236129898 2968 1783594233.827 1 
4246182669 2969 1783594233.876 1 
4256207287 2970 1783594233.926 1 
4266181124 2971 1783594233.977 1 
4276268459 2972 1783594234.026 1 
4286129137 2973 1783594234.077 1 
1215156 2974 1783594234.126 1 
11299517 2975 1783594234.176 1 
21214850 2976 1783594234.227 1 
31242645 2977 1783594234.276 1 
41214440 2978 1783594234.327 1 
51300812 2979 1783594234.376 1 
61162571 2980 1783594234.427 1 
71312307 2981 1783594234.476 1 
81163491 2982 1783594234.527 1 
91161797 2983 1783594234.576 1 
101215200 2984 1783594234.626 1 
111300613 2985 1783594234.676 1 
121161708 2986 1783594234.727 1 
131162113 2987 1783594234.776 1 
141215336 2988 1783594234.826 1 
151301193 2989 1783594234.877 1 
161161446 2990 1783594234.927 1 
171164676 2991 1783594234.976 1 
181162260 2992 1783594235.026 1 
191162400 2993 1783594235.076 1 
201161895 2994 1783594235.126 1 
211162531 2995 1783594235.176 1 
221162372 2996 1783594235.226 1 
231214056 2997 1783594235.276 1 
241300695 2998 1783594235.326 1 
251161840 2999 1783594235.377 1 
261162895 3000 1783594235.426 1 
271167232 3001 1783594235.476 1 
281162421 3002 1783594235.526 1 
291214702 3003 1783594235.576 1 
301301808 3004 1783594235.627 1 
311161693 3005 1783594235.677 1 
321213857 3006 1783594235.726 1 
331300034 3007 1783594235.777 1 
341214956 3008 1783594235.827 1 
351301262 3009 1783594235.877 1 
361214421 3010 1783594235.927 1 
371301503 3011 1783594235.977 1 
381161985 3012 1783594236.027 1 
391162129 3013 1783594236.076 1 
401161767 3014 1783594236.126 1 
411162750 3015 1783594236.176 1 
421161182 3016 1783594236.226 1 
431214357 3017 1783594236.276 1 
441299451 3018 1783594236.327 1 
451162025 3019 1783594236.377 1 
461173071 3020 1783594236.426 1 
471310036 3021 1783594236.476 1 
481214646 3022 1783594236.527 1 
491240634 3023 1783594236.576 1 
501161884 3024 1783594236.627 1 
511162841 3025 1783594236.676 1 
521162470 3026 1783594236.726 1 
531214220 3027 1783594236.776 1 
541239894 3028 1783594236.827 1 
551215715 3029 1783594236.877 1 
561300027 3030 1783594236.927 1 
571213351 3031 1783594236.977 1 
581301406 3032 1783594237.027 1 
591162222 3033 1783594237.077 1 
601162698 3034 1783594237.126 1 
611213781 3035 1783594237.176 1 
621259039 3036 1783594237.227 1 
631161260 3037 1783594237.277 1 
641161418 3038 1783594237.326 1 
651162402 3039 1783594237.376 1 
661162395 3040 1783594237.426 1 
671168930 3041 1783594237.476 1 
681161819 3042 1783594237.526 1 
691186196 3043 1783594237.576 1 -2.991 11.431 1.869 23.561 67 428 
701161672 3044 1783594237.627 1 
711161082 3045 1783594237.676 1 
721214422 3046 1783594237.726 1 
731241011 3047 1783594237.777 1 
741162602 3048 1783594237.827 1 
751215382 3049 1783594237.876 1 
761301516 3050 1783594237.927 1 
771214948 3051 1783594237.977 1 
781240806 3052 1783594238.027 1 
791161803 3053 1783594238.077 1 
801162569 3054 1783594238.126 1 
811214177 3055 1783594238.176 1 
821240644 3056 1783594238.227 1 
831162634 3057 1783594238.277 1 
841160003 3058 1783594238.326 1 
851160728 3059 1783594238.376 1 
861213973 3060 1783594238.427 1 
871259481 3061 1783594238.477 1 
881160976 3062 1783594238.527 1 
891160912 3063 1783594238.576 1 
901162100 3064 1783594238.626 1 
911161827 3065 1783594238.676 1 
921214484 3066 1783594238.726 1 
931300905 3067 1783594238.777 1 
941214575 3068 1783594238.827 1 
951240791 3069 1783594238.877 1 
961214798 3070 1783594238.927 1 
971300669 3071 1783594238.977 1 
981162431 3072 1783594239.027 1 
991161637 3073 1783594239.076 1 
1001161696 3074 1783594239.127 1 
1011212937 3075 1783594239.176 1 
1021301155 3076 1783594239.227 1 
1031214716 3077 1783594239.277 1 
1041298768 3078 1783594239.327 1 
1051161479 3079 1783594239.377 1 
1061214841 3080 1783594239.427 1 
1071258530 3081 1783594239.477 1 
1081162389 3082 1783594239.527 1 
1091162085 3083 1783594239.576 1 
1101162358 3084 1783594239.627 1 
1111214731 3085 1783594239.676 1 
1121300409 3086 1783594239.727 1 
1131214269 3087 1783594239.777 1 
1141300671 3088 1783594239.827 1 
1151214365 3089 1783594239.877 1 
1161241215 3090 1783594239.927 1 
1171215090 3091 1783594239.977 1 
1181301527 3092 1783594240.027 1 
1191161416 3093 1783594240.077 1 
1201162966 3094 1783594240.127 1 
1211162412 3095 1783594240.176 1 
1221214050 3096 1783594240.227 1 
1231240156 3097 1783594240.277 1 
1241162162 3098 1783594240.327 1 
1251161447 3099 1783594240.376 1 
1261213920 3100 1783594240.427 1 
1271258588 3101 1783594240.477 1 
1281161836 3102 1783594240.527 1 
1291161613 3103 1783594240.576 1 
1301215098 3104 1783594240.626 1 
1311242059 3105 1783594240.677 1 
1321214780 3106 1783594240.727 1 
1331300114 3107 1783594240.777 1 
1341162269 3108 1783594240.827 1 
1351160908 3109 1783594240.877 1 
1361214229 3110 1783594240.927 1 
1371299810 3111 1783594240.977 1 
1381214437 3112 1783594241.027 1 
1391239809 3113 1783594241.077 1 
1401214175 3114 1783594241.127 1 
1411241346 3115 1783594241.177 1 
1421214557 3116 1783594241.227 1 
1431301096 3117 1783594241.277 1 
1441214158 3118 1783594241.328 1 
1451301169 3119 1783594241.377 1 
1461187795 3120 1783594241.427 1 -2.991 11.529 1.122 23.561 73 425 
1471211952 3121 1783594241.477 1 
1481215219 3122 1783594241.527 1 
1491300810 3123 1783594241.577 1 
1501215754 3124 1783594241.627 1 
1511301952 3125 1783594241.677 1 
1521213885 3126 1783594241.728 1 
1531300095 3127 1783594241.777 1 
1541213908 3128 1783594241.827 1 
1551242510 3129 1783594241.877 1 
1561163449 3130 1783594241.927 1 
1571214471 3131 1783594241.977 1 
1581300543 3132 1783594242.027 1 
1591162038 3133 1783594242.077 1 
1601162404 3134 1783594242.127 1 
1611214308 3135 1783594242.177 1 
1621302757 3136 1783594242.227 1 
1631213738 3137 1783594242.277 1 
1641301619 3138 1783594242.327 1 
1651213760 3139 1783594242.377 1 
1661300618 3140 1783594242.427 1 
1671168216 3141 1783594242.477 1 
1681162514 3142 1783594242.527 1 
1691161654 3143 1783594242.577 1 
1701215519 3144 1783594242.627 1 
1711240123 3145 1783594242.677 1 
1721161660 3146 1783594242.727 1 
1731214130 3147 1783594242.777 1 
1741301027 3148 1783594242.827 1 
1751160589 3149 1783594242.877 1 
1761213949 3150 1783594242.927 1 
1771301097 3151 1783594242.977 1 
1781162331 3152 1783594243.027 1 
1791162225 3153 1783594243.077 1 
1801162272 3154 1783594243.127 1 
1811162895 3155 1783594243.177 1 
1821213769 3156 1783594243.227 1 
1831300584 3157 1783594243.277 1 
1841162716 3158 1783594243.327 1 
1851163037 3159 1783594243.377 1 
1861162992 3160 1783594243.427 1 
1871259835 3161 1783594243.477 1 
1881213749 3162 1783594243.527 1 
1891301083 3163 1783594243.577 1 
1901161277 3164 1783594243.627 1 
1911162940 3165 1783594243.677 1 
1921161568 3166 1783594243.727 1 
1931162323 3167 1783594243.777 1 
1941161990 3168 1783594243.827 1 
1951162689 3169 1783594243.877 1 
1961214165 3170 1783594243.927 1 
1971301071 3171 1783594243.977 1 
1981161331 3172 1783594244.027 1 
1991214312 3173 1783594244.077 1 
2001300622 3174 1783594244.127 1 
2011161813 3175 1783594244.177 1 
2021214064 3176 1783594244.227 1 
2031240787 3177 1783594244.277 1 
2041162269 3178 1783594244.327 1 
2051213805 3179 1783594244.377 1 
2061240972 3180 1783594244.427 1 
2071168087 3181 1783594244.477 1 
2081214119 3182 1783594244.527 1 
2091298925 3183 1783594244.577 1 
2101213891 3184 1783594244.627 1 
2111300907 3185 1783594244.677 1 
2121214386 3186 1783594244.727 1 
2131239827 3187 1783594244.777 1 
2141215208 3188 1783594244.827 1 
2151239782 3189 1783594244.877 1 
2161161481 3190 1783594244.927 1 
2171214880 3191 1783594244.977 1 
2181300428 3192 1783594245.027 1 
2191161403 3193 1783594245.077 1 
2201161084 3194 1783594245.127 1 
2211160974 3195 1783594245.177 1 
2221162614 3196 1783594245.227 1 
2231162304 3197 1783594245.277 1 
2241161913 3198 1783594245.327 1 
2251162417 3199 1783594245.377 1 
2261162231 3200 1783594245.427 1 
2271266171 3201 1783594245.477 1 
2281214835 3202 1783594245.527 1 
2291241226 3203 1783594245.577 1 
2301213353 3204 1783594245.627 1 
2311301295 3205 1783594245.677 1 
2321162477 3206 1783594245.727 1 
2331163099 3207 1783594245.777 1 
2341162821 3208 1783594245.827 1 
2351214593 3209 1783594245.877 1 
2361299333 3210 1783594245.927 1 
2371214382 3211 1783594245.977 1 
2381301782 3212 1783594246.027 1 
2391215375 3213 1783594246.078 1 
2401300701 3214 1783594246.127 1 
2411162560 3215 1783594246.177 1 
2421238939 3216 1783594246.227 1 -2.991 11.486 1.495 23.561 69 424 
2431300261 3217 1783594246.278 1 
2441161521 3218 1783594246.328 1 
2451162306 3219 1783594246.377 1 
2461161720 3220 1783594246.427 1 
2471258010 3221 1783594246.477 1 
2481163179 3222 1783594246.527 1 
2491214445 3223 1783594246.577 1 
2501300428 3224 1783594246.627 1 
2511161834 3225 1783594246.677 1 
2521162701 3226 1783594246.727 1 
2531214925 3227 1783594246.777 1 
2541302255 3228 1783594246.827 1 
2551162007 3229 1783594246.878 1 
2561215200 3230 1783594246.927 1 
2571302012 3231 1783594246.977 1 
2581213820 3232 1783594247.028 1 
2591240333 3233 1783594247.077 1 
2601161390 3234 1783594247.127 1 
2611162398 3235 1783594247.177 1 
2621163171 3236 1783594247.227 1 
2631161639 3237 1783594247.277 1 
2641215409 3238 1783594247.327 1 
2651301433 3239 1783594247.377 1 
2661214077 3240 1783594247.428 1 
2671258255 3241 1783594247.477 1 
2681214300 3242 1783594247.527 1 
2691301882 3243 1783594247.577 1 
2701213508 3244 1783594247.628 1 
2711300284 3245 1783594247.677 1 
2721215112 3246 1783594247.728 1 
2731301061 3247 1783594247.777 1 
2741213597 3248 1783594247.828 1 
2751300609 3249 1783594247.877 1 
2761162573 3250 1783594247.928 1 
2771214075 3251 1783594247.977 1 
2781241402 3252 1783594248.027 1 
2791162116 3253 1783594248.077 1 
2801213560 3254 1783594248.127 1 
2811299903 3255 1783594248.177 1 
2821163065 3256 1783594248.228 1 
2831162571 3257 1783594248.277 1 
2841214257 3258 1783594248.327 1 
2851240176 3259 1783594248.377 1 
2861215509 3260 1783594248.427 1 
2871257823 3261 1783594248.477 1 
2881162234 3262 1783594248.527 1 
2891162656 3263 1783594248.577 1 
2901162128 3264 1783594248.627 1 
2911162724 3265 1783594248.677 1 
2921213801 3266 1783594248.728 1 
2931302113 3267 1783594248.778 1 
2941161632 3268 1783594248.828 1 
2951162842 3269 1783594248.877 1 
2961162844 3270 1783594248.927 1 
2971163024 3271 1783594248.977 1 
2981162140 3272 1783594249.027 1 
2991162302 3273 1783594249.077 1 
3001162126 3274 1783594249.127 1 
3011215466 3275 1783594249.177 1 
3021241444 3276 1783594249.227 1 
3031161727 3277 1783594249.277 1 
3041213890 3278 1783594249.327 1 
3051241105 3279 1783594249.377 1 
3061215006 3280 1783594249.427 1 
3071258580 3281 1783594249.477 1 
3081162124 3282 1783594249.527 1 
3091161020 3283 1783594249.577 1 
3101214969 3284 1783594249.627 1 
3111302664 3285 1783594249.677 1 
3121161069 3286 1783594249.728 1 
3131162511 3287 1783594249.777 1 
3141214217 3288 1783594249.827 1 
3151299736 3289 1783594249.877 1 
3161162010 3290 1783594249.928 1 
3171161435 3291 1783594249.977 1 
3181161580 3292 1783594250.027 1 
3191214546 3293 1783594250.077 1 
3201240657 3294 1783594250.127 1 
3211162265 3295 1783594250.177 1 
3221162450 3296 1783594250.227 1 
3231161450 3297 1783594250.277 1 
3241214744 3298 1783594250.327 1 
3251240896 3299 1783594250.377 1 
3261215762 3300 1783594250.427 1 
3271258928 3301 1783594250.477 1 
3281213368 3302 1783594250.527 1 
3291242032 3303 1783594250.577 1 
3301213974 3304 1783594250.627 1 
3311241289 3305 1783594250.677 1 
3321213267 3306 1783594250.727 1 
3331299513 3307 1783594250.777 1 
3341213879 3308 1783594250.828 1 
3351240731 3309 1783594250.877 1 
3361180183 3310 1783594250.927 1 
3371161786 3311 1783594250.977 1 
3381213576 3312 1783594251.027 1 
3391300824 3313 1783594251.077 1 
3401215089 3314 1783594251.128 1 
3411301153 3315 1783594251.177 1 
3421161981 3316 1783594251.228 1 
3431214886 3317 1783594251.277 1 
3441300433 3318 1783594251.327 1 
3451162104 3319 1783594251.379 1 
3461160216 3320 1783594251.427 1 
3471312224 3321 1783594251.477 1 
3481215200 3322 1783594251.528 1 
3491301512 3323 1783594251.577 1 
3501214942 3324 1783594251.628 1 
3511240013 3325 1783594251.677 1 
3521214854 3326 1783594251.727 1 
3531242646 3327 1783594251.777 1 
3541214555 3328 1783594251.827 1 
3551299844 3329 1783594251.877 1 
3561213717 3330 1783594251.928 1 
3571301075 3331 1783594251.977 1 
3581214394 3332 1783594252.028 1 
3591300742 3333 1783594252.077 1 
3601214407 3334 1783594252.128 1 
3611300192 3335 1783594252.177 1 
3621214979 3336 1783594252.228 1 
3631301380 3337 1783594252.277 1 
3641214546 3338 1783594252.328 1 
3651300220 3339 1783594252.377 1 
3661213609 3340 1783594252.428 1 
3671260099 3341 1783594252.477 1 
3681214011 3342 1783594252.528 1 
3691300395 3343 1783594252.577 1 
3701214671 3344 1783594252.628 1 
3711301077 3345 1783594252.677 1 
3721161363 3346 1783594252.728 1 
3731214809 3347 1783594252.777 1 
3741301622 3348 1783594252.827 1 
3751214628 3349 1783594252.878 1 
3761240770 3350 1783594252.927 1 
3771213506 3351 1783594252.978 1 
3781300796 3352 1783594253.027 1 
3791214564 3353 1783594253.078 1 
3801300205 3354 1783594253.127 1 
3811214075 3355 1783594253.178 1 
3821300127 3356 1783594253.227 1 
3831162444 3357 1783594253.278 1 
3841162407 3358 1783594253.327 1 
3851213676 3359 1783594253.377 1 
3861301156 3360 1783594253.428 1 
3871297512 3361 1783594253.478 1 
3881214846 3362 1783594253.528 1 
3891300570 3363 1783594253.577 1 
3901213253 3364 1783594253.628 1 
3911301074 3365 1783594253.677 1 
3921162126 3366 1783594253.728 1 
3931214873 3367 1783594253.777 1 
3941300641 3368 1783594253.828 1 
3951161525 3369 1783594253.878 1 
3961214077 3370 1783594253.927 1 
3971300459 3371 1783594253.977 1 
3981162627 3372 1783594254.028 1 
3991161831 3373 1783594254.077 1 
4001215277 3374 1783594254.127 1 
4011301133 3375 1783594254.177 1 
4021162206 3376 1783594254.228 1 
4031214919 3377 1783594254.277 1 
4041301032 3378 1783594254.328 1 
4051213597 3379 1783594254.378 1 
4061301297 3380 1783594254.428 1 
4071249580 3381 1783594254.478 1 
4081300475 3382 1783594254.528 1 
4091213535 3383 1783594254.578 1 
4101301741 3384 1783594254.628 1 
4111161543 3385 1783594254.678 1 
4121161468 3386 1783594254.727 1 
4131213548 3387 1783594254.777 1 
4141300289 3388 1783594254.828 1 
4151213443 3389 1783594254.878 1 
4161300151 3390 1783594254.928 1 
4171214841 3391 1783594254.978 1 
4181301135 3392 1783594255.028 1 
4191214353 3393 1783594255.078 1 
4201299632 3394 1783594255.128 1 
4211214102 3395 1783594255.178 1 
4221300945 3396 1783594255.228 1 
4231161680 3397 1783594255.278 1 
4241163689 3398 1783594255.327 1 
4251161896 3399 1783594255.377 1 
4261161802 3400 1783594255.427 1 
4271259139 3401 1783594255.477 1 
4281162382 3402 1783594255.528 1 
4291214598 3403 1783594255.577 1 
6333240 3404 1783594255.628 1 
16194568 3405 1783594255.678 1 
26195608 3406 1783594255.727 1 
36246994 3407 1783594255.777 1 
46333394 3408 1783594255.828 1 
56195316 3409 1783594255.878 1 
66195339 3410 1783594255.927 1 
76246913 3411 1783594255.977 1 
86332040 3412 1783594256.028 1 
96194309 3413 1783594256.078 1 
106194306 3414 1783594256.127 1 
116248154 3415 1783594256.177 1 
126334124 3416 1783594256.228 1 
136194610 3417 1783594256.278 1 
146245853 3418 1783594256.327 1 
156334357 3419 1783594256.378 1 
166246473 3420 1783594256.428 1 
176290863 3421 1783594256.478 1 
186195124 3422 1783594256.528 1 
196247585 3423 1783594256.577 1 
206332380 3424 1783594256.628 1 
216246543 3425 1783594256.678 1 
226332981 3426 1783594256.728 1 
236247260 3427 1783594256.778 1 
246333488 3428 1783594256.828 1 
256195963 3429 1783594256.878 1 
266194373 3430 1783594256.927 1 
276208952 3431 1783594256.977 1 
286246747 3432 1783594257.027 1 
296333458 3433 1783594257.078 1 
306194712 3434 1783594257.129 1 
316193673 3435 1783594257.178 1 
326194477 3436 1783594257.227 1 
336194974 3437 1783594257.277 1 
346247585 3438 1783594257.328 1 
356333244 3439 1783594257.378 1 
366247595 3440 1783594257.428 1 
376291643 3441 1783594257.478 1 
386247714 3442 1783594257.528 1 
396333962 3443 1783594257.578 1 
406247629 3444 1783594257.628 1 
416332456 3445 1783594257.678 1 
426248152 3446 1783594257.728 1 
436333409 3447 1783594257.778 1 
446194458 3448 1783594257.828 1 
456195406 3449 1783594257.877 1 
466193561 3450 1783594257.927 1 
476246671 3451 1783594257.977 1 
486333891 3452 1783594258.028 1 
496194479 3453 1783594258.078 1 
506194684 3454 1783594258.127 1 
516195432 3455 1783594258.178 1 
526194523 3456 1783594258.228 1 
536195457 3457 1783594258.277 1 
546194995 3458 1783594258.327 1 
556195237 3459 1783594258.377 1 
566247589 3460 1783594258.428 1 
576292129 3461 1783594258.478 1 
586194319 3462 1783594258.528 1 
596195847 3463 1783594258.577 1 
606194859 3464 1783594258.627 1 
616246825 3465 1783594258.677 1 
626273191 3466 1783594258.728 1 
636247368 3467 1783594258.778 1 
646333468 3468 1783594258.828 1 
656194095 3469 1783594258.878 1 
666248585 3470 1783594258.927 1 
676274016 3471 1783594258.978 1 
686193434 3472 1783594259.028 1 
696248285 3473 1783594259.077 1 
706333072 3474 1783594259.128 1 
716194732 3475 1783594259.178 1 
726194937 3476 1783594259.227 1 
736195308 3477 1783594259.277 1 
746246457 3478 1783594259.327 1 
756274704 3479 1783594259.378 1 
766196418 3480 1783594259.428 1 
776206581 3481 1783594259.477 1 
786194504 3482 1783594259.527 1 
796194521 3483 1783594259.578 1 
806247632 3484 1783594259.627 1 
816333461 3485 1783594259.678 1 
826194432 3486 1783594259.728 1 
836246600 3487 1783594259.778 1 
846273968 3488 1783594259.828 1 
856246756 3489 1783594259.878 1 
866332985 3490 1783594259.928 1 
876194473 3491 1783594259.978 1 
886248602 3492 1783594260.027 1 
896332871 3493 1783594260.078 1 
906195018 3494 1783594260.128 1 
916194952 3495 1783594260.178 1 
926246463 3496 1783594260.227 1 
936334330 3497 1783594260.278 1 
946246665 3498 1783594260.328 1 
956273272 3499 1783594260.378 1 
966246410 3500 1783594260.428 1 
976290955 3501 1783594260.478 1 
986194505 3502 1783594260.528 1 
996194936 3503 1783594260.578 1 
1006262478 3504 1783594260.627 1 
1016304576 3505 1783594260.678 1 
1026194156 3506 1783594260.728 1 
1036211344 3507 1783594260.778 1 
1046247360 3508 1783594260.828 1 
1056332238 3509 1783594260.878 1 
1066193709 3510 1783594260.928 1 
1076246555 3511 1783594260.978 1 
1086333603 3512 1783594261.028 1 
1096195594 3513 1783594261.078 1 
1106246560 3514 1783594261.128 1 
1116334507 3515 1783594261.178 1 
1126195484 3516 1783594261.228 1 
1136195336 3517 1783594261.278 1 
1146247724 3518 1783594261.328 1 
1156272386 3519 1783594261.379 1 
1166246052 3520 1783594261.428 1 
1176279259 3521 1783594261.478 1 
1186246571 3522 1783594261.528 1 
1196332971 3523 1783594261.578 1 
1206194928 3524 1783594261.628 1 
1216247732 3525 1783594261.678 1 
1226333897 3526 1783594261.728 1 
1236194335 3527 1783594261.778 1 
1246194343 3528 1783594261.828 1 
1256193997 3529 1783594261.878 1 
1266194580 3530 1783594261.928 1 
1276195911 3531 1783594261.978 1 
1286195951 3532 1783594262.028 1 
1296194986 3533 1783594262.078 1 
1306194887 3534 1783594262.128 1 
1316193661 3535 1783594262.178 1 
1326194531 3536 1783594262.228 1 
1336195592 3537 1783594262.278 1 
1346195433 3538 1783594262.328 1 
1356195609 3539 1783594262.378 1 
1366193901 3540 1783594262.428 1 
1376326656 3541 1783594262.478 1 
1386272112 3542 1783594262.528 1 
1396245267 3543 1783594262.578 1 
1406333523 3544 1783594262.628 1 
1416193499 3545 1783594262.678 1 
1426247069 3546 1783594262.728 1 
1436332455 3547 1783594262.778 1 
1446246889 3548 1783594262.828 1 
1456333607 3549 1783594262.878 1 
1466247303 3550 1783594262.928 1 
1476333215 3551 1783594262.978 1 
1486246868 3552 1783594263.028 1 
1496333238 3553 1783594263.078 1 
1506247081 3554 1783594263.128 1 
1516332990 3555 1783594263.178 1 
1526195691 3556 1783594263.228 1 
1536194707 3557 1783594263.278 1 
1546247306 3558 1783594263.328 1 
1556332453 3559 1783594263.378 1 
1566247085 3560 1783594263.428 1 
1576291412 3561 1783594263.478 1 
1586193915 3562 1783594263.528 1 
1596248006 3563 1783594263.578 1 
1606274144 3564 1783594263.628 1 
1616246095 3565 1783594263.678 1 
1626333573 3566 1783594263.728 1 
1636193524 3567 1783594263.778 1 
1646247126 3568 1783594263.828 1 
1656273178 3569 1783594263.878 1 
1666194769 3570 1783594263.928 1 
1676193758 3571 1783594263.978 1 
1686247163 3572 1783594264.028 1 
1696333191 3573 1783594264.078 1 
1706194460 3574 1783594264.128 1 
1716194055 3575 1783594264.178 1 
1726194952 3576 1783594264.228 1 
1736246633 3577 1783594264.278 1 
1746334937 3578 1783594264.328 1 
1756247560 3579 1783594264.378 1 
1766274543 3580 1783594264.428 1 
1776344695 3581 1783594264.478 1 
1786247176 3582 1783594264.529 1 
1796333058 3583 1783594264.578 1 
1806195069 3584 1783594264.628 1 
1816195372 3585 1783594264.678 1 
1826245665 3586 1783594264.728 1 
1836335007 3587 1783594264.778 1 
1846194783 3588 1783594264.828 1 
1856194875 3589 1783594264.878 1 
1866246621 3590 1783594264.928 1 
1876333189 3591 1783594264.978 1 
1886246629 3592 1783594265.028 1 
1896333784 3593 1783594265.078 1 
1906247665 3594 1783594265.129 1 
1916334537 3595 1783594265.178 1 
1926194588 3596 1783594265.228 1 
1936195446 3597 1783594265.278 1 
1946195110 3598 1783594265.328 1 
1956247010 3599 1783594265.378 1 
1966273584 3600 1783594265.428 1 
1976345667 3601 1783594265.478 1 
1986194208 3602 1783594265.529 1 
1996195573 3603 1783594265.578 1 
2006195187 3604 1783594265.628 1 
2016246271 3605 1783594265.678 1 
2026333733 3606 1783594265.728 1 
2036194306 3607 1783594265.778 1 
2046194565 3608 1783594265.828 1 
2056245862 3609 1783594265.878 1 
2066333096 3610 1783594265.928 1 
2076196371 3611 1783594265.979 1 
2086246564 3612 1783594266.028 1 
2096332165 3613 1783594266.078 1 
2106247061 3614 1783594266.129 1 
2116335139 3615 1783594266.178 1 
2126245982 3616 1783594266.228 1 
2136332376 3617 1783594266.278 1 
2146195433 3618 1783594266.328 1 
2156246288 3619 1783594266.379 1 
2166273169 3620 1783594266.428 1 
2176345255 3621 1783594266.478 1 
2186194091 3622 1783594266.529 1 
2196195080 3623 1783594266.578 1 
2206247098 3624 1783594266.628 1 
2216333635 3625 1783594266.678 1 
2226247515 3626 1783594266.728 1 
2236333544 3627 1783594266.778 1 
2246247039 3628 1783594266.828 1 
2256333410 3629 1783594266.878 1 
2266246808 3630 1783594266.929 1 
2276333823 3631 1783594266.979 1 
2286245859 3632 1783594267.029 1 
2296332588 3633 1783594267.078 1 
2306247479 3634 1783594267.129 1 
2316334394 3635 1783594267.178 1 
2326247972 3636 1783594267.229 1 
2336333861 3637 1783594267.278 1 
2346246833 3638 1783594267.328 1 
2356334064 3639 1783594267.378 1 
2366195454 3640 1783594267.428 1 
2376344162 3641 1783594267.478 1 
2386194639 3642 1783594267.529 1 
2396246904 3643 1783594267.578 1 
2406334854 3644 1783594267.628 1 
2416194993 3645 1783594267.679 1 
2426195241 3646 1783594267.728 1 
2436194694 3647 1783594267.778 1 
2446246720 3648 1783594267.828 1 
2456334475 3649 1783594267.878 1 
2466194511 3650 1783594267.929 1 
2476247415 3651 1783594267.978 1 
2486274410 3652 1783594268.028 1 
2496194250 3653 1783594268.078 1 
2506246774 3654 1783594268.128 1 
2516333214 3655 1783594268.178 1 
2526196254 3656 1783594268.229 1 
2536247364 3657 1783594268.278 1 
2546334264 3658 1783594268.328 1 
2556246901 3659 1783594268.379 1 
2566333373 3660 1783594268.428 1 
2576199131 3661 1783594268.479 1 
2586248138 3662 1783594268.528 1 
2596272615 3663 1783594268.578 1 
2606247916 3664 1783594268.628 1 
2616332859 3665 1783594268.678 1 
2626195135 3666 1783594268.729 1 
2636194463 3667 1783594268.778 1 
2646194424 3668 1783594268.828 1 
2656196162 3669 1783594268.878 1 
2666246889 3670 1783594268.928 1 
2676334799 3671 1783594268.978 1 
2686246161 3672 1783594269.029 1 
2696333801 3673 1783594269.078 1 
2706246856 3674 1783594269.129 1 
2716334345 3675 1783594269.178 1 
2726195126 3676 1783594269.229 1 
2736194530 3677 1783594269.278 1 
2746193857 3678 1783594269.328 1 
2756246461 3679 1783594269.378 1 
2766334435 3680 1783594269.428 1 
2776201151 3681 1783594269.479 1 
2786195344 3682 1783594269.528 1 
2796194924 3683 1783594269.578 1 
2806195597 3684 1783594269.628 1 
2816194644 3685 1783594269.678 1 
2826195097 3686 1783594269.728 1 
2836194423 3687 1783594269.778 1 
2846247533 3688 1783594269.828 1 
2856333974 3689 1783594269.878 1 
2866196275 3690 1783594269.929 1 
2876245782 3691 1783594269.978 1 
2886334140 3692 1783594270.028 1 
2896247202 3693 1783594270.079 1 
2906332613 3694 1783594270.128 1 
2916246472 3695 1783594270.179 1 
2926333819 3696 1783594270.228 1 
2936248215 3697 1783594270.279 1 
2946333098 3698 1783594270.328 1 
2956195112 3699 1783594270.379 1 
2966246348 3700 1783594270.428 1 
2976290744 3701 1783594270.478 1 
2986245466 3702 1783594270.529 1 
2996273875 3703 1783594270.578 1 
3006247180 3704 1783594270.628 1 
3016332931 3705 1783594270.678 1 
3026248103 3706 1783594270.729 1 
3036332763 3707 1783594270.778 1 
3046195300 3708 1783594270.829 1 
3056246310 3709 1783594270.878 1 
3066333306 3710 1783594270.928 1 
3076195676 3711 1783594270.979 1 
3086194693 3712 1783594271.028 1 
3096247421 3713 1783594271.078 1 
3106333394 3714 1783594271.128 1 
3116245758 3715 1783594271.179 1 
3126332348 3716 1783594271.228 1 
3136247327 3717 1783594271.279 1 
3146334284 3718 1783594271.328 1 
3156247175 3719 1783594271.379 1 
3166332486 3720 1783594271.428 1 
3176267580 3721 1783594271.479 1 
3186247374 3722 1783594271.528 1 
3196334569 3723 1783594271.578 1 
3206247861 3724 1783594271.629 1 
3216333584 3725 1783594271.678 1 
3226194708 3726 1783594271.729 1 
3236246133 3727 1783594271.778 1 
3246333825 3728 1783594271.828 1 
3256246279 3729 1783594271.879 1 
3266273463 3730 1783594271.928 1 
3276246135 3731 1783594271.979 1 
3286273091 3732 1783594272.028 1 
3296194634 3733 1783594272.079 1 
3306246819 3734 1783594272.128 1 
3316334474 3735 1783594272.178 1 
3326194563 3736 1783594272.229 1 
3336247163 3737 1783594272.278 1 
3346332802 3738 1783594272.328 1 
3356246620 3739 1783594272.379 1 
3366333202 3740 1783594272.428 1 
3376291099 3741 1783594272.479 1 
3386247218 3742 1783594272.529 1 
3396333082 3743 1783594272.578 1 
3406248173 3744 1783594272.629 1 
3416333434 3745 1783594272.678 1 
3426194201 3746 1783594272.729 1 
3436196094 3747 1783594272.778 1 
3446246646 3748 1783594272.828 1 
3456274095 3749 1783594272.879 1 
3466246392 3750 1783594272.929 1 
3476273954 3751 1783594272.979 1 
3486246873 3752 1783594273.029 1 
3496334017 3753 1783594273.078 1 
3506194709 3754 1783594273.129 1 
3516195324 3755 1783594273.178 1 
3526195521 3756 1783594273.228 1 
3536195709 3757 1783594273.278 1 
3546194954 3758 1783594273.328 1 
3556195385 3759 1783594273.378 1 
3566247497 3760 1783594273.428 1 
3576291824 3761 1783594273.478 1 
3586195732 3762 1783594273.529 1 
3596194260 3763 1783594273.578 1 
3606248141 3764 1783594273.628 1 
3616333907 3765 1783594273.678 1 
3626247836 3766 1783594273.729 1 
3636273860 3767 1783594273.778 1 
3646247504 3768 1783594273.829 1 
3656273082 3769 1783594273.879 1 
3666247344 3770 1783594273.929 1 
3676333250 3771 1783594273.979 1 
3686247286 3772 1783594274.029 1 
3696334299 3773 1783594274.079 1 
3706248605 3774 1783594274.129 1 
3716333601 3775 1783594274.178 1 
3726248236 3776 1783594274.229 1 
3736274558 3777 1783594274.278 1 
3746246340 3778 1783594274.329 1 
3756273613 3779 1783594274.378 1 
3766246128 3780 1783594274.429 1 
3776278800 3781 1783594274.479 1 
3786247335 3782 1783594274.529 1 
3796274616 3783 1783594274.579 1 
3806193744 3784 1783594274.629 1 
3816248294 3785 1783594274.678 1 
3826333782 3786 1783594274.728 1 
3836194150 3787 1783594274.779 1 
3846195020 3788 1783594274.828 1 
3856193959 3789 1783594274.878 1 
3866194903 3790 1783594274.928 1 
3876195299 3791 1783594274.978 1 
3886194960 3792 1783594275.028 1 
3896246718 3793 1783594275.078 1 
3906334690 3794 1783594275.129 1 
3916246996 3795 1783594275.179 1 
3926333826 3796 1783594275.229 1 
3936195877 3797 1783594275.279 1 
3946247217 3798 1783594275.328 1 
3956274393 3799 1783594275.379 1 
3966194724 3800 1783594275.429 1 
3976345967 3801 1783594275.478 1 
3986194565 3802 1783594275.529 1 
3996248896 3803 1783594275.578 1 
4006273600 3804 1783594275.628 1 
4016245991 3805 1783594275.679 1 
4026333298 3806 1783594275.728 1 
4036247354 3807 1783594275.779 1 
4046332908 3808 1783594275.828 1 
4056194933 3809 1783594275.879 1 
4066247134 3810 1783594275.928 1 
4076332996 3811 1783594275.979 1 
4086195115 3812 1783594276.029 1 
4096246880 3813 1783594276.078 1 
4106334412 3814 1783594276.129 1 
4116246847 3815 1783594276.179 1 
4126333151 3816 1783594276.229 1 
4136247391 3817 1783594276.279 1 
4146334205 3818 1783594276.329 1 
4156244999 3819 1783594276.380 1 
4166272056 3820 1783594276.429 1 
4176292375 3821 1783594276.479 1 
4186194654 3822 1783594276.529 1 
4196247019 3823 1783594276.578 1 
4206332668 3824 1783594276.629 1 
4216246154 3825 1783594276.679 1 
4226333280 3826 1783594276.729 1 
4236245591 3827 1783594276.779 1 
4246333061 3828 1783594276.829 1 
4256247044 3829 1783594276.879 1 
4266333028 3830 1783594276.929 1 
4276247628 3831 1783594276.979 1 
4286334069 3832 1783594277.029 1 
1227310 3833 1783594277.079 1 
11227984 3834 1783594277.128 1 
21279540 3835 1783594277.178 1 
31365460 3836 1783594277.229 1 
41227728 3837 1783594277.279 1 
51227114 3838 1783594277.328 1 
61279311 3839 1783594277.378 1 
71384354 3840 1783594277.429 1 
81299141 3841 1783594277.479 1 
91279390 3842 1783594277.529 1 
101306762 3843 1783594277.579 1 
111227180 3844 1783594277.629 1 
121228208 3845 1783594277.678 1 
131228345 3846 1783594277.728 1 
141279877 3847 1783594277.778 1 
151366526 3848 1783594277.829 1 
161227759 3849 1783594277.879 1 
171227910 3850 1783594277.928 1 
181226032 3851 1783594277.978 1 
191228602 3852 1783594278.028 1 
201227574 3853 1783594278.079 1 
211278302 3854 1783594278.128 1 
221366156 3855 1783594278.179 1 
231280166 3856 1783594278.229 1 
241366810 3857 1783594278.279 1 
251227214 3858 1783594278.329 1 
261279144 3859 1783594278.378 1 
271365582 3860 1783594278.429 1 
281240259 3861 1783594278.479 1 
291280459 3862 1783594278.528 1 
301366176 3863 1783594278.579 1 
311279854 3864 1783594278.629 1 
321365932 3865 1783594278.679 1 
331228121 3866 1783594278.729 1 
341225690 3867 1783594278.779 1 
351278823 3868 1783594278.828 1 
361307938 3869 1783594278.879 1 
371227059 3870 1783594278.929 1 
381278923 3871 1783594278.979 1 
391366967 3872 1783594279.029 1 
401279457 3873 1783594279.079 1 
411366245 3874 1783594279.129 1 
421227594 3875 1783594279.179 1 
431280951 3876 1783594279.228 1 
441367260 3877 1783594279.279 1 
451280743 3878 1783594279.329 1 
461365546 3879 1783594279.379 1 
471280802 3880 1783594279.429 1 
481323800 3881 1783594279.479 1 
491278514 3882 1783594279.529 1 
501367103 3883 1783594279.579 1 
511281191 3884 1783594279.629 1 
521366325 3885 1783594279.679 1 
531227425 3886 1783594279.729 1 
541226448 3887 1783594279.779 1 
551280588 3888 1783594279.829 1 
561366141 3889 1783594279.879 1 
571226864 3890 1783594279.929 1 
581227141 3891 1783594279.979 1 
591226784 3892 1783594280.029 1 
601229292 3893 1783594280.079 1 
611227733 3894 1783594280.129 1 
621227047 3895 1783594280.179 1 
631227239 3896 1783594280.229 1 
641280391 3897 1783594280.279 1 
651365741 3898 1783594280.329 1 
661227312 3899 1783594280.379 1 
671227817 3900 1783594280.429 1 
681231514 3901 1783594280.479 1 
691227522 3902 1783594280.529 1 
701279729 3903 1783594280.579 1 
711365493 3904 1783594280.629 1 
721280358 3905 1783594280.679 1 
731306844 3906 1783594280.729 1 
741228124 3907 1783594280.779 1 
751280091 3908 1783594280.829 1 
761366696 3909 1783594280.879 1 
771280301 3910 1783594280.929 1 
781367073 3911 1783594280.979 1 
791279162 3912 1783594281.029 1 
801365789 3913 1783594281.079 1 
811226944 3914 1783594281.129 1 
821245758 3915 1783594281.179 1 
831279553 3916 1783594281.229 1 
841366663 3917 1783594281.279 1 
851228176 3918 1783594281.329 1 
861228615 3919 1783594281.380 1 
871228199 3920 1783594281.429 1 
881377265 3921 1783594281.479 1 
891279684 3922 1783594281.529 1 
901366750 3923 1783594281.579 1 
911280229 3924 1783594281.629 1 
921307261 3925 1783594281.679 1 
931279690 3926 1783594281.729 1 
941366830 3927 1783594281.779 1 
951279435 3928 1783594281.829 1 
961366004 3929 1783594281.879 1 
971226297 3930 1783594281.929 1 
981227450 3931 1783594281.979 1 
991226758 3932 1783594282.029 1 
1001226244 3933 1783594282.079 1 
1011281113 3934 1783594282.129 1 
1021366321 3935 1783594282.179 1 
1031226757 3936 1783594282.229 1 
1041279811 3937 1783594282.279 1 
1051330644 3938 1783594282.329 1 
1061364813 3939 1783594282.379 1 
1071227633 3940 1783594282.429 1 
1081412241 3941 1783594282.479 1 
1091306741 3942 1783594282.530 1 
1101243263 3943 1783594282.579 1 
1111278902 3944 1783594282.629 1 
1121366064 3945 1783594282.679 1 
1131279290 3946 1783594282.729 1 
1141365630 3947 1783594282.779 1 
1151227138 3948 1783594282.829 1 
1161280095 3949 1783594282.879 1 
1171305967 3950 1783594282.929 1 
1181242681 3951 1783594282.979 1 
1191227999 3952 1783594283.029 1 
1201228309 3953 1783594283.079 1 
1211280160 3954 1783594283.129 1 
1221366643 3955 1783594283.179 1 
1231279235 3956 1783594283.229 1 
1241367162 3957 1783594283.279 1 
1251228594 3958 1783594283.331 1 
1261227091 3959 1783594283.378 1 
1271280459 3960 1783594283.428 1 
1281322751 3961 1783594283.479 1 
1291228137 3962 1783594283.529 1 
1301227797 3963 1783594283.579 1 
1311281170 3964 1783594283.629 1 
1321307033 3965 1783594283.679 1 
1331279882 3966 1783594283.729 1 
1341367516 3967 1783594283.779 1 
1351226270 3968 1783594283.829 1 
1361279602 3969 1783594283.879 1 
1371306401 3970 1783594283.929 1 
1381227465 3971 1783594283.979 1 
1391229997 3972 1783594284.029 1 
1401228762 3973 1783594284.079 1 
1411228115 3974 1783594284.129 1 
1421227029 3975 1783594284.179 1 
1431279124 3976 1783594284.229 1 
1441367023 3977 1783594284.279 1 
1451280022 3978 1783594284.329 1 
1461366528 3979 1783594284.379 1 
1471227537 3980 1783594284.429 1 
1481232537 3981 1783594284.479 1 
1491227808 3982 1783594284.529 1 
1501297071 3983 1783594284.579 1 
1511366558 3984 1783594284.629 1 
1521227147 3985 1783594284.680 1 
1531278775 3986 1783594284.729 1 
1541306760 3987 1783594284.779 1 
1551279333 3988 1783594284.829 1 
1561367534 3989 1783594284.879 1 
1571280226 3990 1783594284.929 1 
1581366841 3991 1783594284.979 1 
1591279598 3992 1783594285.029 1 
1601307730 3993 1783594285.079 1 
1611226932 3994 1783594285.129 1 
1621227521 3995 1783594285.179 1 
1631279804 3996 1783594285.229 1 
1641366428 3997 1783594285.279 1 
1651280011 3998 1783594285.329 1 
1661307298 3999 1783594285.379 1 
1671278743 4000 1783594285.429 1 
1681324207 4001 1783594285.479 1 
1691279416 4002 1783594285.529 1 
1701366757 4003 1783594285.579 1 
1711279589 4004 1783594285.629 1 
1721364822 4005 1783594285.679 1 
1731227189 4006 1783594285.729 1 
1741281050 4007 1783594285.779 1 
1751306264 4008 1783594285.829 1 
1761279914 4009 1783594285.879 1 
1771364560 4010 1783594285.929 1 
1781226075 4011 1783594285.980 1 
1791227823 4012 1783594286.029 1 
1801227553 4013 1783594286.079 1 
1811227838 4014 1783594286.129 1 
1821228105 4015 1783594286.179 1 
1831278600 4016 1783594286.229 1 
1841366897 4017 1783594286.279 1 
1851225508 4018 1783594286.329 1 
1861280074 4019 1783594286.380 1 
1871366455 4020 1783594286.429 1 
1881233197 4021 1783594286.480 1 
1891278734 4022 1783594286.529 1 
1901366001 4023 1783594286.579 1 
1911280019 4024 1783594286.629 1 
1921366906 4025 1783594286.679 1 
1931279569 4026 1783594286.729 1 
1941365891 4027 1783594286.779 1 
1951226463 4028 1783594286.829 1 
1961280142 4029 1783594286.879 1 
1971365762 4030 1783594286.929 1 
1981279483 4031 1783594286.980 1 
1991366596 4032 1783594287.029 1 
2001279997 4033 1783594287.080 1 
2011365702 4034 1783594287.129 1 
2021279147 4035 1783594287.180 1 
2031366352 4036 1783594287.229 1 
2041280066 4037 1783594287.280 1 
2051367473 4038 1783594287.329 1 
2061279409 4039 1783594287.380 1 
2071306497 4040 1783594287.429 1 
2081377887 4041 1783594287.479 1 
2091279082 4042 1783594287.530 1 
2101365340 4043 1783594287.579 1 
2111280774 4044 1783594287.630 1 
2121366153 4045 1783594287.679 1 
2131227254 4046 1783594287.730 1 
2141226763 4047 1783594287.779 1 
2151279924 4048 1783594287.829 1 
2161366713 4049 1783594287.879 1 
2171279121 4050 1783594287.930 1 
2181366938 4051 1783594287.979 1 
2191280115 4052 1783594288.030 1 
2201307241 4053 1783594288.079 1 
2211279753 4054 1783594288.129 1 
2221306714 4055 1783594288.179 1 
2231279736 4056 1783594288.229 1 
2241365998 4057 1783594288.279 1 
2251279810 4058 1783594288.330 1 
2261366242 4059 1783594288.379 1 
2271281345 4060 1783594288.430 1 
2281312781 4061 1783594288.479 1 
2291227712 4062 1783594288.529 1 
2301227715 4063 1783594288.579 1 
2311226982 4064 1783594288.629 1 
2321278437 4065 1783594288.679 1 
2331366970 4066 1783594288.729 1 
2341279716 4067 1783594288.780 1 
2351365992 4068 1783594288.829 1 
2361279944 4069 1783594288.880 1 
2371365660 4070 1783594288.929 1 
2381248598 4071 1783594288.980 1 -2.991 11.583 0.000 23.561 71 423 
2391228368 4072 1783594289.030 1 
2401279746 4073 1783594289.079 1 
2411366578 4074 1783594289.129 1 
2421228068 4075 1783594289.180 1 
2431227861 4076 1783594289.229 1 
2441228256 4077 1783594289.279 1 
2451227924 4078 1783594289.329 1 
2461279771 4079 1783594289.379 1 
2471366724 4080 1783594289.429 1 
2481377560 4081 1783594289.480 1 
2491280386 4082 1783594289.530 1 
2501365697 4083 1783594289.579 1 
2511279783 4084 1783594289.630 1 
2521367533 4085 1783594289.679 1 
2531280330 4086 1783594289.730 1 
2541307311 4087 1783594289.779 1 
2551278942 4088 1783594289.829 1 
2561305297 4089 1783594289.879 1 
2571228401 4090 1783594289.929 1 
2581225993 4091 1783594289.979 1 
2591279865 4092 1783594290.029 1 
2601365707 4093 1783594290.079 1 
2611225872 4094 1783594290.130 1 
2621280118 4095 1783594290.179 1 
2631366474 4096 1783594290.229 1 
2641280024 4097 1783594290.280 1 
2651365561 4098 1783594290.329 1 
2661280173 4099 1783594290.380 1 
2671365963 4100 1783594290.429 1 
2681233541 4101 1783594290.480 1 
2691227898 4102 1783594290.529 1 
2701227129 4103 1783594290.579 1 
2711227599 4104 1783594290.629 1 
2721279123 4105 1783594290.679 1 
2731365439 4106 1783594290.729 1 
2741280701 4107 1783594290.780 1 
2751364720 4108 1783594290.829 1 
2761279685 4109 1783594290.880 1 
2771367105 4110 1783594290.929 1 
2781280056 4111 1783594290.980 1 
2791305581 4112 1783594291.029 1 
2801279603 4113 1783594291.080 1 
2811366819 4114 1783594291.129 1 
2821279328 4115 1783594291.180 1 
2831306297 4116 1783594291.229 1 
2841279190 4117 1783594291.279 1 
2851367093 4118 1783594291.329 1 
2861278862 4119 1783594291.381 1 
2871365539 4120 1783594291.429 1 
2881325157 4121 1783594291.480 1 
2891280117 4122 1783594291.530 1 
2901366189 4123 1783594291.579 1 
2911279923 4124 1783594291.630 1 
2921306588 4125 1783594291.679 1 
2931279504 4126 1783594291.729 1 
2941365518 4127 1783594291.779 1 
2951279850 4128 1783594291.830 1 
2961365440 4129 1783594291.879 1 
2971278602 4130 1783594291.930 1 
2981384104 4131 1783594291.979 1 
2991280068 4132 1783594292.030 1 
3001366332 4133 1783594292.079 1 
3011279644 4134 1783594292.130 1 
3021366744 4135 1783594292.179 1 
3031279838 4136 1783594292.230 1 
3041366275 4137 1783594292.279 1 
3051280585 4138 1783594292.330 1 
3061365501 4139 1783594292.380 1 
3071227433 4140 1783594292.430 1 
3081231646 4141 1783594292.479 1 
3091227097 4142 1783594292.529 1 
3101279330 4143 1783594292.579 1 
3111368000 4144 1783594292.630 1 
3121279763 4145 1783594292.680 1 
3131365043 4146 1783594292.729 1 
3141227266 4147 1783594292.780 1 
3151228483 4148 1783594292.829 1 
3161228624 4149 1783594292.879 1 
3171228048 4150 1783594292.929 1 
3181280470 4151 1783594292.979 1 
3191366196 4152 1783594293.029 1 
3201280005 4153 1783594293.080 1 
3211366935 4154 1783594293.129 1 
3221279260 4155 1783594293.180 1 
3231366305 4156 1783594293.229 1 
3241228707 4157 1783594293.280 1 
3251280248 4158 1783594293.329 1 
3261364970 4159 1783594293.380 1 
3271280936 4160 1783594293.430 1 
3281325058 4161 1783594293.480 1 
3291227895 4162 1783594293.530 1 
3301280240 4163 1783594293.579 1 
3311367363 4164 1783594293.629 1 
3321280004 4165 1783594293.680 1 
3331366987 4166 1783594293.729 1 
3341279229 4167 1783594293.780 1 
3351366226 4168 1783594293.829 1 
3361280537 4169 1783594293.880 1 
3371366812 4170 1783594293.929 1 
3381228166 4171 1783594293.980 1 
3391281010 4172 1783594294.029 1 
3401366183 4173 1783594294.080 1 
3411279614 4174 1783594294.130 1 
3421365663 4175 1783594294.180 1 
3431226928 4176 1783594294.230 1 
3441227465 4177 1783594294.279 1 
3451280240 4178 1783594294.329 1 
3461365362 4179 1783594294.380 1 
3471278463 4180 1783594294.430 1 
3481325018 4181 1783594294.480 1 
3491227862 4182 1783594294.530 1 
3501278984 4183 1783594294.579 1 
3511365343 4184 1783594294.629 1 
3521280416 4185 1783594294.680 1 
3531365960 4186 1783594294.729 1 
3541279237 4187 1783594294.780 1 
3551366447 4188 1783594294.829 1 
3561227110 4189 1783594294.880 1 
3571280424 4190 1783594294.929 1 
3581366240 4191 1783594294.980 1 
3591227692 4192 1783594295.030 1 
3601227567 4193 1783594295.079 1 
3611280643 4194 1783594295.129 1 
3621366963 4195 1783594295.180 1 
3631279966 4196 1783594295.230 1 
3641366367 4197 1783594295.280 1 
3651226504 4198 1783594295.330 1 
3661227974 4199 1783594295.379 1 
3671226106 4200 1783594295.429 1 
3681239868 4201 1783594295.479 1 
3691280055 4202 1783594295.529 1 
3701364476 4203 1783594295.580 1 
3711226849 4204 1783594295.630 1 
3721280338 4205 1783594295.679 1 
3731366922 4206 1783594295.729 1 
3741280236 4207 1783594295.780 1 
3751365487 4208 1783594295.829 1 
3761280527 4209 1783594295.880 1 
3771364616 4210 1783594295.930 1 
3781227476 4211 1783594295.980 1 
3791279960 4212 1783594296.029 1 
3801366224 4213 1783594296.080 1 
3811279377 4214 1783594296.130 1 
3821366411 4215 1783594296.180 1 
3831280157 4216 1783594296.230 1 
3841367145 4217 1783594296.280 1 
3851280503 4218 1783594296.330 1 
3861366772 4219 1783594296.380 1 
3871227519 4220 1783594296.430 1 
3881232714 4221 1783594296.479 1 
3891280377 4222 1783594296.529 1 
3901366212 4223 1783594296.580 1 
3911280542 4224 1783594296.630 1 
3921365449 4225 1783594296.680 1 
3931280160 4226 1783594296.730 1 
3941364601 4227 1783594296.780 1 
3951278629 4228 1783594296.830 1 
3961365165 4229 1783594296.880 1 
3971280527 4230 1783594296.930 1 
3981366533 4231 1783594296.980 1 
3991279777 4232 1783594297.030 1 
4001367036 4233 1783594297.080 1 
4011280199 4234 1783594297.130 1 
4021306912 4235 1783594297.180 1 
4031228045 4236 1783594297.230 1 
4041279870 4237 1783594297.279 1 
4051366552 4238 1783594297.330 1 
4061279779 4239 1783594297.380 1 
4071306492 4240 1783594297.430 1 
4081362652 4241 1783594297.480 1 
4091279270 4242 1783594297.530 1 
4101367464 4243 1783594297.580 1 
4111280189 4244 1783594297.630 1 
4121365112 4245 1783594297.680 1 
4131228080 4246 1783594297.730 1 
4141226590 4247 1783594297.779 1 
4151280231 4248 1783594297.829 1 
4161366276 4249 1783594297.880 1 
4171278985 4250 1783594297.930 1 
4181365479 4251 1783594297.980 1 
4191278826 4252 1783594298.030 1 
4201367326 4253 1783594298.080 1 
4211227934 4254 1783594298.130 1 
4221280152 4255 1783594298.179 1 
4231365150 4256 1783594298.230 1 
4241280316 4257 1783594298.280 1 
4251366281 4258 1783594298.330 1 
4261227741 4259 1783594298.380 1 
4271228169 4260 1783594298.430 1 
4281377176 4261 1783594298.480 1 
4291226698 4262 1783594298.530 1 
6312519 4263 1783594298.579 1 
16398281 4264 1783594298.630 1 
26312627 4265 1783594298.680 1 
36398835 4266 1783594298.730 1 
46312180 4267 1783594298.780 1 
56398900 4268 1783594298.830 1 
66259866 4269 1783594298.880 1 
76312650 4270 1783594298.929 1 
86398863 4271 1783594298.980 1 
96312010 4272 1783594299.030 1 
106398629 4273 1783594299.080 1 
116312834 4274 1783594299.130 1 
126397734 4275 1783594299.180 1 
136313830 4276 1783594299.230 1 
146339437 4277 1783594299.280 1 
156313345 4278 1783594299.330 1 
166399711 4279 1783594299.380 1 
176311734 4280 1783594299.430 1 
186357376 4281 1783594299.480 1 
196260359 4282 1783594299.530 1 
206261365 4283 1783594299.579 1 
216314133 4284 1783594299.630 1 
226339324 4285 1783594299.680 1 
236313016 4286 1783594299.730 1 
246399794 4287 1783594299.780 1 
256313007 4288 1783594299.830 1 
266399724 4289 1783594299.880 1 
276312246 4290 1783594299.930 1 
286399480 4291 1783594299.980 1 
296311921 4292 1783594300.030 1 
306400087 4293 1783594300.080 1 
316311435 4294 1783594300.130 1 
326338899 4295 1783594300.180 1 
336310941 4296 1783594300.230 1 
346398422 4297 1783594300.280 1 
356260569 4298 1783594300.330 1 
366260956 4299 1783594300.380 1 
376312568 4300 1783594300.430 1 
386356154 4301 1783594300.480 1 
396312840 4302 1783594300.530 1 
406399591 4303 1783594300.580 1 
416312981 4304 1783594300.630 1 
426399185 4305 1783594300.680 1 
436312659 4306 1783594300.730 1 
446399454 4307 1783594300.780 1 
456313479 4308 1783594300.830 1 
466399404 4309 1783594300.880 1 
476312268 4310 1783594300.930 1 
486363201 4311 1783594300.980 1 
496339085 4312 1783594301.030 1 
506260998 4313 1783594301.080 1 
516312549 4314 1783594301.130 1 
526399676 4315 1783594301.180 1 
536313426 4316 1783594301.230 1 
546398743 4317 1783594301.280 1 
556259708 4318 1783594301.330 1 
566260647 4319 1783594301.380 1 
576311631 4320 1783594301.430 1 
586356940 4321 1783594301.480 1 
596260430 4322 1783594301.530 1 
606312386 4323 1783594301.580 1 
616398211 4324 1783594301.630 1 
626260388 4325 1783594301.680 1 
636259974 4326 1783594301.730 1 
646261114 4327 1783594301.780 1 
656313306 4328 1783594301.830 1 
666399778 4329 1783594301.880 1 
676259220 4330 1783594301.930 1 
686312328 4331 1783594301.980 1 
696398941 4332 1783594302.030 1 
706312192 4333 1783594302.080 1 
716400259 4334 1783594302.130 1 
726311472 4335 1783594302.180 1 
736398901 4336 1783594302.230 1 
746311901 4337 1783594302.280 1 
756399286 4338 1783594302.330 1 
766311849 4339 1783594302.380 1 
776338560 4340 1783594302.430 1 
786396839 4341 1783594302.480 1 
796312335 4342 1783594302.530 1 
806398204 4343 1783594302.580 1 
816312435 4344 1783594302.630 1 
826399054 4345 1783594302.680 1 
836313151 4346 1783594302.730 1 
846399061 4347 1783594302.780 1 
856260425 4348 1783594302.830 1 
866312851 4349 1783594302.880 1 
876339566 4350 1783594302.930 1 
886311960 4351 1783594302.980 1 
896338959 4352 1783594303.030 1 
906312562 4353 1783594303.080 1 
916398177 4354 1783594303.130 1 
926312980 4355 1783594303.180 1 
936339093 4356 1783594303.230 1 
946259331 4357 1783594303.280 1 
956260063 4358 1783594303.330 1 
966311240 4359 1783594303.380 1 
976399163 4360 1783594303.430 1 
986391787 4361 1783594303.480 1 
996400178 4362 1783594303.530 1 
1006260109 4363 1783594303.580 1 
1016260345 4364 1783594303.630 1 
1026312877 4365 1783594303.680 1 
1036398806 4366 1783594303.730 1 
1046259639 4367 1783594303.780 1 
1056312395 4368 1783594303.830 1 
1066398297 4369 1783594303.880 1 
1076312553 4370 1783594303.930 1 
1086398799 4371 1783594303.980 1 
1096261640 4372 1783594304.030 1 
1106313053 4373 1783594304.080 1 
1116338497 4374 1783594304.130 1 
1126313729 4375 1783594304.180 1 
1136397404 4376 1783594304.230 1 
1146312992 4377 1783594304.280 1 
1156398980 4378 1783594304.330 1 
1166259022 4379 1783594304.380 1 
1176312024 4380 1783594304.430 1 
1186358145 4381 1783594304.480 1 
1196260218 4382 1783594304.530 1 
1206312905 4383 1783594304.580 1 
1216399078 4384 1783594304.630 1 
1226312162 4385 1783594304.680 1 
1236398851 4386 1783594304.730 1 
1246312376 4387 1783594304.780 1 
1256398058 4388 1783594304.830 1 
1266313807 4389 1783594304.881 1 
1276338155 4390 1783594304.930 1 
1286312499 4391 1783594304.980 1 
1296399568 4392 1783594305.030 1 
1306259689 4393 1783594305.080 1 
1316312682 4394 1783594305.130 1 
1326397851 4395 1783594305.180 1 
1336312950 4396 1783594305.231 1 
1346339223 4397 1783594305.280 1 
1356312979 4398 1783594305.330 1 
1366338534 4399 1783594305.380 1 
1376260227 4400 1783594305.430 1 
1386396190 4401 1783594305.480 1 
1396311564 4402 1783594305.531 1 
1406399674 4403 1783594305.580 1 
1416312498 4404 1783594305.631 1 
1426339319 4405 1783594305.680 1 
1436259086 4406 1783594305.730 1 
1446311705 4407 1783594305.780 1 
1456399918 4408 1783594305.830 1 
1466311435 4409 1783594305.881 1 
1476400284 4410 1783594305.930 1 
1486313320 4411 1783594305.980 1 
1496398926 4412 1783594306.030 1 
1506261597 4413 1783594306.081 1 
1516312863 4414 1783594306.130 1 
1526400519 4415 1783594306.180 1 
1536311522 4416 1783594306.231 1 
1546399058 4417 1783594306.280 1 
1556312294 4418 1783594306.331 1 
1566399169 4419 1783594306.380 1 
1576311831 4420 1783594306.432 1 
1586358055 4421 1783594306.480 1 
1596259762 4422 1783594306.530 1 
1606312184 4423 1783594306.580 1 
1616399351 4424 1783594306.630 1 
1626260562 4425 1783594306.681 1 
1636260767 4426 1783594306.730 1 
1646312198 4427 1783594306.780 1 
1656399318 4428 1783594306.830 1 
1666259852 4429 1783594306.881 1 
1676312755 4430 1783594306.930 1 
1686399575 4431 1783594306.980 1 
1696328525 4432 1783594307.031 1 
1706338231 4433 1783594307.080 1 
1716311564 4434 1783594307.130 1 
1726338345 4435 1783594307.180 1 
1736259896 4436 1783594307.230 1 
1746260126 4437 1783594307.280 1 
1756312563 4438 1783594307.330 1 
1766399249 4439 1783594307.380 1 
1776312137 4440 1783594307.431 1 
1786356708 4441 1783594307.480 1 
1796260283 4442 1783594307.530 1 
1806312875 4443 1783594307.580 1 
1816398154 4444 1783594307.630 1 
1826312144 4445 1783594307.681 1 
1836399745 4446 1783594307.730 1 
1846312893 4447 1783594307.781 1 
1856399667 4448 1783594307.830 1 
1866312578 4449 1783594307.881 1 
1876398364 4450 1783594307.930 1 
1886260799 4451 1783594307.981 1 
1896261274 4452 1783594308.030 1 
1906260797 4453 1783594308.080 1 
1916312305 4454 1783594308.130 1 
1926398302 4455 1783594308.180 1 
1936312268 4456 1783594308.231 1 
1946339481 4457 1783594308.280 1 
1956313026 4458 1783594308.330 1 
1966398951 4459 1783594308.380 1 
1976313044 4460 1783594308.431 1 
1986357391 4461 1783594308.480 1 
1996311244 4462 1783594308.531 1 
2006339419 4463 1783594308.580 1 
2016260083 4464 1783594308.630 1 
2026313081 4465 1783594308.680 1 
2036398556 4466 1783594308.730 1 
2046312525 4467 1783594308.781 1 
2056339897 4468 1783594308.830 1 
2066260076 4469 1783594308.880 1 
2076314002 4470 1783594308.930 1 
2086398558 4471 1783594308.980 1 
2096313400 4472 1783594309.031 1 
2106397797 4473 1783594309.080 1 
2116312509 4474 1783594309.131 1 
2126398489 4475 1783594309.180 1 
2136311750 4476 1783594309.231 1 
2146399200 4477 1783594309.280 1 
2156326929 4478 1783594309.331 1 
2166398702 4479 1783594309.380 1 
2176258980 4480 1783594309.431 1 
2186265408 4481 1783594309.480 1 
2196311914 4482 1783594309.530 1 
2206399081 4483 1783594309.580 1 
2216259963 4484 1783594309.631 1 
2226310605 4485 1783594309.680 1 
2236398581 4486 1783594309.730 1 
2246259031 4487 1783594309.781 1 
2256313497 4488 1783594309.830 1 
2266339238 4489 1783594309.880 1 
2276313311 4490 1783594309.930 1 
2286397991 4491 1783594309.980 1 
2296312737 4492 1783594310.031 1 
2306399011 4493 1783594310.080 1 
2316312639 4494 1783594310.131 1 
2326398867 4495 1783594310.180 1 
2336312564 4496 1783594310.231 1 
2346399302 4497 1783594310.280 1 
2356312271 4498 1783594310.331 1 
2366338393 4499 1783594310.380 1 
2376311397 4500 1783594310.430 1 
2386357745 4501 1783594310.480 1 
2396312746 4502 1783594310.531 1 
2406398396 4503 1783594310.580 1 
2416260597 4504 1783594310.631 1 
2426259599 4505 1783594310.680 1 
2436312270 4506 1783594310.730 1 
2446337668 4507 1783594310.780 1 
2456313728 4508 1783594310.830 1 
2466338057 4509 1783594310.880 1 
2476259480 4510 1783594310.930 1 
2486260798 4511 1783594310.980 1 
2496311999 4512 1783594311.030 1 
2506337907 4513 1783594311.080 1 
2516258695 4514 1783594311.130 1 
2526259471 4515 1783594311.180 1 
2536312741 4516 1783594311.230 1 
2546338245 4517 1783594311.280 1 
2556260725 4518 1783594311.330 1 
2566313269 4519 1783594311.380 1 
2576398463 4520 1783594311.432 1 
2586273728 4521 1783594311.481 1 
2596260782 4522 1783594311.530 1 
2606260237 4523 1783594311.580 1 
2616312636 4524 1783594311.630 1 
2626398581 4525 1783594311.680 1 
2636259631 4526 1783594311.731 1 
2646259335 4527 1783594311.780 1 
2656311603 4528 1783594311.830 1 
2666398502 4529 1783594311.880 1 
2676259838 4530 1783594311.931 1 
2686259392 4531 1783594311.980 1 
2696312772 4532 1783594312.030 1 
2706399544 4533 1783594312.080 1 
2716259955 4534 1783594312.131 1 
2726313040 4535 1783594312.180 1 
2736398523 4536 1783594312.230 1 
2746312504 4537 1783594312.281 1 
2756399450 4538 1783594312.330 1 
2766261359 4539 1783594312.381 1 
2776260640 4540 1783594312.430 1 
2786332120 4541 1783594312.480 1 
2796260356 4542 1783594312.531 1 
2806312400 4543 1783594312.580 1 
2816398578 4544 1783594312.630 1 
2826312051 4545 1783594312.681 1 
2836399079 4546 1783594312.730 1 
2846312261 4547 1783594312.781 1 
2856397715 4548 1783594312.830 1 
2866312625 4549 1783594312.881 1 
2876398131 4550 1783594312.930 1 
2886312654 4551 1783594312.981 1 
2896399495 4552 1783594313.030 1 
2906260907 4553 1783594313.081 1 
2916259261 4554 1783594313.130 1 
2926312446 4555 1783594313.180 1 
2936339096 4556 1783594313.231 1 
2946313039 4557 1783594313.281 1 
2956339388 4558 1783594313.330 1 
2966260823 4559 1783594313.381 1 
2976259979 4560 1783594313.431 1 
2986411080 4561 1783594313.480 1 
2996312560 4562 1783594313.531 1 
3006398410 4563 1783594313.580 1 
3016313123 4564 1783594313.631 1 
3026398471 4565 1783594313.680 1 
3036312440 4566 1783594313.731 1 
3046399312 4567 1783594313.780 1 
3056260745 4568 1783594313.831 1 
3066258460 4569 1783594313.880 1 
3076312858 4570 1783594313.930 1 
3086398411 4571 1783594313.980 1 
3096312318 4572 1783594314.031 1 
3106398177 4573 1783594314.080 1 
3116312323 4574 1783594314.131 1 
3126399195 4575 1783594314.180 1 
3136312970 4576 1783594314.231 1 
3146399486 4577 1783594314.280 1 
3156259713 4578 1783594314.331 1 
3166260032 4579 1783594314.380 1 
3176313174 4580 1783594314.430 1 
3186357775 4581 1783594314.480 1 
3196258150 4582 1783594314.531 1 
3206259641 4583 1783594314.580 1 
3216260982 4584 1783594314.630 1 
3226312499 4585 1783594314.680 1 
3236399001 4586 1783594314.731 1 
3246260188 4587 1783594314.781 1 
3256313107 4588 1783594314.830 1 
3266338833 4589 1783594314.881 1 
3276259051 4590 1783594314.931 1 
3286312129 4591 1783594314.980 1 
3296397020 4592 1783594315.031 1 
3306260232 4593 1783594315.081 1 
3316313478 4594 1783594315.130 1 
3326339558 4595 1783594315.181 1 
3336258973 4596 1783594315.231 1 
3346311936 4597 1783594315.280 1 
3356398917 4598 1783594315.331 1 
3366312872 4599 1783594315.381 1 
3376399468 4600 1783594315.431 1 
3386356671 4601 1783594315.481 1 
3396313054 4602 1783594315.531 1 
3406338314 4603 1783594315.580 1 
3416312228 4604 1783594315.631 1 
3426338485 4605 1783594315.680 1 
3436259926 4606 1783594315.731 1 
3446312833 4607 1783594315.780 1 
3456338810 4608 1783594315.831 1 
3466312166 4609 1783594315.881 1 
3476398792 4610 1783594315.931 1 
3486311524 4611 1783594315.981 1 
3496398513 4612 1783594316.031 1 
3506260808 4613 1783594316.081 1 
3516313001 4614 1783594316.131 1 
3526400406 4615 1783594316.181 1 
3536259896 4616 1783594316.231 1 
3546259754 4617 1783594316.280 1 
3556312093 4618 1783594316.330 1 
3566399168 4619 1783594316.380 1 
3576311823 4620 1783594316.433 1 
3586356782 4621 1783594316.481 1 
3596312644 4622 1783594316.531 1 
3606400500 4623 1783594316.581 1 
3616312168 4624 1783594316.631 1 
3626399267 4625 1783594316.681 1 
3636312792 4626 1783594316.731 1 
3646399683 4627 1783594316.781 1 
3656312169 4628 1783594316.831 1 
3666399194 4629 1783594316.881 1 
3676311912 4630 1783594316.931 1 
3686398778 4631 1783594316.981 1 
3696312487 4632 1783594317.031 1 
3706398395 4633 1783594317.081 1 
3716312077 4634 1783594317.131 1 
3726398973 4635 1783594317.181 1 
3736313601 4636 1783594317.231 1 
3746363589 4637 1783594317.281 1 
3756399121 4638 1783594317.331 1 
3766313444 4639 1783594317.381 1 
3776398702 4640 1783594317.431 1 
3786272641 4641 1783594317.481 1 
3796312335 4642 1783594317.530 1 
3806338789 4643 1783594317.581 1 
3816312210 4644 1783594317.631 1 
3826338165 4645 1783594317.681 1 
3836313405 4646 1783594317.731 1 
3846399883 4647 1783594317.781 1 
3856312450 4648 1783594317.831 1 
3866398796 4649 1783594317.881 1 
3876311564 4650 1783594317.931 1 
3886399021 4651 1783594317.981 1 
3896311829 4652 1783594318.031 1 
3906397401 4653 1783594318.081 1 
3916258816 4654 1783594318.131 1 
3926314404 4655 1783594318.180 1 
3936398846 4656 1783594318.231 1 
3946311195 4657 1783594318.281 1 
3956399759 4658 1783594318.331 1 
3966312435 4659 1783594318.381 1 
3976399647 4660 1783594318.431 1 
3986272810 4661 1783594318.481 1 
3996310758 4662 1783594318.531 1 
4006398799 4663 1783594318.581 1 
4016311684 4664 1783594318.631 1 
4026399108 4665 1783594318.681 1 
4036311629 4666 1783594318.731 1 
4046398241 4667 1783594318.781 1 
4056311989 4668 1783594318.831 1 
4066397573 4669 1783594318.881 1 
4076312673 4670 1783594318.931 1 
4086398948 4671 1783594318.981 1 
4096261151 4672 1783594319.031 1 
4106260011 4673 1783594319.081 1 
4116260603 4674 1783594319.130 1 
4126260431 4675 1783594319.181 1 
4136311676 4676 1783594319.230 1 
4146398564 4677 1783594319.281 1 
4156312571 4678 1783594319.331 1 
4166399209 4679 1783594319.381 1 
4176312869 4680 1783594319.431 1 
4186358315 4681 1783594319.481 1 
4196260297 4682 1783594319.531 1 
4206313646 4683 1783594319.581 1 
4216399222 4684 1783594319.631 1 
4226311939 4685 1783594319.681 1 
4236398498 4686 1783594319.731 1 
4246312518 4687 1783594319.781 1 
4256398394 4688 1783594319.831 1 
4266258962 4689 1783594319.881 1 
4276259618 4690 1783594319.930 1 
4286312395 4691 1783594319.981 1 
1431333 4692 1783594320.031 1 
11345461 4693 1783594320.081 1 
21433026 4694 1783594320.131 1 
31292750 4695 1783594320.181 1 
41344236 4696 1783594320.230 1 
51431730 4697 1783594320.281 1 
61292712 4698 1783594320.331 1 
71292890 4699 1783594320.381 1 
81346513 4700 1783594320.431 1 
91378610 4701 1783594320.481 1 
101345438 4702 1783594320.531 1 
111431971 4703 1783594320.581 1 
121294182 4704 1783594320.631 1 
131292090 4705 1783594320.681 1 
141292187 4706 1783594320.731 1 
151345430 4707 1783594320.781 1 
161430758 4708 1783594320.831 1 
171344450 4709 1783594320.881 1 
181431098 4710 1783594320.931 1 
191292928 4711 1783594320.981 1 
201343867 4712 1783594321.031 1 
211431478 4713 1783594321.081 1 
221344956 4714 1783594321.131 1 
231431851 4715 1783594321.181 1 
241345188 4716 1783594321.231 1 
251370524 4717 1783594321.281 1 
261293553 4718 1783594321.331 1 
271345500 4719 1783594321.381 1 
281371089 4720 1783594321.432 1 
291427932 4721 1783594321.481 1 
301293065 4722 1783594321.531 1 
311293834 4723 1783594321.581 1 
321291779 4724 1783594321.631 1 
331292631 4725 1783594321.681 1 
341346422 4726 1783594321.731 1 
351431300 4727 1783594321.781 1 
361345514 4728 1783594321.831 1 
371431608 4729 1783594321.881 1 
381345346 4730 1783594321.931 1 
391431979 4731 1783594321.981 1 
401345905 4732 1783594322.031 1 
411431927 4733 1783594322.081 1 
421345431 4734 1783594322.131 1 
431431450 4735 1783594322.181 1 
441293729 4736 1783594322.231 1 
451344944 4737 1783594322.281 1 
461432027 4738 1783594322.331 1 
471293405 4739 1783594322.381 1 
481292937 4740 1783594322.431 1 
491298959 4741 1783594322.481 1 
501346619 4742 1783594322.531 1 
511431995 4743 1783594322.581 1 
521345197 4744 1783594322.631 1 
531430800 4745 1783594322.681 1 
541293551 4746 1783594322.731 1 
551292321 4747 1783594322.781 1 
561344573 4748 1783594322.831 1 
571431632 4749 1783594322.881 1 
581345055 4750 1783594322.931 1 
591431304 4751 1783594322.981 1 
601345229 4752 1783594323.031 1 
611370222 4753 1783594323.081 1 
621293276 4754 1783594323.131 1 
631345479 4755 1783594323.181 1 
641432017 4756 1783594323.231 1 
651344859 4757 1783594323.281 1 
661431279 4758 1783594323.331 1 
671345425 4759 1783594323.381 1 
681431031 4760 1783594323.431 1 
691296632 4761 1783594323.481 1 
701345277 4762 1783594323.531 1 
711372248 4763 1783594323.581 1 
721345103 4764 1783594323.631 1 
731370479 4765 1783594323.681 1 
741346089 4766 1783594323.731 1 
751447598 4767 1783594323.781 1 
761345113 4768 1783594323.831 1 
771431485 4769 1783594323.881 1 
781344889 4770 1783594323.931 1 
791372684 4771 1783594323.981 1 
801344285 4772 1783594324.031 1 
811432464 4773 1783594324.081 1 
821345973 4774 1783594324.132 1 
831430376 4775 1783594324.181 1 
841345796 4776 1783594324.231 1 
851432297 4777 1783594324.281 1 
861294213 4778 1783594324.332 1 
871345864 4779 1783594324.381 1 
881432655 4780 1783594324.431 1 
891390463 4781 1783594324.481 1 
901361820 4782 1783594324.531 1 
911432001 4783 1783594324.581 1 
921293006 4784 1783594324.632 1 
931345453 4785 1783594324.681 1 
941431484 4786 1783594324.731 1 
951293688 4787 1783594324.781 1 
961344883 4788 1783594324.831 1 
971432352 4789 1783594324.881 1 
981344732 4790 1783594324.932 1 
991431780 4791 1783594324.981 1 
1001345836 4792 1783594325.032 1 
1011432526 4793 1783594325.081 1 
1021293274 4794 1783594325.132 1 
1031293680 4795 1783594325.181 1 
1041344260 4796 1783594325.231 1 
1051431466 4797 1783594325.281 1 
1061344958 4798 1783594325.332 1 
1071432120 4799 1783594325.381 1 
1081293485 4800 1783594325.432 1 
1091298782 4801 1783594325.481 1 
1101343712 4802 1783594325.531 1 
1111372287 4803 1783594325.581 1 
1121345354 4804 1783594325.631 1 
1131431557 4805 1783594325.681 1 
1141346008 4806 1783594325.732 1 
1151432151 4807 1783594325.781 1 
1161344971 4808 1783594325.831 1 
1171372001 4809 1783594325.881 1 
1181345236 4810 1783594325.931 1 
1191432463 4811 1783594325.981 1 
1201345622 4812 1783594326.032 1 
1211432015 4813 1783594326.081 1 
1221293672 4814 1783594326.132 1 
1231344903 4815 1783594326.181 1 
1241372075 4816 1783594326.231 1 
1251292524 4817 1783594326.281 1 
1261345563 4818 1783594326.331 1 
1271372397 4819 1783594326.381 1 
1281293045 4820 1783594326.433 1 
1291389428 4821 1783594326.481 1 
1301344054 4822 1783594326.531 1 
1311430897 4823 1783594326.581 1 
1321293389 4824 1783594326.631 1 
1331293020 4825 1783594326.681 1 
1341346110 4826 1783594326.731 1 
1351372044 4827 1783594326.781 1 
1361293710 4828 1783594326.831 1 
1371291758 4829 1783594326.881 1 
1381344793 4830 1783594326.931 1 
1391371574 4831 1783594326.981 1 
1401294215 4832 1783594327.031 1 
1411344902 4833 1783594327.081 1 
1421432235 4834 1783594327.131 1 
1431346349 4835 1783594327.182 1 
1441431628 4836 1783594327.231 1 
1451293541 4837 1783594327.282 1 
1461292808 4838 1783594327.331 1 
1471345972 4839 1783594327.381 1 
1481431216 4840 1783594327.431 1 
1491297556 4841 1783594327.482 1 
1501345901 4842 1783594327.531 1 
1511430423 4843 1783594327.581 1 
1521293076 4844 1783594327.632 1 
1531344984 4845 1783594327.681 1 
1541433075 4846 1783594327.731 1 
1551292941 4847 1783594327.782 1 
1561291679 4848 1783594327.831 1 
1571346555 4849 1783594327.881 1 
1581431890 4850 1783594327.931 1 
1591292767 4851 1783594327.982 1 
1601291761 4852 1783594328.031 1 
1611292277 4853 1783594328.081 1 
1621292571 4854 1783594328.131 1 
1631344995 4855 1783594328.181 1 
1641431671 4856 1783594328.231 1 
1651293421 4857 1783594328.282 1 
1661311987 4858 1783594328.331 1 
1671345221 4859 1783594328.381 1 
1681372201 4860 1783594328.431 1 
1691395904 4861 1783594328.481 1 
1701291966 4862 1783594328.531 1 
1711292722 4863 1783594328.581 1 
1721294656 4864 1783594328.631 1 
1731344920 4865 1783594328.681 1 
1741432438 4866 1783594328.731 1 
1751293737 4867 1783594328.782 1 
1761292692 4868 1783594328.831 1 
1771292662 4869 1783594328.881 1 
1781293300 4870 1783594328.931 1 
1791344701 4871 1783594328.981 1 
1801432484 4872 1783594329.031 1 
1811345753 4873 1783594329.082 1 
1821431722 4874 1783594329.131 1 
1831343282 4875 1783594329.182 1 
1841431203 4876 1783594329.231 1 
1851345819 4877 1783594329.282 1 
1861430794 4878 1783594329.331 1 
1871345832 4879 1783594329.382 1 
1881433028 4880 1783594329.431 1 
1891397643 4881 1783594329.482 1 
1901292699 4882 1783594329.531 1 
1911294093 4883 1783594329.581 1 
1921345131 4884 1783594329.631 1 
1931431528 4885 1783594329.681 1 
1941293924 4886 1783594329.732 1 
1951344761 4887 1783594329.781 1 
1961371352 4888 1783594329.831 1 
1971346292 4889 1783594329.882 1 
1981431732 4890 1783594329.931 1 
1991345290 4891 1783594329.982 1 
2001431147 4892 1783594330.031 1 
2011345059 4893 1783594330.082 1 
2021431673 4894 1783594330.131 1 
2031345980 4895 1783594330.182 1 
2041431432 4896 1783594330.231 1 
2051293120 4897 1783594330.282 1 
2061292895 4898 1783594330.331 1 
2071292986 4899 1783594330.381 1 
2081345861 4900 1783594330.431 1 
2091390596 4901 1783594330.481 1 
2101344682 4902 1783594330.532 1 
2111432820 4903 1783594330.581 1 
2121293407 4904 1783594330.632 1 
2131345631 4905 1783594330.681 1 
2141371180 4906 1783594330.731 1 
2151293400 4907 1783594330.781 1 
2161345571 4908 1783594330.831 1 
2171373083 4909 1783594330.881 1 
2181344778 4910 1783594330.931 1 
2191432564 4911 1783594330.981 1 
2201345690 4912 1783594331.032 1 
2211430688 4913 1783594331.081 1 
2221344664 4914 1783594331.132 1 
2231432173 4915 1783594331.181 1 
2241345876 4916 1783594331.232 1 
2251430573 4917 1783594331.281 1 
2261292953 4918 1783594331.332 1 
2271292648 4919 1783594331.381 1 
2281292505 4920 1783594331.431 1 
2291442887 4921 1783594331.482 1 
2301293576 4922 1783594331.532 1 
2311293080 4923 1783594331.581 1 
2321344321 4924 1783594331.631 1 
2331372859 4925 1783594331.681 1 
2341345619 4926 1783594331.732 1 
2351431449 4927 1783594331.781 1 
2361293910 4928 1783594331.832 1 
2371347456 4929 1783594331.881 1 
2381431088 4930 1783594331.931 1 
2391345315 4931 1783594331.982 1 
2401432395 4932 1783594332.031 1 
2411292873 4933 1783594332.082 1 
2421346137 4934 1783594332.131 1 
2431430943 4935 1783594332.181 1 
2441344907 4936 1783594332.232 1 
2451432255 4937 1783594332.281 1 
2461344604 4938 1783594332.332 1 
2471431207 4939 1783594332.381 1 
2481345351 4940 1783594332.432 1 
2491390100 4941 1783594332.481 1 
2501293447 4942 1783594332.532 1 
2511346055 4943 1783594332.581 1 
2521431600 4944 1783594332.631 1 
2531345424 4945 1783594332.682 1 
2541431071 4946 1783594332.731 1 
2551345316 4947 1783594332.782 1 
2561432806 4948 1783594332.831 1 
2571293701 4949 1783594332.882 1 
2581347578 4950 1783594332.931 1 
2591431040 4951 1783594332.981 1 
2601293665 4952 1783594333.032 1 
2611345006 4953 1783594333.081 1 
2621431796 4954 1783594333.132 1 
2631345182 4955 1783594333.182 1 
2641431202 4956 1783594333.232 1 
2651292717 4957 1783594333.282 1 
2661290979 4958 1783594333.331 1 
2671344824 4959 1783594333.381 1 
2681370772 4960 1783594333.431 1 
2691298326 4961 1783594333.482 1 
2701344962 4962 1783594333.531 1 
2711387816 4963 1783594333.581 1 
2721292970 4964 1783594333.632 1 
2731291450 4965 1783594333.681 1 
2741345369 4966 1783594333.731 1 
2751370616 4967 1783594333.781 1 
2761345216 4968 1783594333.832 1 
2771432623 4969 1783594333.882 1 
2781345689 4970 1783594333.932 1 
2791431629 4971 1783594333.981 1 
2801346066 4972 1783594334.032 1 
2811372229 4973 1783594334.081 1 
2821293264 4974 1783594334.132 1 
2831293259 4975 1783594334.181 1 
2841294901 4976 1783594334.231 1 
2851292334 4977 1783594334.281 1 
2861345075 4978 1783594334.331 1 
2871430734 4979 1783594334.382 1 
2881344845 4980 1783594334.432 1 
2891388937 4981 1783594334.481 1 
2901293648 4982 1783594334.532 1 
2911345445 4983 1783594334.581 1 
2921431807 4984 1783594334.631 1 
2931293310 4985 1783594334.682 1 
2941345277 4986 1783594334.731 1 
2951371833 4987 1783594334.782 1 
2961345172 4988 1783594334.832 1 
2971431779 4989 1783594334.882 1 
2981293405 4990 1783594334.932 1 
2991293079 4991 1783594334.981 1 
3001344471 4992 1783594335.031 1 
3011431729 4993 1783594335.082 1 
3021345300 4994 1783594335.132 1 
3031432122 4995 1783594335.182 1 
3041344299 4996 1783594335.232 1 
3051432892 4997 1783594335.282 1 
3061292219 4998 1783594335.332 1 
3071346139 4999 1783594335.381 1 
3081371826 5000 1783594335.431 1 
3091444506 5001 1783594335.482 1 
3101292744 5002 1783594335.532 1 
3111345401 5003 1783594335.581 1 
3121431842 5004 1783594335.631 1 
3131344430 5005 1783594335.682 1 
3141432299 5006 1783594335.732 1 
3151345259 5007 1783594335.782 1 
3161371965 5008 1783594335.832 1 
3171292470 5009 1783594335.882 1 
3181344246 5010 1783594335.931 1 
3191431101 5011 1783594335.982 1 
3201292998 5012 1783594336.032 1 
3211344837 5013 1783594336.081 1 
3221372473 5014 1783594336.132 1 
3231345257 5015 1783594336.182 1 
3241431386 5016 1783594336.232 1 
3251345074 5017 1783594336.282 1 
3261432734 5018 1783594336.332 1 
3271345808 5019 1783594336.382 1 
3281432094 5020 1783594336.432 1 
3291298076 5021 1783594336.483 1 
3301346562 5022 1783594336.531 1 
3311371564 5023 1783594336.582 1 
3321345499 5024 1783594336.632 1 
3331432785 5025 1783594336.682 1 
3341344132 5026 1783594336.732 1 
3351431845 5027 1783594336.782 1 
3361345532 5028 1783594336.832 1 
3371430517 5029 1783594336.882 1 
3381293590 5030 1783594336.932 1 
3391344884 5031 1783594336.981 1 
3401432071 5032 1783594337.032 1 
3411344863 5033 1783594337.082 1 
3421432562 5034 1783594337.132 1 
3431344583 5035 1783594337.182 1 
3441431944 5036 1783594337.232 1 
3451345793 5037 1783594337.282 1 
3461430520 5038 1783594337.332 1 
3471345537 5039 1783594337.382 1 
3481430553 5040 1783594337.432 1 
3491297610 5041 1783594337.482 1 
3501345060 5042 1783594337.531 1 
3511430570 5043 1783594337.582 1 
3521343814 5044 1783594337.632 1 
3531431516 5045 1783594337.682 1 
3541293235 5046 1783594337.732 1 
3551345692 5047 1783594337.781 1 
3561370894 5048 1783594337.832 1 
3571345077 5049 1783594337.882 1 
3581431438 5050 1783594337.932 1 
3591292970 5051 1783594337.982 1 
3601344048 5052 1783594338.031 1 
3611431851 5053 1783594338.082 1 
3621344124 5054 1783594338.132 1 
3631432444 5055 1783594338.182 1 
3641292882 5056 1783594338.232 1 
3651293407 5057 1783594338.281 1 
3661292941 5058 1783594338.331 1 
3671293295 5059 1783594338.381 1 
3681292908 5060 1783594338.431 1 
3691428011 5061 1783594338.482 1 
3701344953 5062 1783594338.532 1 
3711432746 5063 1783594338.582 1 
3721387502 5064 1783594338.632 1 -6.249 7.085 1.190 -7.573 113 432 -6.409 7.843 1.602 -7.573 122 441 
3731430946 5065 1783594338.683 1 -6.043 6.359 0.549 -8.414 137 423 -5.219 7.649 0.580 -7.573 145 428 -5.493 7.787 2.136 -6.732 130 427 
3741348803 5066 1783594338.733 1 -7.210 8.283 -0.343 -8.414 93 435 -5.608 6.358 1.068 -7.573 245 419 -5.798 7.030 1.740 -7.573 129 432 
3751386141 5067 1783594338.783 1 -4.532 6.585 1.007 -7.573 236 423 -5.493 6.400 2.472 -7.573 107 437 
3761487291 5068 1783594338.833 1 -5.951 7.433 0.000 -7.573 107 444 -3.906 6.655 1.221 -6.732 231 434 -4.669 6.542 2.075 -4.207 85 436 
3771476412 5069 1783594338.889 1 -5.188 6.459 0.519 -8.414 136 426 -4.883 5.975 1.221 -7.573 208 415 -5.058 8.061 0.298 -6.732 130 439 -3.433 6.205 1.831 -5.890 116 424 -4.028 6.599 2.266 -5.890 157 427 -4.150 6.324 1.953 -5.049 131 434 
3781454163 5070 1783594338.939 1 -4.784 6.404 1.007 -7.573 167 445 -4.761 8.246 0.000 -6.732 113 429 -3.319 6.112 1.328 -5.890 221 423 -3.204 6.441 1.373 -4.207 127 427 
3791483772 5071 1783594338.991 1 -3.662 6.277 0.916 -6.732 208 423 -4.150 6.546 0.977 -6.732 173 431 -3.319 6.112 1.328 -5.890 199 423 -3.845 7.899 0.275 -5.890 150 440 -3.021 7.314 1.511 -5.049 134 442 -7.797 15.987 1.114 -1.683 86 416 -8.926 19.782 3.433 -0.841 67 423 
3801610000 5072 1783594339.044 1 -5.035 6.289 0.000 -7.573 112 449 -5.493 6.500 2.197 -7.573 78 439 -3.319 6.250 0.221 -6.732 198 416 -3.548 6.580 1.183 -6.732 161 435 -2.266 6.104 1.030 -5.049 292 432 -3.387 8.355 0.565 -5.049 93 438 -2.441 7.385 0.732 -4.207 130 451 -2.655 6.179 2.213 -1.683 123 419 -6.500 15.922 2.167 -0.841 77 416 
3811551101 5073 1783594339.096 1 -4.257 6.258 0.000 -7.573 112 435 -5.608 6.171 1.869 -7.573 97 446 -3.075 6.715 1.656 -5.890 93 450 -2.747 8.344 0.275 -5.049 99 465 -1.831 7.077 0.458 -4.207 102 463 -2.869 10.900 2.152 -4.207 136 442 -1.785 5.974 1.190 -3.366 254 419 -1.762 7.715 1.511 -3.366 134 438 -1.549 6.545 2.213 -2.524 174 427 -4.669 15.719 2.594 -0.841 72 429 
3821560535 5074 1783594339.147 1 -5.341 6.535 1.335 -7.573 137 439 -3.662 6.326 0.458 -6.732 135 438 -2.350 6.387 0.641 -5.049 214 420 -1.144 5.919 0.954 -3.366 271 431 -1.007 7.930 1.007 -3.366 100 454 -2.152 10.988 2.510 -3.366 199 441 -1.923 5.943 2.777 -1.683 160 419 -0.336 10.605 1.678 -0.841 70 443 
3831631085 5075 1783594339.198 1 -1.602 6.770 2.289 1.683 111 420 -4.944 16.544 3.296 1.683 142 426 -5.287 5.736 2.014 -7.573 153 437 -5.074 6.792 1.068 -7.573 143 435 -4.257 5.965 1.892 -6.732 119 435 -1.648 6.299 1.030 -4.207 197 421 -0.763 5.980 0.954 -2.524 266 418 -2.106 10.668 2.808 -2.524 87 453 -0.595 6.117 1.587 -1.683 269 421 -0.488 7.736 0.977 -1.683 187 448 -0.778 12.372 -1.167 -1.683 82 431 0.000 8.669 2.541 -0.841 71 444 
3841653236 5076 1783594339.251 1 -4.944 16.286 4.395 1.683 83 430 -4.150 6.244 2.197 -7.573 151 427 -5.188 6.396 1.038 -7.573 138 438 -4.120 5.840 1.602 -6.732 157 426 -4.532 6.488 1.511 -6.732 150 431 -2.777 6.114 1.282 -5.049 101 446 -4.395 6.074 2.197 -5.049 122 446 -0.992 6.114 1.389 -3.366 204 429 -2.106 10.942 1.404 -3.366 113 448 -0.824 6.488 0.824 -2.524 163 458 -1.465 7.670 0.244 -2.524 108 467 -0.366 5.802 0.732 -1.683 313 429 -0.641 6.684 1.282 -1.683 134 483 0.000 10.874 2.808 -1.683 108 457 0.000 7.751 0.977 -0.841 119 474 -6.592 16.147 2.197 -0.841 141 423 
3851611014 5077 1783594339.302 1 -2.152 11.180 1.434 0.841 113 434 -4.875 16.599 1.083 1.683 98 429 -4.929 6.552 1.297 -7.573 105 432 -3.319 6.112 1.328 -5.890 157 433 -5.447 11.088 1.556 -5.890 108 431 -2.838 6.756 1.892 -3.366 109 441 -0.183 5.845 0.366 -1.683 341 432 -0.427 6.769 0.854 -1.683 72 494 -0.244 7.793 0.488 -1.683 132 473 0.000 10.959 2.457 -1.683 108 458 -7.141 15.978 1.648 -0.841 106 424 
3861479047 5078 1783594339.349 1 0.000 6.023 2.678 0.841 141 427 -3.433 6.205 1.831 -5.890 184 431 -1.335 5.953 0.191 -4.207 134 442 -0.710 7.351 1.656 -0.841 95 479 -6.592 16.212 1.648 -0.841 95 418 
3871572085 5079 1783594339.391 1 -3.433 6.368 1.144 -6.732 175 424 -2.136 6.265 1.709 -5.049 194 419 -0.732 5.813 0.000 -2.524 162 426 -0.397 5.871 2.380 -1.683 160 420 -2.655 6.179 2.213 -1.683 104 459 -7.141 15.911 2.197 -0.841 135 417 
3881514717 5080 1783594339.446 1 -2.434 6.409 1.770 -5.049 170 443 -2.060 6.093 1.442 -4.207 188 430 -0.572 5.882 1.526 -1.683 156 435 -6.592 16.147 2.197 -0.841 86 419 
3891683866 5081 1783594339.495 1 -2.129 7.166 1.183 0.841 101 436 -0.359 11.379 1.434 0.841 95 434 -5.493 16.662 1.099 0.841 103 414 -1.648 6.166 1.648 -3.366 200 426 -2.869 11.087 0.717 -3.366 77 444 -0.946 7.449 0.946 -0.841 72 460 0.000 11.181 1.053 -0.841 151 432 
3901597662 5082 1783594339.549 1 -3.792 16.906 0.542 0.841 80 422 -1.854 5.981 2.060 -4.207 166 423 -0.381 5.719 2.098 -1.683 171 423 -0.595 6.000 1.984 -0.841 167 431 -0.351 10.953 2.457 -0.841 121 455 
3911697487 5083 1783594339.595 1 -3.792 16.906 0.542 2.524 81 429 -1.526 5.882 -0.572 -3.366 122 426 -0.763 5.435 2.670 -3.366 122 426 -1.282 6.290 2.350 -3.366 152 432 -1.404 11.093 1.053 -2.524 76 443 -0.397 5.871 2.380 -0.841 234 420 -0.618 6.079 2.472 -0.841 222 432 0.000 10.851 1.717 -0.841 73 454 -1.434 11.362 0.717 -0.841 72 450 
3921726223 5084 1783594339.649 1 -0.732 7.461 2.197 0.841 93 449 -0.343 10.846 1.717 0.841 91 435 -0.351 11.176 1.053 -2.524 94 436 0.000 6.030 1.984 -1.683 190 435 -1.373 10.851 1.030 -1.683 87 457 
3931533252 5085 1783594339.694 1 -0.824 5.387 3.708 0.841 108 439 0.000 10.965 0.687 -0.841 110 457 
3941562696 5086 1783594339.733 1 -6.294 4.797 1.511 7.573 135 425 
3951528102 5087 1783594339.792 1 -5.676 1.346 0.549 0.841 169 436 
3961632173 5088 1783594339.836 1 
3971531624 5089 1783594339.883 1 
3981511165 5090 1783594339.933 1 
3991532430 5091 1783594339.983 1 
4001539550 5092 1783594340.033 1 
4011463229 5093 1783594340.083 1 -13.245 3.282 0.854 5.890 99 436 
4021441401 5094 1783594340.133 1 
4031606134 5095 1783594340.182 1 -1.770 14.042 0.443 6.732 97 424 
4041452374 5096 1783594340.234 1 -1.801 14.291 0.000 7.573 93 435 -1.396 14.710 1.862 7.573 90 434 -12.100 8.669 0.465 7.573 90 434 
4051461247 5097 1783594340.284 1 -11.704 8.090 2.251 6.732 105 431 -1.350 14.334 0.450 6.732 105 431 -0.465 14.885 0.000 7.573 104 428 
4061448334 5098 1783594340.334 1 
4071489606 5099 1783594340.382 1 
4081359005 5100 1783594340.433 1 
4091437785 5101 1783594340.482 1 
4101385840 5102 1783594340.532 1 -0.504 16.034 1.511 8.414 87 430 
4111443418 5103 1783594340.583 1 
4121346100 5104 1783594340.632 1 
4131431738 5105 1783594340.682 1 
4141345255 5106 1783594340.732 1 
4151432862 5107 1783594340.782 1 
4161346956 5108 1783594340.832 1 
4171430930 5109 1783594340.882 1 
4181293017 5110 1783594340.932 1 
4191345880 5111 1783594340.982 1 
4201431952 5112 1783594341.032 1 
4211345814 5113 1783594341.082 1 
4221431570 5114 1783594341.132 1 
4231345110 5115 1783594341.182 1 
4241371368 5116 1783594341.232 1 
4251345098 5117 1783594341.282 1 
4261432243 5118 1783594341.332 1 
4271345474 5119 1783594341.382 1 
4281432592 5120 1783594341.432 1 
4291297476 5121 1783594341.523 1 
6378279 5122 1783594341.532 1 
16404988 5123 1783594341.582 1 
26325147 5124 1783594341.632 1 
36325588 5125 1783594341.681 1 
46378044 5126 1783594341.732 1 
56463712 5127 1783594341.782 1 
66377252 5128 1783594341.832 1 
76464025 5129 1783594341.882 1 
86377055 5130 1783594341.932 1 
96463983 5131 1783594341.982 1 
106378161 5132 1783594342.032 1 
116464465 5133 1783594342.082 1 
126325515 5134 1783594342.132 1 
136324776 5135 1783594342.182 1 
146378288 5136 1783594342.232 1 
156404769 5137 1783594342.282 1 
166376930 5138 1783594342.332 1 
176465883 5139 1783594342.382 1 
186324802 5140 1783594342.432 1 
196475157 5141 1783594342.482 1 
206377210 5142 1783594342.532 1 
216464175 5143 1783594342.582 1 
226376947 5144 1783594342.632 1 
236463938 5145 1783594342.682 1 
246378427 5146 1783594342.732 1 
256465185 5147 1783594342.782 1 
266326161 5148 1783594342.832 1 
276325459 5149 1783594342.882 1 
286378031 5150 1783594342.932 1 
296464783 5151 1783594342.982 1 
306325801 5152 1783594343.032 1 
316325502 5153 1783594343.082 1 
326378119 5154 1783594343.132 1 
336465291 5155 1783594343.182 1 
346377636 5156 1783594343.232 1 
356463633 5157 1783594343.282 1 
366377223 5158 1783594343.332 1 
376463675 5159 1783594343.382 1 
386377120 5160 1783594343.432 1 
396423307 5161 1783594343.482 1 
406324852 5162 1783594343.532 1 
416377738 5163 1783594343.582 1 
426464923 5164 1783594343.632 1 
436325304 5165 1783594343.682 1 
446377401 5166 1783594343.732 1 
456466200 5167 1783594343.782 1 
466324899 5168 1783594343.833 1 
476378718 5169 1783594343.882 1 
486405210 5170 1783594343.932 1 
496325475 5171 1783594343.982 1 
506325395 5172 1783594344.032 1 
516377590 5173 1783594344.082 1 
526464908 5174 1783594344.132 1 
536377999 5175 1783594344.182 1 
546464723 5176 1783594344.232 1 
556378812 5177 1783594344.282 1 
566463805 5178 1783594344.332 1 
576326317 5179 1783594344.382 1 
586325171 5180 1783594344.432 1 
596475524 5181 1783594344.482 1 
606376859 5182 1783594344.532 1 
616464339 5183 1783594344.582 1 
626379024 5184 1783594344.632 1 
636463710 5185 1783594344.682 1 
646378212 5186 1783594344.732 1 
656404820 5187 1783594344.782 1 
666378219 5188 1783594344.832 1 
676464505 5189 1783594344.882 1 
686376717 5190 1783594344.932 1 
696464257 5191 1783594344.982 1 
706326545 5192 1783594345.032 1 
716378949 5193 1783594345.082 1 
726404695 5194 1783594345.132 1 
736377256 5195 1783594345.182 1 
746464712 5196 1783594345.232 1 
756377443 5197 1783594345.283 1 
766464699 5198 1783594345.332 1 
776325917 5199 1783594345.383 1 
786377502 5200 1783594345.432 1 
796409932 5201 1783594345.482 1 
806337071 5202 1783594345.532 1 
816325165 5203 1783594345.582 1 
826377391 5204 1783594345.632 1 
836464263 5205 1783594345.682 1 
846377776 5206 1783594345.732 1 
856464760 5207 1783594345.782 1 
866379208 5208 1783594345.832 1 
876464442 5209 1783594345.882 1 
886325719 5210 1783594345.932 1 
896378353 5211 1783594345.982 1 
906404537 5212 1783594346.032 1 
916325020 5213 1783594346.082 1 
926376855 5214 1783594346.132 1 
936465363 5215 1783594346.182 1 
946378361 5216 1783594346.232 1 
956465383 5217 1783594346.282 1 
966379182 5218 1783594346.332 1 
976464800 5219 1783594346.382 1 
986325088 5220 1783594346.432 1 
996476353 5221 1783594346.483 1 
1006378170 5222 1783594346.533 1 
1016463654 5223 1783594346.582 1 
1026325661 5224 1783594346.632 1 
1036379787 5225 1783594346.682 1 
1046464084 5226 1783594346.732 1 
1056377919 5227 1783594346.783 1 
1066464890 5228 1783594346.832 1 
1076377899 5229 1783594346.883 1 
1086463634 5230 1783594346.932 1 
1096378090 5231 1783594346.983 1 
1106463675 5232 1783594347.032 1 
1116377833 5233 1783594347.083 1 
1126464831 5234 1783594347.132 1 
1136378617 5235 1783594347.183 1 
1146405448 5236 1783594347.232 1 
1156378095 5237 1783594347.282 1 
1166463757 5238 1783594347.332 1 
1176324895 5239 1783594347.383 1 
1186379616 5240 1783594347.432 1 
1196423119 5241 1783594347.482 1 
1206326405 5242 1783594347.532 1 
1216326642 5243 1783594347.582 1 
1226377877 5244 1783594347.632 1 
1236463579 5245 1783594347.682 1 
1246376940 5246 1783594347.733 1 
1256404598 5247 1783594347.782 1 
1266377628 5248 1783594347.832 1 
1276404669 5249 1783594347.882 1 
1286326073 5250 1783594347.932 1 
1296377598 5251 1783594347.982 1 
1306464741 5252 1783594348.032 1 
1316377401 5253 1783594348.083 1 
1326463648 5254 1783594348.132 1 
1336327102 5255 1783594348.183 1 
1346378684 5256 1783594348.232 1 
1356463032 5257 1783594348.282 1 
1366326164 5258 1783594348.333 1 
1376325111 5259 1783594348.382 1 
1386377262 5260 1783594348.432 1 
1396423443 5261 1783594348.482 1 
1406377041 5262 1783594348.532 1 
1416464711 5263 1783594348.582 1 
1426378194 5264 1783594348.633 1 
1436464212 5265 1783594348.682 1 
1446377735 5266 1783594348.733 1 
1456465034 5267 1783594348.782 1 
1466377877 5268 1783594348.833 1 
1476464422 5269 1783594348.882 1 
1486325989 5270 1783594348.933 1 
1496378687 5271 1783594348.982 1 
1506464647 5272 1783594349.032 1 
1516326626 5273 1783594349.083 1 
1526326017 5274 1783594349.132 1 
1536378353 5275 1783594349.182 1 
1546403874 5276 1783594349.232 1 
1556378100 5277 1783594349.282 1 
1566464148 5278 1783594349.332 1 
1576377740 5279 1783594349.383 1 
1586404370 5280 1783594349.432 1 
1596332239 5281 1783594349.482 1 
1606324694 5282 1783594349.532 1 
1616326035 5283 1783594349.582 1 
1626377900 5284 1783594349.632 1 
1636465486 5285 1783594349.682 1 
1646376823 5286 1783594349.733 1 
1656404810 5287 1783594349.782 1 
1666327108 5288 1783594349.832 1 
1676378321 5289 1783594349.882 1 
1686463421 5290 1783594349.932 1 
1696377834 5291 1783594349.983 1 
1706463750 5292 1783594350.032 1 
1716377798 5293 1783594350.083 1 
1726404854 5294 1783594350.132 1 
1736377599 5295 1783594350.182 1 
1746403289 5296 1783594350.232 1 
1756324919 5297 1783594350.282 1 
1766325226 5298 1783594350.332 1 
1776378390 5299 1783594350.382 1 
1786464595 5300 1783594350.432 1 
1796331200 5301 1783594350.483 1 
1806325839 5302 1783594350.532 1 
1816326350 5303 1783594350.582 1 
1826326081 5304 1783594350.632 1 
1836326285 5305 1783594350.682 1 
1846325170 5306 1783594350.732 1 
1856377957 5307 1783594350.782 1 
1866464334 5308 1783594350.832 1 
1876376991 5309 1783594350.883 1 
1886464211 5310 1783594350.932 1 
1896378914 5311 1783594350.983 1 
1906464793 5312 1783594351.032 1 
1916325772 5313 1783594351.083 1 
1926377522 5314 1783594351.132 1 
1936464522 5315 1783594351.182 1 
1946378072 5316 1783594351.233 1 
1956464538 5317 1783594351.282 1 
1966378931 5318 1783594351.333 1 
1976465589 5319 1783594351.382 1 
1986378719 5320 1783594351.433 1 
1996422616 5321 1783594351.484 1 
2006378322 5322 1783594351.533 1 
2016404472 5323 1783594351.582 1 
2026378531 5324 1783594351.632 1 
2036429133 5325 1783594351.682 1 
2046464505 5326 1783594351.733 1 
2056325670 5327 1783594351.783 1 
2066326152 5328 1783594351.832 1 
2076378788 5329 1783594351.882 1 
2086464214 5330 1783594351.932 1 
2096379658 5331 1783594351.983 1 
2106464627 5332 1783594352.032 1 
2116324829 5333 1783594352.083 1 
2126326707 5334 1783594352.132 1 
2136325944 5335 1783594352.182 1 
2146378323 5336 1783594352.232 1 
2156464593 5337 1783594352.282 1 
2166378077 5338 1783594352.333 1 
2176464121 5339 1783594352.383 1 
2186377859 5340 1783594352.433 1 
2196423050 5341 1783594352.482 1 
2206378425 5342 1783594352.533 1 
2216463953 5343 1783594352.582 1 
2226378324 5344 1783594352.633 1 
2236463756 5345 1783594352.682 1 
2246377461 5346 1783594352.733 1 
2256405674 5347 1783594352.782 1 
2266325406 5348 1783594352.832 1 
2276378572 5349 1783594352.882 1 
2286463784 5350 1783594352.932 1 
2296378221 5351 1783594352.983 1 
2306462942 5352 1783594353.032 1 
2316378301 5353 1783594353.083 1 
2326465077 5354 1783594353.132 1 
2336378366 5355 1783594353.183 1 
2346465045 5356 1783594353.232 1 
2356378334 5357 1783594353.283 1 
2366465352 5358 1783594353.332 1 
2376378098 5359 1783594353.383 1 
2386464006 5360 1783594353.432 1 
2396329916 5361 1783594353.483 1 
2406325601 5362 1783594353.532 1 
2416378508 5363 1783594353.582 1 
2426464237 5364 1783594353.632 1 
2436377434 5365 1783594353.683 1 
2446465237 5366 1783594353.732 1 
2456378178 5367 1783594353.783 1 
2466463994 5368 1783594353.832 1 
2476378235 5369 1783594353.883 1 
2486464207 5370 1783594353.932 1 
2496378704 5371 1783594353.983 1 
2506463593 5372 1783594354.032 1 
2516378464 5373 1783594354.083 1 
2526464426 5374 1783594354.132 1 
2536325071 5375 1783594354.183 1 
2546377309 5376 1783594354.232 1 
2556463804 5377 1783594354.283 1 
2566378946 5378 1783594354.333 1 
2576463879 5379 1783594354.383 1 
2586326333 5380 1783594354.433 1 
2596476079 5381 1783594354.482 1 
2606377261 5382 1783594354.533 1 
2616464219 5383 1783594354.583 1 
2626377783 5384 1783594354.633 1 
2636464639 5385 1783594354.683 1 
2646378955 5386 1783594354.733 1 
2656465222 5387 1783594354.783 1 
2666325415 5388 1783594354.833 1 
2676377474 5389 1783594354.882 1 
2686465302 5390 1783594354.932 1 
2696376996 5391 1783594354.983 1 
2706403623 5392 1783594355.033 1 
2716376692 5393 1783594355.083 1 
2726463516 5394 1783594355.132 1 
2736378351 5395 1783594355.183 1 
2746464409 5396 1783594355.232 1 
2756378091 5397 1783594355.283 1 
2766464151 5398 1783594355.332 1 
2776378325 5399 1783594355.383 1 
2786465423 5400 1783594355.432 1 
2796422465 5401 1783594355.483 1 
2806378103 5402 1783594355.533 1 
2816463457 5403 1783594355.583 1 
2826325724 5404 1783594355.633 1 
2836324291 5405 1783594355.682 1 
2846377956 5406 1783594355.732 1 
2856464159 5407 1783594355.783 1 
2866325628 5408 1783594355.833 1 
2876377926 5409 1783594355.882 1 
2886403948 5410 1783594355.933 1 
2896378051 5411 1783594355.983 1 
2906465327 5412 1783594356.033 1 
2916377818 5413 1783594356.083 1 
2926464052 5414 1783594356.133 1 
2936377906 5415 1783594356.183 1 
2946465366 5416 1783594356.233 1 
2956376966 5417 1783594356.283 1 
2966464202 5418 1783594356.333 1 
2976377835 5419 1783594356.383 1 
2986464498 5420 1783594356.433 1 
2996476442 5421 1783594356.484 1 
3006325448 5422 1783594356.533 1 
3016377916 5423 1783594356.582 1 
3026464436 5424 1783594356.633 1 
3036325438 5425 1783594356.683 1 
3046378233 5426 1783594356.732 1 
3056463825 5427 1783594356.783 1 
3066378707 5428 1783594356.833 1 
3076464287 5429 1783594356.883 1 
3086324708 5430 1783594356.933 1 
3096325404 5431 1783594356.982 1 
3106378364 5432 1783594357.032 1 
3116463498 5433 1783594357.083 1 
3126377433 5434 1783594357.133 1 
3136466077 5435 1783594357.183 1 
3146379541 5436 1783594357.233 1 
3156464312 5437 1783594357.283 1 
3166377851 5438 1783594357.333 1 
3176428944 5439 1783594357.383 1 
3186464587 5440 1783594357.433 1 
3196330127 5441 1783594357.483 1 
3206377912 5442 1783594357.532 1 
3216463872 5443 1783594357.583 1 
3226378205 5444 1783594357.633 1 
3236464961 5445 1783594357.683 1 
3246377721 5446 1783594357.733 1 
3256464109 5447 1783594357.783 1 
3266377881 5448 1783594357.833 1 
3276428640 5449 1783594357.883 1 
3286463929 5450 1783594357.933 1 
3296377768 5451 1783594357.983 1 
3306464211 5452 1783594358.033 1 
3316326639 5453 1783594358.083 1 
3326326850 5454 1783594358.132 1 
3336326360 5455 1783594358.182 1 
3346325489 5456 1783594358.232 1 
3356378461 5457 1783594358.282 1 
3366462673 5458 1783594358.333 1 
3376378488 5459 1783594358.383 1 
3386465187 5460 1783594358.433 1 
3396475997 5461 1783594358.483 1 
3406377495 5462 1783594358.533 1 
3416464605 5463 1783594358.583 1 
3426378892 5464 1783594358.633 1 
3436463432 5465 1783594358.683 1 
3446378291 5466 1783594358.733 1 
3456464005 5467 1783594358.783 1 
3466377003 5468 1783594358.833 1 
3476464114 5469 1783594358.883 1 
3486327208 5470 1783594358.933 1 
3496324903 5471 1783594358.982 1 
3506378081 5472 1783594359.032 1 
3516464045 5473 1783594359.083 1 
3526324846 5474 1783594359.133 1 
3536377961 5475 1783594359.183 1 
3546464823 5476 1783594359.233 1 
3556377414 5477 1783594359.283 1 
3566464198 5478 1783594359.333 1 
3576324200 5479 1783594359.383 1 
3586324811 5480 1783594359.432 1 
3596476262 5481 1783594359.482 1 
3606376869 5482 1783594359.533 1 
3616404350 5483 1783594359.583 1 
3626326195 5484 1783594359.633 1 
3636377706 5485 1783594359.682 1 
3646465089 5486 1783594359.733 1 
3656325777 5487 1783594359.783 1 
3666377375 5488 1783594359.833 1 
3676463561 5489 1783594359.883 1 
3686377909 5490 1783594359.933 1 
3696464067 5491 1783594359.983 1 
3706325246 5492 1783594360.033 1 
3716325667 5493 1783594360.083 1 
3726377246 5494 1783594360.132 1 
3736464377 5495 1783594360.183 1 
3746378438 5496 1783594360.233 1 
3756464382 5497 1783594360.283 1 
3766376746 5498 1783594360.333 1 
3776464576 5499 1783594360.383 1 
3786325211 5500 1783594360.433 1 
3796396620 5501 1783594360.483 1 
3806376897 5502 1783594360.533 1 
3816403624 5503 1783594360.583 1 
3826377610 5504 1783594360.633 1 
3836463985 5505 1783594360.683 1 
3846325208 5506 1783594360.733 1 
3856378039 5507 1783594360.783 1 
3866464961 5508 1783594360.833 1 
3876378154 5509 1783594360.883 1 
3886463450 5510 1783594360.933 1 
3896377349 5511 1783594360.983 1 
3906464055 5512 1783594361.033 1 
3916379581 5513 1783594361.083 1 
3926465180 5514 1783594361.133 1 
3936378290 5515 1783594361.183 1 
3946464849 5516 1783594361.233 1 
3956378803 5517 1783594361.283 1 
3966463934 5518 1783594361.333 1 
3976377209 5519 1783594361.383 1 
3986464681 5520 1783594361.433 1 
3996422238 5521 1783594361.485 1 
4006377676 5522 1783594361.533 1 
4016464702 5523 1783594361.583 1 
4026378673 5524 1783594361.633 1 
4036463966 5525 1783594361.683 1 
4046379522 5526 1783594361.733 1 
4056463402 5527 1783594361.783 1 
4066378769 5528 1783594361.833 1 
4076462574 5529 1783594361.883 1 
4086376814 5530 1783594361.933 1 
4096463995 5531 1783594361.983 1 
4106377636 5532 1783594362.033 1 
4116464167 5533 1783594362.083 1 
4126378415 5534 1783594362.133 1 
4136404988 5535 1783594362.183 1 
4146325506 5536 1783594362.233 1 
4156377022 5537 1783594362.283 1 
4166464856 5538 1783594362.333 1 
4176377878 5539 1783594362.383 1 
4186463833 5540 1783594362.433 1 
4196414251 5541 1783594362.483 1 
4206463658 5542 1783594362.533 1 
4216378909 5543 1783594362.583 1 
4226463334 5544 1783594362.633 1 
4236325547 5545 1783594362.683 1 
4246378918 5546 1783594362.733 1 
4256405214 5547 1783594362.783 1 
4266325715 5548 1783594362.833 1 
4276378177 5549 1783594362.883 1 
4286464910 5550 1783594362.933 1 
1409867 5551 1783594362.983 1 
11497108 5552 1783594363.033 1 
21409951 5553 1783594363.083 1 
31436797 5554 1783594363.133 1 
41410499 5555 1783594363.183 1 
51496473 5556 1783594363.233 1 
61411912 5557 1783594363.283 1 
71497831 5558 1783594363.333 1 
81359312 5559 1783594363.383 1 
91410336 5560 1783594363.433 1 
101455867 5561 1783594363.483 1 
111412647 5562 1783594363.533 1 
121437658 5563 1783594363.583 1 
131357941 5564 1783594363.633 1 
141358915 5565 1783594363.683 1 
151358399 5566 1783594363.733 1 
161410522 5567 1783594363.783 1 
171496789 5568 1783594363.833 1 
181358711 5569 1783594363.884 1 
191357715 5570 1783594363.933 1 
201359301 5571 1783594363.983 1 
211357662 5572 1783594364.033 1 
221358290 5573 1783594364.083 1 
231410217 5574 1783594364.133 1 
241497551 5575 1783594364.183 1 
251411806 5576 1783594364.233 1 
261496765 5577 1783594364.283 1 
271358532 5578 1783594364.333 1 
281411269 5579 1783594364.383 1 
291496278 5580 1783594364.433 1 
301454202 5581 1783594364.483 1 
311411504 5582 1783594364.533 1 
321436940 5583 1783594364.583 1 
331409948 5584 1783594364.633 1 
341496992 5585 1783594364.683 1 
351358630 5586 1783594364.733 1 
361358541 5587 1783594364.783 1 
371357993 5588 1783594364.833 1 
381358046 5589 1783594364.883 1 
391359561 5590 1783594364.933 1 
401357519 5591 1783594364.983 1 
411357877 5592 1783594365.033 1 
421410915 5593 1783594365.083 1 
431437935 5594 1783594365.133 1 
441410864 5595 1783594365.183 1 
451496870 5596 1783594365.233 1 
461411163 5597 1783594365.284 1 
471496595 5598 1783594365.333 1 
481357496 5599 1783594365.383 1 
491358819 5600 1783594365.433 1 
501454593 5601 1783594365.483 1 
511410103 5602 1783594365.533 1 
521497438 5603 1783594365.583 1 
531410576 5604 1783594365.633 1 
541461615 5605 1783594365.683 1 
551496915 5606 1783594365.733 1 
561359526 5607 1783594365.783 1 
571411056 5608 1783594365.833 1 
581496328 5609 1783594365.883 1 
591410656 5610 1783594365.933 1 
601497536 5611 1783594365.983 1 
611410053 5612 1783594366.033 1 
621498018 5613 1783594366.083 1 
631360035 5614 1783594366.134 1 
641358673 5615 1783594366.183 1 
651410729 5616 1783594366.233 1 
661497464 5617 1783594366.283 1 
671358290 5618 1783594366.334 1 
681358307 5619 1783594366.383 1 
691411507 5620 1783594366.433 1 
701456486 5621 1783594366.483 1 
711410396 5622 1783594366.535 1 
721497142 5623 1783594366.583 1 
731410879 5624 1783594366.634 1 
741497141 5625 1783594366.683 1 
751410572 5626 1783594366.734 1 
761498322 5627 1783594366.783 1 
771410085 5628 1783594366.834 1 
781497573 5629 1783594366.883 1 
791412597 5630 1783594366.934 1 
801497323 5631 1783594366.983 1 
811411238 5632 1783594367.034 1 
821497202 5633 1783594367.083 1 
831410214 5634 1783594367.134 1 
841498799 5635 1783594367.183 1 
851358132 5636 1783594367.234 1 
861359800 5637 1783594367.283 1 
871358769 5638 1783594367.333 1 
881358612 5639 1783594367.383 1 
891410411 5640 1783594367.433 1 
901455800 5641 1783594367.483 1 
911410886 5642 1783594367.533 1 
921496516 5643 1783594367.583 1 
931411165 5644 1783594367.634 1 
941498226 5645 1783594367.683 1 
951359000 5646 1783594367.734 1 
961410672 5647 1783594367.783 1 
971497712 5648 1783594367.833 1 
981410656 5649 1783594367.884 1 
991496413 5650 1783594367.933 1 
1001356786 5651 1783594367.984 1 
1011357369 5652 1783594368.033 1 
1021410971 5653 1783594368.083 1 
1031496035 5654 1783594368.133 1 
1041357670 5655 1783594368.184 1 
1051358488 5656 1783594368.233 1 
1061410903 5657 1783594368.283 1 
1071497467 5658 1783594368.333 1 
1081409843 5659 1783594368.384 1 
1091496716 5660 1783594368.433 1 
1101492581 5661 1783594368.484 1 
1111412132 5662 1783594368.534 1 
1121496554 5663 1783594368.583 1 
1131410492 5664 1783594368.634 1 
1141497599 5665 1783594368.683 1 
1151410354 5666 1783594368.734 1 
1161497235 5667 1783594368.783 1 
1171410299 5668 1783594368.834 1 
1181497697 5669 1783594368.883 1 
1191409750 5670 1783594368.934 1 
1201497907 5671 1783594368.983 1 
1211376679 5672 1783594369.034 1 
1221411289 5673 1783594369.083 1 
1231497174 5674 1783594369.133 1 
1241410830 5675 1783594369.184 1 
1251496503 5676 1783594369.233 1 
1261411136 5677 1783594369.284 1 
1271496551 5678 1783594369.333 1 
1281410691 5679 1783594369.384 1 
1291497117 5680 1783594369.433 1 
1301508110 5681 1783594369.484 1 
1311410849 5682 1783594369.534 1 
1321437562 5683 1783594369.583 1 
1331411146 5684 1783594369.633 1 
1341497663 5685 1783594369.683 1 
1351358328 5686 1783594369.734 1 
1361411070 5687 1783594369.783 1 
1371497660 5688 1783594369.833 1 
1381408762 5689 1783594369.884 1 
1391496381 5690 1783594369.933 1 
1401357633 5691 1783594369.984 1 
1411357928 5692 1783594370.033 1 
1421410679 5693 1783594370.083 1 
1431497118 5694 1783594370.133 1 
1441358817 5695 1783594370.184 1 
1451358682 5696 1783594370.233 1 
1461357101 5697 1783594370.283 1 
1471409730 5698 1783594370.333 1 
1481437092 5699 1783594370.383 1 
1491357954 5700 1783594370.433 1 
1501362899 5701 1783594370.483 1 
1511410813 5702 1783594370.533 1 
1521461272 5703 1783594370.583 1 
1531496458 5704 1783594370.633 1 
1541410417 5705 1783594370.684 1 
1551496451 5706 1783594370.733 1 
1561357450 5707 1783594370.784 1 
1571410026 5708 1783594370.833 1 
1581437276 5709 1783594370.883 1 
1591411479 5710 1783594370.933 1 
1601497276 5711 1783594370.983 1 
1611410617 5712 1783594371.034 1 
1621496505 5713 1783594371.083 1 
1631411344 5714 1783594371.134 1 
1641496883 5715 1783594371.183 1 
1651375365 5716 1783594371.234 1 
1661410871 5717 1783594371.283 1 
1671436910 5718 1783594371.333 1 
1681358363 5719 1783594371.384 1 
1691410819 5720 1783594371.433 1 
1701454642 5721 1783594371.483 1 
1711410093 5722 1783594371.535 1 
1721496928 5723 1783594371.583 1 
1731410780 5724 1783594371.634 1 
1741495637 5725 1783594371.683 1 
1751357554 5726 1783594371.734 1 
1761411004 5727 1783594371.783 1 
1771496890 5728 1783594371.833 1 
1781358360 5729 1783594371.884 1 
1791426014 5730 1783594371.933 1 
1801497195 5731 1783594371.984 1 
1811411024 5732 1783594372.034 1 
1821498416 5733 1783594372.083 1 
1831411183 5734 1783594372.134 1 
1841497259 5735 1783594372.183 1 
1851409550 5736 1783594372.234 1 
1861497468 5737 1783594372.283 1 
1871411952 5738 1783594372.334 1 
1881496784 5739 1783594372.383 1 
1891411854 5740 1783594372.434 1 
1901444194 5741 1783594372.483 1 
1911358383 5742 1783594372.534 1 
1921410447 5743 1783594372.583 1 
1931496390 5744 1783594372.633 1 
1941409360 5745 1783594372.684 1 
1951496424 5746 1783594372.733 1 
1961410938 5747 1783594372.784 1 
1971497881 5748 1783594372.833 1 
1981410343 5749 1783594372.884 1 
1991496413 5750 1783594372.933 1 
2001410111 5751 1783594372.984 1 
2011497632 5752 1783594373.033 1 
2021409880 5753 1783594373.084 1 
2031495470 5754 1783594373.133 1 
2041410276 5755 1783594373.184 1 
2051497102 5756 1783594373.233 1 
2061411023 5757 1783594373.284 1 
2071498012 5758 1783594373.333 1 
2081411308 5759 1783594373.384 1 
2091496820 5760 1783594373.433 1 
2101363720 5761 1783594373.484 1 
2111358293 5762 1783594373.533 1 
2121410631 5763 1783594373.583 1 
2131497123 5764 1783594373.633 1 
2141410351 5765 1783594373.684 1 
2151497492 5766 1783594373.733 1 
2161358755 5767 1783594373.784 1 
2171410352 5768 1783594373.833 1 
2181498672 5769 1783594373.884 1 
2191359105 5770 1783594373.934 1 
2201358122 5771 1783594373.983 1 
2211357742 5772 1783594374.033 1 
2221410774 5773 1783594374.083 1 
2231496916 5774 1783594374.133 1 
2241409609 5775 1783594374.184 1 
2251436173 5776 1783594374.233 1 
2261359090 5777 1783594374.284 1 
2271410755 5778 1783594374.333 1 
2281497229 5779 1783594374.383 1 
2291358634 5780 1783594374.434 1 
2301462697 5781 1783594374.483 1 
2311411014 5782 1783594374.534 1 
2321497583 5783 1783594374.583 1 
2331409121 5784 1783594374.634 1 
2341496485 5785 1783594374.684 1 
2351410976 5786 1783594374.734 1 
2361497491 5787 1783594374.783 1 
2371409737 5788 1783594374.834 1 
2381497322 5789 1783594374.884 1 
2391409807 5790 1783594374.934 1 
2401496948 5791 1783594374.983 1 
2411411156 5792 1783594375.034 1 
2421498352 5793 1783594375.083 1 
2431409146 5794 1783594375.134 1 
2441496079 5795 1783594375.184 1 
2451411347 5796 1783594375.234 1 
2461497230 5797 1783594375.283 1 
2471411442 5798 1783594375.334 1 
2481496474 5799 1783594375.383 1 
2491410544 5800 1783594375.434 1 
2501455553 5801 1783594375.483 1 
2511357977 5802 1783594375.534 1 
2521410835 5803 1783594375.583 1 
2531437685 5804 1783594375.634 1 
2541357464 5805 1783594375.684 1 
2551409727 5806 1783594375.733 1 
2561495874 5807 1783594375.784 1 
2571357733 5808 1783594375.834 1 
2581410483 5809 1783594375.883 1 
2591497826 5810 1783594375.934 1 
2601409634 5811 1783594375.984 1 
2611496919 5812 1783594376.034 1 
2621411034 5813 1783594376.084 1 
2631496315 5814 1783594376.134 1 
2641409703 5815 1783594376.184 1 
2651495201 5816 1783594376.234 1 
2661358469 5817 1783594376.284 1 
2671357927 5818 1783594376.333 1 
2681410215 5819 1783594376.383 1 
2691437531 5820 1783594376.434 1 
2701362815 5821 1783594376.484 1 
2711410964 5822 1783594376.535 1 
2721436455 5823 1783594376.584 1 
2731411583 5824 1783594376.634 1 
2741496839 5825 1783594376.684 1 
2751358296 5826 1783594376.734 1 
2761411364 5827 1783594376.783 1 
2771496194 5828 1783594376.834 1 
2781410050 5829 1783594376.884 1 
2791497060 5830 1783594376.934 1 
2801411088 5831 1783594376.984 1 
2811497373 5832 1783594377.034 1 
2821410554 5833 1783594377.084 1 
2831497197 5834 1783594377.134 1 
2841410955 5835 1783594377.184 1 
2851498046 5836 1783594377.233 1 
2861409975 5837 1783594377.284 1 
2871497776 5838 1783594377.333 1 
2881360233 5839 1783594377.384 1 
2891411049 5840 1783594377.433 1 
2901455338 5841 1783594377.484 1 
2911410851 5842 1783594377.534 1 
2921495767 5843 1783594377.584 1 
2931411266 5844 1783594377.634 1 
2941496454 5845 1783594377.684 1 
2951358339 5846 1783594377.734 1 
2961358407 5847 1783594377.783 1 
2971410697 5848 1783594377.833 1 
2981497042 5849 1783594377.884 1 
2991409605 5850 1783594377.934 1 
3001497208 5851 1783594377.984 1 
3011411257 5852 1783594378.034 1 
3021494867 5853 1783594378.084 1 
3031410328 5854 1783594378.134 1 
3041496693 5855 1783594378.184 1 
3051410679 5856 1783594378.234 1 
3061496751 5857 1783594378.284 1 
3071359540 5858 1783594378.334 1 
3081410326 5859 1783594378.383 1 
3091496673 5860 1783594378.434 1 
3101493273 5861 1783594378.484 1 
3111410803 5862 1783594378.534 1 
3121496571 5863 1783594378.584 1 
3131409608 5864 1783594378.634 1 
3141497447 5865 1783594378.684 1 
3151409518 5866 1783594378.734 1 
3161497988 5867 1783594378.784 1 
3171358459 5868 1783594378.834 1 
3181410532 5869 1783594378.884 1 
3191496366 5870 1783594378.934 1 
3201410930 5871 1783594378.984 1 
3211496988 5872 1783594379.034 1 
3221409144 5873 1783594379.084 1 
3231496942 5874 1783594379.134 1 
3241411697 5875 1783594379.184 1 
3251497499 5876 1783594379.234 1 
3261410947 5877 1783594379.284 1 
3271495766 5878 1783594379.334 1 
3281409938 5879 1783594379.384 1 
3291497244 5880 1783594379.434 1 
3301508215 5881 1783594379.484 1 
3311411617 5882 1783594379.534 1 
3321496756 5883 1783594379.584 1 
3331409684 5884 1783594379.634 1 
3341498024 5885 1783594379.684 1 
3351411428 5886 1783594379.734 1 
3361497419 5887 1783594379.784 1 
3371409997 5888 1783594379.834 1 
3381437593 5889 1783594379.884 1 
3391410741 5890 1783594379.934 1 
3401497083 5891 1783594379.984 1 
3411411062 5892 1783594380.034 1 
3421437195 5893 1783594380.084 1 
3431410366 5894 1783594380.134 1 
3441497406 5895 1783594380.184 1 
3451410021 5896 1783594380.234 1 
3461496724 5897 1783594380.284 1 
3471357818 5898 1783594380.334 1 
3481358698 5899 1783594380.384 1 
3491410211 5900 1783594380.433 1 
3501456824 5901 1783594380.484 1 
3511357644 5902 1783594380.534 1 
3521357649 5903 1783594380.584 1 
3531410200 5904 1783594380.633 1 
3541436899 5905 1783594380.684 1 
3551357799 5906 1783594380.734 1 
3561410834 5907 1783594380.784 1 
3571438016 5908 1783594380.834 1 
3581411411 5909 1783594380.884 1 
3591497612 5910 1783594380.934 1 
3601411109 5911 1783594380.984 1 
3611496788 5912 1783594381.034 1 
3621410632 5913 1783594381.084 1 
3631494824 5914 1783594381.134 1 
3641412237 5915 1783594381.184 1 
3651497020 5916 1783594381.234 1 
3661410291 5917 1783594381.284 1 
3671497847 5918 1783594381.334 1 
3681358123 5919 1783594381.384 1 
3691410926 5920 1783594381.433 1 
3701442020 5921 1783594381.484 1 
3711357654 5922 1783594381.535 1 
3721409748 5923 1783594381.584 1 
3731497382 5924 1783594381.634 1 
3741411457 5925 1783594381.684 1 
3751461627 5926 1783594381.734 1 
3761497848 5927 1783594381.784 1 
3771411100 5928 1783594381.835 1 
3781496842 5929 1783594381.884 1 
3791411660 5930 1783594381.934 1 
3801496095 5931 1783594381.984 1 
3811411788 5932 1783594382.034 1 
3821497175 5933 1783594382.084 1 
3831411011 5934 1783594382.134 1 
3841496880 5935 1783594382.184 1 
3851411199 5936 1783594382.234 1 
3861497285 5937 1783594382.284 1 
3871411304 5938 1783594382.334 1 
3881497619 5939 1783594382.384 1 
3891409017 5940 1783594382.435 1 
3901454996 5941 1783594382.484 1 
3911410695 5942 1783594382.534 1 
3921496876 5943 1783594382.584 1 
3931358399 5944 1783594382.634 1 
3941411076 5945 1783594382.684 1 
3951436879 5946 1783594382.734 1 
3961411712 5947 1783594382.784 1 
3971437370 5948 1783594382.834 1 
3981358095 5949 1783594382.884 1 
3991411908 5950 1783594382.934 1 
4001497105 5951 1783594382.984 1 
4011358064 5952 1783594383.034 1 
4021410989 5953 1783594383.084 1 
4031461460 5954 1783594383.134 1 
4041497337 5955 1783594383.184 1 
4051356919 5956 1783594383.234 1 
4061358093 5957 1783594383.284 1 
4071411098 5958 1783594383.334 1 
4081498985 5959 1783594383.384 1 
4091360687 5960 1783594383.434 1 
4101363074 5961 1783594383.484 1 
4111410692 5962 1783594383.534 1 
4121537734 5963 1783594383.584 1 
4131358583 5964 1783594383.635 1 
4141357606 5965 1783594383.684 1 
4151409601 5966 1783594383.734 1 
4161496719 5967 1783594383.784 1 
4171411743 5968 1783594383.834 1 
4181497059 5969 1783594383.884 1 
4191358150 5970 1783594383.934 1 
4201358712 5971 1783594383.984 1 
4211410261 5972 1783594384.034 1 
4221496791 5973 1783594384.084 1 
4231358312 5974 1783594384.134 1 
4241357898 5975 1783594384.184 1 
4251358292 5976 1783594384.234 1 
4261410269 5977 1783594384.284 1 
4271435675 5978 1783594384.334 1 
4281358648 5979 1783594384.384 1 
4291410489 5980 1783594384.434 1 
6488858 5981 1783594384.484 1 
16391833 5982 1783594384.534 1 
26390571 5983 1783594384.584 1 
36390418 5984 1783594384.634 1 
46390323 5985 1783594384.684 1 
56390725 5986 1783594384.734 1 
66443262 5987 1783594384.784 1 
76529424 5988 1783594384.834 1 
86443320 5989 1783594384.884 1 
96530527 5990 1783594384.934 1 
106442052 5991 1783594384.984 1 
116529702 5992 1783594385.034 1 
126390993 5993 1783594385.084 1 
136391090 5994 1783594385.134 1 
146443759 5995 1783594385.184 1 
156529365 5996 1783594385.234 1 
166390633 5997 1783594385.284 1 
176391295 5998 1783594385.334 1 
186391295 5999 1783594385.384 1 
196443223 6000 1783594385.434 1 
206487289 6001 1783594385.484 1 
216442836 6002 1783594385.534 1 
226529876 6003 1783594385.584 1 
236442757 6004 1783594385.634 1 
246529493 6005 1783594385.684 1 
256442446 6006 1783594385.735 1 
266529541 6007 1783594385.784 1 
276442503 6008 1783594385.835 1 
286529038 6009 1783594385.884 1 
296444101 6010 1783594385.935 1 
306469421 6011 1783594385.984 1 
316442929 6012 1783594386.034 1 
326530397 6013 1783594386.084 1 
336390524 6014 1783594386.135 1 
346443380 6015 1783594386.184 1 
356530062 6016 1783594386.234 1 
366391567 6017 1783594386.284 1 
376443089 6018 1783594386.334 1 
386528634 6019 1783594386.384 1 
396390278 6020 1783594386.434 1 
406525453 6021 1783594386.484 1 
416463641 6022 1783594386.535 1 
426495072 6023 1783594386.584 1 
436530613 6024 1783594386.634 1 
446442257 6025 1783594386.684 1 
456469398 6026 1783594386.734 1 
466391162 6027 1783594386.784 1 
476390796 6028 1783594386.834 1 
486442765 6029 1783594386.884 1 
496529918 6030 1783594386.934 1 
506392019 6031 1783594386.985 1 
516443839 6032 1783594387.034 1 
526529983 6033 1783594387.084 1 
536442987 6034 1783594387.134 1 
546529564 6035 1783594387.184 1 
556390723 6036 1783594387.235 1 
566445030 6037 1783594387.284 1 
576469943 6038 1783594387.334 1 
586391975 6039 1783594387.384 1 
596443877 6040 1783594387.434 1 
606487641 6041 1783594387.484 1 
616444479 6042 1783594387.534 1 
626530086 6043 1783594387.584 1 
636444290 6044 1783594387.634 1 
646529467 6045 1783594387.684 1 
656443352 6046 1783594387.735 1 
666470306 6047 1783594387.784 1 
676391748 6048 1783594387.834 1 
686390747 6049 1783594387.884 1 
696389769 6050 1783594387.934 1 
706443987 6051 1783594387.984 1 
716529646 6052 1783594388.034 1 
726391793 6053 1783594388.085 1 
736390463 6054 1783594388.134 1 
746443711 6055 1783594388.184 1 
756530220 6056 1783594388.234 1 
766442551 6057 1783594388.285 1 
776530729 6058 1783594388.334 1 
786391152 6059 1783594388.385 1 
796444227 6060 1783594388.434 1 
806487796 6061 1783594388.484 1 
816442896 6062 1783594388.534 1 
826529745 6063 1783594388.584 1 
836390119 6064 1783594388.635 1 
846443731 6065 1783594388.684 1 
856529161 6066 1783594388.734 1 
866443682 6067 1783594388.785 1 
876529899 6068 1783594388.834 1 
886390751 6069 1783594388.885 1 
896443198 6070 1783594388.934 1 
906493743 6071 1783594388.984 1 
916470528 6072 1783594389.034 1 
926390315 6073 1783594389.084 1 
936443858 6074 1783594389.134 1 
946470730 6075 1783594389.184 1 
956443669 6076 1783594389.234 1 
966529848 6077 1783594389.284 1 
976444133 6078 1783594389.335 1 
986494613 6079 1783594389.384 1 
996529972 6080 1783594389.434 1 
1006540367 6081 1783594389.485 1 
1016444746 6082 1783594389.535 1 
1026493737 6083 1783594389.584 1 
1036529374 6084 1783594389.634 1 
1046391385 6085 1783594389.685 1 
1056444408 6086 1783594389.734 1 
1066529624 6087 1783594389.784 1 
1076442839 6088 1783594389.835 1 
1086530266 6089 1783594389.884 1 
1096442321 6090 1783594389.935 1 
1106530031 6091 1783594389.984 1 
1116391248 6092 1783594390.035 1 
1126443173 6093 1783594390.084 1 
1136469437 6094 1783594390.134 1 
1146444754 6095 1783594390.184 1 
1156470452 6096 1783594390.234 1 
1166444004 6097 1783594390.284 1 
1176469765 6098 1783594390.334 1 
1186443760 6099 1783594390.384 1 
1196544909 6100 1783594390.434 1 
1206395417 6101 1783594390.485 1 
1216445007 6102 1783594390.534 1 
1226528091 6103 1783594390.584 1 
1236443870 6104 1783594390.635 1 
1246529694 6105 1783594390.684 1 
1256390815 6106 1783594390.735 1 
1266442955 6107 1783594390.784 1 
1276530236 6108 1783594390.834 1 
1286443283 6109 1783594390.885 1 
1296530279 6110 1783594390.934 1 
1306390420 6111 1783594390.985 1 
1316443689 6112 1783594391.034 1 
1326529477 6113 1783594391.084 1 
1336443908 6114 1783594391.135 1 
1346530533 6115 1783594391.184 1 
1356392194 6116 1783594391.235 1 
1366442441 6117 1783594391.284 1 
1376468990 6118 1783594391.334 1 
1386442715 6119 1783594391.384 1 
1396530160 6120 1783594391.434 1 
1406395564 6121 1783594391.485 1 
1416442289 6122 1783594391.535 1 
1426529584 6123 1783594391.584 1 
1436390382 6124 1783594391.635 1 
1446390696 6125 1783594391.684 1 
1456389883 6126 1783594391.734 1 
1466390312 6127 1783594391.784 1 
1476443490 6128 1783594391.834 1 
1486529296 6129 1783594391.884 1 
1496443938 6130 1783594391.935 1 
1506531127 6131 1783594391.984 1 
1516443340 6132 1783594392.035 1 
1526530054 6133 1783594392.084 1 
1536390097 6134 1783594392.135 1 
1546390710 6135 1783594392.184 1 
1556391520 6136 1783594392.234 1 
1566390688 6137 1783594392.284 1 
1576442857 6138 1783594392.334 1 
1586529866 6139 1783594392.384 1 
1596443874 6140 1783594392.435 1 
1606487504 6141 1783594392.484 1 
1616443028 6142 1783594392.535 1 
1626469959 6143 1783594392.584 1 
1636443394 6144 1783594392.635 1 
1646470793 6145 1783594392.684 1 
1656391516 6146 1783594392.735 1 
1666443921 6147 1783594392.784 1 
1676530350 6148 1783594392.834 1 
1686442869 6149 1783594392.885 1 
1696544757 6150 1783594392.934 1 
1706391228 6151 1783594392.985 1 
1716391594 6152 1783594393.034 1 
1726391141 6153 1783594393.084 1 
1736391298 6154 1783594393.134 1 
1746391580 6155 1783594393.184 1 
1756390729 6156 1783594393.234 1 
1766391190 6157 1783594393.284 1 
1776442401 6158 1783594393.334 1 
1786494554 6159 1783594393.384 1 
1796469079 6160 1783594393.435 1 
1806395824 6161 1783594393.485 1 
1816391583 6162 1783594393.534 1 
1826443424 6163 1783594393.584 1 
1836530290 6164 1783594393.634 1 
1846443362 6165 1783594393.685 1 
1856469352 6166 1783594393.734 1 
1866444155 6167 1783594393.784 1 
1876530700 6168 1783594393.834 1 
1886444263 6169 1783594393.885 1 
1896529481 6170 1783594393.935 1 
1906391853 6171 1783594393.985 1 
1916442817 6172 1783594394.034 1 
1926529827 6173 1783594394.084 1 
1936444619 6174 1783594394.135 1 
1946530458 6175 1783594394.184 1 
1956443834 6176 1783594394.235 1 
1966530021 6177 1783594394.284 1 
1976443760 6178 1783594394.335 1 
1986530556 6179 1783594394.384 1 
1996442451 6180 1783594394.435 1 
2006488409 6181 1783594394.484 1 
2016390733 6182 1783594394.535 1 
2026390887 6183 1783594394.584 1 
2036443800 6184 1783594394.634 1 
2046530151 6185 1783594394.684 1 
2056389736 6186 1783594394.735 1 
2066391334 6187 1783594394.784 1 
2076391885 6188 1783594394.834 1 
2086443030 6189 1783594394.884 1 
2096469964 6190 1783594394.934 1 
2106442859 6191 1783594394.985 1 
2116529149 6192 1783594395.034 1 
2126443911 6193 1783594395.085 1 
2136470103 6194 1783594395.134 1 
2146392489 6195 1783594395.185 1 
2156444360 6196 1783594395.234 1 
2166530178 6197 1783594395.284 1 
2176443490 6198 1783594395.335 1 
2186530056 6199 1783594395.385 1 
2196391648 6200 1783594395.435 1 
2206540289 6201 1783594395.484 1 
2216443440 6202 1783594395.535 1 
2226529101 6203 1783594395.585 1 
2236442435 6204 1783594395.635 1 
2246469125 6205 1783594395.684 1 
2256391810 6206 1783594395.735 1 
2266391517 6207 1783594395.784 1 
2276391837 6208 1783594395.834 1 
2286391746 6209 1783594395.884 1 
2296443708 6210 1783594395.934 1 
2306529941 6211 1783594395.985 1 
2316392622 6212 1783594396.035 1 
2326443913 6213 1783594396.084 1 
2336468318 6214 1783594396.135 1 
2346391260 6215 1783594396.185 1 
2356390861 6216 1783594396.234 1 
2366390885 6217 1783594396.284 1 
2376391311 6218 1783594396.334 1 
2386444991 6219 1783594396.384 1 
2396529378 6220 1783594396.435 1 
2406396786 6221 1783594396.485 1 
2416390942 6222 1783594396.535 1 
2426389943 6223 1783594396.584 1 
2436391288 6224 1783594396.634 1 
2446442769 6225 1783594396.684 1 
2456529489 6226 1783594396.735 1 
2466443212 6227 1783594396.785 1 
2476468946 6228 1783594396.835 1 
2486390215 6229 1783594396.885 1 
2496390816 6230 1783594396.934 1 
2506443508 6231 1783594396.984 1 
2516530135 6232 1783594397.035 1 
2526391078 6233 1783594397.085 1 
2536392491 6234 1783594397.134 1 
2546442840 6235 1783594397.184 1 
2556529024 6236 1783594397.235 1 
2566444675 6237 1783594397.285 1 
2576469293 6238 1783594397.335 1 
2586390813 6239 1783594397.385 1 
2596390526 6240 1783594397.434 1 
2606404036 6241 1783594397.484 1 
2616392341 6242 1783594397.534 1 
2626392503 6243 1783594397.584 1 
2636443029 6244 1783594397.634 1 
2646469119 6245 1783594397.685 1 
2656443561 6246 1783594397.735 1 
2666529294 6247 1783594397.785 1 
2676416509 6248 1783594397.835 1 -2.991 11.486 1.495 23.561 72 424 
2686443575 6249 1783594397.885 1 
2696470363 6250 1783594397.935 1 
2706390604 6251 1783594397.985 1 
2716391077 6252 1783594398.034 1 
2726391110 6253 1783594398.084 1 
2736390856 6254 1783594398.134 1 
2746390732 6255 1783594398.184 1 
2756391372 6256 1783594398.234 1 
2766391147 6257 1783594398.284 1 
2776391251 6258 1783594398.334 1 
2786390404 6259 1783594398.384 1 
2796390487 6260 1783594398.434 1 
2806487384 6261 1783594398.484 1 
2816390751 6262 1783594398.535 1 
2826442822 6263 1783594398.585 1 
2836529891 6264 1783594398.635 1 
2846391363 6265 1783594398.685 1 
2856442551 6266 1783594398.734 1 
2866529780 6267 1783594398.785 1 
2876392495 6268 1783594398.835 1 
2886442734 6269 1783594398.885 1 
2896470571 6270 1783594398.935 1 
2906391134 6271 1783594398.985 1 
2916391125 6272 1783594399.035 1 
2926391734 6273 1783594399.085 1 
2936444603 6274 1783594399.135 1 
2946469157 6275 1783594399.185 1 
2956391623 6276 1783594399.235 1 
2966391063 6277 1783594399.284 1 
2976391048 6278 1783594399.335 1 
2986443135 6279 1783594399.384 1 
2996529444 6280 1783594399.435 1 
3006462987 6281 1783594399.485 1 
3016390771 6282 1783594399.535 1 
3026391020 6283 1783594399.584 1 
3036391275 6284 1783594399.635 1 
3046444201 6285 1783594399.685 1 
3056469772 6286 1783594399.735 1 
3066389879 6287 1783594399.785 1 
3076392520 6288 1783594399.835 1 
3086444225 6289 1783594399.885 1 
3096471032 6290 1783594399.935 1 
3106444808 6291 1783594399.985 1 
3116530784 6292 1783594400.035 1 
3126442730 6293 1783594400.085 1 
3136530811 6294 1783594400.135 1 
3146444354 6295 1783594400.185 1 
3156531221 6296 1783594400.235 1 
3166389559 6297 1783594400.285 1 
3176391029 6298 1783594400.335 1 
3186391470 6299 1783594400.384 1 
3196442818 6300 1783594400.435 1 
3206474670 6301 1783594400.485 1 
3216391252 6302 1783594400.535 1 
3226391407 6303 1783594400.585 1 
3236443554 6304 1783594400.635 1 
3246529596 6305 1783594400.685 1 
3256391408 6306 1783594400.735 1 
3266390208 6307 1783594400.785 1 
3276390094 6308 1783594400.835 1 
3286391088 6309 1783594400.885 1 
3296443950 6310 1783594400.935 1 
3306468930 6311 1783594400.985 1 
3316442360 6312 1783594401.035 1 
3326530184 6313 1783594401.085 1 
3336391699 6314 1783594401.135 1 
3346391947 6315 1783594401.185 1 
3356390326 6316 1783594401.235 1 
3366443531 6317 1783594401.285 1 
3376529994 6318 1783594401.335 1 
3386390588 6319 1783594401.385 1 
3396443179 6320 1783594401.435 1 
3406488856 6321 1783594401.485 1 
3416392231 6322 1783594401.537 1 
3426442735 6323 1783594401.585 1 
3436470003 6324 1783594401.635 1 
3446389978 6325 1783594401.685 1 
3456443355 6326 1783594401.735 1 
3466530660 6327 1783594401.785 1 
3476390790 6328 1783594401.835 1 
3486391898 6329 1783594401.885 1 
3496391097 6330 1783594401.935 1 
3506390419 6331 1783594401.985 1 
3516443086 6332 1783594402.035 1 
3526469191 6333 1783594402.085 1 
3536389648 6334 1783594402.135 1 
3546442743 6335 1783594402.185 1 
3556471548 6336 1783594402.235 1 
3566391669 6337 1783594402.285 1 
3576408127 6338 1783594402.335 1 
3586444451 6339 1783594402.385 1 
3596470107 6340 1783594402.435 1 
3606542841 6341 1783594402.485 1 
3616441839 6342 1783594402.535 1 
3626468778 6343 1783594402.585 1 
3636389791 6344 1783594402.635 1 
3646391581 6345 1783594402.684 1 
3656391084 6346 1783594402.735 1 
3666389999 6347 1783594402.785 1 
3676390684 6348 1783594402.835 1 
3686392393 6349 1783594402.885 1 
3696443461 6350 1783594402.935 1 
3706469361 6351 1783594402.985 1 
3716392230 6352 1783594403.035 1 
3726390853 6353 1783594403.085 1 
3736444142 6354 1783594403.135 1 
3746529877 6355 1783594403.185 1 
3756391078 6356 1783594403.235 1 
3766390714 6357 1783594403.285 1 
3776391413 6358 1783594403.335 1 
3786391793 6359 1783594403.385 1 
3796391524 6360 1783594403.435 1 
3806495901 6361 1783594403.485 1 
3816444168 6362 1783594403.535 1 
3826469213 6363 1783594403.585 1 
3836443572 6364 1783594403.635 1 
3846530219 6365 1783594403.685 1 
3856390374 6366 1783594403.735 1 
3866391505 6367 1783594403.785 1 
3876391647 6368 1783594403.835 1 
3886442289 6369 1783594403.885 1 
3896495228 6370 1783594403.935 1 
3906530468 6371 1783594403.985 1 
3916441891 6372 1783594404.036 1 
3926530487 6373 1783594404.085 1 
3936443929 6374 1783594404.135 1 
3946529634 6375 1783594404.185 1 
3956391886 6376 1783594404.239 1 
3966443988 6377 1783594404.285 1 
3976529335 6378 1783594404.335 1 
3986443441 6379 1783594404.385 1 
3996546194 6380 1783594404.434 1 
4006526912 6381 1783594404.486 1 
4016389761 6382 1783594404.536 1 
4026390899 6383 1783594404.585 1 
4036442982 6384 1783594404.635 1 
4046468557 6385 1783594404.685 1 
4056390693 6386 1783594404.735 1 
4066443546 6387 1783594404.784 1 
4076469827 6388 1783594404.834 1 
4086443195 6389 1783594404.885 1 
4096529664 6390 1783594404.935 1 
4106391740 6391 1783594404.985 1 
4116391070 6392 1783594405.035 1 
4126390974 6393 1783594405.085 1 
4136392041 6394 1783594405.135 1 
4146443768 6395 1783594405.184 1 
4156529736 6396 1783594405.234 1 
4166391203 6397 1783594405.285 1 
4176443914 6398 1783594405.335 1 
4186470094 6399 1783594405.385 1 
4196406136 6400 1783594405.435 1 
4206540944 6401 1783594405.485 1 
4216392092 6402 1783594405.535 1 
4226389583 6403 1783594405.585 1 
4236390593 6404 1783594405.635 1 
4246390483 6405 1783594405.685 1 
4256390761 6406 1783594405.735 1 
4266443176 6407 1783594405.785 1 
4276530773 6408 1783594405.835 1 
4286442400 6409 1783594405.886 1 
1502398 6410 1783594405.935 1 
11422995 6411 1783594405.985 1 
21423781 6412 1783594406.035 1 
31423334 6413 1783594406.085 1 
41423921 6414 1783594406.135 1 
51476842 6415 1783594406.185 1 
61502311 6416 1783594406.235 1 
71423879 6417 1783594406.285 1 
81424333 6418 1783594406.334 1 
91423956 6419 1783594406.384 1 
101424017 6420 1783594406.434 1 
111436529 6421 1783594406.484 1 
121475427 6422 1783594406.534 1 
131501660 6423 1783594406.585 1 
141476402 6424 1783594406.634 1 
151563139 6425 1783594406.684 1 
161476107 6426 1783594406.735 1 
171562851 6427 1783594406.784 1 
181423190 6428 1783594406.835 1 
191423812 6429 1783594406.884 1 
201422385 6430 1783594406.934 1 
211476493 6431 1783594406.984 1 
221563106 6432 1783594407.034 1 
231423704 6433 1783594407.085 1 
241477164 6434 1783594407.134 1 
251562967 6435 1783594407.184 1 
261476061 6436 1783594407.235 1 
271560681 6437 1783594407.284 1 
281422864 6438 1783594407.335 1 
291423787 6439 1783594407.384 1 
301423462 6440 1783594407.434 1 
311575262 6441 1783594407.484 1 
321424262 6442 1783594407.535 1 
331423580 6443 1783594407.584 1 
341422998 6444 1783594407.634 1 
351475163 6445 1783594407.684 1 
361562336 6446 1783594407.734 1 
371476527 6447 1783594407.785 1 
381562203 6448 1783594407.834 1 
391425546 6449 1783594407.885 1 
401476812 6450 1783594407.934 1 
411561792 6451 1783594407.984 1 
421474865 6452 1783594408.035 1 
431561733 6453 1783594408.084 1 
441476098 6454 1783594408.135 1 
451562883 6455 1783594408.184 1 
461424400 6456 1783594408.235 1 
471476530 6457 1783594408.284 1 
481562701 6458 1783594408.334 1 
491424037 6459 1783594408.385 1 
501424028 6460 1783594408.434 1 
511520765 6461 1783594408.484 1 
521424186 6462 1783594408.535 1 
531424092 6463 1783594408.584 1 
541422924 6464 1783594408.634 1 
551475476 6465 1783594408.684 1 
561563781 6466 1783594408.734 1 
571423598 6467 1783594408.785 1 
581476983 6468 1783594408.834 1 
591562501 6469 1783594408.884 1 
601476668 6470 1783594408.935 1 
611561226 6471 1783594408.984 1 
621424670 6472 1783594409.035 1 
631476722 6473 1783594409.084 1 
641563422 6474 1783594409.134 1 
651423516 6475 1783594409.185 1 
661423351 6476 1783594409.234 1 
671474535 6477 1783594409.284 1 
681562604 6478 1783594409.334 1 
691423622 6479 1783594409.385 1 
701477670 6480 1783594409.434 1 
711519886 6481 1783594409.484 1 
721423769 6482 1783594409.535 1 
731423594 6483 1783594409.584 1 
741476067 6484 1783594409.634 1 
751562694 6485 1783594409.684 1 
761476156 6486 1783594409.735 1 
771562711 6487 1783594409.784 1 
781423799 6488 1783594409.835 1 
791475693 6489 1783594409.884 1 
801561903 6490 1783594409.934 1 
811423920 6491 1783594409.985 1 
821476928 6492 1783594410.034 1 
831562944 6493 1783594410.084 1 
841423968 6494 1783594410.135 1 
851475848 6495 1783594410.184 1 
861562332 6496 1783594410.234 1 
871476038 6497 1783594410.285 1 
881502133 6498 1783594410.334 1 
891476170 6499 1783594410.384 1 
901562645 6500 1783594410.434 1 
911429391 6501 1783594410.485 1 
921423787 6502 1783594410.534 1 
931476246 6503 1783594410.584 1 
941561716 6504 1783594410.634 1 
951424754 6505 1783594410.685 1 
961477105 6506 1783594410.734 1 
971562511 6507 1783594410.784 1 
981424001 6508 1783594410.835 1 
991424902 6509 1783594410.884 1 
1001476429 6510 1783594410.934 1 
1011562036 6511 1783594410.984 1 
1021476387 6512 1783594411.035 1 
1031562634 6513 1783594411.084 1 
1041476006 6514 1783594411.135 1 
1051563649 6515 1783594411.184 1 
1061476725 6516 1783594411.235 1 
1071562860 6517 1783594411.285 1 
1081425540 6518 1783594411.336 1 
1091423944 6519 1783594411.385 1 
1101475303 6520 1783594411.435 1 
1111520402 6521 1783594411.485 1 
1121476779 6522 1783594411.536 1 
1131502601 6523 1783594411.586 1 
1141476987 6524 1783594411.635 1 
1151563132 6525 1783594411.685 1 
1161423292 6526 1783594411.736 1 
1171423657 6527 1783594411.785 1 
1181475610 6528 1783594411.835 1 
1191562316 6529 1783594411.885 1 
1201422745 6530 1783594411.936 1 
1211424058 6531 1783594411.985 1 
1221477303 6532 1783594412.035 1 
1231502300 6533 1783594412.085 1 
1241424283 6534 1783594412.135 1 
1251475744 6535 1783594412.185 1 
1261562435 6536 1783594412.235 1 
1271476875 6537 1783594412.286 1 
1281561457 6538 1783594412.335 1 
1291423496 6539 1783594412.386 1 
1301476818 6540 1783594412.435 1 
1311518839 6541 1783594412.485 1 
1321476851 6542 1783594412.536 1 
1331562449 6543 1783594412.585 1 
1341476420 6544 1783594412.636 1 
1351561471 6545 1783594412.685 1 
1361477647 6546 1783594412.736 1 
1371562261 6547 1783594412.785 1 
1381423884 6548 1783594412.836 1 
1391423805 6549 1783594412.885 1 
1401476105 6550 1783594412.935 1 
1411502094 6551 1783594412.985 1 
1421476412 6552 1783594413.036 1 
1431562753 6553 1783594413.086 1 
1441475271 6554 1783594413.136 1 
1451561149 6555 1783594413.185 1 
1461424487 6556 1783594413.236 1 
1471476192 6557 1783594413.285 1 
1481562426 6558 1783594413.335 1 
1491423553 6559 1783594413.386 1 
1501474751 6560 1783594413.435 1 
1511520086 6561 1783594413.485 1 
1521474583 6562 1783594413.536 1 
1531502946 6563 1783594413.585 1 
1541475854 6564 1783594413.636 1 
1551502424 6565 1783594413.685 1 
1561477103 6566 1783594413.736 1 
1571563148 6567 1783594413.785 1 
1581437677 6568 1783594413.836 1 
1591477715 6569 1783594413.885 1 
1601562796 6570 1783594413.935 1 
1611477573 6571 1783594413.986 1 
1621503107 6572 1783594414.035 1 
1631476589 6573 1783594414.086 1 
1641563018 6574 1783594414.135 1 
1651475496 6575 1783594414.186 1 
1661561979 6576 1783594414.235 1 
1671476291 6577 1783594414.286 1 
1681562249 6578 1783594414.335 1 
1691475201 6579 1783594414.386 1 
1701562267 6580 1783594414.435 1 
1711428831 6581 1783594414.486 1 
1721476389 6582 1783594414.535 1 
1731502960 6583 1783594414.585 1 
1741476608 6584 1783594414.635 1 
1751562358 6585 1783594414.685 1 
1761475912 6586 1783594414.736 1 
1771562779 6587 1783594414.785 1 
1781475997 6588 1783594414.836 1 
1791561615 6589 1783594414.886 1 
1801422828 6590 1783594414.936 1 
1811423535 6591 1783594414.985 1 
1821475654 6592 1783594415.035 1 
1831562607 6593 1783594415.086 1 
1841476776 6594 1783594415.136 1 
1851501514 6595 1783594415.186 1 
1861476264 6596 1783594415.236 1 
1871578815 6597 1783594415.285 1 
1881422613 6598 1783594415.336 1 
1891475917 6599 1783594415.385 1 
1901561589 6600 1783594415.435 1 
1911574056 6601 1783594415.486 1 
1921422963 6602 1783594415.536 1 
1931424240 6603 1783594415.585 1 
1941475589 6604 1783594415.635 1 
1951562511 6605 1783594415.685 1 
1961422719 6606 1783594415.736 1 
1971423039 6607 1783594415.785 1 
1981424094 6608 1783594415.835 1 
1991424320 6609 1783594415.885 1 
2001423946 6610 1783594415.935 1 
2011423471 6611 1783594415.985 1 
2021424514 6612 1783594416.035 1 
2031424388 6613 1783594416.085 1 
2041423209 6614 1783594416.135 1 
2051424001 6615 1783594416.185 1 
2061424034 6616 1783594416.235 1 
2071423792 6617 1783594416.285 1 
2081491518 6618 1783594416.335 1 
2091503204 6619 1783594416.386 1 
2101423753 6620 1783594416.436 1 
2111575010 6621 1783594416.485 1 
2121422885 6622 1783594416.536 1 
2131424361 6623 1783594416.586 1 
2141475065 6624 1783594416.635 1 
2151562556 6625 1783594416.686 1 
2161476041 6626 1783594416.736 1 
2171502761 6627 1783594416.786 1 
2181424258 6628 1783594416.836 1 
2191477182 6629 1783594416.885 1 
2201561623 6630 1783594416.935 1 
2211475494 6631 1783594416.986 1 
2221562242 6632 1783594417.035 1 
2231475778 6633 1783594417.086 1 
2241502685 6634 1783594417.135 1 
2251424592 6635 1783594417.186 1 
2261423867 6636 1783594417.235 1 
2271421828 6637 1783594417.285 1 
2281475810 6638 1783594417.335 1 
2291503303 6639 1783594417.386 1 
2301422403 6640 1783594417.436 1 
2311573088 6641 1783594417.485 1 
2321475772 6642 1783594417.536 1 
2331562423 6643 1783594417.586 1 
2341424574 6644 1783594417.636 1 
2351475023 6645 1783594417.685 1 
2361564270 6646 1783594417.735 1 
2371423247 6647 1783594417.786 1 
2381423754 6648 1783594417.835 1 
2391423241 6649 1783594417.885 1 
2401423549 6650 1783594417.935 1 
2411424104 6651 1783594417.985 1 
2421424419 6652 1783594418.035 1 
2431474581 6653 1783594418.085 1 
2441562044 6654 1783594418.136 1 
2451476182 6655 1783594418.186 1 
2461562815 6656 1783594418.236 1 
2471475848 6657 1783594418.286 1 
2481537787 6658 1783594418.336 1 -1.869 11.763 1.122 23.561 72 429 
2491424134 6659 1783594418.386 1 
2501423642 6660 1783594418.435 1 
2511520367 6661 1783594418.485 1 
2521422858 6662 1783594418.536 1 
2531475720 6663 1783594418.585 1 
2541563277 6664 1783594418.636 1 
2551423364 6665 1783594418.686 1 
2561476751 6666 1783594418.735 1 
2571563223 6667 1783594418.786 1 
2581477508 6668 1783594418.836 1 
2591560868 6669 1783594418.886 1 
2601425129 6670 1783594418.936 1 
2611474533 6671 1783594418.985 1 
2621501997 6672 1783594419.036 1 
2631477577 6673 1783594419.086 1 
2641562505 6674 1783594419.136 1 
2651423500 6675 1783594419.186 1 
2661424039 6676 1783594419.235 1 
2671476649 6677 1783594419.285 1 
2681501715 6678 1783594419.336 1 
2691423712 6679 1783594419.386 1 
2701476120 6680 1783594419.435 1 
2711521039 6681 1783594419.486 1 
2721475204 6682 1783594419.536 1 
2731502298 6683 1783594419.586 1 
2741423784 6684 1783594419.636 1 
2751475741 6685 1783594419.685 1 
2761562614 6686 1783594419.736 1 
2771476552 6687 1783594419.786 1 
2781501981 6688 1783594419.836 1 
2791476096 6689 1783594419.886 1 
2801518077 6690 1783594419.936 1 
2811422545 6691 1783594419.986 1 
2821423311 6692 1783594420.035 1 
2831424455 6693 1783594420.085 1 
2841475863 6694 1783594420.135 1 
2851502177 6695 1783594420.186 1 
2861477204 6696 1783594420.236 1 
2871562851 6697 1783594420.286 1 
2881476455 6698 1783594420.336 1 
2891502732 6699 1783594420.386 1 
2901424003 6700 1783594420.436 1 
2911608216 6701 1783594420.485 1 
2921502930 6702 1783594420.536 1 
2931476341 6703 1783594420.586 1 
2941503351 6704 1783594420.636 1 
2951423046 6705 1783594420.686 1 
2961423112 6706 1783594420.736 1 
2971475876 6707 1783594420.785 1 
2981501529 6708 1783594420.836 1 
2991424208 6709 1783594420.886 1 
3001475277 6710 1783594420.936 1 
3011563939 6711 1783594420.986 1 
3021423399 6712 1783594421.036 1 
3031475555 6713 1783594421.085 1 
3041502475 6714 1783594421.136 1 
3051423368 6715 1783594421.186 1 
3061423740 6716 1783594421.236 1 
3071422957 6717 1783594421.285 1 
3081476845 6718 1783594421.335 1 
3091501634 6719 1783594421.386 1 
3101476209 6720 1783594421.436 1 
3111519955 6721 1783594421.486 1 
3121476323 6722 1783594421.536 1 
3131502299 6723 1783594421.586 1 
3141423904 6724 1783594421.636 1 
3151424220 6725 1783594421.685 1 
3161476397 6726 1783594421.736 1 
3171561268 6727 1783594421.786 1 
3181425540 6728 1783594421.836 1 
3191476268 6729 1783594421.886 1 
3201501700 6730 1783594421.936 1 
3211476520 6731 1783594421.986 1 
3221562816 6732 1783594422.036 1 
3231424038 6733 1783594422.086 1 
3241424970 6734 1783594422.135 1 
3251423112 6735 1783594422.186 1 
3261425150 6736 1783594422.235 1 
3271423293 6737 1783594422.286 1 
3281423686 6738 1783594422.335 1 
3291424171 6739 1783594422.386 1 
3301475446 6740 1783594422.436 1 
3311533762 6741 1783594422.486 1 
3321424831 6742 1783594422.536 1 
3331423611 6743 1783594422.586 1 
3341423224 6744 1783594422.636 1 
3351424012 6745 1783594422.686 1 
3361423969 6746 1783594422.735 1 
3371423820 6747 1783594422.786 1 
3381425795 6748 1783594422.835 1 
3391476835 6749 1783594422.886 1 
3401561042 6750 1783594422.936 1 
3411424075 6751 1783594422.987 1 
3421422288 6752 1783594423.036 1 
3431424366 6753 1783594423.086 1 
3441423750 6754 1783594423.136 1 
3451424434 6755 1783594423.186 1 
3461423523 6756 1783594423.236 1 
3471423193 6757 1783594423.286 1 
3481424769 6758 1783594423.336 1 
3491424780 6759 1783594423.386 1 
3501423194 6760 1783594423.436 1 
3511430059 6761 1783594423.486 1 
3521476161 6762 1783594423.536 1 
3531563129 6763 1783594423.586 1 
3541476852 6764 1783594423.636 1 
3551562635 6765 1783594423.686 1 
3561423838 6766 1783594423.736 1 
3571476441 6767 1783594423.786 1 
3581503118 6768 1783594423.836 1 
3591424640 6769 1783594423.886 1 
3601424720 6770 1783594423.936 1 
3611424463 6771 1783594423.986 1 
3621475890 6772 1783594424.036 1 
3631562627 6773 1783594424.086 1 
3641475978 6774 1783594424.136 1 
3651503476 6775 1783594424.186 1 
3661478094 6776 1783594424.236 1 
3671563858 6777 1783594424.286 1 
3681476749 6778 1783594424.336 1 
3691502793 6779 1783594424.386 1 
3701424037 6780 1783594424.436 1 
3711573274 6781 1783594424.486 1 
3721475996 6782 1783594424.536 1 
3731563658 6783 1783594424.586 1 
3741476062 6784 1783594424.636 1 
3751561965 6785 1783594424.686 1 
3761424022 6786 1783594424.736 1 
3771424568 6787 1783594424.786 1 
3781423763 6788 1783594424.836 1 
3791476464 6789 1783594424.886 1 
3801521750 6790 1783594424.936 1 
3811476100 6791 1783594424.986 1 
3821502989 6792 1783594425.036 1 
3831423218 6793 1783594425.086 1 
3841477115 6794 1783594425.136 1 
3851502646 6795 1783594425.186 1 
3861422609 6796 1783594425.236 1 
3871423243 6797 1783594425.286 1 
3881474496 6798 1783594425.336 1 
3891502008 6799 1783594425.386 1 
3901476583 6800 1783594425.436 1 
3911522171 6801 1783594425.486 1 
3921423356 6802 1783594425.536 1 
3931424590 6803 1783594425.586 1 
3941424856 6804 1783594425.636 1 
3951475737 6805 1783594425.686 1 
3961562694 6806 1783594425.736 1 
3971422432 6807 1783594425.786 1 
3981424245 6808 1783594425.836 1 
3991424433 6809 1783594425.886 1 
4001423926 6810 1783594425.936 1 
4011423500 6811 1783594425.986 1 
4021422849 6812 1783594426.036 1 
4031421898 6813 1783594426.086 1 
4041425086 6814 1783594426.136 1 
4051424120 6815 1783594426.186 1 
4061477138 6816 1783594426.236 1 
4071503149 6817 1783594426.286 1 
4081425178 6818 1783594426.336 1 
4091424460 6819 1783594426.386 1 
4101422909 6820 1783594426.436 1 
4111428895 6821 1783594426.486 1 
4121476591 6822 1783594426.536 1 
4131502081 6823 1783594426.587 1 
4141476361 6824 1783594426.636 1 
4151563014 6825 1783594426.686 1 
4161424445 6826 1783594426.736 1 
4171423733 6827 1783594426.786 1 
4181423672 6828 1783594426.836 1 
4191475817 6829 1783594426.886 1 
4201502066 6830 1783594426.936 1 
4211422420 6831 1783594426.986 1 
4221475558 6832 1783594427.036 1 
4231561729 6833 1783594427.086 1 
4241476620 6834 1783594427.136 1 
4251502794 6835 1783594427.186 1 
4261424065 6836 1783594427.236 1 
4271424311 6837 1783594427.286 1 
4281425782 6838 1783594427.336 1 
4291423496 6839 1783594427.386 1 
6508271 6840 1783594427.436 1 
16553707 6841 1783594427.486 1 
26508754 6842 1783594427.536 1 
36595584 6843 1783594427.586 1 
46508367 6844 1783594427.636 1 
56593273 6845 1783594427.686 1 
66509120 6846 1783594427.736 1 
76595127 6847 1783594427.786 1 
86509282 6848 1783594427.837 1 
96596079 6849 1783594427.886 1 
106508690 6850 1783594427.937 1 
116594571 6851 1783594427.986 1 
126457021 6852 1783594428.036 1 
136457321 6853 1783594428.086 1 
146455545 6854 1783594428.136 1 
156509207 6855 1783594428.186 1 
166535785 6856 1783594428.236 1 
176508167 6857 1783594428.286 1 
186535081 6858 1783594428.336 1 
196508403 6859 1783594428.386 1 
206534467 6860 1783594428.436 1 
216468253 6861 1783594428.486 1 
226508443 6862 1783594428.536 1 
236535035 6863 1783594428.586 1 
246509517 6864 1783594428.636 1 
256594773 6865 1783594428.686 1 
266456690 6866 1783594428.737 1 
276456356 6867 1783594428.786 1 
286509372 6868 1783594428.836 1 
296595895 6869 1783594428.886 1 
306454610 6870 1783594428.937 1 
316456355 6871 1783594428.986 1 
326454972 6872 1783594429.036 1 
336508837 6873 1783594429.086 1 
346596173 6874 1783594429.136 1 
356456276 6875 1783594429.187 1 
366456910 6876 1783594429.236 1 
376508265 6877 1783594429.286 1 
386594035 6878 1783594429.336 1 
396508679 6879 1783594429.387 1 
406536701 6880 1783594429.436 1 
416469545 6881 1783594429.486 1 
426507705 6882 1783594429.536 1 
436595766 6883 1783594429.586 1 
446507462 6884 1783594429.637 1 
456595716 6885 1783594429.686 1 
466509115 6886 1783594429.737 1 
476595007 6887 1783594429.786 1 
486509424 6888 1783594429.837 1 
496596257 6889 1783594429.886 1 
506508421 6890 1783594429.937 1 
516559509 6891 1783594429.986 1 
526535612 6892 1783594430.036 1 
536456609 6893 1783594430.086 1 
546509322 6894 1783594430.136 1 
556595822 6895 1783594430.186 1 
566456951 6896 1783594430.237 1 
576509639 6897 1783594430.286 1 
586535636 6898 1783594430.336 1 
596456671 6899 1783594430.386 1 
606508920 6900 1783594430.436 1 
616553592 6901 1783594430.486 1 
626508985 6902 1783594430.536 1 
636594545 6903 1783594430.586 1 
646457744 6904 1783594430.637 1 
656508110 6905 1783594430.686 1 
666595592 6906 1783594430.736 1 
676456956 6907 1783594430.787 1 
686457194 6908 1783594430.836 1 
696456136 6909 1783594430.886 1 
706454939 6910 1783594430.936 1 
716510054 6911 1783594430.986 1 
726595220 6912 1783594431.036 1 
736456842 6913 1783594431.087 1 
746508252 6914 1783594431.136 1 
756534727 6915 1783594431.186 1 
766455571 6916 1783594431.236 1 
776455221 6917 1783594431.286 1 
786508602 6918 1783594431.336 1 
796535675 6919 1783594431.386 1 
806508641 6920 1783594431.436 1 
816553154 6921 1783594431.486 1 
826456731 6922 1783594431.536 1 
836457270 6923 1783594431.587 1 
846456989 6924 1783594431.636 1 
856456762 6925 1783594431.686 1 
866455345 6926 1783594431.736 1 
876456005 6927 1783594431.786 1 
886456836 6928 1783594431.836 1 
896508995 6929 1783594431.886 1 
906593910 6930 1783594431.936 1 
916458111 6931 1783594431.987 1 
926508273 6932 1783594432.036 1 
936594836 6933 1783594432.086 1 
946508697 6934 1783594432.137 1 
956536764 6935 1783594432.186 1 
966508217 6936 1783594432.236 1 
976595593 6937 1783594432.286 1 
986507524 6938 1783594432.337 1 
996594399 6939 1783594432.386 1 
1006457256 6940 1783594432.437 1 
1016544146 6941 1783594432.486 1 
1026596037 6942 1783594432.536 1 
1036509710 6943 1783594432.587 1 
1046595744 6944 1783594432.636 1 
1056509077 6945 1783594432.687 1 
1066595214 6946 1783594432.736 1 
1076509061 6947 1783594432.787 1 
1086536093 6948 1783594432.836 1 
1096509045 6949 1783594432.887 1 
1106595498 6950 1783594432.936 1 
1116508469 6951 1783594432.987 1 
1126535792 6952 1783594433.036 1 
1136508905 6953 1783594433.087 1 
1146594941 6954 1783594433.136 1 
1156457582 6955 1783594433.187 1 
1166507198 6956 1783594433.236 1 
1176595766 6957 1783594433.286 1 
1186508443 6958 1783594433.337 1 
1196595935 6959 1783594433.386 1 
1206456114 6960 1783594433.437 1 
1216460775 6961 1783594433.486 1 
1226508514 6962 1783594433.536 1 
1236595082 6963 1783594433.586 1 
1246455854 6964 1783594433.637 1 
1256508493 6965 1783594433.686 1 
1266534774 6966 1783594433.736 1 
1276455727 6967 1783594433.787 1 
1286509175 6968 1783594433.836 1 
1296534336 6969 1783594433.886 1 
1306510672 6970 1783594433.936 1 
1316535635 6971 1783594433.986 1 
1326507883 6972 1783594434.037 1 
1336536052 6973 1783594434.086 1 
1346457099 6974 1783594434.136 1 
1356508953 6975 1783594434.186 1 
1366595807 6976 1783594434.236 1 
1376456740 6977 1783594434.287 1 
1386456808 6978 1783594434.336 1 
1396508065 6979 1783594434.386 1 
1406595396 6980 1783594434.436 1 
1416606228 6981 1783594434.487 1 
1426508172 6982 1783594434.537 1 
1436594958 6983 1783594434.586 1 
1446508339 6984 1783594434.637 1 
1456595252 6985 1783594434.686 1 
1466507767 6986 1783594434.737 1 
1476594343 6987 1783594434.787 1 
1486508383 6988 1783594434.837 1 
1496536534 6989 1783594434.887 1 
1506508877 6990 1783594434.937 1 
1516595014 6991 1783594434.986 1 
1526509382 6992 1783594435.037 1 
1536534104 6993 1783594435.086 1 
1546456685 6994 1783594435.137 1 
1556456227 6995 1783594435.186 1 
1566508296 6996 1783594435.236 1 
1576595702 6997 1783594435.286 1 
1586456300 6998 1783594435.337 1 
1596466935 6999 1783594435.386 1 
1606456701 7000 1783594435.436 1 
1616460517 7001 1783594435.486 1 
1626456809 7002 1783594435.536 1 
1636508826 7003 1783594435.586 1 
1646595341 7004 1783594435.636 1 
1656509083 7005 1783594435.687 1 
1666595542 7006 1783594435.737 1 
1676456375 7007 1783594435.787 1 
1686507977 7008 1783594435.836 1 
1696595431 7009 1783594435.887 1 
1706508974 7010 1783594435.937 1 
1716595912 7011 1783594435.987 1 
1726455919 7012 1783594436.037 1 
1736456279 7013 1783594436.086 1 
1746475234 7014 1783594436.136 1 
1756508477 7015 1783594436.186 1 
1766595051 7016 1783594436.236 1 
1776507423 7017 1783594436.287 1 
1786593981 7018 1783594436.336 1 
1796507923 7019 1783594436.387 1 
1806594501 7020 1783594436.436 1 
1816561706 7021 1783594436.487 1 
1826509212 7022 1783594436.537 1 
1836595324 7023 1783594436.587 1 
1846509112 7024 1783594436.637 1 
1856534695 7025 1783594436.686 1 
1866455825 7026 1783594436.737 1 
1876457270 7027 1783594436.786 1 
1886456829 7028 1783594436.836 1 
1896457657 7029 1783594436.886 1 
1906457134 7030 1783594436.936 1 
1916456830 7031 1783594436.986 1 
1926509778 7032 1783594437.036 1 
1936535702 7033 1783594437.087 1 
1946508927 7034 1783594437.137 1 
1956535191 7035 1783594437.186 1 
1966455608 7036 1783594437.237 1 
1976455110 7037 1783594437.286 1 
1986457082 7038 1783594437.336 1 
1996508716 7039 1783594437.386 1 
2006595345 7040 1783594437.437 1 
2016461070 7041 1783594437.487 1 
2026455546 7042 1783594437.536 1 
2036456645 7043 1783594437.586 1 
2046457115 7044 1783594437.636 1 
2056456564 7045 1783594437.686 1 
2066456381 7046 1783594437.736 1 
2076456952 7047 1783594437.786 1 
2086456187 7048 1783594437.836 1 
2096457403 7049 1783594437.886 1 
2106508311 7050 1783594437.936 1 
2116595377 7051 1783594437.987 1 
2126456795 7052 1783594438.037 1 
2136457073 7053 1783594438.086 1 
2146507815 7054 1783594438.136 1 
2156595338 7055 1783594438.187 1 
2166508469 7056 1783594438.237 1 
2176595013 7057 1783594438.287 1 
2186457140 7058 1783594438.337 1 
2196457236 7059 1783594438.386 1 
2206508866 7060 1783594438.436 1 
2216552638 7061 1783594438.487 1 
2226456555 7062 1783594438.537 1 
2236509036 7063 1783594438.586 1 
2246594819 7064 1783594438.637 1 
2256456678 7065 1783594438.687 1 
2266456662 7066 1783594438.736 1 
2276509671 7067 1783594438.786 1 
2286534441 7068 1783594438.837 1 
2296509548 7069 1783594438.887 1 
2306594039 7070 1783594438.937 1 
2316507800 7071 1783594438.987 1 
2326594563 7072 1783594439.037 1 
2336508212 7073 1783594439.087 1 
2346595424 7074 1783594439.137 1 
2356507698 7075 1783594439.187 1 
2366595040 7076 1783594439.237 1 
2376508751 7077 1783594439.287 1 
2386595331 7078 1783594439.337 1 
2396506950 7079 1783594439.387 1 
2406534580 7080 1783594439.437 1 
2416606396 7081 1783594439.487 1 
2426508163 7082 1783594439.537 1 
2436596070 7083 1783594439.587 1 
2446508755 7084 1783594439.637 1 
2456594814 7085 1783594439.687 1 
2466509714 7086 1783594439.737 1 
2476535654 7087 1783594439.787 1 
2486455546 7088 1783594439.837 1 
2496456924 7089 1783594439.887 1 
2506508972 7090 1783594439.936 1 
2516595438 7091 1783594439.987 1 
2526508174 7092 1783594440.037 1 
2536594654 7093 1783594440.087 1 
2546508857 7094 1783594440.137 1 
2556594832 7095 1783594440.187 1 
2566509144 7096 1783594440.237 1 
2576595838 7097 1783594440.287 1 
2586508461 7098 1783594440.337 1 
2596595705 7099 1783594440.387 1 
2606509458 7100 1783594440.437 1 
2616552034 7101 1783594440.487 1 
2626508846 7102 1783594440.537 1 
2636594584 7103 1783594440.587 1 
2646507514 7104 1783594440.637 1 
2656594815 7105 1783594440.687 1 
2666507394 7106 1783594440.737 1 
2676535307 7107 1783594440.787 1 
2686508423 7108 1783594440.837 1 
2696595556 7109 1783594440.887 1 
2706456892 7110 1783594440.937 1 
2716455887 7111 1783594440.987 1 
2726455377 7112 1783594441.036 1 
2736507867 7113 1783594441.087 1 
2746534075 7114 1783594441.137 1 
2756456320 7115 1783594441.187 1 
2766457042 7116 1783594441.236 1 
2776456730 7117 1783594441.287 1 
2786456136 7118 1783594441.336 1 
2796456817 7119 1783594441.387 1 
2806456523 7120 1783594441.436 1 
2816461599 7121 1783594441.487 1 
2826456478 7122 1783594441.536 1 
2836455096 7123 1783594441.587 1 
2846510124 7124 1783594441.636 1 
2856594566 7125 1783594441.687 1 
2866455997 7126 1783594441.737 1 
2876508692 7127 1783594441.787 1 
2886594765 7128 1783594441.837 1 
2896455618 7129 1783594441.887 1 
2906508208 7130 1783594441.936 1 
2916535942 7131 1783594441.987 1 
2926510672 7132 1783594442.037 1 
2936595320 7133 1783594442.087 1 
2946508860 7134 1783594442.137 1 
2956534423 7135 1783594442.187 1 
2966456704 7136 1783594442.237 1 
2976509496 7137 1783594442.287 1 
2986595681 7138 1783594442.337 1 
2996507953 7139 1783594442.387 1 
3006534806 7140 1783594442.437 1 
3016461037 7141 1783594442.487 1 
3026509527 7142 1783594442.536 1 
3036535419 7143 1783594442.587 1 
3046455735 7144 1783594442.637 1 
3056457070 7145 1783594442.687 1 
3066509315 7146 1783594442.736 1 
3076594219 7147 1783594442.787 1 
3086508942 7148 1783594442.837 1 
3096594461 7149 1783594442.887 1 
3106456100 7150 1783594442.937 1 
3116508995 7151 1783594442.987 1 
3126594717 7152 1783594443.037 1 
3136509426 7153 1783594443.087 1 
3146594454 7154 1783594443.137 1 
3156456637 7155 1783594443.187 1 
3166455385 7156 1783594443.237 1 
3176456380 7157 1783594443.287 1 
3186508117 7158 1783594443.336 1 
3196595965 7159 1783594443.387 1 
3206508545 7160 1783594443.437 1 
3216553775 7161 1783594443.487 1 
3226510347 7162 1783594443.537 1 
3236595134 7163 1783594443.587 1 
3246508267 7164 1783594443.637 1 
3256535189 7165 1783594443.687 1 
3266508415 7166 1783594443.737 1 
3276595891 7167 1783594443.787 1 
3286455452 7168 1783594443.837 1 
3296457512 7169 1783594443.887 1 
3306457782 7170 1783594443.937 1 
3316456233 7171 1783594443.987 1 
3326508996 7172 1783594444.037 1 
3336594322 7173 1783594444.087 1 
3346509499 7174 1783594444.137 1 
3356533528 7175 1783594444.187 1 
3366508395 7176 1783594444.237 1 
3376595421 7177 1783594444.287 1 
3386507603 7178 1783594444.337 1 
3396595737 7179 1783594444.387 1 
3406508668 7180 1783594444.437 1 
3416553097 7181 1783594444.487 1 
3426457963 7182 1783594444.537 1 
3436456301 7183 1783594444.587 1 
3446508247 7184 1783594444.637 1 
3456537148 7185 1783594444.687 1 
3466508353 7186 1783594444.737 1 
3476536115 7187 1783594444.787 1 
3486456482 7188 1783594444.837 1 
3496455810 7189 1783594444.887 1 
3506454759 7190 1783594444.937 1 
3516508242 7191 1783594444.987 1 
3526594833 7192 1783594445.037 1 
3536509188 7193 1783594445.087 1 
3546595199 7194 1783594445.137 1 
3556509148 7195 1783594445.187 1 
3566595256 7196 1783594445.237 1 
3576508996 7197 1783594445.287 1 
3586595242 7198 1783594445.337 1 
3596457988 7199 1783594445.387 1 
3606457264 7200 1783594445.437 1 
3616551987 7201 1783594445.487 1 
3626456089 7202 1783594445.537 1 
3636457347 7203 1783594445.587 1 
3646507404 7204 1783594445.637 1 
3656535404 7205 1783594445.687 1 
3666456115 7206 1783594445.737 1 
3676508331 7207 1783594445.787 1 
3686535371 7208 1783594445.837 1 
3696508055 7209 1783594445.887 1 
3706595734 7210 1783594445.937 1 
3716456137 7211 1783594445.987 1 
3726507454 7212 1783594446.037 1 
3736594450 7213 1783594446.087 1 
3746455980 7214 1783594446.137 1 
3756456206 7215 1783594446.187 1 
3766455824 7216 1783594446.237 1 
3776509803 7217 1783594446.287 1 
3786593845 7218 1783594446.337 1 
3796509012 7219 1783594446.387 1 
3806597749 7220 1783594446.437 1 
3816592123 7221 1783594446.487 1 
3826508089 7222 1783594446.537 1 
3836595198 7223 1783594446.588 1 
3846508614 7224 1783594446.637 1 
3856559198 7225 1783594446.687 1 
3866534835 7226 1783594446.737 1 
3876457285 7227 1783594446.787 1 
3886508351 7228 1783594446.837 1 
3896594230 7229 1783594446.887 1 
3906510080 7230 1783594446.937 1 
3916595838 7231 1783594446.987 1 
3926507180 7232 1783594447.037 1 
3936595506 7233 1783594447.087 1 
3946510298 7234 1783594447.137 1 
3956596077 7235 1783594447.187 1 
3966457825 7236 1783594447.237 1 
3976456656 7237 1783594447.287 1 
3986509360 7238 1783594447.337 1 
3996593745 7239 1783594447.387 1 
4006508793 7240 1783594447.437 1 
4016553892 7241 1783594447.487 1 
4026507812 7242 1783594447.537 1 
4036594994 7243 1783594447.587 1 
4046456890 7244 1783594447.637 1 
4056508661 7245 1783594447.687 1 
4066594784 7246 1783594447.737 1 
4076456399 7247 1783594447.788 1 
4086509030 7248 1783594447.837 1 
4096595410 7249 1783594447.887 1 
4106509636 7250 1783594447.937 1 
4116596179 7251 1783594447.987 1 
4126455131 7252 1783594448.037 1 
4136456352 7253 1783594448.087 1 
4146456620 7254 1783594448.137 1 
4156508399 7255 1783594448.187 1 
4166594986 7256 1783594448.237 1 
4176508785 7257 1783594448.287 1 
4186596226 7258 1783594448.337 1 
4196456192 7259 1783594448.388 1 
4206509669 7260 1783594448.437 1 
4216552573 7261 1783594448.487 1 
4226508311 7262 1783594448.537 1 
4236595951 7263 1783594448.587 1 
4246509505 7264 1783594448.637 1 
4256535443 7265 1783594448.687 1 
4266455689 7266 1783594448.737 1 
4276509085 7267 1783594448.787 1 
4286595933 7268 1783594448.837 1 
1541738 7269 1783594448.888 1 
11627756 7270 1783594448.937 1 
21541878 7271 1783594448.988 1 
31628659 7272 1783594449.037 1 
41488902 7273 1783594449.088 1 
51490163 7274 1783594449.137 1 
61542025 7275 1783594449.187 1 
71567694 7276 1783594449.237 1 
81488907 7277 1783594449.287 1 
91541553 7278 1783594449.337 1 
101628300 7279 1783594449.387 1 
111488175 7280 1783594449.437 1 
121639543 7281 1783594449.487 1 
131541892 7282 1783594449.538 1 
141566945 7283 1783594449.587 1 
151542824 7284 1783594449.637 1 
161567887 7285 1783594449.687 1 
171489508 7286 1783594449.737 1 
181541488 7287 1783594449.787 1 
191627892 7288 1783594449.837 1 
201541519 7289 1783594449.888 1 
211567371 7290 1783594449.937 1 
221540395 7291 1783594449.987 1 
231567967 7292 1783594450.037 1 
241541343 7293 1783594450.087 1 
251568132 7294 1783594450.137 1 
261488855 7295 1783594450.187 1 
271541559 7296 1783594450.237 1 
281567759 7297 1783594450.287 1 
291541529 7298 1783594450.337 1 
301568004 7299 1783594450.387 1 
311540185 7300 1783594450.437 1 
321586636 7301 1783594450.487 1 
331541320 7302 1783594450.537 1 
341567857 7303 1783594450.587 1 
351489625 7304 1783594450.637 1 
361490829 7305 1783594450.687 1 
371489066 7306 1783594450.737 1 
381489633 7307 1783594450.787 1 
391489439 7308 1783594450.837 1 
401542688 7309 1783594450.887 1 
411626968 7310 1783594450.937 1 
421490623 7311 1783594450.988 1 
431541747 7312 1783594451.037 1 
441628275 7313 1783594451.087 1 
451488847 7314 1783594451.138 1 
461488518 7315 1783594451.187 1 
471491179 7316 1783594451.237 1 
481490116 7317 1783594451.287 1 
491487704 7318 1783594451.337 1 
501489192 7319 1783594451.387 1 
511541575 7320 1783594451.437 1 
521585568 7321 1783594451.487 1 
531488442 7322 1783594451.537 1 
541489892 7323 1783594451.588 1 
551489850 7324 1783594451.637 1 
561539737 7325 1783594451.687 1 
571568587 7326 1783594451.737 1 
581488398 7327 1783594451.787 1 
591488740 7328 1783594451.837 1 
601489295 7329 1783594451.887 1 
611542840 7330 1783594451.937 1 
621629706 7331 1783594451.988 1 
631541154 7332 1783594452.038 1 
641627905 7333 1783594452.087 1 
651489015 7334 1783594452.138 1 
661541642 7335 1783594452.187 1 
671569102 7336 1783594452.237 1 
681489744 7337 1783594452.287 1 
691489566 7338 1783594452.337 1 
701541143 7339 1783594452.387 1 
711627737 7340 1783594452.437 1 
721639328 7341 1783594452.488 1 
731541965 7342 1783594452.538 1 
741627808 7343 1783594452.587 1 
751490260 7344 1783594452.638 1 
761541117 7345 1783594452.687 1 
771568323 7346 1783594452.737 1 
781541902 7347 1783594452.787 1 
791567462 7348 1783594452.837 1 
801542519 7349 1783594452.888 1 
811569235 7350 1783594452.937 1 
821489046 7351 1783594452.987 1 
831488712 7352 1783594453.037 1 
841489547 7353 1783594453.087 1 
851541635 7354 1783594453.137 1 
861627521 7355 1783594453.187 1 
871488587 7356 1783594453.238 1 
881489391 7357 1783594453.287 1 
891488821 7358 1783594453.337 1 
901488795 7359 1783594453.387 1 
911489817 7360 1783594453.437 1 
921586168 7361 1783594453.487 1 
931541146 7362 1783594453.538 1 
941628623 7363 1783594453.587 1 
951541443 7364 1783594453.638 1 
961626897 7365 1783594453.687 1 
971488882 7366 1783594453.738 1 
981490267 7367 1783594453.787 1 
991489411 7368 1783594453.837 1 
1001541693 7369 1783594453.887 1 
1011566125 7370 1783594453.937 1 
1021489204 7371 1783594453.987 1 
1031540894 7372 1783594454.037 1 
1041567484 7373 1783594454.087 1 
1051541344 7374 1783594454.138 1 
1061627896 7375 1783594454.187 1 
1071489217 7376 1783594454.238 1 
1081489430 7377 1783594454.287 1 
1091542017 7378 1783594454.337 1 
1101627602 7379 1783594454.387 1 
1111542046 7380 1783594454.438 1 
1121586164 7381 1783594454.487 1 
1131488603 7382 1783594454.538 1 
1141540825 7383 1783594454.587 1 
1151628417 7384 1783594454.637 1 
1161541192 7385 1783594454.688 1 
1171626609 7386 1783594454.737 1 
1181541495 7387 1783594454.788 1 
1191628058 7388 1783594454.837 1 
1201540378 7389 1783594454.888 1 
1211627667 7390 1783594454.937 1 
1221488730 7391 1783594454.988 1 
1231541550 7392 1783594455.037 1 
1241629234 7393 1783594455.087 1 
1251541105 7394 1783594455.138 1 
1261628500 7395 1783594455.187 1 
1271490139 7396 1783594455.238 1 
1281541817 7397 1783594455.287 1 
1291567475 7398 1783594455.338 1 
1301499212 7399 1783594455.388 1 
1311489435 7400 1783594455.437 1 
1321561398 7401 1783594455.487 1 
1331489292 7402 1783594455.538 1 
1341488820 7403 1783594455.587 1 
1351541865 7404 1783594455.637 1 
1361568715 7405 1783594455.687 1 
1371540810 7406 1783594455.738 1 
1381627943 7407 1783594455.787 1 
1391489807 7408 1783594455.838 1 
1401541401 7409 1783594455.887 1 
1411628452 7410 1783594455.937 1 
1421488548 7411 1783594455.988 1 
1431540589 7412 1783594456.037 1 
1441627428 7413 1783594456.087 1 
1451541516 7414 1783594456.138 1 
1461642692 7415 1783594456.187 1 
1471540499 7416 1783594456.238 1 
1481628322 7417 1783594456.287 1 
1491542821 7418 1783594456.338 1 
1501568978 7419 1783594456.388 1 
1511488845 7420 1783594456.438 1 
1521494888 7421 1783594456.487 1 
1531487648 7422 1783594456.537 1 
1541487869 7423 1783594456.590 1 
1551489409 7424 1783594456.637 1 
1561487997 7425 1783594456.687 1 
1571541751 7426 1783594456.737 1 
1581627725 7427 1783594456.788 1 
1591541233 7428 1783594456.838 1 
1601627585 7429 1783594456.888 1 
1611489142 7430 1783594456.938 1 
1621541400 7431 1783594456.987 1 
1631628402 7432 1783594457.037 1 
1641488906 7433 1783594457.088 1 
1651540991 7434 1783594457.137 1 
1661628203 7435 1783594457.188 1 
1671490447 7436 1783594457.238 1 
1681541715 7437 1783594457.287 1 
1691628138 7438 1783594457.337 1 
1701541921 7439 1783594457.388 1 
1711626699 7440 1783594457.437 1 
1721561590 7441 1783594457.488 1 
1731540634 7442 1783594457.538 1 
1741627124 7443 1783594457.588 1 
1751488041 7444 1783594457.638 1 
1761541893 7445 1783594457.687 1 
1771627328 7446 1783594457.737 1 
1781489326 7447 1783594457.788 1 
1791489418 7448 1783594457.837 1 
1801541512 7449 1783594457.887 1 
1811629204 7450 1783594457.937 1 
1821540376 7451 1783594457.988 1 
1831628507 7452 1783594458.037 1 
1841541758 7453 1783594458.088 1 
1851627743 7454 1783594458.137 1 
1861542224 7455 1783594458.188 1 
1871625947 7456 1783594458.237 1 
1881541986 7457 1783594458.288 1 
1891568173 7458 1783594458.337 1 
1901540495 7459 1783594458.388 1 
1911628018 7460 1783594458.438 1 
1921625677 7461 1783594458.488 1 
1931541410 7462 1783594458.538 1 
1941626525 7463 1783594458.588 1 
1951542220 7464 1783594458.638 1 
1961627474 7465 1783594458.688 1 
1971541322 7466 1783594458.738 1 
1981628319 7467 1783594458.788 1 
1991541502 7468 1783594458.838 1 
2001567553 7469 1783594458.888 1 
2011540692 7470 1783594458.938 1 
2021628196 7471 1783594458.988 1 
2031540841 7472 1783594459.038 1 
2041628686 7473 1783594459.088 1 
2051542697 7474 1783594459.138 1 
2061567300 7475 1783594459.188 1 
2071541990 7476 1783594459.238 1 
2081627620 7477 1783594459.288 1 
2091489421 7478 1783594459.338 1 
2101540649 7479 1783594459.387 1 
2111627176 7480 1783594459.437 1 
2121502279 7481 1783594459.488 1 
2131540788 7482 1783594459.537 1 
2141627616 7483 1783594459.588 1 
2151542671 7484 1783594459.638 1 
2161628302 7485 1783594459.688 1 
2171541095 7486 1783594459.738 1 
2181628101 7487 1783594459.788 1 
2191489940 7488 1783594459.838 1 
2201489707 7489 1783594459.887 1 
2211541226 7490 1783594459.937 1 
2221628867 7491 1783594459.988 1 
2231541897 7492 1783594460.038 1 
2241627129 7493 1783594460.088 1 
2251541000 7494 1783594460.138 1 
2261626127 7495 1783594460.188 1 
2271488687 7496 1783594460.238 1 
2281541244 7497 1783594460.287 1 
2291628333 7498 1783594460.338 1 
2301542228 7499 1783594460.388 1 
2311567003 7500 1783594460.438 1 
2321494597 7501 1783594460.488 1 
2331540597 7502 1783594460.537 1 
2341627599 7503 1783594460.588 1 
2351541375 7504 1783594460.638 1 
2361627776 7505 1783594460.688 1 
2371542184 7506 1783594460.738 1 
2381627172 7507 1783594460.788 1 
2391540992 7508 1783594460.838 1 
2401627673 7509 1783594460.888 1 
2411540735 7510 1783594460.938 1 
2421567290 7511 1783594460.988 1 
2431542140 7512 1783594461.038 1 
2441627838 7513 1783594461.088 1 
2451542218 7514 1783594461.138 1 
2461628475 7515 1783594461.188 1 
2471541430 7516 1783594461.238 1 
2481566563 7517 1783594461.288 1 
2491542251 7518 1783594461.338 1 
2501625944 7519 1783594461.388 1 
2511489083 7520 1783594461.438 1 
2521501117 7521 1783594461.487 1 
2531489517 7522 1783594461.537 1 
2541541530 7523 1783594461.587 1 
2551628125 7524 1783594461.638 1 
2561489687 7525 1783594461.688 1 
2571541313 7526 1783594461.737 1 
2581626906 7527 1783594461.788 1 
2591542263 7528 1783594461.838 1 
2601628267 7529 1783594461.888 1 
2611542136 7530 1783594461.938 1 
2621628569 7531 1783594461.988 1 
2631541737 7532 1783594462.038 1 
2641628234 7533 1783594462.088 1 
2651489052 7534 1783594462.138 1 
2661489961 7535 1783594462.187 1 
2671489034 7536 1783594462.237 1 
2681540495 7537 1783594462.287 1 
2691627222 7538 1783594462.338 1 
2701490563 7539 1783594462.388 1 
2711488395 7540 1783594462.437 1 
2721624050 7541 1783594462.487 1 
2731541012 7542 1783594462.538 1 
2741567548 7543 1783594462.588 1 
2751488693 7544 1783594462.638 1 
2761540219 7545 1783594462.687 1 
2771627222 7546 1783594462.738 1 
2781542739 7547 1783594462.788 1 
2791628589 7548 1783594462.838 1 
2801490129 7549 1783594462.888 1 
2811541511 7550 1783594462.937 1 
2821627041 7551 1783594462.988 1 
2831489288 7552 1783594463.038 1 
2841490030 7553 1783594463.087 1 
2851541471 7554 1783594463.138 1 
2861626837 7555 1783594463.188 1 
2871505072 7556 1783594463.238 1 
2881540970 7557 1783594463.288 1 
2891627614 7558 1783594463.338 1 
2901543225 7559 1783594463.388 1 
2911627975 7560 1783594463.438 1 
2921639596 7561 1783594463.488 1 
2931488865 7562 1783594463.538 1 
2941541796 7563 1783594463.587 1 
2951628355 7564 1783594463.638 1 
2961540307 7565 1783594463.688 1 
2971566830 7566 1783594463.738 1 
2981488869 7567 1783594463.788 1 
2991489012 7568 1783594463.838 1 
3001490244 7569 1783594463.888 1 
3011488635 7570 1783594463.938 1 
3021542611 7571 1783594463.987 1 
3031627368 7572 1783594464.038 1 
3041542941 7573 1783594464.088 1 
3051628013 7574 1783594464.138 1 
3061540565 7575 1783594464.188 1 
3071628757 7576 1783594464.238 1 
3081540081 7577 1783594464.288 1 
3091627898 7578 1783594464.338 1 
3101542070 7579 1783594464.388 1 
3111627346 7580 1783594464.438 1 
3121620489 7581 1783594464.488 1 
3131567421 7582 1783594464.538 1 
3141541224 7583 1783594464.588 1 
3151568347 7584 1783594464.638 1 
3161489806 7585 1783594464.688 1 
3171542600 7586 1783594464.737 1 
3181645667 7587 1783594464.788 1 
3191488891 7588 1783594464.838 1 
3201541155 7589 1783594464.888 1 
3211627050 7590 1783594464.938 1 
3221541002 7591 1783594464.988 1 
3231629222 7592 1783594465.038 1 
3241489161 7593 1783594465.088 1 
3251542100 7594 1783594465.138 1 
3261628946 7595 1783594465.188 1 
3271542368 7596 1783594465.238 1 
3281628557 7597 1783594465.288 1 
3291541265 7598 1783594465.338 1 
3301567502 7599 1783594465.388 1 
3311540986 7600 1783594465.438 1 
3321585846 7601 1783594465.488 1 
3331542553 7602 1783594465.538 1 
3341627481 7603 1783594465.588 1 
3351542302 7604 1783594465.638 1 
3361627895 7605 1783594465.688 1 
3371542291 7606 1783594465.738 1 
3381627387 7607 1783594465.788 1 
3391539909 7608 1783594465.838 1 
3401627966 7609 1783594465.888 1 
3411541371 7610 1783594465.938 1 
3421628423 7611 1783594465.988 1 
3431541444 7612 1783594466.038 1 
3441629252 7613 1783594466.088 1 
3451540536 7614 1783594466.138 1 
3461628109 7615 1783594466.188 1 
3471540636 7616 1783594466.238 1 
3481627529 7617 1783594466.288 1 
3491540587 7618 1783594466.338 1 
3501568131 7619 1783594466.388 1 
3511541409 7620 1783594466.438 1 
3521573698 7621 1783594466.488 1 
3531541180 7622 1783594466.538 1 
3541628579 7623 1783594466.588 1 
3551542252 7624 1783594466.640 1 
3561627080 7625 1783594466.688 1 
3571488461 7626 1783594466.738 1 
3581488773 7627 1783594466.788 1 
3591490364 7628 1783594466.838 1 
3601540854 7629 1783594466.888 1 
3611627011 7630 1783594466.938 1 
3621541317 7631 1783594466.988 1 
3631627769 7632 1783594467.038 1 
3641541501 7633 1783594467.088 1 
3651627961 7634 1783594467.138 1 
3661489428 7635 1783594467.188 1 
3671508326 7636 1783594467.238 1 
3681489838 7637 1783594467.288 1 
3691542587 7638 1783594467.338 1 
3701568126 7639 1783594467.388 1 
3711488372 7640 1783594467.438 1 
3721494218 7641 1783594467.488 1 
3731489283 7642 1783594467.538 1 
3741541705 7643 1783594467.588 1 
3751567372 7644 1783594467.638 1 
3761490364 7645 1783594467.688 1 
3771489046 7646 1783594467.738 1 
3781489582 7647 1783594467.788 1 
3791488903 7648 1783594467.838 1 
3801490017 7649 1783594467.888 1 
3811541933 7650 1783594467.938 1 
3821627904 7651 1783594467.988 1 
3831541846 7652 1783594468.038 1 
3841568104 7653 1783594468.088 1 
3851540804 7654 1783594468.138 1 
3861566769 7655 1783594468.188 1 
3871541884 7656 1783594468.238 1 
3881628397 7657 1783594468.288 1 
3891542450 7658 1783594468.338 1 
3901628893 7659 1783594468.388 1 
3911541457 7660 1783594468.438 1 
3921585990 7661 1783594468.488 1 
3931489376 7662 1783594468.538 1 
3941540017 7663 1783594468.588 1 
3951567145 7664 1783594468.638 1 
3961540944 7665 1783594468.688 1 
3971567455 7666 1783594468.738 1 
3981541216 7667 1783594468.788 1 
3991627480 7668 1783594468.838 1 
4001541799 7669 1783594468.889 1 
4011565963 7670 1783594468.938 1 
4021489809 7671 1783594468.988 1 
4031488484 7672 1783594469.038 1 
4041541760 7673 1783594469.088 1 
4051567282 7674 1783594469.138 1 
4061490013 7675 1783594469.188 1 
4071541930 7676 1783594469.238 1 
4081567901 7677 1783594469.288 1 
4091489301 7678 1783594469.338 1 
4101488854 7679 1783594469.388 1 
4111489966 7680 1783594469.438 1 
4121502013 7681 1783594469.488 1 
4131542042 7682 1783594469.538 1 
4141628550 7683 1783594469.588 1 
4151490562 7684 1783594469.639 1 
4161490168 7685 1783594469.688 1 
4171489209 7686 1783594469.738 1 
4181541768 7687 1783594469.788 1 
4191629324 7688 1783594469.838 1 
4201541536 7689 1783594469.889 1 
4211627649 7690 1783594469.938 1 
4221540824 7691 1783594469.988 1 
4231569055 7692 1783594470.038 1 
4241490445 7693 1783594470.088 1 
4251541352 7694 1783594470.138 1 
4261627521 7695 1783594470.188 1 
4271488024 7696 1783594470.239 1 
4281540884 7697 1783594470.288 1 
4291627229 7698 1783594470.338 1 
6575324 7699 1783594470.388 1 
16601000 7700 1783594470.438 1 
26527689 7701 1783594470.488 1 
36574272 7702 1783594470.538 1 
46660725 7703 1783594470.588 1 
56575215 7704 1783594470.639 1 
66660381 7705 1783594470.688 1 
76523165 7706 1783594470.739 1 
86574985 7707 1783594470.788 1 
96659451 7708 1783594470.838 1 
106521830 7709 1783594470.889 1 
116521888 7710 1783594470.938 1 
126522351 7711 1783594470.988 1 
136521799 7712 1783594471.038 1 
146574598 7713 1783594471.088 1 
156660039 7714 1783594471.138 1 
166573897 7715 1783594471.189 1 
176661110 7716 1783594471.238 1 
186575253 7717 1783594471.288 1 
196659742 7718 1783594471.338 1 
206522218 7719 1783594471.389 1 
216522380 7720 1783594471.438 1 
226526844 7721 1783594471.488 1 
236574351 7722 1783594471.538 1 
246675664 7723 1783594471.588 1 
256575586 7724 1783594471.640 1 
266661001 7725 1783594471.688 1 
276574905 7726 1783594471.739 1 
286625917 7727 1783594471.788 1 
296660577 7728 1783594471.838 1 
306521132 7729 1783594471.889 1 
316573569 7730 1783594471.938 1 
326600766 7731 1783594471.988 1 
336575838 7732 1783594472.038 1 
346600462 7733 1783594472.088 1 
356574468 7734 1783594472.138 1 
366660417 7735 1783594472.188 1 
376574884 7736 1783594472.239 1 
386659450 7737 1783594472.288 1 
396521305 7738 1783594472.339 1 
406574323 7739 1783594472.388 1 
416661210 7740 1783594472.438 1 
426626789 7741 1783594472.489 1 
436574399 7742 1783594472.539 1 
446660628 7743 1783594472.588 1 
456574517 7744 1783594472.639 1 
466659055 7745 1783594472.688 1 
476574311 7746 1783594472.739 1 
486659875 7747 1783594472.788 1 
496575528 7748 1783594472.839 1 
506660492 7749 1783594472.888 1 
516522228 7750 1783594472.939 1 
526521282 7751 1783594472.988 1 
536521569 7752 1783594473.038 1 
546522408 7753 1783594473.088 1 
556573235 7754 1783594473.138 1 
566659807 7755 1783594473.188 1 
576574032 7756 1783594473.239 1 
586660449 7757 1783594473.288 1 
596573899 7758 1783594473.339 1 
606660771 7759 1783594473.388 1 
616521718 7760 1783594473.439 1 
626534545 7761 1783594473.488 1 
636521512 7762 1783594473.538 1 
646520360 7763 1783594473.588 1 
656521745 7764 1783594473.638 1 
666575656 7765 1783594473.688 1 
676661272 7766 1783594473.738 1 
686574593 7767 1783594473.789 1 
696661723 7768 1783594473.838 1 
706574199 7769 1783594473.889 1 
716661154 7770 1783594473.938 1 
726521869 7771 1783594473.989 1 
736574727 7772 1783594474.038 1 
746659739 7773 1783594474.088 1 
756523509 7774 1783594474.139 1 
766576018 7775 1783594474.188 1 
776659518 7776 1783594474.238 1 
786573453 7777 1783594474.289 1 
796661789 7778 1783594474.338 1 
806573674 7779 1783594474.389 1 
816659738 7780 1783594474.438 1 
826657674 7781 1783594474.489 1 
836574781 7782 1783594474.539 1 
846661231 7783 1783594474.588 1 
856573932 7784 1783594474.639 1 
866660230 7785 1783594474.688 1 
876573405 7786 1783594474.739 1 
886661123 7787 1783594474.788 1 
896522649 7788 1783594474.839 1 
906573868 7789 1783594474.888 1 
916660767 7790 1783594474.938 1 
926573950 7791 1783594474.989 1 
936660224 7792 1783594475.038 1 
946574778 7793 1783594475.089 1 
956660086 7794 1783594475.138 1 
966521715 7795 1783594475.189 1 
976573250 7796 1783594475.238 1 
986598532 7797 1783594475.288 1 
996573698 7798 1783594475.338 1 
1006602644 7799 1783594475.388 1 
1016522365 7800 1783594475.438 1 
1026618033 7801 1783594475.488 1 
1036521055 7802 1783594475.539 1 
1046574562 7803 1783594475.588 1 
1056661300 7804 1783594475.638 1 
1066573211 7805 1783594475.689 1 
1076660827 7806 1783594475.738 1 
1086572951 7807 1783594475.789 1 
1096661036 7808 1783594475.838 1 
1106573847 7809 1783594475.889 1 
1116660676 7810 1783594475.938 1 
1126523078 7811 1783594475.989 1 
1136574266 7812 1783594476.038 1 
1146660783 7813 1783594476.088 1 
1156521122 7814 1783594476.139 1 
1166574213 7815 1783594476.188 1 
1176660517 7816 1783594476.238 1 
1186522182 7817 1783594476.289 1 
1196574810 7818 1783594476.338 1 
1206660498 7819 1783594476.388 1 
1216574214 7820 1783594476.439 1 
1226618257 7821 1783594476.488 1 
1236573925 7822 1783594476.539 1 
1246659638 7823 1783594476.588 1 
1256522256 7824 1783594476.640 1 
1266521151 7825 1783594476.688 1 
1276573235 7826 1783594476.738 1 
1286660373 7827 1783594476.788 1 
1296522259 7828 1783594476.839 1 
1306574327 7829 1783594476.888 1 
1316661135 7830 1783594476.938 1 
1326575108 7831 1783594476.989 1 
1336659306 7832 1783594477.038 1 
1346573196 7833 1783594477.089 1 
1356659841 7834 1783594477.138 1 
1366573919 7835 1783594477.189 1 
1376660849 7836 1783594477.239 1 
1386574376 7837 1783594477.289 1 
1396662289 7838 1783594477.338 1 
1406573763 7839 1783594477.389 1 
1416659838 7840 1783594477.438 1 
1426618289 7841 1783594477.489 1 
1436574880 7842 1783594477.539 1 
1446659362 7843 1783594477.588 1 
1456574085 7844 1783594477.639 1 
1466659597 7845 1783594477.688 1 
1476574469 7846 1783594477.739 1 
1486660884 7847 1783594477.788 1 
1496573933 7848 1783594477.839 1 
1506660562 7849 1783594477.889 1 
1516523450 7850 1783594477.939 1 
1526573581 7851 1783594477.988 1 
1536601431 7852 1783594478.039 1 
1546575037 7853 1783594478.089 1 
1556660842 7854 1783594478.139 1 
1566521665 7855 1783594478.189 1 
1576572420 7856 1783594478.238 1 
1586659371 7857 1783594478.288 1 
1596573262 7858 1783594478.339 1 
1606660744 7859 1783594478.388 1 
1616586505 7860 1783594478.439 1 
1626618489 7861 1783594478.489 1 
1636574896 7862 1783594478.539 1 
1646659898 7863 1783594478.588 1 
1656521075 7864 1783594478.639 1 
1666522676 7865 1783594478.688 1 
1676574531 7866 1783594478.738 1 
1686660086 7867 1783594478.788 1 
1696574602 7868 1783594478.839 1 
1706660480 7869 1783594478.889 1 
1716573852 7870 1783594478.939 1 
1726601069 7871 1783594478.988 1 
1736574301 7872 1783594479.039 1 
1746660869 7873 1783594479.088 1 
1756573802 7874 1783594479.139 1 
1766661280 7875 1783594479.188 1 
1776574385 7876 1783594479.239 1 
1786662001 7877 1783594479.288 1 
1796574592 7878 1783594479.339 1 
1806601185 7879 1783594479.388 1 
1816522532 7880 1783594479.439 1 
1826672842 7881 1783594479.488 1 
1836573802 7882 1783594479.539 1 
1846600812 7883 1783594479.588 1 
1856574463 7884 1783594479.639 1 
1866661093 7885 1783594479.688 1 
1876523064 7886 1783594479.739 1 
1886521637 7887 1783594479.788 1 
1896522375 7888 1783594479.838 1 
1906574930 7889 1783594479.888 1 
1916660885 7890 1783594479.939 1 
1926520806 7891 1783594479.989 1 
1936572961 7892 1783594480.038 1 
1946660454 7893 1783594480.088 1 
1956573848 7894 1783594480.139 1 
1966660982 7895 1783594480.188 1 
1976573676 7896 1783594480.239 1 
1986601359 7897 1783594480.288 1 
1996523430 7898 1783594480.339 1 
2006522621 7899 1783594480.388 1 
2016522389 7900 1783594480.438 1 
2026672623 7901 1783594480.488 1 
2036573820 7902 1783594480.539 1 
2046659955 7903 1783594480.589 1 
2056521969 7904 1783594480.639 1 
2066575751 7905 1783594480.688 1 
2076660098 7906 1783594480.739 1 
2086521959 7907 1783594480.789 1 
2096522473 7908 1783594480.838 1 
2106522744 7909 1783594480.888 1 
2116522115 7910 1783594480.938 1 
2126573601 7911 1783594480.988 1 
2136661743 7912 1783594481.039 1 
2146520813 7913 1783594481.089 1 
2156521608 7914 1783594481.138 1 
2166575111 7915 1783594481.188 1 
2176660435 7916 1783594481.239 1 
2186573680 7917 1783594481.289 1 
2196659199 7918 1783594481.339 1 
2206574121 7919 1783594481.389 1 
2216659138 7920 1783594481.439 1 
2226653189 7921 1783594481.489 1 
2236660471 7922 1783594481.539 1 
2246572853 7923 1783594481.589 1 
2256662262 7924 1783594481.640 1 
2266522448 7925 1783594481.689 1 
2276575418 7926 1783594481.739 1 
2286660641 7927 1783594481.789 1 
2296575061 7928 1783594481.839 1 
2306661158 7929 1783594481.889 1 
2316573381 7930 1783594481.939 1 
2326660835 7931 1783594481.989 1 
2336573420 7932 1783594482.039 1 
2346661072 7933 1783594482.089 1 
2356573997 7934 1783594482.139 1 
2366662279 7935 1783594482.189 1 
2376521988 7936 1783594482.239 1 
2386573405 7937 1783594482.288 1 
2396599653 7938 1783594482.339 1 
2406574454 7939 1783594482.389 1 
2416660028 7940 1783594482.439 1 
2426533824 7941 1783594482.489 1 
2436573955 7942 1783594482.538 1 
2446660725 7943 1783594482.589 1 
2456573765 7944 1783594482.639 1 
2466600188 7945 1783594482.689 1 
2476574381 7946 1783594482.739 1 
2486660471 7947 1783594482.789 1 
2496573941 7948 1783594482.839 1 
2506600218 7949 1783594482.889 1 
2516574849 7950 1783594482.939 1 
2526660587 7951 1783594482.989 1 
2536521989 7952 1783594483.039 1 
2546574520 7953 1783594483.088 1 
2556661696 7954 1783594483.139 1 
2566574282 7955 1783594483.189 1 
2576660099 7956 1783594483.239 1 
2586573553 7957 1783594483.289 1 
2596660395 7958 1783594483.339 1 
2606574285 7959 1783594483.389 1 
2616661236 7960 1783594483.439 1 
2626526987 7961 1783594483.489 1 
2636522562 7962 1783594483.539 1 
2646522972 7963 1783594483.588 1 
2656572869 7964 1783594483.638 1 
2666659725 7965 1783594483.689 1 
2676573917 7966 1783594483.739 1 
2686601783 7967 1783594483.789 1 
2696521406 7968 1783594483.839 1 
2706522217 7969 1783594483.889 1 
2716521824 7970 1783594483.939 1 
2726573243 7971 1783594483.989 1 
2736660866 7972 1783594484.039 1 
2746521894 7973 1783594484.089 1 
2756573237 7974 1783594484.138 1 
2766660547 7975 1783594484.189 1 
2776520417 7976 1783594484.239 1 
2786574896 7977 1783594484.288 1 
2796663014 7978 1783594484.339 1 
2806522804 7979 1783594484.389 1 
2816573676 7980 1783594484.438 1 
2826618375 7981 1783594484.489 1 
2836575075 7982 1783594484.539 1 
2846660689 7983 1783594484.589 1 
2856522225 7984 1783594484.639 1 
2866574758 7985 1783594484.689 1 
2876659896 7986 1783594484.739 1 
2886522398 7987 1783594484.789 1 
2896521938 7988 1783594484.839 1 
2906520576 7989 1783594484.889 1 
2916573651 7990 1783594484.939 1 
2926600606 7991 1783594484.989 1 
2936521173 7992 1783594485.039 1 
2946522154 7993 1783594485.089 1 
2956574492 7994 1783594485.139 1 
2966661689 7995 1783594485.189 1 
2976573984 7996 1783594485.239 1 
2986661020 7997 1783594485.289 1 
2996575217 7998 1783594485.339 1 
3006659286 7999 1783594485.389 1 
3016572684 8000 1783594485.439 1 
3026619346 8001 1783594485.489 1 
3036574519 8002 1783594485.539 1 
3046661051 8003 1783594485.589 1 
3056574890 8004 1783594485.639 1 
3066660688 8005 1783594485.689 1 
3076575506 8006 1783594485.739 1 
3086659371 8007 1783594485.789 1 
3096521718 8008 1783594485.839 1 
3106573656 8009 1783594485.889 1 
3116660326 8010 1783594485.939 1 
3126575645 8011 1783594485.989 1 
3136660964 8012 1783594486.039 1 
3146573163 8013 1783594486.089 1 
3156661380 8014 1783594486.139 1 
3166522591 8015 1783594486.189 1 
3176574156 8016 1783594486.239 1 
3186660686 8017 1783594486.289 1 
3196521624 8018 1783594486.339 1 
3206522841 8019 1783594486.389 1 
3216522183 8020 1783594486.439 1 
3226617659 8021 1783594486.489 1 
3236522093 8022 1783594486.539 1 
3246521035 8023 1783594486.589 1 
3256521429 8024 1783594486.640 1 
3266521556 8025 1783594486.689 1 
3276521810 8026 1783594486.739 1 
3286574185 8027 1783594486.789 1 
3296661468 8028 1783594486.839 1 
3306574958 8029 1783594486.889 1 
3316659832 8030 1783594486.939 1 
3326572917 8031 1783594486.989 1 
3336661541 8032 1783594487.039 1 
3346574637 8033 1783594487.089 1 
3356601265 8034 1783594487.139 1 
3366574101 8035 1783594487.189 1 
3376661316 8036 1783594487.239 1 
3386522298 8037 1783594487.289 1 
3396573418 8038 1783594487.339 1 
3406660165 8039 1783594487.389 1 
3416521890 8040 1783594487.439 1 
3426625167 8041 1783594487.489 1 
3436573928 8042 1783594487.539 1 
3446661186 8043 1783594487.589 1 
3456573448 8044 1783594487.639 1 
3466661825 8045 1783594487.689 1 
3476574696 8046 1783594487.739 1 
3486660709 8047 1783594487.789 1 
3496574381 8048 1783594487.839 1 
3506660430 8049 1783594487.889 1 
3516574697 8050 1783594487.939 1 
3526659949 8051 1783594487.989 1 
3536574292 8052 1783594488.039 1 
3546660144 8053 1783594488.089 1 
3556521678 8054 1783594488.139 1 
3566574834 8055 1783594488.189 1 
3576661214 8056 1783594488.239 1 
3586521787 8057 1783594488.289 1 
3596521131 8058 1783594488.339 1 
3606575040 8059 1783594488.389 1 
3616660653 8060 1783594488.439 1 
3626626867 8061 1783594488.489 1 
3636521682 8062 1783594488.539 1 
3646573887 8063 1783594488.589 1 
3656660224 8064 1783594488.639 1 
3666521688 8065 1783594488.689 1 
3676523174 8066 1783594488.739 1 
3686574022 8067 1783594488.789 1 
3696661112 8068 1783594488.839 1 
3706521544 8069 1783594488.889 1 
3716522038 8070 1783594488.939 1 
3726574626 8071 1783594488.989 1 
3736659940 8072 1783594489.039 1 
3746574669 8073 1783594489.089 1 
3756659032 8074 1783594489.139 1 
3766574668 8075 1783594489.189 1 
3776660130 8076 1783594489.239 1 
3786522769 8077 1783594489.289 1 
3796574786 8078 1783594489.339 1 
3806599885 8079 1783594489.389 1 
3816520778 8080 1783594489.439 1 
3826527096 8081 1783594489.489 1 
3836572911 8082 1783594489.539 1 
3846600732 8083 1783594489.589 1 
3856574752 8084 1783594489.639 1 
3866599739 8085 1783594489.689 1 
3876574168 8086 1783594489.739 1 
3886600869 8087 1783594489.789 1 
3896573401 8088 1783594489.839 1 
3906661199 8089 1783594489.889 1 
3916573602 8090 1783594489.939 1 
3926661484 8091 1783594489.989 1 
3936574222 8092 1783594490.039 1 
3946662366 8093 1783594490.089 1 
3956574383 8094 1783594490.139 1 
3966600789 8095 1783594490.189 1 
3976573342 8096 1783594490.239 1 
3986659525 8097 1783594490.289 1 
3996522329 8098 1783594490.340 1 
4006574375 8099 1783594490.389 1 
4016661180 8100 1783594490.439 1 
4026654066 8101 1783594490.490 1 
4036660691 8102 1783594490.539 1 
4046519729 8103 1783594490.590 1 
4056521998 8104 1783594490.639 1 
4066520017 8105 1783594490.689 1 
4076522192 8106 1783594490.739 1 
4086520942 8107 1783594490.789 1 
4096574793 8108 1783594490.839 1 
4106660658 8109 1783594490.889 1 
4116573764 8110 1783594490.939 1 
4126601171 8111 1783594490.989 1 
4136573459 8112 1783594491.039 1 
4146617310 8113 1783594491.089 1 
4156572289 8114 1783594491.139 1 
4166661826 8115 1783594491.189 1 
4176574483 8116 1783594491.240 1 
4186600210 8117 1783594491.289 1 
4196574762 8118 1783594491.339 1 
4206659950 8119 1783594491.389 1 
4216573154 8120 1783594491.439 1 
4226618733 8121 1783594491.489 1 
4236574221 8122 1783594491.539 1 
4246660923 8123 1783594491.589 1 
4256574049 8124 1783594491.641 1 
4266660528 8125 1783594491.689 1 
4276574382 8126 1783594491.739 1 
4286686229 8127 1783594491.789 1 
1607341 8128 1783594491.840 1 
11693105 8129 1783594491.889 1 
21555035 8130 1783594491.940 1 
31606244 8131 1783594491.989 1 
41694554 8132 1783594492.039 1 
51607160 8133 1783594492.090 1 
61693207 8134 1783594492.139 1 
71606914 8135 1783594492.190 1 
81695007 8136 1783594492.239 1 
91607449 8137 1783594492.290 1 
101693387 8138 1783594492.339 1 
111608196 8139 1783594492.390 1 
121692642 8140 1783594492.439 1 
131651149 8141 1783594492.490 1 
141556597 8142 1783594492.539 1 
151607105 8143 1783594492.589 1 
161693558 8144 1783594492.639 1 
171606354 8145 1783594492.690 1 
181694414 8146 1783594492.739 1 
191554152 8147 1783594492.790 1 
201554339 8148 1783594492.839 1 
211607289 8149 1783594492.889 1 
221692439 8150 1783594492.939 1 
231606792 8151 1783594492.990 1 
241693537 8152 1783594493.039 1 
251553542 8153 1783594493.090 1 
261553994 8154 1783594493.139 1 
271607307 8155 1783594493.189 1 
281694436 8156 1783594493.240 1 
291605208 8157 1783594493.290 1 
301693181 8158 1783594493.339 1 
311553265 8159 1783594493.390 1 
321554148 8160 1783594493.439 1 
331560024 8161 1783594493.489 1 
341606808 8162 1783594493.539 1 
351693679 8163 1783594493.589 1 
361606179 8164 1783594493.640 1 
371634574 8165 1783594493.689 1 
381554417 8166 1783594493.739 1 
391607095 8167 1783594493.789 1 
401692181 8168 1783594493.839 1 
411554918 8169 1783594493.890 1 
421606437 8170 1783594493.939 1 
431633447 8171 1783594493.989 1 
441606865 8172 1783594494.040 1 
451693123 8173 1783594494.089 1 
461607086 8174 1783594494.140 1 
471693387 8175 1783594494.189 1 
481607748 8176 1783594494.240 1 
491692533 8177 1783594494.289 1 
501608254 8178 1783594494.340 1 
511692766 8179 1783594494.389 1 
521607486 8180 1783594494.440 1 
531652117 8181 1783594494.489 1 
541554237 8182 1783594494.539 1 
551606653 8183 1783594494.589 1 
561632834 8184 1783594494.639 1 
571554138 8185 1783594494.689 1 
581554723 8186 1783594494.739 1 
591569487 8187 1783594494.789 1 
601566037 8188 1783594494.839 1 
611554670 8189 1783594494.889 1 
621607470 8190 1783594494.939 1 
631693149 8191 1783594494.989 1 
641606518 8192 1783594495.040 1 
651631851 8193 1783594495.089 1 
661554643 8194 1783594495.139 1 
671607752 8195 1783594495.189 1 
681693168 8196 1783594495.239 1 
691608435 8197 1783594495.290 1 
701633422 8198 1783594495.339 1 
711606243 8199 1783594495.389 1 
721692039 8200 1783594495.439 1 
731650885 8201 1783594495.490 1 
741554409 8202 1783594495.540 1 
751607193 8203 1783594495.589 1 
761694117 8204 1783594495.639 1 
771606970 8205 1783594495.690 1 
781693179 8206 1783594495.740 1 
791606871 8207 1783594495.790 1 
801643591 8208 1783594495.839 1 
811564609 8209 1783594495.890 1 
821607317 8210 1783594495.939 1 
831694067 8211 1783594495.989 1 
841554211 8212 1783594496.040 1 
851553699 8213 1783594496.089 1 
861553641 8214 1783594496.139 1 
871554760 8215 1783594496.189 1 
881605451 8216 1783594496.239 1 
891633356 8217 1783594496.289 1 
901606364 8218 1783594496.339 1 
911694184 8219 1783594496.389 1 
921606958 8220 1783594496.440 1 
931651494 8221 1783594496.489 1 
941607268 8222 1783594496.540 1 
951693272 8223 1783594496.589 1 
961607175 8224 1783594496.640 1 
971691973 8225 1783594496.689 1 
981607909 8226 1783594496.740 1 
991633533 8227 1783594496.789 1 
1001607019 8228 1783594496.840 1 
1011694602 8229 1783594496.889 1 
1021606474 8230 1783594496.940 1 
1031693298 8231 1783594496.989 1 
1041606096 8232 1783594497.040 1 
1051632879 8233 1783594497.089 1 
1061606852 8234 1783594497.140 1 
1071633130 8235 1783594497.189 1 
1081554575 8236 1783594497.240 1 
1091554405 8237 1783594497.289 1 
1101555159 8238 1783594497.339 1 
1111553385 8239 1783594497.389 1 
1121554315 8240 1783594497.439 1 
1131566663 8241 1783594497.489 1 
1141607329 8242 1783594497.539 1 
1151633961 8243 1783594497.589 1 
1161605516 8244 1783594497.640 1 
1171693688 8245 1783594497.689 1 
1181606677 8246 1783594497.740 1 
1191692436 8247 1783594497.789 1 
1201607341 8248 1783594497.840 1 
1211633129 8249 1783594497.889 1 
1221553619 8250 1783594497.939 1 
1231607328 8251 1783594497.989 1 
1241634552 8252 1783594498.039 1 
1251605457 8253 1783594498.090 1 
1261634245 8254 1783594498.139 1 
1271607237 8255 1783594498.190 1 
1281693410 8256 1783594498.239 1 
1291554050 8257 1783594498.290 1 
1301607642 8258 1783594498.339 1 
1311694417 8259 1783594498.389 1 
1321556000 8260 1783594498.440 1 
1331659622 8261 1783594498.489 1 
1341607701 8262 1783594498.540 1 
1351694309 8263 1783594498.589 1 
1361608114 8264 1783594498.640 1 
1371692891 8265 1783594498.689 1 
1381606966 8266 1783594498.740 1 
1391634040 8267 1783594498.789 1 
1401606149 8268 1783594498.840 1 
1411635014 8269 1783594498.890 1 
1421606962 8270 1783594498.940 1 
1431692103 8271 1783594498.990 1 
1441555855 8272 1783594499.040 1 
1451607250 8273 1783594499.089 1 
1461694169 8274 1783594499.139 1 
1471605909 8275 1783594499.190 1 
1481693984 8276 1783594499.240 1 
1491606347 8277 1783594499.290 1 
1501692977 8278 1783594499.339 1 
1511607172 8279 1783594499.390 1 
1521691710 8280 1783594499.439 1 
1531704232 8281 1783594499.490 1 
1541607528 8282 1783594499.540 1 
1551634212 8283 1783594499.589 1 
1561554489 8284 1783594499.640 1 
1571566017 8285 1783594499.689 1 
1581606786 8286 1783594499.739 1 
1591693425 8287 1783594499.790 1 
1601606567 8288 1783594499.840 1 
1611692989 8289 1783594499.890 1 
1621606052 8290 1783594499.940 1 
1631633282 8291 1783594499.990 1 
1641553812 8292 1783594500.040 1 
1651556122 8293 1783594500.089 1 
1661554561 8294 1783594500.139 1 
1671554111 8295 1783594500.189 1 
1681554830 8296 1783594500.239 1 
1691606008 8297 1783594500.289 1 
1701693060 8298 1783594500.339 1 
1711554304 8299 1783594500.390 1 
1721607191 8300 1783594500.439 1 
1731652036 8301 1783594500.490 1 
1741607896 8302 1783594500.540 1 
1751692679 8303 1783594500.590 1 
1761554508 8304 1783594500.640 1 
1771605993 8305 1783594500.689 1 
1781713370 8306 1783594500.740 1 -2.617 11.619 1.122 23.561 76 422 -4.486 7.833 -7.851 23.561 76 422 
1791554597 8307 1783594500.791 1 
1801608132 8308 1783594500.839 1 
1811633323 8309 1783594500.890 1 
1821605291 8310 1783594500.940 1 
1831694049 8311 1783594500.990 1 
1841554287 8312 1783594501.040 1 
1851554130 8313 1783594501.089 1 
1861554875 8314 1783594501.139 1 
1871607685 8315 1783594501.189 1 
1881692882 8316 1783594501.240 1 
1891608382 8317 1783594501.290 1 
1901632640 8318 1783594501.340 1 
1911606208 8319 1783594501.390 1 
1921691361 8320 1783594501.439 1 
1931704865 8321 1783594501.490 1 
1941555465 8322 1783594501.540 1 
1951607211 8323 1783594501.589 1 
1961658702 8324 1783594501.640 1 
1971693666 8325 1783594501.731 1 
1981606695 8326 1783594501.740 1 
1991634467 8327 1783594501.790 1 
2001607231 8328 1783594501.840 1 
2011633499 8329 1783594501.890 1 
2021606654 8330 1783594501.940 1 
2031634199 8331 1783594501.990 1 
2041554236 8332 1783594502.040 1 
2051554613 8333 1783594502.089 1 
2061554434 8334 1783594502.139 1 
2071605602 8335 1783594502.189 1 
2081692271 8336 1783594502.240 1 
2091554520 8337 1783594502.290 1 
2101606172 8338 1783594502.339 1 
2111693866 8339 1783594502.390 1 
2121606502 8340 1783594502.440 1 
2131651720 8341 1783594502.490 1 
2141553895 8342 1783594502.540 1 
2151555289 8343 1783594502.589 1 
2161605742 8344 1783594502.639 1 
2171633892 8345 1783594502.690 1 
2181553049 8346 1783594502.740 1 
2191554995 8347 1783594502.789 1 
2201607380 8348 1783594502.839 1 
2211693713 8349 1783594502.890 1 
2221607837 8350 1783594502.940 1 
2231634023 8351 1783594502.990 1 
2241606684 8352 1783594503.040 1 
2251633123 8353 1783594503.090 1 
2261554424 8354 1783594503.140 1 
2271607701 8355 1783594503.189 1 
2281693811 8356 1783594503.240 1 
2291606713 8357 1783594503.290 1 
2301692910 8358 1783594503.340 1 
2311606812 8359 1783594503.390 1 
2321691930 8360 1783594503.440 1 
2331560296 8361 1783594503.490 1 
2341607052 8362 1783594503.540 1 
2351693193 8363 1783594503.590 1 
2361607132 8364 1783594503.640 1 
2371692853 8365 1783594503.690 1 
2381606091 8366 1783594503.740 1 
2391693782 8367 1783594503.790 1 
2401606341 8368 1783594503.840 1 
2411694285 8369 1783594503.890 1 
2421608052 8370 1783594503.940 1 
2431692656 8371 1783594503.990 1 
2441606410 8372 1783594504.040 1 
2451694206 8373 1783594504.090 1 
2461606425 8374 1783594504.140 1 
2471694502 8375 1783594504.190 1 
2481607032 8376 1783594504.240 1 
2491693352 8377 1783594504.290 1 
2501609150 8378 1783594504.340 1 
2511693895 8379 1783594504.390 1 
2521553418 8380 1783594504.440 1 
2531558938 8381 1783594504.489 1 
2541607068 8382 1783594504.539 1 
2551691848 8383 1783594504.590 1 
2561608457 8384 1783594504.640 1 
2571693705 8385 1783594504.690 1 
2581607798 8386 1783594504.740 1 
2591692713 8387 1783594504.790 1 
2601606606 8388 1783594504.840 1 
2611694477 8389 1783594504.890 1 
2621607646 8390 1783594504.940 1 
2631633270 8391 1783594504.990 1 
2641553007 8392 1783594505.040 1 
2651554677 8393 1783594505.089 1 
2661554787 8394 1783594505.140 1 
2671554042 8395 1783594505.189 1 
2681607305 8396 1783594505.240 1 
2691692411 8397 1783594505.290 1 
2701553550 8398 1783594505.340 1 
2711555888 8399 1783594505.389 1 
2721606764 8400 1783594505.440 1 
2731651625 8401 1783594505.490 1 
2741606550 8402 1783594505.540 1 
2751693983 8403 1783594505.590 1 
2761555050 8404 1783594505.640 1 
2771606901 8405 1783594505.689 1 
2781693518 8406 1783594505.740 1 
2791553290 8407 1783594505.790 1 
2801606562 8408 1783594505.840 1 
2811692405 8409 1783594505.890 1 
2821554609 8410 1783594505.940 1 
2831606047 8411 1783594505.989 1 
2841633890 8412 1783594506.040 1 
2851606868 8413 1783594506.090 1 
2861692919 8414 1783594506.140 1 
2871606584 8415 1783594506.190 1 
2881634356 8416 1783594506.240 1 
2891608612 8417 1783594506.290 1 
2901633997 8418 1783594506.340 1 
2911606528 8419 1783594506.390 1 
2921692168 8420 1783594506.440 1 
2931650158 8421 1783594506.490 1 
2941554686 8422 1783594506.540 1 
2951554763 8423 1783594506.590 1 
2961570422 8424 1783594506.640 1 
2971623936 8425 1783594506.691 1 
2981692358 8426 1783594506.740 1 
2991606976 8427 1783594506.790 1 
3001633106 8428 1783594506.840 1 
3011554309 8429 1783594506.890 1 
3021606659 8430 1783594506.940 1 
3031692965 8431 1783594506.990 1 
3041607114 8432 1783594507.040 1 
3051633446 8433 1783594507.090 1 
3061608258 8434 1783594507.140 1 
3071633308 8435 1783594507.190 1 
3081555610 8436 1783594507.240 1 
3091554384 8437 1783594507.290 1 
3101607252 8438 1783594507.340 1 
3111634010 8439 1783594507.390 1 
3121605605 8440 1783594507.440 1 
3131652656 8441 1783594507.490 1 
3141607266 8442 1783594507.540 1 
3151692982 8443 1783594507.590 1 
3161555265 8444 1783594507.640 1 
3171606937 8445 1783594507.690 1 
3181693700 8446 1783594507.740 1 
3191554940 8447 1783594507.790 1 
3201606788 8448 1783594507.840 1 
3211693940 8449 1783594507.890 1 
3221605220 8450 1783594507.940 1 
3231633228 8451 1783594507.990 1 
3241554978 8452 1783594508.040 1 
3251606297 8453 1783594508.090 1 
3261631956 8454 1783594508.140 1 
3271554392 8455 1783594508.190 1 
3281554489 8456 1783594508.240 1 
3291554520 8457 1783594508.290 1 
3301554799 8458 1783594508.340 1 
3311555730 8459 1783594508.390 1 
3321607204 8460 1783594508.440 1 
3331651730 8461 1783594508.490 1 
3341555134 8462 1783594508.540 1 
3351607885 8463 1783594508.590 1 
3361633996 8464 1783594508.640 1 
3371607822 8465 1783594508.690 1 
3381694092 8466 1783594508.740 1 
3391554974 8467 1783594508.790 1 
3401608322 8468 1783594508.840 1 
3411692887 8469 1783594508.890 1 
3421553615 8470 1783594508.940 1 
3431607332 8471 1783594508.990 1 
3441693197 8472 1783594509.040 1 
3451606360 8473 1783594509.090 1 
3461694098 8474 1783594509.140 1 
3471553334 8475 1783594509.190 1 
3481555068 8476 1783594509.240 1 
3491606878 8477 1783594509.290 1 
3501693780 8478 1783594509.340 1 
3511607942 8479 1783594509.390 1 
3521693262 8480 1783594509.440 1 
3531704869 8481 1783594509.490 1 
3541608344 8482 1783594509.540 1 
3551693423 8483 1783594509.590 1 
3561554499 8484 1783594509.640 1 
3571607506 8485 1783594509.690 1 
3581692436 8486 1783594509.740 1 
3591607486 8487 1783594509.790 1 
3601632936 8488 1783594509.840 1 
3611554922 8489 1783594509.890 1 
3621555289 8490 1783594509.940 1 
3631605995 8491 1783594509.990 1 
3641694168 8492 1783594510.040 1 
3651554450 8493 1783594510.091 1 
3661605988 8494 1783594510.140 1 
3671632439 8495 1783594510.190 1 
3681606180 8496 1783594510.240 1 
3691633136 8497 1783594510.290 1 
3701606631 8498 1783594510.340 1 
3711693830 8499 1783594510.390 1 
3721553109 8500 1783594510.440 1 
3731559499 8501 1783594510.490 1 
3741554920 8502 1783594510.540 1 
3751605903 8503 1783594510.590 1 
3761692195 8504 1783594510.640 1 
3771606595 8505 1783594510.690 1 
3781695119 8506 1783594510.740 1 
3791607549 8507 1783594510.790 1 
3801693308 8508 1783594510.840 1 
3811606993 8509 1783594510.891 1 
3821693054 8510 1783594510.940 1 
3831606817 8511 1783594510.991 1 
3841692787 8512 1783594511.040 1 
3851608696 8513 1783594511.090 1 
3861693920 8514 1783594511.140 1 
3871607507 8515 1783594511.190 1 
3881693436 8516 1783594511.240 1 
3891607085 8517 1783594511.290 1 
3901692215 8518 1783594511.340 1 
3911555108 8519 1783594511.390 1 
3921554024 8520 1783594511.440 1 
3931559007 8521 1783594511.490 1 
3941607837 8522 1783594511.540 1 
3951693238 8523 1783594511.590 1 
3961606892 8524 1783594511.641 1 
3971693976 8525 1783594511.691 1 
3981606535 8526 1783594511.740 1 
3991693352 8527 1783594511.790 1 
4001605917 8528 1783594511.840 1 
4011693327 8529 1783594511.890 1 
4021555215 8530 1783594511.941 1 
4031555625 8531 1783594511.990 1 
4041554345 8532 1783594512.040 1 
4051606150 8533 1783594512.090 1 
4061693042 8534 1783594512.140 1 
4071606860 8535 1783594512.191 1 
4081633155 8536 1783594512.240 1 
4091607191 8537 1783594512.290 1 
4101692931 8538 1783594512.340 1 
4111606647 8539 1783594512.391 1 
4121693369 8540 1783594512.440 1 
4131705622 8541 1783594512.491 1 
4141607362 8542 1783594512.541 1 
4151693812 8543 1783594512.590 1 
4161606075 8544 1783594512.641 1 
4171692924 8545 1783594512.690 1 
4181554911 8546 1783594512.741 1 
4191555277 8547 1783594512.790 1 
4201607382 8548 1783594512.840 1 
4211693056 8549 1783594512.890 1 
4221554562 8550 1783594512.941 1 
4231555205 8551 1783594512.990 1 
4241553800 8552 1783594513.040 1 
4251554543 8553 1783594513.090 1 
4261555850 8554 1783594513.140 1 
4271554331 8555 1783594513.190 1 
4281607881 8556 1783594513.240 1 
4291633544 8557 1783594513.290 1 
6638653 8558 1783594513.340 1 
16666064 8559 1783594513.390 1 
26639447 8560 1783594513.440 1 
36684014 8561 1783594513.490 1 
46586827 8562 1783594513.540 1 
56587182 8563 1783594513.590 1 
66640348 8564 1783594513.640 1 
76665603 8565 1783594513.690 1 
86587411 8566 1783594513.740 1 
96639657 8567 1783594513.790 1 
106666545 8568 1783594513.840 1 
116587764 8569 1783594513.891 1 
126587349 8570 1783594513.940 1 
136640165 8571 1783594513.990 1 
146724844 8572 1783594514.040 1 
156639972 8573 1783594514.091 1 
166665921 8574 1783594514.140 1 
176587426 8575 1783594514.190 1 
186586943 8576 1783594514.240 1 
196586813 8577 1783594514.290 1 
206587852 8578 1783594514.340 1 
216587482 8579 1783594514.390 1 
226585443 8580 1783594514.440 1 
236600217 8581 1783594514.490 1 
246587527 8582 1783594514.540 1 
256639017 8583 1783594514.590 1 
266726166 8584 1783594514.640 1 
276639451 8585 1783594514.691 1 
286727205 8586 1783594514.740 1 
296639480 8587 1783594514.791 1 
306725830 8588 1783594514.840 1 
316586932 8589 1783594514.891 1 
326637984 8590 1783594514.940 1 
336727267 8591 1783594514.990 1 
346639720 8592 1783594515.041 1 
356725391 8593 1783594515.090 1 
366586974 8594 1783594515.141 1 
376640158 8595 1783594515.190 1 
386665259 8596 1783594515.240 1 
396587290 8597 1783594515.290 1 
406586554 8598 1783594515.340 1 
416640048 8599 1783594515.390 1 
426724866 8600 1783594515.440 1 
436724147 8601 1783594515.491 1 
446640786 8602 1783594515.541 1 
456726450 8603 1783594515.590 1 
466639458 8604 1783594515.641 1 
476667010 8605 1783594515.690 1 
486587280 8606 1783594515.740 1 
496587580 8607 1783594515.790 1 
506640457 8608 1783594515.840 1 
516726428 8609 1783594515.890 1 
526586282 8610 1783594515.941 1 
536638898 8611 1783594515.990 1 
546725617 8612 1783594516.040 1 
556640295 8613 1783594516.091 1 
566725059 8614 1783594516.140 1 
576586782 8615 1783594516.191 1 
586640127 8616 1783594516.240 1 
596726047 8617 1783594516.290 1 
606638809 8618 1783594516.341 1 
616745565 8619 1783594516.390 1 
626587239 8620 1783594516.441 1 
636736207 8621 1783594516.490 1 
646640627 8622 1783594516.541 1 
656726645 8623 1783594516.590 1 
666586113 8624 1783594516.641 1 
676638983 8625 1783594516.691 1 
686667194 8626 1783594516.740 1 
696639173 8627 1783594516.790 1 
706725731 8628 1783594516.840 1 
716587361 8629 1783594516.891 1 
726639760 8630 1783594516.940 1 
736725803 8631 1783594516.990 1 
746639954 8632 1783594517.041 1 
756726551 8633 1783594517.090 1 
766586971 8634 1783594517.141 1 
776640207 8635 1783594517.190 1 
786666442 8636 1783594517.240 1 
796639038 8637 1783594517.291 1 
806726634 8638 1783594517.340 1 
816639895 8639 1783594517.391 1 
826665504 8640 1783594517.440 1 
836592745 8641 1783594517.490 1 
846639172 8642 1783594517.540 1 
856726100 8643 1783594517.591 1 
866638735 8644 1783594517.641 1 
876725284 8645 1783594517.690 1 
886639300 8646 1783594517.741 1 
896725327 8647 1783594517.790 1 
906586048 8648 1783594517.841 1 
916640943 8649 1783594517.890 1 
926665917 8650 1783594517.940 1 
936640196 8651 1783594517.991 1 
946725098 8652 1783594518.040 1 
956640256 8653 1783594518.091 1 
966726049 8654 1783594518.140 1 
976639846 8655 1783594518.191 1 
986726162 8656 1783594518.240 1 
996641623 8657 1783594518.291 1 
1006724462 8658 1783594518.340 1 
1016639552 8659 1783594518.391 1 
1026726112 8660 1783594518.440 1 
1036682959 8661 1783594518.491 1 
1046586637 8662 1783594518.541 1 
1056642281 8663 1783594518.590 1 
1066725628 8664 1783594518.640 1 
1076585866 8665 1783594518.691 1 
1086639002 8666 1783594518.740 1 
1096726058 8667 1783594518.791 1 
1106638981 8668 1783594518.841 1 
1116725616 8669 1783594518.891 1 
1126640088 8670 1783594518.941 1 
1136725238 8671 1783594518.990 1 
1146640477 8672 1783594519.041 1 
1156726614 8673 1783594519.090 1 
1166587777 8674 1783594519.141 1 
1176639839 8675 1783594519.190 1 
1186725168 8676 1783594519.241 1 
1196639415 8677 1783594519.291 1 
1206726235 8678 1783594519.340 1 
1216639602 8679 1783594519.391 1 
1226726718 8680 1783594519.440 1 
1236593755 8681 1783594519.491 1 
1246588103 8682 1783594519.540 1 
1256587499 8683 1783594519.590 1 
1266639088 8684 1783594519.640 1 
1276725856 8685 1783594519.691 1 
1286587366 8686 1783594519.741 1 
1296639444 8687 1783594519.790 1 
1306726008 8688 1783594519.840 1 
1316639601 8689 1783594519.891 1 
1326726066 8690 1783594519.940 1 
1336587891 8691 1783594519.991 1 
1346640004 8692 1783594520.040 1 
1356690695 8693 1783594520.090 1 
1366726597 8694 1783594520.141 1 
1376603380 8695 1783594520.191 1 
1386640299 8696 1783594520.240 1 
1396665367 8697 1783594520.290 1 
1406587017 8698 1783594520.341 1 
1416587748 8699 1783594520.390 1 
1426587264 8700 1783594520.440 1 
1436658512 8701 1783594520.490 1 
1446639057 8702 1783594520.541 1 
1456725972 8703 1783594520.591 1 
1466587708 8704 1783594520.641 1 
1476640301 8705 1783594520.690 1 
1486726800 8706 1783594520.740 1 
1496638839 8707 1783594520.791 1 
1506724917 8708 1783594520.841 1 
1516639246 8709 1783594520.891 1 
1526725139 8710 1783594520.941 1 
1536640277 8711 1783594520.991 1 
1546666241 8712 1783594521.041 1 
1556638021 8713 1783594521.091 1 
1566725371 8714 1783594521.141 1 
1576640362 8715 1783594521.191 1 
1586724916 8716 1783594521.241 1 
1596639601 8717 1783594521.291 1 
1606727528 8718 1783594521.341 1 
1616638531 8719 1783594521.391 1 
1626725636 8720 1783594521.441 1 
1636737947 8721 1783594521.491 1 
1646639998 8722 1783594521.541 1 
1656665407 8723 1783594521.590 1 
1666638822 8724 1783594521.641 1 
1676726541 8725 1783594521.692 1 
1686640667 8726 1783594521.741 1 
1696725616 8727 1783594521.791 1 
1706587546 8728 1783594521.841 1 
1716639838 8729 1783594521.890 1 
1726725602 8730 1783594521.941 1 
1736637868 8731 1783594521.991 1 
1746725606 8732 1783594522.041 1 
1756638542 8733 1783594522.091 1 
1766727244 8734 1783594522.141 1 
1776640654 8735 1783594522.191 1 
1786726418 8736 1783594522.241 1 
1796586045 8737 1783594522.291 1 
1806586329 8738 1783594522.340 1 
1816640043 8739 1783594522.390 1 
1826724760 8740 1783594522.441 1 
1836598722 8741 1783594522.491 1 
1846637947 8742 1783594522.540 1 
1856726318 8743 1783594522.591 1 
1866587984 8744 1783594522.641 1 
1876639764 8745 1783594522.690 1 
1886726021 8746 1783594522.741 1 
1896639677 8747 1783594522.791 1 
1906726721 8748 1783594522.841 1 
1916639332 8749 1783594522.891 1 
1926725608 8750 1783594522.941 1 
1936640317 8751 1783594522.991 1 
1946725281 8752 1783594523.041 1 
1956640271 8753 1783594523.091 1 
1966792172 8754 1783594523.141 1 
1976688347 8755 1783594523.191 1 
1986666321 8756 1783594523.241 1 
1996640308 8757 1783594523.291 1 
2006726325 8758 1783594523.341 1 
2016639065 8759 1783594523.391 1 
2026726448 8760 1783594523.441 1 
2036592186 8761 1783594523.491 1 
2046640033 8762 1783594523.540 1 
2056726002 8763 1783594523.591 1 
2066586599 8764 1783594523.641 1 
2076639152 8765 1783594523.691 1 
2086726719 8766 1783594523.741 1 
2096588439 8767 1783594523.791 1 
2106638483 8768 1783594523.840 1 
2116725978 8769 1783594523.891 1 
2126639997 8770 1783594523.941 1 
2136726986 8771 1783594523.991 1 
2146639297 8772 1783594524.041 1 
2156726802 8773 1783594524.091 1 
2166639723 8774 1783594524.141 1 
2176725885 8775 1783594524.191 1 
2186638588 8776 1783594524.241 1 
2196666005 8777 1783594524.291 1 
2206640876 8778 1783594524.341 1 
2216725383 8779 1783594524.391 1 
2226639286 8780 1783594524.441 1 
2236671770 8781 1783594524.491 1 
2246638952 8782 1783594524.541 1 
2256725802 8783 1783594524.591 1 
2266639295 8784 1783594524.641 1 
2276666435 8785 1783594524.691 1 
2286640519 8786 1783594524.741 1 
2296666497 8787 1783594524.791 1 
2306639495 8788 1783594524.841 1 
2316727107 8789 1783594524.891 1 
2326637737 8790 1783594524.941 1 
2336726317 8791 1783594524.991 1 
2346639786 8792 1783594525.041 1 
2356666245 8793 1783594525.091 1 
2366639728 8794 1783594525.141 1 
2376726367 8795 1783594525.191 1 
2386639161 8796 1783594525.241 1 
2396726397 8797 1783594525.296 1 
2406588407 8798 1783594525.341 1 
2416588440 8799 1783594525.390 1 
2426638415 8800 1783594525.440 1 
2436683505 8801 1783594525.491 1 
2446587195 8802 1783594525.541 1 
2456587914 8803 1783594525.591 1 
2466587482 8804 1783594525.640 1 
2476639491 8805 1783594525.691 1 
2486726997 8806 1783594525.741 1 
2496586063 8807 1783594525.791 1 
2506585894 8808 1783594525.840 1 
2516587372 8809 1783594525.891 1 
2526586869 8810 1783594525.940 1 
2536587991 8811 1783594525.991 1 
2546587335 8812 1783594526.040 1 
2556638352 8813 1783594526.091 1 
2566726104 8814 1783594526.141 1 
2576587638 8815 1783594526.191 1 
2586587098 8816 1783594526.240 1 
2596587864 8817 1783594526.291 1 
2606586329 8818 1783594526.340 1 
2616586252 8819 1783594526.391 1 
2626637857 8820 1783594526.440 1 
2636684249 8821 1783594526.491 1 
2646639289 8822 1783594526.541 1 
2656725706 8823 1783594526.591 1 
2666586897 8824 1783594526.641 1 
2676587063 8825 1783594526.692 1 
2686638633 8826 1783594526.740 1 
2696725837 8827 1783594526.791 1 
2706639397 8828 1783594526.841 1 
2716665828 8829 1783594526.891 1 
2726587735 8830 1783594526.941 1 
2736639344 8831 1783594526.991 1 
2746725796 8832 1783594527.041 1 
2756639629 8833 1783594527.091 1 
2766726110 8834 1783594527.141 1 
2776639756 8835 1783594527.191 1 
2786726776 8836 1783594527.241 1 
2796654458 8837 1783594527.291 1 
2806727112 8838 1783594527.341 1 
2816640342 8839 1783594527.391 1 
2826665944 8840 1783594527.441 1 
2836685399 8841 1783594527.491 1 
2846586854 8842 1783594527.541 1 
2856639416 8843 1783594527.590 1 
2866666076 8844 1783594527.641 1 
2876588406 8845 1783594527.691 1 
2886586345 8846 1783594527.741 1 
2896587799 8847 1783594527.791 1 
2906586446 8848 1783594527.841 1 
2916588382 8849 1783594527.891 1 
2926587521 8850 1783594527.941 1 
2936640289 8851 1783594527.991 1 
2946667271 8852 1783594528.041 1 
2956586970 8853 1783594528.091 1 
2966639648 8854 1783594528.141 1 
2976726026 8855 1783594528.191 1 
2986586929 8856 1783594528.241 1 
2996586797 8857 1783594528.291 1 
3006639917 8858 1783594528.341 1 
3016725831 8859 1783594528.391 1 
3026587469 8860 1783594528.441 1 
3036737406 8861 1783594528.491 1 
3046587559 8862 1783594528.541 1 
3056586635 8863 1783594528.591 1 
3066639389 8864 1783594528.641 1 
3076666243 8865 1783594528.691 1 
3086641592 8866 1783594528.741 1 
3096725070 8867 1783594528.791 1 
3106639700 8868 1783594528.841 1 
3116726876 8869 1783594528.891 1 
3126638943 8870 1783594528.941 1 
3136727194 8871 1783594528.991 1 
3146587482 8872 1783594529.041 1 
3156588368 8873 1783594529.091 1 
3166586666 8874 1783594529.141 1 
3176639306 8875 1783594529.191 1 
3186665114 8876 1783594529.241 1 
3196586401 8877 1783594529.291 1 
3206587580 8878 1783594529.341 1 
3216587090 8879 1783594529.391 1 
3226587509 8880 1783594529.441 1 
3236600593 8881 1783594529.491 1 
3246587795 8882 1783594529.541 1 
3256638300 8883 1783594529.591 1 
3266726986 8884 1783594529.641 1 
3276639987 8885 1783594529.691 1 
3286726885 8886 1783594529.741 1 
3296639788 8887 1783594529.791 1 
3306726030 8888 1783594529.841 1 
3316639909 8889 1783594529.891 1 
3326726129 8890 1783594529.941 1 
3336639811 8891 1783594529.991 1 
3346665047 8892 1783594530.041 1 
3356587612 8893 1783594530.091 1 
3366586296 8894 1783594530.141 1 
3376640876 8895 1783594530.191 1 
3386666257 8896 1783594530.241 1 
3396587566 8897 1783594530.291 1 
3406587278 8898 1783594530.341 1 
3416639480 8899 1783594530.391 1 
3426666040 8900 1783594530.441 1 
3436718941 8901 1783594530.491 1 
3446665627 8902 1783594530.541 1 
3456640717 8903 1783594530.591 1 
3466725377 8904 1783594530.641 1 
3476586424 8905 1783594530.691 1 
3486586469 8906 1783594530.741 1 
3496587902 8907 1783594530.791 1 
3506588097 8908 1783594530.841 1 
3516587518 8909 1783594530.891 1 
3526587272 8910 1783594530.941 1 
3536587062 8911 1783594530.991 1 
3546639207 8912 1783594531.041 1 
3556665560 8913 1783594531.091 1 
3566587926 8914 1783594531.141 1 
3576586516 8915 1783594531.191 1 
3586587624 8916 1783594531.241 1 
3596587378 8917 1783594531.291 1 
3606586158 8918 1783594531.341 1 
3616637984 8919 1783594531.391 1 
3626665713 8920 1783594531.441 1 
3636738940 8921 1783594531.491 1 
3646586218 8922 1783594531.542 1 
3656587484 8923 1783594531.591 1 
3666586873 8924 1783594531.641 1 
3676586849 8925 1783594531.692 1 
3686587918 8926 1783594531.741 1 
3696587928 8927 1783594531.791 1 
3706587026 8928 1783594531.841 1 
3716587846 8929 1783594531.891 1 
3726639089 8930 1783594531.941 1 
3736666437 8931 1783594531.991 1 
3746639609 8932 1783594532.041 1 
3756726675 8933 1783594532.091 1 
3766639722 8934 1783594532.141 1 
3776725733 8935 1783594532.191 1 
3786587356 8936 1783594532.241 1 
3796586923 8937 1783594532.291 1 
3806586550 8938 1783594532.341 1 
3816589525 8939 1783594532.391 1 
3826639065 8940 1783594532.441 1 
3836683486 8941 1783594532.491 1 
3846587133 8942 1783594532.541 1 
3856639168 8943 1783594532.591 1 
3866727041 8944 1783594532.641 1 
3876639425 8945 1783594532.692 1 
3886727880 8946 1783594532.741 1 
3896638926 8947 1783594532.792 1 
3906665449 8948 1783594532.841 1 
3916587941 8949 1783594532.891 1 
3926639828 8950 1783594532.941 1 
3936728590 8951 1783594532.991 1 
3946587087 8952 1783594533.041 1 
3956587106 8953 1783594533.091 1 
3966639964 8954 1783594533.141 1 
3976725159 8955 1783594533.191 1 
3986639581 8956 1783594533.242 1 
3996726258 8957 1783594533.291 1 
4006639201 8958 1783594533.341 1 
4016726653 8959 1783594533.391 1 
4026638989 8960 1783594533.441 1 
4036684138 8961 1783594533.491 1 
4046639449 8962 1783594533.541 1 
4056725396 8963 1783594533.591 1 
4066638813 8964 1783594533.641 1 
4076726629 8965 1783594533.691 1 
4086639416 8966 1783594533.741 1 
4096725788 8967 1783594533.791 1 
4106587422 8968 1783594533.841 1 
4116639854 8969 1783594533.891 1 
4126727301 8970 1783594533.941 1 
4136587999 8971 1783594533.992 1 
4146639584 8972 1783594534.041 1 
4156726142 8973 1783594534.091 1 
4166639480 8974 1783594534.141 1 
4176725802 8975 1783594534.191 1 
4186586638 8976 1783594534.241 1 
4196587550 8977 1783594534.291 1 
4206639484 8978 1783594534.341 1 
4216726184 8979 1783594534.391 1 
4226638668 8980 1783594534.441 1 
4236684246 8981 1783594534.491 1 
4246586797 8982 1783594534.541 1 
4256640378 8983 1783594534.591 1 
4266726199 8984 1783594534.641 1 
4276586662 8985 1783594534.692 1 
4286639607 8986 1783594534.741 1 
1722858 8987 1783594534.791 1 
11758695 8988 1783594534.841 1 
21671487 8989 1783594534.892 1 
31759091 8990 1783594534.941 1 
41671374 8991 1783594534.992 1 
51759159 8992 1783594535.041 1 
61673006 8993 1783594535.092 1 
71697636 8994 1783594535.141 1 
81619441 8995 1783594535.191 1 
91619060 8996 1783594535.241 1 
101619529 8997 1783594535.291 1 
111619605 8998 1783594535.341 1 
121673499 8999 1783594535.391 1 
131758416 9000 1783594535.441 1 
141716738 9001 1783594535.492 1 
151618546 9002 1783594535.541 1 
161618675 9003 1783594535.591 1 
171618659 9004 1783594535.641 1 
181671550 9005 1783594535.691 1 
191759101 9006 1783594535.741 1 
201672389 9007 1783594535.792 1 
211761061 9008 1783594535.841 1 
221672068 9009 1783594535.892 1 
231698155 9010 1783594535.941 1 
241671727 9011 1783594535.991 1 
251758966 9012 1783594536.041 1 
261671433 9013 1783594536.092 1 
271757375 9014 1783594536.141 1 
281672026 9015 1783594536.192 1 
291699149 9016 1783594536.241 1 
301621021 9017 1783594536.291 1 
311618848 9018 1783594536.341 1 
321671629 9019 1783594536.391 1 
331757593 9020 1783594536.441 1 
341724560 9021 1783594536.492 1 
351673053 9022 1783594536.541 1 
361758311 9023 1783594536.591 1 
371619795 9024 1783594536.642 1 
381672393 9025 1783594536.692 1 
391758997 9026 1783594536.741 1 
401671528 9027 1783594536.792 1 
411758986 9028 1783594536.841 1 
421672051 9029 1783594536.892 1 
431757665 9030 1783594536.941 1 
441672811 9031 1783594536.992 1 
451758007 9032 1783594537.041 1 
461621442 9033 1783594537.092 1 
471671546 9034 1783594537.141 1 
481757845 9035 1783594537.191 1 
491671225 9036 1783594537.242 1 
501699272 9037 1783594537.291 1 
511671681 9038 1783594537.341 1 
521758052 9039 1783594537.391 1 
531672940 9040 1783594537.442 1 
541716988 9041 1783594537.491 1 
551620248 9042 1783594537.541 1 
561620165 9043 1783594537.591 1 
571671921 9044 1783594537.641 1 
581698716 9045 1783594537.691 1 
591672196 9046 1783594537.741 1 
601759668 9047 1783594537.791 1 
611672428 9048 1783594537.842 1 
621758568 9049 1783594537.891 1 
631672009 9050 1783594537.942 1 
641758467 9051 1783594537.991 1 
651671287 9052 1783594538.042 1 
661699416 9053 1783594538.091 1 
671619512 9054 1783594538.141 1 
681619884 9055 1783594538.191 1 
691620241 9056 1783594538.241 1 
701621277 9057 1783594538.291 1 
711671784 9058 1783594538.341 1 
721757774 9059 1783594538.391 1 
731672180 9060 1783594538.442 1 
741714771 9061 1783594538.491 1 
751673516 9062 1783594538.542 1 
761758714 9063 1783594538.591 1 
771672585 9064 1783594538.642 1 
781722456 9065 1783594538.691 1 
791758056 9066 1783594538.742 1 
801672067 9067 1783594538.792 1 
811758125 9068 1783594538.841 1 
821620349 9069 1783594538.892 1 
831620706 9070 1783594538.941 1 
841671925 9071 1783594538.991 1 
851758816 9072 1783594539.041 1 
861671389 9073 1783594539.092 1 
871758715 9074 1783594539.141 1 
881672353 9075 1783594539.192 1 
891759028 9076 1783594539.241 1 
901672211 9077 1783594539.292 1 
911757927 9078 1783594539.341 1 
921619832 9079 1783594539.392 1 
931672799 9080 1783594539.441 1 
941717762 9081 1783594539.491 1 
951619506 9082 1783594539.542 1 
961671541 9083 1783594539.591 1 
971758897 9084 1783594539.641 1 
981672071 9085 1783594539.692 1 
991758868 9086 1783594539.741 1 
1001671341 9087 1783594539.792 1 
1011759886 9088 1783594539.841 1 
1021619131 9089 1783594539.892 1 
1031671996 9090 1783594539.941 1 
1041698646 9091 1783594539.991 1 
1051619124 9092 1783594540.042 1 
1061672229 9093 1783594540.091 1 
1071699053 9094 1783594540.141 1 
1081672457 9095 1783594540.192 1 
1091758716 9096 1783594540.241 1 
1101620330 9097 1783594540.292 1 
1111672409 9098 1783594540.341 1 
1121698310 9099 1783594540.391 1 
1131620335 9100 1783594540.441 1 
1141770081 9101 1783594540.491 1 
1151671193 9102 1783594540.542 1 
1161758609 9103 1783594540.591 1 
1171671655 9104 1783594540.642 1 
1181759052 9105 1783594540.691 1 
1191671690 9106 1783594540.742 1 
1201759477 9107 1783594540.792 1 
1211673124 9108 1783594540.842 1 
1221758751 9109 1783594540.892 1 
1231687783 9110 1783594540.942 1 
1241759702 9111 1783594540.992 1 
1251673400 9112 1783594541.042 1 
1261759790 9113 1783594541.092 1 
1271673840 9114 1783594541.142 1 
1281760115 9115 1783594541.192 1 
1291619350 9116 1783594541.242 1 
1301672922 9117 1783594541.291 1 
1311699428 9118 1783594541.341 1 
1321672854 9119 1783594541.392 1 
1331758090 9120 1783594541.441 1 
1341624438 9121 1783594541.492 1 
1351672909 9122 1783594541.541 1 
1361758352 9123 1783594541.592 1 
1371671952 9124 1783594541.642 1 
1381699555 9125 1783594541.693 1 
1391620062 9126 1783594541.742 1 
1401670543 9127 1783594541.791 1 
1411758488 9128 1783594541.841 1 
1421672168 9129 1783594541.892 1 
1431758831 9130 1783594541.941 1 
1441619516 9131 1783594541.992 1 
1451620982 9132 1783594542.041 1 
1461671634 9133 1783594542.091 1 
1471757808 9134 1783594542.141 1 
1481619672 9135 1783594542.192 1 
1491620460 9136 1783594542.241 1 
1501620906 9137 1783594542.291 1 
1511672245 9138 1783594542.341 1 
1521698873 9139 1783594542.392 1 
1531618309 9140 1783594542.442 1 
1541691688 9141 1783594542.491 1 
1551620258 9142 1783594542.542 1 
1561620111 9143 1783594542.591 1 
1571672497 9144 1783594542.641 1 
1581759501 9145 1783594542.692 1 
1591672971 9146 1783594542.742 1 
1601758178 9147 1783594542.792 1 
1611673157 9148 1783594542.842 1 
1621758358 9149 1783594542.892 1 
1631671663 9150 1783594542.942 1 
1641758766 9151 1783594542.992 1 
1651672826 9152 1783594543.042 1 
1661759450 9153 1783594543.092 1 
1671671766 9154 1783594543.142 1 
1681757655 9155 1783594543.192 1 
1691620730 9156 1783594543.242 1 
1701672309 9157 1783594543.291 1 
1711758137 9158 1783594543.341 1 
1721671397 9159 1783594543.392 1 
1731698655 9160 1783594543.441 1 
1741769655 9161 1783594543.492 1 
1751672824 9162 1783594543.542 1 
1761698974 9163 1783594543.592 1 
1771619871 9164 1783594543.642 1 
1781620282 9165 1783594543.691 1 
1791620154 9166 1783594543.741 1 
1801671956 9167 1783594543.791 1 
1811760752 9168 1783594543.841 1 
1821672720 9169 1783594543.892 1 
1831760268 9170 1783594543.942 1 
1841673165 9171 1783594543.992 1 
1851758506 9172 1783594544.042 1 
1861620158 9173 1783594544.092 1 
1871620503 9174 1783594544.141 1 
1881671676 9175 1783594544.191 1 
1891759413 9176 1783594544.241 1 
1901672663 9177 1783594544.292 1 
1911758990 9178 1783594544.342 1 
1921618784 9179 1783594544.392 1 
1931671874 9180 1783594544.441 1 
1941716709 9181 1783594544.492 1 
1951620667 9182 1783594544.542 1 
1961619152 9183 1783594544.591 1 
1971672463 9184 1783594544.641 1 
1981757719 9185 1783594544.692 1 
1991672887 9186 1783594544.742 1 
2001758718 9187 1783594544.792 1 
2011620587 9188 1783594544.842 1 
2021671544 9189 1783594544.892 1 
2031759433 9190 1783594544.942 1 
2041671198 9191 1783594544.992 1 
2051757969 9192 1783594545.042 1 
2061620317 9193 1783594545.092 1 
2071672712 9194 1783594545.141 1 
2081758133 9195 1783594545.192 1 
2091673910 9196 1783594545.242 1 
2101697822 9197 1783594545.292 1 
2111672345 9198 1783594545.342 1 
2121698188 9199 1783594545.392 1 
2131619671 9200 1783594545.442 1 
2141626192 9201 1783594545.491 1 
2151620480 9202 1783594545.541 1 
2161671008 9203 1783594545.591 1 
2171759139 9204 1783594545.642 1 
2181671880 9205 1783594545.692 1 
2191758042 9206 1783594545.742 1 
2201672725 9207 1783594545.792 1 
2211759320 9208 1783594545.842 1 
2221620160 9209 1783594545.892 1 
2231618924 9210 1783594545.941 1 
2241672220 9211 1783594545.991 1 
2251698547 9212 1783594546.042 1 
2261671186 9213 1783594546.092 1 
2271758562 9214 1783594546.142 1 
2281672653 9215 1783594546.192 1 
2291758431 9216 1783594546.242 1 
2301618786 9217 1783594546.292 1 
2311672016 9218 1783594546.341 1 
2321697370 9219 1783594546.392 1 
2331672250 9220 1783594546.442 1 
2341715625 9221 1783594546.492 1 
2351671549 9222 1783594546.542 1 
2361758490 9223 1783594546.592 1 
2371672204 9224 1783594546.642 1 
2381758770 9225 1783594546.692 1 
2391671496 9226 1783594546.742 1 
2401757928 9227 1783594546.792 1 
2411671594 9228 1783594546.842 1 
2421698723 9229 1783594546.892 1 
2431673157 9230 1783594546.942 1 
2441760571 9231 1783594546.992 1 
2451673458 9232 1783594547.042 1 
2461698339 9233 1783594547.092 1 
2471619659 9234 1783594547.142 1 
2481619287 9235 1783594547.191 1 
2491673268 9236 1783594547.242 1 
2501758582 9237 1783594547.292 1 
2511671272 9238 1783594547.342 1 
2521759029 9239 1783594547.392 1 
2531671827 9240 1783594547.442 1 
2541716946 9241 1783594547.492 1 
2551619656 9242 1783594547.542 1 
2561672445 9243 1783594547.591 1 
2571758330 9244 1783594547.642 1 
2581672403 9245 1783594547.692 1 
2591759139 9246 1783594547.742 1 
2601671674 9247 1783594547.792 1 
2611757839 9248 1783594547.842 1 
2621673016 9249 1783594547.892 1 
2631757196 9250 1783594547.942 1 
2641673164 9251 1783594547.992 1 
2651758725 9252 1783594548.042 1 
2661673064 9253 1783594548.092 1 
2671758269 9254 1783594548.142 1 
2681672940 9255 1783594548.192 1 
2691699039 9256 1783594548.242 1 
2701672626 9257 1783594548.292 1 
2711758542 9258 1783594548.342 1 
2721700838 9259 1783594548.392 1 -4.112 8.384 -7.477 23.561 74 417 -2.991 11.529 1.122 23.561 74 417 
2731757699 9260 1783594548.443 1 
2741700099 9261 1783594548.492 1 
2751672423 9262 1783594548.542 1 
2761759470 9263 1783594548.592 1 
2771619858 9264 1783594548.642 1 
2781671680 9265 1783594548.691 1 
2791759533 9266 1783594548.742 1 
2801673146 9267 1783594548.792 1 
2811758996 9268 1783594548.842 1 
2821672442 9269 1783594548.892 1 
2831758776 9270 1783594548.942 1 
2841618945 9271 1783594548.992 1 
2851672761 9272 1783594549.041 1 
2861760025 9273 1783594549.092 1 
2871671570 9274 1783594549.142 1 
2881758935 9275 1783594549.192 1 
2891672158 9276 1783594549.242 1 
2901757731 9277 1783594549.292 1 
2911619409 9278 1783594549.342 1 
2921672255 9279 1783594549.392 1 
2931757432 9280 1783594549.442 1 
2941756862 9281 1783594549.492 1 
2951672680 9282 1783594549.542 1 
2961758736 9283 1783594549.592 1 
2971673470 9284 1783594549.642 1 
2981758244 9285 1783594549.692 1 
2991619854 9286 1783594549.742 1 
3001620056 9287 1783594549.792 1 
3011619675 9288 1783594549.841 1 
3021672390 9289 1783594549.892 1 
3031759947 9290 1783594549.942 1 
3041620114 9291 1783594549.992 1 
3051620760 9292 1783594550.042 1 
3061619938 9293 1783594550.092 1 
3071619551 9294 1783594550.142 1 
3081671021 9295 1783594550.192 1 
3091759018 9296 1783594550.242 1 
3101673104 9297 1783594550.292 1 
3111757758 9298 1783594550.342 1 
3121673524 9299 1783594550.392 1 
3131759769 9300 1783594550.442 1 
3141632272 9301 1783594550.492 1 
3151620241 9302 1783594550.542 1 
3161619710 9303 1783594550.592 1 
3171672051 9304 1783594550.642 1 
3181697852 9305 1783594550.692 1 
3191672184 9306 1783594550.742 1 
3201758775 9307 1783594550.792 1 
3211619256 9308 1783594550.842 1 
3221672484 9309 1783594550.892 1 
3231700002 9310 1783594550.942 1 
3241621369 9311 1783594550.992 1 
3251618802 9312 1783594551.042 1 
3261671448 9313 1783594551.092 1 
3271759419 9314 1783594551.142 1 
3281618403 9315 1783594551.192 1 
3291671900 9316 1783594551.242 1 
3301757952 9317 1783594551.292 1 
3311671196 9318 1783594551.342 1 
3321698819 9319 1783594551.392 1 
3331619541 9320 1783594551.442 1 
3341625766 9321 1783594551.492 1 
3351619724 9322 1783594551.542 1 
3361671837 9323 1783594551.592 1 
3371758116 9324 1783594551.642 1 
3381619893 9325 1783594551.692 1 
3391619302 9326 1783594551.744 1 
3401619892 9327 1783594551.792 1 
3411619711 9328 1783594551.842 1 
3421621462 9329 1783594551.892 1 
3431673226 9330 1783594551.942 1 
3441758094 9331 1783594551.992 1 
3451671942 9332 1783594552.042 1 
3461757643 9333 1783594552.092 1 
3471672367 9334 1783594552.142 1 
3481759599 9335 1783594552.192 1 
3491619747 9336 1783594552.242 1 
3501620734 9337 1783594552.292 1 
3511673056 9338 1783594552.342 1 
3521757893 9339 1783594552.392 1 
3531672558 9340 1783594552.442 1 
3541717779 9341 1783594552.492 1 
3551671032 9342 1783594552.542 1 
3561698085 9343 1783594552.592 1 
3571620090 9344 1783594552.642 1 
3581673268 9345 1783594552.692 1 
3591715069 9346 1783594552.742 1 
3601620382 9347 1783594552.792 1 
3611673941 9348 1783594552.842 1 
3621759498 9349 1783594552.892 1 
3631619687 9350 1783594552.942 1 
3641619913 9351 1783594552.992 1 
3651619318 9352 1783594553.042 1 
3661672276 9353 1783594553.092 1 
3671698869 9354 1783594553.142 1 
3681621324 9355 1783594553.192 1 
3691619380 9356 1783594553.242 1 
3701619392 9357 1783594553.292 1 
3711671556 9358 1783594553.342 1 
3721759247 9359 1783594553.392 1 
3731619575 9360 1783594553.443 1 
3741624527 9361 1783594553.492 1 
3751620732 9362 1783594553.542 1 
3761671608 9363 1783594553.592 1 
3771758671 9364 1783594553.642 1 
3781672626 9365 1783594553.692 1 
3791696857 9366 1783594553.742 1 
3801671339 9367 1783594553.792 1 
3811758181 9368 1783594553.842 1 
3821620607 9369 1783594553.893 1 
3831672847 9370 1783594553.942 1 
3841757694 9371 1783594553.992 1 
3851620132 9372 1783594554.043 1 
3861671989 9373 1783594554.092 1 
3871758599 9374 1783594554.142 1 
3881672819 9375 1783594554.192 1 
3891759259 9376 1783594554.242 1 
3901672963 9377 1783594554.292 1 
3911759627 9378 1783594554.342 1 
3921620697 9379 1783594554.392 1 
3931674361 9380 1783594554.442 1 
3941715727 9381 1783594554.492 1 
3951671909 9382 1783594554.542 1 
3961758555 9383 1783594554.592 1 
3971671857 9384 1783594554.643 1 
3981758357 9385 1783594554.692 1 
3991672985 9386 1783594554.743 1 
4001758700 9387 1783594554.792 1 
4011672506 9388 1783594554.843 1 
4021698348 9389 1783594554.892 1 
4031619649 9390 1783594554.942 1 
4041621617 9391 1783594554.992 1 
4051672316 9392 1783594555.042 1 
4061758881 9393 1783594555.092 1 
4071619173 9394 1783594555.143 1 
4081671377 9395 1783594555.192 1 
4091758806 9396 1783594555.242 1 
4101620109 9397 1783594555.292 1 
4111671905 9398 1783594555.342 1 
4121699137 9399 1783594555.392 1 
4131672372 9400 1783594555.442 1 
4141717283 9401 1783594555.492 1 
4151673219 9402 1783594555.542 1 
4161759030 9403 1783594555.592 1 
4171620520 9404 1783594555.643 1 
4181617380 9405 1783594555.692 1 
4191621275 9406 1783594555.742 1 
4201672151 9407 1783594555.792 1 
4211759544 9408 1783594555.842 1 
4221672154 9409 1783594555.893 1 
4231698775 9410 1783594555.942 1 
4241673060 9411 1783594555.992 1 
4251758433 9412 1783594556.042 1 
4261672561 9413 1783594556.093 1 
4271759226 9414 1783594556.142 1 
4281672106 9415 1783594556.193 1 
4291723604 9416 1783594556.242 1 
6732535 9417 1783594556.292 1 
16651150 9418 1783594556.342 1 
26705466 9419 1783594556.392 1 
36790942 9420 1783594556.442 1 
46802316 9421 1783594556.492 1 
56652167 9422 1783594556.543 1 
66651763 9423 1783594556.592 1 
76705631 9424 1783594556.642 1 
86791395 9425 1783594556.692 1 
96705270 9426 1783594556.744 1 
106731901 9427 1783594556.792 1 
116652345 9428 1783594556.842 1 
126653295 9429 1783594556.892 1 
136653110 9430 1783594556.942 1 
146705416 9431 1783594556.992 1 
156791270 9432 1783594557.042 1 
166705770 9433 1783594557.093 1 
176792136 9434 1783594557.142 1 
186705226 9435 1783594557.193 1 
196791631 9436 1783594557.242 1 
206672115 9437 1783594557.293 1 
216651734 9438 1783594557.342 1 
226705144 9439 1783594557.392 1 
236731241 9440 1783594557.442 1 
246658316 9441 1783594557.492 1 
256705504 9442 1783594557.542 1 
266790593 9443 1783594557.592 1 
276651478 9444 1783594557.643 1 
286705741 9445 1783594557.692 1 
296792131 9446 1783594557.742 1 
306653975 9447 1783594557.793 1 
316705475 9448 1783594557.842 1 
326791018 9449 1783594557.892 1 
336704126 9450 1783594557.943 1 
346789735 9451 1783594557.992 1 
356704299 9452 1783594558.043 1 
366790596 9453 1783594558.092 1 
376652636 9454 1783594558.143 1 
386705581 9455 1783594558.192 1 
396789525 9456 1783594558.242 1 
406705961 9457 1783594558.293 1 
416791875 9458 1783594558.342 1 
426704357 9459 1783594558.393 1 
436730815 9460 1783594558.442 1 
446724534 9461 1783594558.492 1 
456653640 9462 1783594558.542 1 
466720526 9463 1783594558.592 1 
476790780 9464 1783594558.642 1 
486653992 9465 1783594558.693 1 
496704884 9466 1783594558.742 1 
506790762 9467 1783594558.792 1 
516706392 9468 1783594558.843 1 
526791103 9469 1783594558.892 1 
536706119 9470 1783594558.943 1 
546791718 9471 1783594558.992 1 
556705688 9472 1783594559.043 1 
566791517 9473 1783594559.092 1 
576654295 9474 1783594559.143 1 
586651724 9475 1783594559.192 1 
596705135 9476 1783594559.242 1 
606791465 9477 1783594559.292 1 
616706536 9478 1783594559.343 1 
626791986 9479 1783594559.392 1 
636705076 9480 1783594559.443 1 
646750630 9481 1783594559.492 1 
656704200 9482 1783594559.542 1 
666791244 9483 1783594559.592 1 
676654086 9484 1783594559.643 1 
686652494 9485 1783594559.692 1 
696650627 9486 1783594559.742 1 
706704997 9487 1783594559.792 1 
716791034 9488 1783594559.842 1 
726704896 9489 1783594559.893 1 
736790905 9490 1783594559.942 1 
746652391 9491 1783594559.993 1 
756651960 9492 1783594560.042 1 
766652391 9493 1783594560.092 1 
776651627 9494 1783594560.142 1 
786705336 9495 1783594560.192 1 
796731913 9496 1783594560.242 1 
806705457 9497 1783594560.292 1 
816791539 9498 1783594560.342 1 
826704573 9499 1783594560.393 1 
836790895 9500 1783594560.442 1 
846802537 9501 1783594560.493 1 
856704399 9502 1783594560.543 1 
866731762 9503 1783594560.592 1 
876651525 9504 1783594560.642 1 
886705366 9505 1783594560.692 1 
896790273 9506 1783594560.742 1 
906705709 9507 1783594560.793 1 
916790915 9508 1783594560.842 1 
926651879 9509 1783594560.893 1 
936704933 9510 1783594560.942 1 
946732667 9511 1783594560.992 1 
956652709 9512 1783594561.042 1 
966705264 9513 1783594561.092 1 
976791262 9514 1783594561.142 1 
986704523 9515 1783594561.193 1 
996730416 9516 1783594561.242 1 
1006704628 9517 1783594561.293 1 
1016731016 9518 1783594561.342 1 
1026705112 9519 1783594561.393 1 
1036733797 9520 1783594561.442 1 
1046749903 9521 1783594561.492 1 
1056704249 9522 1783594561.543 1 
1066730361 9523 1783594561.592 1 
1076652814 9524 1783594561.643 1 
1086705385 9525 1783594561.692 1 
1096791662 9526 1783594561.744 1 
1106673203 9527 1783594561.793 1 
1116704272 9528 1783594561.843 1 
1126791816 9529 1783594561.893 1 
1136704665 9530 1783594561.943 1 
1146730906 9531 1783594561.993 1 
1156705435 9532 1783594562.043 1 
1166730714 9533 1783594562.093 1 
1176705636 9534 1783594562.143 1 
1186791805 9535 1783594562.193 1 
1196705255 9536 1783594562.243 1 
1206791857 9537 1783594562.292 1 
1216652300 9538 1783594562.343 1 
1226704469 9539 1783594562.392 1 
1236792101 9540 1783594562.443 1 
1246749225 9541 1783594562.493 1 
1256651810 9542 1783594562.543 1 
1266652718 9543 1783594562.592 1 
1276705158 9544 1783594562.642 1 
1286791047 9545 1783594562.693 1 
1296705831 9546 1783594562.743 1 
1306791772 9547 1783594562.793 1 
1316653085 9548 1783594562.843 1 
1326652847 9549 1783594562.892 1 
1336665139 9550 1783594562.942 1 -11.215 12.851 -1.068 -0.841 108 422 
1346668040 9551 1783594562.993 1 -11.375 13.068 -0.542 -0.841 106 421 
1356719072 9552 1783594563.043 1 -11.749 12.399 -0.534 -0.841 100 413 
1366731533 9553 1783594563.093 1 
1376667221 9554 1783594563.143 1 -11.055 12.667 -1.053 -0.841 86 417 
1386701786 9555 1783594563.193 1 -9.613 14.039 -1.602 -0.841 78 422 -10.292 13.853 -1.625 -0.841 77 423 
1396667688 9556 1783594563.244 1 -11.414 11.876 -2.075 -0.841 99 416 
1406719402 9557 1783594563.293 1 -10.681 13.298 -1.068 -0.841 89 419 
1416791985 9558 1783594563.343 1 
1426720203 9559 1783594563.393 1 -11.215 12.795 -1.602 -0.841 98 418 
1436806048 9560 1783594563.443 1 -10.529 13.150 0.000 -0.841 95 416 
1446658304 9561 1783594563.494 1 
1456719609 9562 1783594563.543 1 -10.147 13.710 -1.068 -0.841 77 427 
1466806233 9563 1783594563.593 1 -10.735 12.332 -0.511 -0.841 96 414 
1476705390 9564 1783594563.644 1 
1486807586 9565 1783594563.693 1 -10.735 12.300 -1.022 -0.841 125 419 
1496705384 9566 1783594563.744 1 
1506805310 9567 1783594563.793 1 -11.078 11.658 -1.007 -0.841 96 430 
1516653744 9568 1783594563.844 1 
1526720066 9569 1783594563.893 1 -10.574 12.148 -0.504 -0.841 131 407 
1536804860 9570 1783594563.943 1 -10.414 11.881 -1.488 -0.841 108 427 
1546719622 9571 1783594563.994 1 -10.574 12.148 -0.504 -0.841 151 429 
1556804206 9572 1783594564.043 1 -10.071 12.568 0.504 -0.841 127 412 
1566677460 9573 1783594564.094 1 -10.071 12.568 -0.504 -0.841 112 427 
1576666089 9574 1783594564.143 1 -10.071 12.568 -0.504 -0.841 119 411 
1586668076 9575 1783594564.193 1 -10.071 12.578 0.000 -0.841 146 418 
1596667694 9576 1783594564.243 1 -9.422 12.760 -0.496 -0.841 93 425 
1606748629 9577 1783594564.293 1 -10.742 11.305 -0.977 -0.841 75 432 -10.071 12.487 1.511 -0.841 100 435 
1616744972 9578 1783594564.344 1 -10.254 11.749 -0.977 -0.841 139 421 
1626720228 9579 1783594564.393 1 -9.422 12.731 -0.992 -0.841 128 431 
1636774105 9580 1783594564.443 1 -10.254 11.698 -1.465 -0.841 126 425 -9.201 13.515 -0.511 -0.841 76 426 
1646826752 9581 1783594564.494 1 -10.254 11.780 -0.488 -0.841 165 425 -9.712 13.162 0.000 -0.841 96 418 
1656805875 9582 1783594564.544 1 -9.766 12.158 -0.977 -0.841 156 423 
1666719194 9583 1783594564.594 1 -10.742 11.336 -0.488 -0.841 132 427 
1676807475 9584 1783594564.643 1 -9.613 11.920 -1.442 -0.841 97 431 
1686749256 9585 1783594564.694 1 -10.094 11.516 -1.442 -0.841 71 425 -9.064 13.237 -1.511 -0.841 108 427 
1696731692 9586 1783594564.744 1 
1706719435 9587 1783594564.793 1 -9.613 11.920 -1.442 -0.841 131 421 
1716805557 9588 1783594564.843 1 -9.613 12.007 0.000 -0.841 143 421 
1726692580 9589 1783594564.894 1 -9.132 12.339 -0.961 -0.841 141 431 -8.820 14.065 0.000 -0.841 83 417 
1736666755 9590 1783594564.944 1 -9.613 11.997 -0.481 -0.841 157 416 
1746719141 9591 1783594564.993 1 -9.934 11.412 -0.473 -0.841 147 414 
1756834759 9592 1783594565.043 1 -9.461 11.807 -0.473 -0.841 130 417 -9.766 12.197 0.000 -0.841 135 421 
1766753838 9593 1783594565.094 1 -9.773 11.150 -1.396 -0.841 116 415 -8.652 12.708 0.481 -0.841 111 416 
1776745228 9594 1783594565.144 1 -8.652 12.717 0.000 -0.841 148 418 
1786719729 9595 1783594565.193 1 -9.461 11.731 -1.419 -0.841 134 418 
1796833846 9596 1783594565.243 1 -8.843 11.947 -0.931 -0.841 95 429 -7.439 13.983 -0.992 -0.841 71 428 
1806667381 9597 1783594565.294 1 -8.514 12.506 -0.473 -0.841 131 414 
1816719710 9598 1783594565.343 1 -8.514 12.479 -0.946 -0.841 127 426 
1826805150 9599 1783594565.393 1 -8.514 12.506 0.473 -0.841 135 423 
1836667424 9600 1783594565.444 1 -8.431 13.408 -0.992 -0.841 94 427 
1846672516 9601 1783594565.493 1 -8.041 12.824 0.000 -0.841 134 423 
1856665603 9602 1783594565.543 1 -8.652 12.681 0.961 -0.841 113 420 
1866745443 9603 1783594565.593 1 -8.377 12.304 -0.465 -0.841 155 419 -7.813 13.523 -0.488 -0.841 120 419 
1876746392 9604 1783594565.644 1 -7.782 12.377 -0.916 -0.841 114 412 
1886703851 9605 1783594565.693 1 
1896772842 9606 1783594565.743 1 -8.240 12.033 -1.373 -0.841 97 422 -8.514 12.506 0.473 -0.841 90 425 
1906665815 9607 1783594565.794 1 -8.240 12.103 -0.458 -0.841 93 427 
1916747283 9608 1783594565.843 1 -8.698 11.778 -0.458 -0.841 118 408 -8.301 13.229 0.488 -0.841 76 423 
1926834447 9609 1783594565.894 1 -8.240 12.111 0.000 -0.841 160 418 -8.171 13.031 0.000 -0.841 120 419 
1936666788 9610 1783594565.944 1 -8.102 11.909 0.000 -0.841 111 432 
1946720131 9611 1783594565.993 1 -8.102 11.909 0.000 -0.841 142 424 
1956804674 9612 1783594566.043 1 -7.568 13.109 0.000 -0.841 118 417 
1966695043 9613 1783594566.094 1 -7.782 12.410 0.000 -0.841 150 410 -7.690 13.320 0.000 -0.841 101 422 
1976718757 9614 1783594566.144 1 -8.102 11.901 0.450 -0.841 154 423 
1986832045 9615 1783594566.193 1 -9.003 11.163 1.350 -0.841 120 402 -7.210 13.578 0.481 -0.841 80 420 
1996721161 9616 1783594566.244 1 -7.324 12.678 0.458 -0.841 126 432 
2006791841 9617 1783594566.293 1 
2016718672 9618 1783594566.343 1 -7.652 12.204 0.000 -0.841 128 429 
2026806454 9619 1783594566.393 1 -7.324 12.686 0.000 -0.841 121 422 
2036719505 9620 1783594566.444 1 -7.523 11.989 -0.443 -0.841 112 422 
2046798664 9621 1783594566.493 1 -6.866 12.931 0.458 -0.841 144 405 
2056669913 9622 1783594566.544 1 -7.652 12.195 0.450 -0.841 114 413 
2066696768 9623 1783594566.593 1 -7.080 12.255 -0.443 -0.841 122 419 -6.981 13.147 -0.465 -0.841 114 417 
2076718683 9624 1783594566.644 1 -7.080 12.255 -0.443 -0.841 147 424 
2086832885 9625 1783594566.693 1 -7.080 12.231 0.885 -0.841 125 425 -6.866 12.939 0.000 -0.841 125 421 
2096668369 9626 1783594566.745 1 -7.393 11.782 0.435 -0.841 98 426 
2106717875 9627 1783594566.793 1 -7.393 11.782 -0.435 -0.841 136 421 
2116804804 9628 1783594566.843 1 -6.958 12.052 0.000 -0.841 153 417 
2126747547 9629 1783594566.894 1 -7.393 11.782 -0.435 -0.841 143 427 -7.324 12.611 1.373 -0.841 82 426 
2136744394 9630 1783594566.944 1 -6.302 12.945 -0.450 -0.841 123 431 
2146679367 9631 1783594566.993 1 -6.836 11.833 -0.427 -0.841 144 425 
2156719005 9632 1783594567.043 1 -6.836 11.833 -0.427 -0.841 137 421 
2166773202 9633 1783594567.093 1 -7.080 12.191 1.328 -0.841 86 429 -6.409 13.172 0.000 -0.841 94 425 
2176749493 9634 1783594567.144 1 -6.409 12.069 -0.427 -0.841 99 422 -6.302 12.882 1.350 -0.841 90 423 
2186773952 9635 1783594567.194 1 -6.836 11.809 -0.854 -0.841 113 420 -6.302 12.921 0.900 -0.841 122 419 
2196745662 9636 1783594567.244 1 -7.263 11.583 0.000 -0.841 89 422 -6.195 12.725 -0.443 -0.841 127 418 
2206773737 9637 1783594567.294 1 -6.409 12.077 0.000 -0.841 118 427 -5.852 13.162 0.000 -0.841 108 425 
2216718710 9638 1783594567.344 1 -6.523 12.293 0.000 -0.841 108 416 
2226831777 9639 1783594567.393 1 -6.523 12.285 0.435 -0.841 109 433 -6.866 12.931 0.458 -0.841 105 430 
2236666847 9640 1783594567.444 1 -6.638 12.500 0.443 -0.841 121 427 
2246678561 9641 1783594567.493 1 -6.088 12.514 0.000 -0.841 157 418 
2256668440 9642 1783594567.543 1 -6.409 12.069 0.427 -0.841 163 412 
2266760559 9643 1783594567.593 1 -6.088 12.514 0.000 0.841 87 421 -6.836 11.771 1.282 -0.841 129 423 -6.302 12.953 0.000 -0.841 115 423 
2276743342 9644 1783594567.649 1 -5.653 12.716 0.000 -0.841 112 427 
2286715586 9645 1783594567.694 1 -6.523 12.285 0.435 -0.841 128 415 
2296744158 9646 1783594567.743 1 -6.088 12.514 0.000 -0.841 165 420 
2306762588 9647 1783594567.794 1 -6.180 11.646 0.000 -0.841 75 424 -5.127 12.645 -0.854 -0.841 119 421 -5.852 13.162 0.000 -0.841 83 417 
2316732308 9648 1783594567.844 1 
2326749381 9649 1783594567.893 1 -6.294 11.854 -0.420 -0.841 130 422 -5.852 13.162 0.000 -0.841 88 417 
2336805600 9650 1783594567.944 1 -5.768 11.855 0.000 -0.841 122 424 
2346694684 9651 1783594567.994 1 -6.294 11.854 0.420 -0.841 157 425 -5.653 12.649 1.305 -0.841 108 424 
2356693170 9652 1783594568.044 1 -6.088 12.483 0.870 -1.683 80 426 -6.180 11.616 0.824 -0.841 126 430 
2366666662 9653 1783594568.094 1 -5.875 12.075 0.000 -0.841 115 423 
2376721483 9654 1783594568.143 1 -6.523 12.285 0.435 -0.841 101 415 
2386888572 9655 1783594568.193 1 -5.875 12.075 0.000 -1.683 84 421 -5.768 11.848 -0.412 -0.841 114 410 -5.981 12.264 0.854 -0.841 100 411 -5.310 13.119 0.443 -0.841 88 426 
2396719900 9656 1783594568.245 1 -5.768 11.848 0.412 -0.841 148 426 
2406743630 9657 1783594568.293 1 -6.592 11.350 1.236 -0.841 82 426 
2416746441 9658 1783594568.343 1 -5.661 11.635 0.000 -0.841 115 424 -5.127 12.645 0.854 -0.841 104 422 
2426830176 9659 1783594568.394 1 -5.768 11.855 0.000 -0.841 76 427 -4.784 13.061 0.435 -0.841 82 427 
2436693063 9660 1783594568.444 1 -4.852 11.988 -0.404 -0.841 84 431 -5.035 12.420 0.839 -0.841 115 427 
2446763728 9661 1783594568.494 1 -4.868 13.290 -0.443 -0.841 97 419 
2456719280 9662 1783594568.544 1 -5.455 12.205 1.259 -0.841 149 426 
2466832035 9663 1783594568.593 1 -4.944 12.215 0.412 -0.841 116 425 -4.425 13.451 0.000 -0.841 83 425 
2476667266 9664 1783594568.644 1 -5.768 11.790 1.236 -0.841 87 419 
2486666840 9665 1783594568.693 1 -5.035 12.420 0.839 -0.841 101 431 
2496745175 9666 1783594568.743 1 -4.852 11.995 0.000 -0.841 127 427 -5.035 12.420 0.839 -0.841 119 420 
2506743985 9667 1783594568.794 1 -5.157 11.594 0.397 -0.841 104 436 
2516705050 9668 1783594568.844 1 
2526804127 9669 1783594568.893 1 -4.944 12.215 0.412 -0.841 139 420 
2536718241 9670 1783594568.944 1 -5.257 11.817 0.404 -0.841 123 428 
2546806309 9671 1783594568.993 1 -4.852 11.988 0.404 -0.841 188 421 
2556694997 9672 1783594569.044 1 -5.157 11.601 0.000 -0.841 173 420 -4.852 11.995 0.000 -0.841 170 422 
2566692431 9673 1783594569.094 1 -4.761 11.762 -0.397 -0.841 137 419 -4.616 12.603 0.420 -0.841 91 415 
2576747521 9674 1783594569.144 1 -4.761 11.769 0.000 -0.841 151 421 -4.272 12.980 0.427 -0.841 129 413 
2586743568 9675 1783594569.194 1 -4.761 11.769 0.000 -0.841 149 417 
2596717261 9676 1783594569.244 1 -5.157 11.594 0.397 -0.841 137 424 
2606806623 9677 1783594569.293 1 -4.044 12.285 0.404 -0.841 108 422 
2616664735 9678 1783594569.344 1 -3.571 12.176 -0.397 -0.841 104 427 
2626717942 9679 1783594569.398 1 -4.852 11.988 0.404 -0.841 148 430 
2636846549 9680 1783594569.443 1 -4.578 11.310 -0.381 -0.841 71 428 -4.044 12.285 0.404 -0.841 139 423 -4.272 12.987 0.000 -0.841 86 431 
2646673444 9681 1783594569.495 1 -4.280 11.686 -0.389 -0.841 134 412 
2656719165 9682 1783594569.543 1 -4.669 11.536 0.389 -0.841 139 421 
2666804020 9683 1783594569.593 1 -3.891 11.828 0.000 -0.841 85 423 
2676696105 9684 1783594569.648 1 -4.280 11.667 0.778 -0.841 138 419 -3.418 13.238 0.000 -0.841 131 416 
2686665659 9685 1783594569.698 1 -4.448 12.124 0.809 -0.841 114 412 
2696719040 9686 1783594569.743 1 -4.120 12.414 1.648 -0.841 79 423 
2706806403 9687 1783594569.793 1 -4.280 11.686 0.389 -0.841 162 420 
2716668672 9688 1783594569.844 1 -3.502 11.949 0.000 -0.841 128 420 
2726692760 9689 1783594569.897 1 -3.571 12.183 0.000 -0.841 100 427 -3.777 12.858 0.839 -0.841 72 423 
2736666116 9690 1783594569.952 1 -3.967 12.053 0.397 -0.841 135 428 
2746694926 9691 1783594569.997 1 -3.815 11.589 0.381 -0.841 141 429 -3.639 12.391 0.809 -0.841 148 428 
2756716603 9692 1783594570.051 1 -4.280 11.686 0.389 -0.841 107 425 
2766806391 9693 1783594570.093 1 -3.571 12.176 0.397 -0.841 122 432 
2776718811 9694 1783594570.147 1 -3.433 11.708 0.381 -0.841 146 434 
2786743839 9695 1783594570.197 1 -3.815 11.596 0.000 -0.841 145 422 
2796744851 9696 1783594570.248 1 -3.433 11.714 0.000 -0.841 122 427 -3.357 12.974 0.839 -0.841 75 429 
2806744167 9697 1783594570.302 1 -3.738 11.339 0.748 -0.841 141 429 
2816717751 9698 1783594570.349 1 -3.365 11.474 0.374 -0.841 100 434 
2826771842 9699 1783594570.398 1 -3.365 11.480 0.000 -0.841 144 424 -2.777 12.382 0.397 -0.841 82 418 
2836665214 9700 1783594570.453 1 -2.724 12.143 0.389 -0.841 113 410 
2846833717 9701 1783594570.498 1 -2.991 11.529 -1.122 -0.841 78 431 -3.174 12.131 1.984 -0.841 79 425 
2856773075 9702 1783594570.552 1 -3.365 11.474 0.374 -0.841 99 426 -3.052 11.813 0.381 -0.841 98 427 
2866719365 9703 1783594570.603 1 -3.052 11.795 0.763 -0.841 130 426 
2876805162 9704 1783594570.649 1 -3.052 11.813 0.381 -0.841 147 427 
2886745750 9705 1783594570.700 1 -3.815 11.571 0.763 -0.841 86 425 -2.380 12.464 0.397 -0.841 128 421 
2896770606 9706 1783594570.754 1 -2.670 11.905 0.381 -0.841 130 428 -2.884 12.858 0.412 -0.841 83 433 
2906706254 9707 1783594570.804 1 -3.738 11.308 1.122 -0.841 118 429 -2.777 12.331 1.190 -0.841 103 433 
2916693910 9708 1783594570.855 1 -2.617 11.673 0.000 -0.841 143 415 -3.113 11.898 1.946 -0.841 83 415 
2926693619 9709 1783594570.905 1 -2.335 12.206 0.778 -0.841 114 414 -2.472 12.924 0.824 -0.841 91 420 
2936666744 9710 1783594570.953 1 -2.617 11.673 0.000 -0.841 95 422 
2946746219 9711 1783594571.000 1 -2.991 11.577 0.374 -0.841 220 419 -3.235 12.522 0.404 -0.841 78 425 
2956770421 9712 1783594571.055 1 -2.197 11.505 -0.366 -0.841 100 419 -2.426 12.710 0.000 -0.841 89 414 
2966718092 9713 1783594571.105 1 -2.563 11.412 0.732 -0.841 102 422 
2976806845 9714 1783594571.151 1 -2.930 11.347 0.000 -0.841 136 419 
2986667054 9715 1783594571.201 1 -2.563 11.429 0.366 -0.841 158 422 
2996695451 9716 1783594571.251 1 -2.563 11.435 0.000 -0.841 144 430 -2.670 11.905 0.381 -0.841 148 424 
3006745524 9717 1783594571.305 1 -2.563 11.435 0.000 -0.841 118 421 -2.335 12.206 0.778 -0.841 73 425 
3016746065 9718 1783594571.355 1 -2.022 12.781 0.000 -0.841 102 424 
3026758669 9719 1783594571.401 1 -1.831 11.569 -0.366 -0.841 111 419 -2.724 12.125 0.778 -0.841 123 416 -1.648 13.080 0.000 -0.841 74 422 
3036788646 9720 1783594571.456 1 -2.289 11.985 0.381 0.841 78 425 -2.289 11.991 0.000 -0.841 142 423 -2.022 12.774 0.404 -0.841 75 423 
3046677169 9721 1783594571.505 1 -2.670 11.887 0.763 -0.841 119 418 
3056667528 9722 1783594571.550 1 -2.563 11.429 0.366 -0.841 109 418 
3066665207 9723 1783594571.600 1 -1.831 11.552 0.732 -0.841 112 427 
3076758820 9724 1783594571.652 1 -1.526 12.105 0.381 0.841 75 428 -2.617 11.649 0.748 -0.841 116 421 -1.984 12.483 1.190 -0.841 112 427 
3086744157 9725 1783594571.706 1 -2.563 11.412 0.732 -0.841 108 421 
3096720422 9726 1783594571.751 1 -2.617 11.523 1.869 -0.841 135 430 
3106769442 9727 1783594571.801 1 -2.197 11.458 1.099 -0.841 123 426 
3116806088 9728 1783594571.851 1 -2.197 11.488 0.732 -0.841 126 427 
3126719302 9729 1783594571.902 1 -1.831 11.552 0.732 -0.841 150 420 
3136789439 9730 1783594571.951 1 -1.793 11.334 0.000 0.841 110 421 -1.793 11.328 0.359 -0.841 164 423 -1.946 12.274 0.778 -0.841 95 420 
3146710507 9731 1783594572.005 1 -1.793 11.328 0.359 0.841 84 431 -1.831 11.575 0.000 -0.841 156 424 
3156696855 9732 1783594572.052 1 -1.831 11.569 0.366 -0.841 148 431 -1.946 12.199 1.556 -0.841 90 431 
3166694500 9733 1783594572.105 1 -2.152 11.248 0.717 -0.841 113 417 -1.144 12.129 0.763 -0.841 91 410 
3176652342 9734 1783594572.155 1 
3186746495 9735 1783594572.192 1 -1.793 11.334 0.000 -0.841 95 414 -1.587 12.590 0.397 -0.841 101 435 
3196834787 9736 1783594572.257 1 -1.755 11.093 0.000 -0.841 107 429 -0.809 12.908 0.404 -0.841 90 428 
3206719946 9737 1783594572.307 1 -1.434 11.385 0.000 -0.841 137 413 
3216774357 9738 1783594572.350 1 -1.793 11.328 0.359 -0.841 120 414 -1.122 11.904 0.374 -0.841 99 416 
3226652797 9739 1783594572.404 1 
3236720270 9740 1783594572.442 1 -1.434 11.362 0.717 -0.841 91 437 
3246763807 9741 1783594572.501 1 -1.144 12.129 0.763 -0.841 121 423 
3256707864 9742 1783594572.553 1 -1.434 11.379 0.359 -0.841 72 434 -1.144 12.153 0.000 -0.841 82 427 
3266666664 9743 1783594572.606 1 -1.099 11.615 1.099 -0.841 88 430 
3276666893 9744 1783594572.651 1 -1.831 11.364 2.197 -0.841 85 420 
3286652325 9745 1783594572.701 1 
3296720272 9746 1783594572.742 1 -1.122 11.904 -0.374 -0.841 76 423 
3306732899 9747 1783594572.801 1 
3316668264 9748 1783594572.843 1 -1.099 11.644 0.732 -0.841 122 420 
3326718218 9749 1783594572.902 1 -1.144 12.129 0.763 -0.841 89 420 
3336805236 9750 1783594572.952 1 -1.465 11.621 0.366 -0.841 115 414 
3346653097 9751 1783594573.003 1 
3356703040 9752 1783594573.042 1 -0.732 11.644 1.099 -0.841 76 416 
3366665699 9753 1783594573.101 1 
3376652802 9754 1783594573.143 1 
3386694559 9755 1783594573.192 1 -1.404 11.137 -0.351 -0.841 80 426 0.000 12.396 1.167 -0.841 78 424 
3396652416 9756 1783594573.255 1 
3406667183 9757 1783594573.293 1 0.000 12.689 0.397 -0.841 86 429 
3416667745 9758 1783594573.343 1 -0.702 11.209 0.000 -0.841 106 430 
3426715125 9759 1783594573.402 1 -1.404 11.137 0.351 -0.841 93 416 
3436835273 9760 1783594573.453 1 -0.359 11.463 0.359 0.841 89 414 -0.702 11.203 0.351 -0.841 123 426 
3446803513 9761 1783594573.504 1 
3456705594 9762 1783594573.543 1 
3466800911 9763 1783594573.593 1 -0.374 11.863 1.495 -0.841 89 420 
3476718282 9764 1783594573.654 1 0.000 11.667 1.099 -0.841 98 425 
3486805223 9765 1783594573.694 1 0.000 11.696 0.732 -0.841 95 427 
3496705393 9766 1783594573.744 1 
3506792657 9767 1783594573.793 1 
3516651570 9768 1783594573.844 1 
3526718562 9769 1783594573.893 1 -0.359 11.328 1.793 -0.841 112 412 
3536793268 9770 1783594573.949 1 
3546719063 9771 1783594573.993 1 -0.351 11.203 0.702 -0.841 89 421 
3556804728 9772 1783594574.048 1 0.000 10.981 0.343 -0.841 84 420 
3566703501 9773 1783594574.094 1 
3576790394 9774 1783594574.143 1 
3586743859 9775 1783594574.193 1 -0.343 10.960 0.687 -0.841 86 417 
3596772512 9776 1783594574.248 1 
3606664517 9777 1783594574.293 1 
3616704856 9778 1783594574.343 1 
3626802978 9779 1783594574.393 1 
3636718205 9780 1783594574.443 1 
3646736841 9781 1783594574.493 1 
3656704958 9782 1783594574.543 1 
3666792356 9783 1783594574.593 1 
3676704956 9784 1783594574.643 1 
3686790939 9785 1783594574.693 1 
3696693829 9786 1783594574.743 1 
3706702335 9787 1783594574.793 1 
3716653030 9788 1783594574.843 1 
3726706611 9789 1783594574.893 1 
3736804958 9790 1783594574.943 1 
3746652861 9791 1783594574.994 1 
3756705574 9792 1783594575.043 1 
3766792206 9793 1783594575.093 1 
3776705373 9794 1783594575.143 1 
3786790999 9795 1783594575.193 1 
3796705019 9796 1783594575.244 1 
3806791012 9797 1783594575.293 1 
3816706070 9798 1783594575.343 1 
3826731833 9799 1783594575.393 1 
3836652436 9800 1783594575.443 1 
3846664762 9801 1783594575.493 1 
3856652347 9802 1783594575.543 1 
3866652601 9803 1783594575.593 1 
3876651174 9804 1783594575.643 1 
3886703869 9805 1783594575.693 1 
3896791268 9806 1783594575.743 1 
3906705277 9807 1783594575.794 1 
3916791206 9808 1783594575.843 1 
3926704517 9809 1783594575.894 1 
3936792268 9810 1783594575.943 1 
3946704590 9811 1783594575.994 1 
3956791281 9812 1783594576.043 1 
3966704142 9813 1783594576.094 1 
3976790946 9814 1783594576.143 1 
3986705694 9815 1783594576.194 1 
3996791637 9816 1783594576.243 1 
4006653227 9817 1783594576.294 1 
4016651890 9818 1783594576.343 1 
4026706299 9819 1783594576.393 1 
4036731730 9820 1783594576.443 1 
4046751711 9821 1783594576.493 1 
4056732527 9822 1783594576.543 1 
4066706339 9823 1783594576.593 1 
4076792871 9824 1783594576.643 1 
4086653157 9825 1783594576.694 1 
4096704518 9826 1783594576.743 1 
4106731633 9827 1783594576.794 1 
4116667050 9828 1783594576.843 1 
4126653440 9829 1783594576.893 1 
4136667508 9830 1783594576.943 1 
4146705815 9831 1783594576.993 1 
4156791186 9832 1783594577.043 1 
4166704783 9833 1783594577.094 1 
4176790597 9834 1783594577.143 1 
4186666836 9835 1783594577.194 1 
4196718981 9836 1783594577.243 1 
4206731803 9837 1783594577.293 1 
4216719600 9838 1783594577.343 1 
4226730761 9839 1783594577.393 1 
4236703939 9840 1783594577.443 1 
4246749882 9841 1783594577.493 1 
4256705534 9842 1783594577.543 1 
4266791210 9843 1783594577.593 1 
4276705718 9844 1783594577.644 1 
4286791669 9845 1783594577.693 1 
1738730 9846 1783594577.744 1 
11823199 9847 1783594577.793 1 
21700376 9848 1783594577.844 1 
31699457 9849 1783594577.893 1 
41749145 9850 1783594577.943 1 
51764174 9851 1783594577.993 1 
61701431 9852 1783594578.043 1 
71738281 9853 1783594578.093 1 
81837399 9854 1783594578.143 1 
91685157 9855 1783594578.194 1 
101698165 9856 1783594578.243 1 
111696290 9857 1783594578.293 1 
121699898 9858 1783594578.343 1 
131685068 9859 1783594578.393 1 
141738760 9860 1783594578.443 1 
151782463 9861 1783594578.493 1 
161700124 9862 1783594578.544 1 
171737753 9863 1783594578.593 1 
181837036 9864 1783594578.643 1 
191751595 9865 1783594578.694 1 
201804473 9866 1783594578.743 1 
211739656 9867 1783594578.793 1 
221882147 9868 1783594578.843 1 
231752858 9869 1783594578.894 1 
241802359 9870 1783594578.943 1 
251753952 9871 1783594578.994 1 
261777854 9872 1783594579.043 1 
271698368 9873 1783594579.093 1 
281697345 9874 1783594579.143 1 
291751642 9875 1783594579.193 1 
301778407 9876 1783594579.243 1 
311684908 9877 1783594579.293 1 
321697502 9878 1783594579.343 1 
331751112 9879 1783594579.393 1 
341765428 9880 1783594579.443 1 
351850625 9881 1783594579.493 1 
361748199 9882 1783594579.544 1 
371866426 9883 1783594579.593 1 
381749541 9884 1783594579.644 1 
391777868 9885 1783594579.693 1 
401722881 9886 1783594579.744 1 
411726849 9887 1783594579.793 1 
421699540 9888 1783594579.843 1 
431748245 9889 1783594579.893 1 
441839265 9890 1783594579.943 1 
451779077 9891 1783594579.994 1 
461763506 9892 1783594580.044 1 
471777587 9893 1783594580.093 1 
481764236 9894 1783594580.144 1 
491699000 9895 1783594580.193 1 
501746831 9896 1783594580.243 1 
511839143 9897 1783594580.293 1 
521752107 9898 1783594580.344 1 
531824467 9899 1783594580.393 1 
541686461 9900 1783594580.444 1 
551802255 9901 1783594580.493 1 
561780161 9902 1783594580.544 1 
571764982 9903 1783594580.593 1 
581752832 9904 1783594580.643 1 
591803646 9905 1783594580.693 1 
601802924 9906 1783594580.744 1 
611839327 9907 1783594580.794 1 
621737097 9908 1783594580.844 1 
631825599 9909 1783594580.893 1 
641737613 9910 1783594580.944 1 
651824399 9911 1783594580.993 1 
661747219 9912 1783594581.044 1 
671824282 9913 1783594581.093 1 
681685426 9914 1783594581.144 1 
691684989 9915 1783594581.193 1 
701737552 9916 1783594581.243 1 
711823748 9917 1783594581.293 1 
721736441 9918 1783594581.344 1 
731824352 9919 1783594581.393 1 
741737478 9920 1783594581.444 1 
751782318 9921 1783594581.493 1 
761751599 9922 1783594581.544 1 
771789653 9923 1783594581.593 1 
781823869 9924 1783594581.644 1 
791686595 9925 1783594581.694 1 
801737867 9926 1783594581.743 1 
811823938 9927 1783594581.795 1 
821738727 9928 1783594581.844 1 
831825616 9929 1783594581.893 1 
841737899 9930 1783594581.944 1 
851823834 9931 1783594581.993 1 
861738405 9932 1783594582.044 1 
871824723 9933 1783594582.093 1 
881685048 9934 1783594582.144 1 
891735461 9935 1783594582.193 1 
901843496 9936 1783594582.243 1 
911736908 9937 1783594582.294 1 
921824324 9938 1783594582.343 1 
931684960 9939 1783594582.394 1 
941738317 9940 1783594582.443 1 
951769475 9941 1783594582.493 1 
961736346 9942 1783594582.544 1 
971825181 9943 1783594582.593 1 
981684573 9944 1783594582.644 1 
991737517 9945 1783594582.693 1 
1001824167 9946 1783594582.743 1 
1011736896 9947 1783594582.794 1 
1021825179 9948 1783594582.843 1 
1031736669 9949 1783594582.894 1 
1041762650 9950 1783594582.943 1 
1051738633 9951 1783594582.994 1 
1061764237 9952 1783594583.043 1 
1071738032 9953 1783594583.094 1 
1081823940 9954 1783594583.143 1 
1091685503 9955 1783594583.194 1 
1101736883 9956 1783594583.243 1 
1111823686 9957 1783594583.293 1 
1121737378 9958 1783594583.344 1 
1131824594 9959 1783594583.394 1 
1141685657 9960 1783594583.444 1 
1151690424 9961 1783594583.493 1 
1161686291 9962 1783594583.543 1 
1171699262 9963 1783594583.593 1 
1181738706 9964 1783594583.643 1 
1191824392 9965 1783594583.694 1 
1201685673 9966 1783594583.744 1 
1211685956 9967 1783594583.793 1 
1221685466 9968 1783594583.843 1 
1231738232 9969 1783594583.893 1 
1241824749 9970 1783594583.943 1 
1251686270 9971 1783594583.994 1 
1261738099 9972 1783594584.043 1 
1271765046 9973 1783594584.093 1 
1281685965 9974 1783594584.144 1 
1291685097 9975 1783594584.193 1 
1301738316 9976 1783594584.243 1 
1311825340 9977 1783594584.293 1 
1321738079 9978 1783594584.344 1 
1331789007 9979 1783594584.393 1 
1341823575 9980 1783594584.444 1 
1351703359 9981 1783594584.494 1 
1361684267 9982 1783594584.543 1 
1371738656 9983 1783594584.593 1 
1381824445 9984 1783594584.643 1 
1391699553 9985 1783594584.694 1 
1401699941 9986 1783594584.743 1 
1411700281 9987 1783594584.793 1 
1421751050 9988 1783594584.843 1 
1431777108 9989 1783594584.894 1 
1441685892 9990 1783594584.944 1 
1451697928 9991 1783594584.993 1 
1461685432 9992 1783594585.043 1 
1471685465 9993 1783594585.093 1 
1481738121 9994 1783594585.143 1 
1491825364 9995 1783594585.194 1 
1501752501 9996 1783594585.244 1 
1511763999 9997 1783594585.294 1 
1521738113 9998 1783594585.344 1 
1531777116 9999 1783594585.394 1 
1541736552 10000 1783594585.444 1 
1551781099 10001 1783594585.493 1 
1561751674 10002 1783594585.544 1 
1571836018 10003 1783594585.594 1 
1581737196 10004 1783594585.644 1 
1591823674 10005 1783594585.694 1 
1601738694 10006 1783594585.744 1 
1611837404 10007 1783594585.794 1 
1621750947 10008 1783594585.844 1 
1631776691 10009 1783594585.894 1 
1641752123 10010 1783594585.944 1 
1651777624 10011 1783594585.994 1 
1661747557 10012 1783594586.044 1 
1671835438 10013 1783594586.094 1 
1681752234 10014 1783594586.144 1 
1691838561 10015 1783594586.194 1 
1701751673 10016 1783594586.244 1 
1711823110 10017 1783594586.294 1 
1721699915 10018 1783594586.344 1 
1731751996 10019 1783594586.393 1 
1741837478 10020 1783594586.444 1 
1751711006 10021 1783594586.494 1 
1761737949 10022 1783594586.543 1 
1771824562 10023 1783594586.594 1 
1781685788 10024 1783594586.644 1 
1791738287 10025 1783594586.693 1 
1801824504 10026 1783594586.744 1 
1811737471 10027 1783594586.796 1 
1821824485 10028 1783594586.844 1 
1831737929 10029 1783594586.894 1 
1841763560 10030 1783594586.944 1 
1851738624 10031 1783594586.994 1 
1861823877 10032 1783594587.044 1 
1871685736 10033 1783594587.094 1 
1881685091 10034 1783594587.143 1 
1891685316 10035 1783594587.193 1 
1901685966 10036 1783594587.243 1 
1911694442 10037 1783594587.293 1 
1921738549 10038 1783594587.343 1 
1931839262 10039 1783594587.394 1 
1941694830 10040 1783594587.444 1 
1951697357 10041 1783594587.493 1 
1961753179 10042 1783594587.543 1 
1971777725 10043 1783594587.594 1 
1981726176 10044 1783594587.644 1 
1991685733 10045 1783594587.693 1 
2001698851 10046 1783594587.743 1 
2011699208 10047 1783594587.793 1 
2021736565 10048 1783594587.843 1 
2031765011 10049 1783594587.894 1 
2041736858 10050 1783594587.944 1 
2051764257 10051 1783594587.994 1 
2061738937 10052 1783594588.044 1 
2071825044 10053 1783594588.094 1 
2081698315 10054 1783594588.144 1 
2091738358 10055 1783594588.193 1 
2101765215 10056 1783594588.244 1 
2111751059 10057 1783594588.294 1 
2121823377 10058 1783594588.344 1 
2131737659 10059 1783594588.394 1 
2141763630 10060 1783594588.444 1 
2151835140 10061 1783594588.494 1 
2161737905 10062 1783594588.544 1 
2171778624 10063 1783594588.594 1 
2181738608 10064 1783594588.644 1 
2191824121 10065 1783594588.694 1 
2201749046 10066 1783594588.744 1 
2211823898 10067 1783594588.794 1 
2221694611 10068 1783594588.844 1 
2231699385 10069 1783594588.894 1 
2241684653 10070 1783594588.944 1 
2251684670 10071 1783594588.993 1 
2261752184 10072 1783594589.043 1 
2271764545 10073 1783594589.094 1 
2281699895 10074 1783594589.144 1 
2291701289 10075 1783594589.193 1 
2301686726 10076 1783594589.244 1 
2311737199 10077 1783594589.293 1 
2321824161 10078 1783594589.344 1 
2331753629 10079 1783594589.394 1 
2341765017 10080 1783594589.444 1 
2351781023 10081 1783594589.494 1 
2361749493 10082 1783594589.544 1 
2371802544 10083 1783594589.594 1 
2381684835 10084 1783594589.644 1 
2391697391 10085 1783594589.693 1 
2401747669 10086 1783594589.744 1 
2411837636 10087 1783594589.794 1 
2421751362 10088 1783594589.844 1 
2431778895 10089 1783594589.894 1 
2441699752 10090 1783594589.944 1 
2451698791 10091 1783594589.993 1 
2461750330 10092 1783594590.044 1 
2471840555 10093 1783594590.094 1 
2481695620 10094 1783594590.144 1 
2491699417 10095 1783594590.193 1 
2501737963 10096 1783594590.244 1 
2511824737 10097 1783594590.294 1 
2521684794 10098 1783594590.344 1 
2531686096 10099 1783594590.393 1 
2541684538 10100 1783594590.443 1 
2551713114 10101 1783594590.493 1 
2561695460 10102 1783594590.544 1 
2571697900 10103 1783594590.593 1 
2581727651 10104 1783594590.644 1 
2591736794 10105 1783594590.694 1 
2601837681 10106 1783594590.744 1 
2611686024 10107 1783594590.794 1 
2621695658 10108 1783594590.844 1 
2631683900 10109 1783594590.894 1 
2641699200 10110 1783594590.944 1 
2651687030 10111 1783594590.994 1 
2661751126 10112 1783594591.044 1 
2671804706 10113 1783594591.094 1 
2681737147 10114 1783594591.144 1 
2691836108 10115 1783594591.194 1 
2701750948 10116 1783594591.244 1 
2711788348 10117 1783594591.294 1 
2721824457 10118 1783594591.344 1 
2731737875 10119 1783594591.394 1 
2741824640 10120 1783594591.444 1 
2751700151 10121 1783594591.494 1 
2761685215 10122 1783594591.544 1 
2771738315 10123 1783594591.594 1 
2781825737 10124 1783594591.644 1 
2791685881 10125 1783594591.694 1 
2801750250 10126 1783594591.743 1 
2811763227 10127 1783594591.796 1 
2821687009 10128 1783594591.844 1 
2831747121 10129 1783594591.894 1 
2841823906 10130 1783594591.944 1 
2851723945 10131 1783594591.994 1 
2861752772 10132 1783594592.044 1 
2871763801 10133 1783594592.094 1 
2881736918 10134 1783594592.144 1 
2891764861 10135 1783594592.194 1 
2901748552 10136 1783594592.244 1 
2911773788 10137 1783594592.294 1 -4.730 14.371 0.473 0.841 75 427 
2921746731 10138 1783594592.350 1 
2931836199 10139 1783594592.394 1 
2941698967 10140 1783594592.444 1 -10.574 11.076 1.442 0.841 81 428 
2951780605 10141 1783594592.494 1 
2961687080 10142 1783594592.544 1 
2971685199 10143 1783594592.594 1 
2981737275 10144 1783594592.644 1 
2991823572 10145 1783594592.694 1 
3001693627 10146 1783594592.744 1 
3011737648 10147 1783594592.794 1 
3021824482 10148 1783594592.844 1 
3031745370 10149 1783594592.894 1 
3041823651 10150 1783594592.944 1 
3051685064 10151 1783594592.994 1 
3061697695 10152 1783594593.044 1 
3071737333 10153 1783594593.094 1 
3081823441 10154 1783594593.144 1 
3091737985 10155 1783594593.194 1 
3101764022 10156 1783594593.244 1 
3111737747 10157 1783594593.294 1 
3121823398 10158 1783594593.344 1 
3131685992 10159 1783594593.394 1 
3141736786 10160 1783594593.444 1 
3151783176 10161 1783594593.494 1 
3161685458 10162 1783594593.544 1 
3171737603 10163 1783594593.594 1 
3181822643 10164 1783594593.644 1 
3191737368 10165 1783594593.694 1 
3201765578 10166 1783594593.744 1 
3211737174 10167 1783594593.794 1 
3221824274 10168 1783594593.844 1 
3231737713 10169 1783594593.894 1 
3241823253 10170 1783594593.944 1 
3251737267 10171 1783594593.994 1 
3261824083 10172 1783594594.044 1 
3271738073 10173 1783594594.094 1 
3281825923 10174 1783594594.144 1 
3291738092 10175 1783594594.194 1 
3301823611 10176 1783594594.244 1 
3311738657 10177 1783594594.294 1 
3321824244 10178 1783594594.344 1 
3331737333 10179 1783594594.394 1 
3341824656 10180 1783594594.444 1 
3351835767 10181 1783594594.494 1 
3361738479 10182 1783594594.544 1 
3371824262 10183 1783594594.594 1 
3381737023 10184 1783594594.644 1 
3391823083 10185 1783594594.694 1 
3401737784 10186 1783594594.744 1 
3411823732 10187 1783594594.794 1 
3421739025 10188 1783594594.844 1 
3431824972 10189 1783594594.894 1 
3441686787 10190 1783594594.944 1 
3451736614 10191 1783594594.994 1 
3461822752 10192 1783594595.044 1 
3471737603 10193 1783594595.095 1 
3481824536 10194 1783594595.144 1 
3491738296 10195 1783594595.195 1 
3501788327 10196 1783594595.244 1 
3511825475 10197 1783594595.294 1 
3521738172 10198 1783594595.344 1 
3531764219 10199 1783594595.394 1 
3541737167 10200 1783594595.444 1 
3551781522 10201 1783594595.494 1 
3561686316 10202 1783594595.544 1 
3571737806 10203 1783594595.594 1 
3581823367 10204 1783594595.644 1 
3591738144 10205 1783594595.694 1 
3601823910 10206 1783594595.744 1 
3611686492 10207 1783594595.794 1 
3621738961 10208 1783594595.844 1 
3631825367 10209 1783594595.894 1 
3641737110 10210 1783594595.944 1 
3651764998 10211 1783594595.994 1 
3661737319 10212 1783594596.044 1 
3671823882 10213 1783594596.094 1 
3681738645 10214 1783594596.144 1 
3691824943 10215 1783594596.194 1 
3701737743 10216 1783594596.244 1 
3711822962 10217 1783594596.294 1 
3721685540 10218 1783594596.344 1 
3731737159 10219 1783594596.394 1 
3741823781 10220 1783594596.444 1 
3751836047 10221 1783594596.494 1 
3761761979 10222 1783594596.545 1 
3771787548 10223 1783594596.594 1 
3781824174 10224 1783594596.644 1 
3791738698 10225 1783594596.694 1 
3801824160 10226 1783594596.744 1 
3811737873 10227 1783594596.796 1 
3821764088 10228 1783594596.844 1 
3831739155 10229 1783594596.894 1 
3841823804 10230 1783594596.944 1 
3851738857 10231 1783594596.994 1 
3861823854 10232 1783594597.044 1 
3871737563 10233 1783594597.094 1 
3881763704 10234 1783594597.144 1 
3891738813 10235 1783594597.194 1 
3901824254 10236 1783594597.244 1 
3911736926 10237 1783594597.295 1 
3921824556 10238 1783594597.344 1 
3931736703 10239 1783594597.394 1 
3941823500 10240 1783594597.444 1 
3951781828 10241 1783594597.494 1 
3961736833 10242 1783594597.544 1 
3971823650 10243 1783594597.594 1 
3981756358 10244 1783594597.644 1 
3991824675 10245 1783594597.694 1 
4001685475 10246 1783594597.745 1 
4011737743 10247 1783594597.794 1 
4021824724 10248 1783594597.844 1 
4031737634 10249 1783594597.895 1 
4041764153 10250 1783594597.944 1 
4051736799 10251 1783594597.994 1 
4061825602 10252 1783594598.044 1 
4071737188 10253 1783594598.095 1 
4081823926 10254 1783594598.144 1 
4091738403 10255 1783594598.195 1 
4101823274 10256 1783594598.244 1 
4111685440 10257 1783594598.295 1 
4121737229 10258 1783594598.344 1 
4131825059 10259 1783594598.394 1 
4141737213 10260 1783594598.445 1 
4151782931 10261 1783594598.494 1 
4161738324 10262 1783594598.544 1 
4171823939 10263 1783594598.594 1 
4181738094 10264 1783594598.645 1 
4191824255 10265 1783594598.694 1 
4201737064 10266 1783594598.745 1 
4211823801 10267 1783594598.794 1 
4221685829 10268 1783594598.845 1 
4231738274 10269 1783594598.894 1 
4241823301 10270 1783594598.944 1 
4251736530 10271 1783594598.995 1 
4261824553 10272 1783594599.044 1 
4271737780 10273 1783594599.095 1 
4281824122 10274 1783594599.144 1 
4291737517 10275 1783594599.195 1 
6857140 10276 1783594599.244 1 
16718111 10277 1783594599.295 1 
26770381 10278 1783594599.344 1 
36857185 10279 1783594599.394 1 
46769563 10280 1783594599.445 1 
56815156 10281 1783594599.494 1 
66717827 10282 1783594599.544 1 
76770546 10283 1783594599.594 1 
86857261 10284 1783594599.644 1 
96718708 10285 1783594599.695 1 
106770755 10286 1783594599.744 1 
116856189 10287 1783594599.794 1 
126769932 10288 1783594599.845 1 
136795949 10289 1783594599.894 1 
146718401 10290 1783594599.944 1 
156716948 10291 1783594599.994 1 
166769945 10292 1783594600.044 1 
176857771 10293 1783594600.094 1 
186771017 10294 1783594600.145 1 
196797133 10295 1783594600.194 1 
206770401 10296 1783594600.244 1 
216856614 10297 1783594600.294 1 
226770410 10298 1783594600.345 1 
236857018 10299 1783594600.394 1 
246719348 10300 1783594600.445 1 
256867719 10301 1783594600.494 1 
266770424 10302 1783594600.545 1 
276797037 10303 1783594600.594 1 
286718918 10304 1783594600.644 1 
296717244 10305 1783594600.694 1 
306769967 10306 1783594600.744 1 
316856346 10307 1783594600.794 1 
326771482 10308 1783594600.845 1 
336798202 10309 1783594600.894 1 
346771086 10310 1783594600.944 1 
356856529 10311 1783594600.994 1 
366768607 10312 1783594601.045 1 
376855532 10313 1783594601.094 1 
386771146 10314 1783594601.145 1 
396856768 10315 1783594601.194 1 
406717209 10316 1783594601.245 1 
416771871 10317 1783594601.294 1 
426857063 10318 1783594601.344 1 
436717746 10319 1783594601.395 1 
446717756 10320 1783594601.444 1 
456868555 10321 1783594601.494 1 
466770184 10322 1783594601.545 1 
476856908 10323 1783594601.594 1 
486718040 10324 1783594601.645 1 
496771420 10325 1783594601.694 1 
506856555 10326 1783594601.744 1 
516770335 10327 1783594601.796 1 
526797536 10328 1783594601.844 1 
536718022 10329 1783594601.895 1 
546769274 10330 1783594601.944 1 
556857288 10331 1783594601.994 1 
566771412 10332 1783594602.045 1 
576856642 10333 1783594602.094 1 
586769361 10334 1783594602.145 1 
596856991 10335 1783594602.194 1 
606770019 10336 1783594602.245 1 
616856533 10337 1783594602.294 1 
626771079 10338 1783594602.345 1 
636820944 10339 1783594602.394 1 
646855661 10340 1783594602.444 1 
656722784 10341 1783594602.495 1 
666770204 10342 1783594602.544 1 
676856245 10343 1783594602.594 1 
686771247 10344 1783594602.645 1 
696858049 10345 1783594602.694 1 
706719025 10346 1783594602.745 1 
716771121 10347 1783594602.794 1 
726858237 10348 1783594602.844 1 
736719410 10349 1783594602.895 1 
746768713 10350 1783594602.944 1 
756856857 10351 1783594602.994 1 
766770038 10352 1783594603.045 1 
776856944 10353 1783594603.094 1 
786718342 10354 1783594603.145 1 
796718640 10355 1783594603.194 1 
806769469 10356 1783594603.244 1 
816857571 10357 1783594603.294 1 
826769025 10358 1783594603.345 1 
836856385 10359 1783594603.394 1 
846770623 10360 1783594603.445 1 
856802094 10361 1783594603.494 1 
866718458 10362 1783594603.545 1 
876770211 10363 1783594603.594 1 
886856908 10364 1783594603.644 1 
896771003 10365 1783594603.695 1 
906856476 10366 1783594603.744 1 
916770937 10367 1783594603.795 1 
926857185 10368 1783594603.844 1 
936717487 10369 1783594603.895 1 
946770189 10370 1783594603.944 1 
956856927 10371 1783594603.994 1 
966718387 10372 1783594604.045 1 
976770805 10373 1783594604.094 1 
986855949 10374 1783594604.144 1 
996771184 10375 1783594604.195 1 
1006857446 10376 1783594604.244 1 
1016769570 10377 1783594604.295 1 
1026857310 10378 1783594604.344 1 
1036770535 10379 1783594604.395 1 
1046855933 10380 1783594604.444 1 
1056723994 10381 1783594604.495 1 
1066718527 10382 1783594604.544 1 
1076770433 10383 1783594604.594 1 
1086856291 10384 1783594604.644 1 
1096717438 10385 1783594604.695 1 
1106718812 10386 1783594604.744 1 
1116772056 10387 1783594604.794 1 
1126856078 10388 1783594604.844 1 
1136770698 10389 1783594604.895 1 
1146796066 10390 1783594604.944 1 
1156770139 10391 1783594604.995 1 
1166855756 10392 1783594605.044 1 
1176770105 10393 1783594605.095 1 
1186858048 10394 1783594605.144 1 
1196717778 10395 1783594605.195 1 
1206770857 10396 1783594605.244 1 
1216856868 10397 1783594605.294 1 
1226770656 10398 1783594605.345 1 
1236856261 10399 1783594605.394 1 
1246770550 10400 1783594605.445 1 
1256814913 10401 1783594605.494 1 
1266769446 10402 1783594605.545 1 
1276811893 10403 1783594605.594 1 -4.112 11.209 0.748 23.561 68 427 -4.860 7.974 -7.477 23.561 68 427 
1286718456 10404 1783594605.651 1 
1296770723 10405 1783594605.694 1 
1306857180 10406 1783594605.744 1 
1316771384 10407 1783594605.795 1 
1326797465 10408 1783594605.844 1 
1336717389 10409 1783594605.895 1 
1346771851 10410 1783594605.944 1 
1356855626 10411 1783594605.994 1 
1366771714 10412 1783594606.045 1 
1376856407 10413 1783594606.095 1 
1386771641 10414 1783594606.145 1 
1396856666 10415 1783594606.194 1 
1406770815 10416 1783594606.245 1 
1416857376 10417 1783594606.294 1 
1426718694 10418 1783594606.345 1 
1436770071 10419 1783594606.394 1 
1446856805 10420 1783594606.444 1 
1456822043 10421 1783594606.495 1 
1466769871 10422 1783594606.545 1 
1476856988 10423 1783594606.594 1 
1486770412 10424 1783594606.645 1 
1496855569 10425 1783594606.694 1 
1506770977 10426 1783594606.745 1 
1516856617 10427 1783594606.796 1 
1526769736 10428 1783594606.845 1 
1536796439 10429 1783594606.895 1 
1546768922 10430 1783594606.945 1 
1556796071 10431 1783594606.994 1 
1566770278 10432 1783594607.045 1 
1576856483 10433 1783594607.095 1 
1586718912 10434 1783594607.145 1 
1596769808 10435 1783594607.194 1 
1606797574 10436 1783594607.245 1 
1616770471 10437 1783594607.295 1 
1626855348 10438 1783594607.345 1 
1636769057 10439 1783594607.395 1 
1646856229 10440 1783594607.445 1 
1656814780 10441 1783594607.495 1 
1666770401 10442 1783594607.545 1 
1676857820 10443 1783594607.595 1 
1686771333 10444 1783594607.645 1 
1696857120 10445 1783594607.695 1 
1706718127 10446 1783594607.745 1 
1716717452 10447 1783594607.794 1 
1726770713 10448 1783594607.844 1 
1736857024 10449 1783594607.895 1 
1746719630 10450 1783594607.945 1 
1756770372 10451 1783594607.994 1 
1766811109 10452 1783594608.045 1 
1776718659 10453 1783594608.095 1 
1786718185 10454 1783594608.144 1 
1796719355 10455 1783594608.194 1 
1806770747 10456 1783594608.244 1 
1816857478 10457 1783594608.295 1 
1826771277 10458 1783594608.345 1 
1836856992 10459 1783594608.395 1 
1846770494 10460 1783594608.445 1 
1856813925 10461 1783594608.495 1 
1866770625 10462 1783594608.545 1 
1876795018 10463 1783594608.595 1 
1886718403 10464 1783594608.645 1 
1896770379 10465 1783594608.694 1 
1906857108 10466 1783594608.745 1 
1916771237 10467 1783594608.795 1 
1926856875 10468 1783594608.845 1 
1936803467 10469 1783594608.895 1 
1946796982 10470 1783594608.945 1 
1956771465 10471 1783594608.995 1 
1966856874 10472 1783594609.045 1 
1976717424 10473 1783594609.095 1 
1986717575 10474 1783594609.144 1 
1996770953 10475 1783594609.194 1 
2006855085 10476 1783594609.245 1 
2016770305 10477 1783594609.295 1 
2026797309 10478 1783594609.345 1 
2036770656 10479 1783594609.395 1 
2046857008 10480 1783594609.445 1 
2056723377 10481 1783594609.495 1 
2066717584 10482 1783594609.544 1 
2076718652 10483 1783594609.594 1 
2086718929 10484 1783594609.644 1 
2096770179 10485 1783594609.694 1 
2106856874 10486 1783594609.745 1 
2116770383 10487 1783594609.795 1 
2126857685 10488 1783594609.845 1 
2136770712 10489 1783594609.895 1 
2146857117 10490 1783594609.945 1 
2156717531 10491 1783594609.995 1 
2166770487 10492 1783594610.044 1 
2176856456 10493 1783594610.095 1 
2186718601 10494 1783594610.145 1 
2196771520 10495 1783594610.194 1 
2206857513 10496 1783594610.245 1 
2216770974 10497 1783594610.295 1 
2226856639 10498 1783594610.345 1 
2236717122 10499 1783594610.395 1 
2246717583 10500 1783594610.444 1 
2256855371 10501 1783594610.494 1 
2266717825 10502 1783594610.545 1 
2276770126 10503 1783594610.594 1 
2286857626 10504 1783594610.645 1 
2296770844 10505 1783594610.695 1 
2306798012 10506 1783594610.745 1 
2316718187 10507 1783594610.795 1 
2326770243 10508 1783594610.844 1 
2336797053 10509 1783594610.895 1 
2346770872 10510 1783594610.945 1 
2356875099 10511 1783594610.995 1 
2366769559 10512 1783594611.045 1 
2376857204 10513 1783594611.095 1 
2386717828 10514 1783594611.145 1 
2396720127 10515 1783594611.195 1 
2406717520 10516 1783594611.244 1 
2416770572 10517 1783594611.295 1 
2426856581 10518 1783594611.345 1 
2436770677 10519 1783594611.395 1 
2446858141 10520 1783594611.445 1 
2456869398 10521 1783594611.495 1 
2466716824 10522 1783594611.545 1 
2476717031 10523 1783594611.595 1 
2486769602 10524 1783594611.644 1 
2496856426 10525 1783594611.695 1 
2506770441 10526 1783594611.745 1 
2516856973 10527 1783594611.797 1 
2526771187 10528 1783594611.845 1 
2536855929 10529 1783594611.895 1 
2546718217 10530 1783594611.945 1 
2556770500 10531 1783594611.995 1 
2566856902 10532 1783594612.045 1 
2576718705 10533 1783594612.095 1 
2586717511 10534 1783594612.144 1 
2596717425 10535 1783594612.195 1 
2606717528 10536 1783594612.244 1 
2616718402 10537 1783594612.295 1 
2626717566 10538 1783594612.344 1 
2636770311 10539 1783594612.395 1 
2646857032 10540 1783594612.445 1 
2656867966 10541 1783594612.495 1 
2666770766 10542 1783594612.545 1 
2676856901 10543 1783594612.595 1 
2686771162 10544 1783594612.645 1 
2696796319 10545 1783594612.695 1 
2706719027 10546 1783594612.745 1 
2716769522 10547 1783594612.795 1 
2726857811 10548 1783594612.845 1 
2736717023 10549 1783594612.895 1 
2746771235 10550 1783594612.945 1 
2756857240 10551 1783594612.995 1 
2766717279 10552 1783594613.045 1 
2776770620 10553 1783594613.095 1 
2786855538 10554 1783594613.145 1 
2796770917 10555 1783594613.195 1 
2806796257 10556 1783594613.245 1 
2816718104 10557 1783594613.295 1 
2826717759 10558 1783594613.345 1 
2836769870 10559 1783594613.395 1 
2846797059 10560 1783594613.445 1 
2856723614 10561 1783594613.495 1 
2866718705 10562 1783594613.545 1 
2876771324 10563 1783594613.595 1 
2886857369 10564 1783594613.645 1 
2896718197 10565 1783594613.695 1 
2906771536 10566 1783594613.745 1 
2916856236 10567 1783594613.795 1 
2926718932 10568 1783594613.845 1 
2936770626 10569 1783594613.895 1 
2946797654 10570 1783594613.945 1 
2956717023 10571 1783594613.995 1 
2966717598 10572 1783594614.045 1 
2976770254 10573 1783594614.095 1 
2986856694 10574 1783594614.145 1 
2996771721 10575 1783594614.195 1 
3006858080 10576 1783594614.245 1 
3016718441 10577 1783594614.295 1 
3026770614 10578 1783594614.345 1 
3036856540 10579 1783594614.395 1 
3046769953 10580 1783594614.445 1 
3056816737 10581 1783594614.495 1 
3066771392 10582 1783594614.545 1 
3076855649 10583 1783594614.595 1 
3086719094 10584 1783594614.645 1 
3096718855 10585 1783594614.695 1 
3106718787 10586 1783594614.745 1 
3116770162 10587 1783594614.795 1 
3126797070 10588 1783594614.845 1 
3136717718 10589 1783594614.895 1 
3146771312 10590 1783594614.945 1 
3156857969 10591 1783594614.995 1 
3166771337 10592 1783594615.045 1 
3176857522 10593 1783594615.095 1 
3186718296 10594 1783594615.145 1 
3196718265 10595 1783594615.195 1 
3206718826 10596 1783594615.245 1 
3216771866 10597 1783594615.295 1 
3226857864 10598 1783594615.345 1 
3236770501 10599 1783594615.395 1 
3246856736 10600 1783594615.445 1 
3256723699 10601 1783594615.495 1 
3266771428 10602 1783594615.545 1 
3276856219 10603 1783594615.595 1 
3286771292 10604 1783594615.645 1 
3296857240 10605 1783594615.695 1 
3306771102 10606 1783594615.746 1 
3316855736 10607 1783594615.795 1 
3326770970 10608 1783594615.845 1 
3336796644 10609 1783594615.895 1 
3346769818 10610 1783594615.945 1 
3356877537 10611 1783594615.995 1 
3366717229 10612 1783594616.045 1 
3376770590 10613 1783594616.095 1 
3386856716 10614 1783594616.145 1 
3396769887 10615 1783594616.195 1 
3406856901 10616 1783594616.245 1 
3416769140 10617 1783594616.295 1 
3426856731 10618 1783594616.345 1 
3436717630 10619 1783594616.395 1 
3446769853 10620 1783594616.445 1 
3456814309 10621 1783594616.495 1 
3466769823 10622 1783594616.545 1 
3476856340 10623 1783594616.595 1 
3486717882 10624 1783594616.645 1 
3496770342 10625 1783594616.695 1 
3506855769 10626 1783594616.745 1 
3516718994 10627 1783594616.797 1 
3526770072 10628 1783594616.845 1 
3536856833 10629 1783594616.895 1 
3546718354 10630 1783594616.945 1 
3556770709 10631 1783594616.995 1 
3566857401 10632 1783594617.045 1 
3576771099 10633 1783594617.095 1 
3586857332 10634 1783594617.145 1 
3596770038 10635 1783594617.195 1 
3606856666 10636 1783594617.245 1 
3616770642 10637 1783594617.296 1 
3626857279 10638 1783594617.345 1 
3636793388 10639 1783594617.395 1 
3646797454 10640 1783594617.445 1 
3656790741 10641 1783594617.495 1 
3666770338 10642 1783594617.545 1 
3676855984 10643 1783594617.595 1 
3686770530 10644 1783594617.645 1 
3696857149 10645 1783594617.695 1 
3706770975 10646 1783594617.745 1 
3716857822 10647 1783594617.795 1 
3726718818 10648 1783594617.845 1 
3736770654 10649 1783594617.895 1 
3746857213 10650 1783594617.945 1 
3756770540 10651 1783594617.996 1 
3766856561 10652 1783594618.045 1 
3776718703 10653 1783594618.096 1 
3786770247 10654 1783594618.145 1 
3796856047 10655 1783594618.195 1 
3806770477 10656 1783594618.245 1 
3816856286 10657 1783594618.295 1 
3826770922 10658 1783594618.345 1 
3836857494 10659 1783594618.395 1 
3846718656 10660 1783594618.445 1 
3856724684 10661 1783594618.495 1 
3866769624 10662 1783594618.545 1 
3876857525 10663 1783594618.595 1 
3886770912 10664 1783594618.645 1 
3896856504 10665 1783594618.695 1 
3906718724 10666 1783594618.745 1 
3916717544 10667 1783594618.795 1 
3926718176 10668 1783594618.845 1 
3936718674 10669 1783594618.895 1 
3946771345 10670 1783594618.945 1 
3956857347 10671 1783594618.995 1 
3966718027 10672 1783594619.045 1 
3976717836 10673 1783594619.095 1 
3986771678 10674 1783594619.145 1 
3996797123 10675 1783594619.195 1 
4006771005 10676 1783594619.245 1 
4016856866 10677 1783594619.295 1 
4026718439 10678 1783594619.345 1 
4036718774 10679 1783594619.395 1 
4046769869 10680 1783594619.445 1 
4056815151 10681 1783594619.495 1 
4066718140 10682 1783594619.545 1 
4076717871 10683 1783594619.595 1 
4086770008 10684 1783594619.645 1 
4096797622 10685 1783594619.695 1 
4106718577 10686 1783594619.745 1 
4116717704 10687 1783594619.795 1 
4126770471 10688 1783594619.845 1 
4136856703 10689 1783594619.895 1 
4146718072 10690 1783594619.946 1 
4156718187 10691 1783594619.995 1 
4166769439 10692 1783594620.045 1 
4176856616 10693 1783594620.095 1 
4186770701 10694 1783594620.145 1 
4196797625 10695 1783594620.195 1 
4206771117 10696 1783594620.245 1 
4216856306 10697 1783594620.295 1 
4226770524 10698 1783594620.345 1 
4236796469 10699 1783594620.395 1 
4246718142 10700 1783594620.445 1 
4256814664 10701 1783594620.495 1 
4266718234 10702 1783594620.545 1 
4276771062 10703 1783594620.595 1 
4286856474 10704 1783594620.645 1 
1803072 10705 1783594620.696 1 
11890086 10706 1783594620.745 1 
21750327 10707 1783594620.796 1 
31750802 10708 1783594620.845 1 
41751089 10709 1783594620.895 1 
51750083 10710 1783594620.945 1 
61803241 10711 1783594620.995 1 
71889666 10712 1783594621.045 1 
81802573 10713 1783594621.096 1 
91889592 10714 1783594621.145 1 
101801671 10715 1783594621.196 1 
111889655 10716 1783594621.245 1 
121803151 10717 1783594621.296 1 
131889008 10718 1783594621.345 1 
141751831 10719 1783594621.396 1 
151803365 10720 1783594621.445 1 
161848353 10721 1783594621.495 1 
171803040 10722 1783594621.545 1 
181828306 10723 1783594621.595 1 
191803839 10724 1783594621.645 1 
201889919 10725 1783594621.695 1 
211750978 10726 1783594621.746 1 
221751901 10727 1783594621.795 1 
231802796 10728 1783594621.847 1 
241889473 10729 1783594621.895 1 
251802037 10730 1783594621.946 1 
261889160 10731 1783594621.995 1 
271802196 10732 1783594622.046 1 
281890550 10733 1783594622.095 1 
291802049 10734 1783594622.146 1 
301889126 10735 1783594622.195 1 
311802544 10736 1783594622.246 1 
321830326 10737 1783594622.295 1 
331802503 10738 1783594622.345 1 
341889497 10739 1783594622.395 1 
351819021 10740 1783594622.446 1 -12.283 11.870 -0.534 -0.841 68 422 
361835350 10741 1783594622.496 1 
371803327 10742 1783594622.545 1 
381905741 10743 1783594622.595 1 -10.834 13.521 -0.542 -0.841 79 427 
391750025 10744 1783594622.646 1 
401751561 10745 1783594622.695 1 
411763224 10746 1783594622.745 1 -11.215 12.895 0.000 -0.841 85 422 
421750502 10747 1783594622.796 1 
431750961 10748 1783594622.845 1 
441803414 10749 1783594622.895 1 
451890194 10750 1783594622.945 1 
461803661 10751 1783594622.996 1 
471902749 10752 1783594623.045 1 -10.895 12.484 -1.038 -0.841 85 417 
481803234 10753 1783594623.096 1 
491906751 10754 1783594623.145 1 -10.681 13.330 -0.534 -0.841 78 419 
501767833 10755 1783594623.196 1 -11.078 11.658 -1.007 -0.841 72 425 
511818585 10756 1783594623.246 1 -10.147 13.658 -1.602 -0.841 110 423 
521903935 10757 1783594623.296 1 -10.735 12.172 -2.045 -0.841 86 410 
531766804 10758 1783594623.346 1 -10.742 11.336 -0.488 -0.841 104 427 
541817936 10759 1783594623.396 1 -10.735 12.332 -0.511 -0.841 91 419 
551931760 10760 1783594623.446 1 -10.742 11.336 -0.488 -0.841 103 419 -9.338 13.687 -1.038 -0.841 92 419 
561804597 10761 1783594623.497 1 -10.742 11.336 -0.488 -0.841 98 411 -10.574 11.990 -2.014 -0.841 88 421 
571750509 10762 1783594623.546 1 
581819035 10763 1783594623.595 1 -10.094 11.596 -0.481 -0.841 131 416 
591890728 10764 1783594623.646 1 
601764822 10765 1783594623.696 1 -10.094 11.596 -0.481 -0.841 112 416 
611817920 10766 1783594623.746 1 -10.094 11.606 0.000 -0.841 127 424 
621903332 10767 1783594623.796 1 -10.071 12.538 1.007 -1.683 75 427 
631765561 10768 1783594623.846 1 -9.422 12.731 -0.992 -0.841 123 425 
641791064 10769 1783594623.896 1 -9.422 12.769 0.000 -0.841 83 420 -9.201 13.369 -2.045 -0.841 73 422 
651766794 10770 1783594623.946 1 -9.461 11.731 -1.419 -0.841 84 429 
661816601 10771 1783594623.996 1 -10.574 11.128 0.961 -0.841 102 427 
671898144 10772 1783594624.046 1 -9.461 11.778 -0.946 -0.841 171 416 -10.254 11.698 -1.465 -0.841 124 414 
681902746 10773 1783594624.097 1 -9.773 11.228 -0.465 -0.841 108 420 
691818482 10774 1783594624.146 1 -9.773 11.228 0.465 -0.841 123 422 
701904247 10775 1783594624.196 1 -9.308 11.616 -0.465 -0.841 160 430 
711764462 10776 1783594624.246 1 -10.094 11.566 -0.961 -0.841 87 424 
721819087 10777 1783594624.296 1 -9.613 11.043 -0.458 -0.841 110 430 
731872479 10778 1783594624.346 1 -9.155 11.426 -0.458 -0.841 128 426 -8.560 13.614 -1.007 -0.841 75 439 
741848156 10779 1783594624.397 1 -9.613 11.015 -0.916 -0.841 140 424 -9.277 12.535 -0.977 -0.841 77 427 
751904969 10780 1783594624.447 1 -8.698 11.751 -0.916 -0.841 93 422 
761914611 10781 1783594624.496 1 -9.155 11.426 -0.458 -0.841 125 416 
771794325 10782 1783594624.547 1 -9.155 11.398 -0.916 -0.841 156 416 -9.132 12.376 0.000 -0.841 100 430 
781764988 10783 1783594624.596 1 -9.155 11.435 0.000 -0.841 121 424 
791817452 10784 1783594624.646 1 -9.155 11.435 0.000 -0.841 117 423 
801887701 10785 1783594624.696 1 
811816596 10786 1783594624.746 1 -7.935 13.743 0.000 -0.841 108 424 
821886961 10787 1783594624.796 1 -8.171 13.022 0.481 -1.683 72 429 -8.102 11.901 -0.450 -0.841 131 419 -8.789 12.882 0.977 -0.841 96 428 
831765441 10788 1783594624.847 1 -8.240 12.103 -0.458 -1.683 91 424 
841807969 10789 1783594624.896 1 -8.553 11.582 0.450 -0.841 103 416 -8.514 12.515 0.000 -0.841 106 418 -7.935 13.707 -0.992 -0.841 74 423 
851764391 10790 1783594624.947 1 -8.041 12.815 0.473 -0.841 106 426 
861815779 10791 1783594624.996 1 -8.102 11.773 1.801 -0.841 78 432 
871904060 10792 1783594625.046 1 -8.553 11.582 0.450 -0.841 113 419 
881766667 10793 1783594625.097 1 -7.965 11.699 -0.443 -0.841 112 423 
891817636 10794 1783594625.146 1 -7.813 13.523 0.488 -0.841 135 418 
901872032 10795 1783594625.196 1 -7.912 12.617 0.000 -0.841 103 427 -8.171 13.022 -0.481 -0.841 76 430 
911845487 10796 1783594625.247 1 -7.965 11.674 -0.885 -0.841 128 408 -7.210 13.578 -0.481 -0.841 98 414 
921885305 10797 1783594625.297 1 -7.965 11.708 0.000 -0.841 172 422 -7.912 12.583 0.931 -0.841 83 431 -8.301 13.202 0.977 -0.841 95 427 
931768384 10798 1783594625.347 1 -7.828 11.506 0.000 -0.841 157 425 
941820104 10799 1783594625.396 1 -7.828 11.498 -0.435 -0.841 128 420 -7.652 12.070 1.801 -0.841 90 427 -8.301 13.202 0.977 -0.841 94 420 
951793755 10800 1783594625.447 1 -7.393 11.718 -1.305 -0.841 114 414 -7.782 12.377 0.916 -0.841 86 420 
961800517 10801 1783594625.496 1 -7.828 11.473 0.870 -0.841 143 419 -8.240 12.103 0.458 -0.841 93 431 
971766580 10802 1783594625.546 1 -7.782 12.410 0.000 -0.841 102 420 
981764533 10803 1783594625.596 1 -7.828 11.506 0.000 -0.841 146 421 
991793399 10804 1783594625.646 1 -8.263 11.189 0.435 -0.841 152 422 -7.782 12.377 0.916 -0.841 120 429 
1001847587 10805 1783594625.696 1 -8.263 11.189 0.435 -0.841 136 417 -8.240 11.972 1.831 -0.841 106 423 
1011873665 10806 1783594625.747 1 -7.263 11.575 -0.427 -0.841 104 422 -6.729 13.797 0.961 -0.841 75 425 
1021795022 10807 1783594625.797 1 -7.263 11.575 -0.427 -0.841 119 421 -7.652 12.195 -0.450 -0.841 133 423 
1031795758 10808 1783594625.846 1 -7.263 11.575 0.427 -0.841 147 427 -7.652 12.204 0.000 -0.841 128 426 
1041793780 10809 1783594625.897 1 -7.263 11.575 0.427 -0.841 73 430 -6.752 12.724 0.000 -0.841 116 426 
1051764083 10810 1783594625.946 1 -7.393 11.661 1.740 -0.841 86 426 
1061844146 10811 1783594625.996 1 -6.836 11.809 0.854 -0.841 133 425 -7.095 13.337 -0.946 -0.841 97 420 
1071871506 10812 1783594626.047 1 -7.134 11.376 0.000 -0.841 165 433 -7.202 12.466 -0.450 -0.841 128 420 
1081819763 10813 1783594626.097 1 -7.134 11.368 0.420 -0.841 102 432 
1091931764 10814 1783594626.146 1 -7.134 11.368 0.420 -0.841 162 422 -6.752 12.692 0.900 -0.841 122 419 
1101791475 10815 1783594626.197 1 -7.134 11.306 1.259 -0.841 116 419 -7.202 12.466 0.450 -0.841 88 427 
1111763280 10816 1783594626.246 1 -7.134 11.368 0.420 -0.841 149 427 
1121764806 10817 1783594626.296 1 -7.134 11.368 0.420 -0.841 103 424 
1131845214 10818 1783594626.346 1 -7.004 11.162 0.412 -0.841 86 438 -6.638 12.477 0.885 -0.841 140 430 
1141933561 10819 1783594626.397 1 -6.180 11.638 0.412 -0.841 90 430 -7.080 12.255 0.443 -0.841 92 421 
1151794177 10820 1783594626.447 1 -6.714 11.598 0.839 -0.841 97 429 -6.638 12.477 0.885 -0.841 110 427 
1161778413 10821 1783594626.496 1 -6.523 12.285 0.435 -0.841 93 423 
1171765589 10822 1783594626.546 1 -6.638 12.477 0.885 -0.841 86 422 
1181803871 10823 1783594626.596 1 
1191842458 10824 1783594626.645 1 -6.523 12.293 0.000 -0.841 133 430 
1201792049 10825 1783594626.696 1 -6.592 11.388 0.824 -0.841 164 418 -6.409 13.140 0.916 -0.841 96 429 
1211794315 10826 1783594626.746 1 -6.592 11.388 0.824 -0.841 176 420 -6.523 12.293 0.000 -0.841 105 429 
1221792064 10827 1783594626.797 1 -6.065 11.423 0.404 -0.841 116 430 -5.951 13.385 0.000 -0.841 75 428 
1231793933 10828 1783594626.847 1 -5.768 11.826 0.824 -0.841 103 418 -6.523 12.262 0.870 -0.841 85 422 
1241787916 10829 1783594626.897 1 -6.180 11.616 0.824 -0.841 102 429 -6.302 12.945 0.450 -0.841 75 422 
1251845664 10830 1783594626.946 1 -6.470 11.199 0.404 -0.841 86 432 -7.393 11.718 1.305 -0.841 87 424 
1261868968 10831 1783594626.997 1 -6.180 11.638 -0.412 -0.841 92 428 -5.402 13.346 -0.450 -0.841 100 416 
1271792151 10832 1783594627.047 1 -5.981 12.264 0.854 -0.841 86 425 -5.310 13.119 0.443 -0.841 85 421 
1281846383 10833 1783594627.097 1 -6.065 11.401 0.809 -0.841 155 420 -5.981 12.264 0.854 -0.841 103 426 
1291904715 10834 1783594627.147 1 -6.065 11.423 0.404 -0.841 134 418 
1301817245 10835 1783594627.197 1 -6.470 11.177 0.809 -0.841 138 410 
1311871052 10836 1783594627.246 1 -5.951 11.186 0.793 -0.841 121 426 -5.981 12.287 0.427 -0.841 112 420 
1321764456 10837 1783594627.297 1 -5.661 11.628 0.404 -0.841 120 416 
1331764473 10838 1783594627.346 1 -5.661 11.458 2.022 -0.841 112 425 
1341795357 10839 1783594627.396 1 -5.554 11.388 0.793 -0.841 153 427 -5.753 12.932 0.443 -0.841 75 423 
1351790056 10840 1783594627.446 1 -5.157 11.594 -0.397 -0.841 82 425 -5.875 12.045 0.839 -0.841 131 427 
1361924283 10841 1783594627.497 1 -5.661 11.522 1.617 -0.841 132 411 -5.455 12.263 0.420 -0.841 150 412 
1371931605 10842 1783594627.547 1 -5.554 11.354 1.190 -0.841 86 432 -5.455 12.270 0.000 -0.841 114 431 
1381792178 10843 1783594627.597 1 -5.554 11.409 0.397 -0.841 151 423 -5.310 13.097 0.885 -0.841 82 430 
1391764404 10844 1783594627.646 1 -5.554 11.388 0.793 -0.841 164 432 
1401765418 10845 1783594627.696 1 -5.157 11.601 0.000 -0.841 129 435 
1411847636 10846 1783594627.746 1 -5.157 11.573 0.793 -0.841 191 423 -5.035 12.420 0.839 -0.841 86 433 
1421842727 10847 1783594627.797 1 -5.058 11.351 0.778 -0.841 111 426 
1431817747 10848 1783594627.846 1 -5.058 11.351 0.778 -0.841 166 415 
1441931706 10849 1783594627.896 1 -5.157 11.601 0.000 -0.841 131 426 -5.035 12.384 1.259 -0.841 85 421 
1451791049 10850 1783594627.947 1 -5.157 11.594 0.397 -0.841 146 424 -5.653 12.709 0.435 -0.841 92 422 
1461816051 10851 1783594627.997 1 -5.058 11.371 0.389 -0.841 181 426 
1471843586 10852 1783594628.046 1 -5.058 11.351 0.778 -0.841 166 420 
1481846119 10853 1783594628.096 1 -5.058 11.351 0.778 -0.841 141 425 -4.852 11.988 0.404 -0.841 135 422 
1491843503 10854 1783594628.147 1 -4.959 11.148 0.381 -0.841 160 428 
1501817204 10855 1783594628.196 1 -4.280 11.667 0.778 -0.841 150 420 
1511885243 10856 1783594628.246 1 -3.891 11.828 0.000 -0.841 80 431 -4.044 12.291 0.000 -0.841 78 427 -3.845 13.092 -0.854 -0.841 78 421 
1521792406 10857 1783594628.311 1 -4.669 11.543 0.000 -0.841 128 419 -4.272 12.980 0.427 -0.841 97 429 
1531791809 10858 1783594628.347 1 -4.669 11.536 0.389 -0.841 126 425 -4.700 12.832 -0.427 -0.841 95 422 
1541764803 10859 1783594628.396 1 -4.196 11.457 0.381 -0.841 128 417 
1551791580 10860 1783594628.445 1 -4.486 11.084 0.374 -0.841 114 422 -3.967 12.053 0.397 -0.841 105 420 
1561924226 10861 1783594628.500 1 -4.959 11.148 0.381 -0.841 109 413 -4.532 12.353 0.824 -0.841 118 411 
1571873334 10862 1783594628.547 1 -4.196 11.457 0.381 -0.841 129 419 -4.448 12.144 0.404 -0.841 82 424 
1581764701 10863 1783594628.597 1 -4.196 11.438 0.763 -0.841 87 428 
1591846527 10864 1783594628.646 1 -4.112 11.209 0.748 -0.841 102 421 -4.044 12.285 0.404 -0.841 109 430 
1601872073 10865 1783594628.697 1 -4.486 11.065 0.748 -0.841 138 422 -4.044 12.285 0.404 -0.841 126 429 
1611793786 10866 1783594628.747 1 -3.738 11.358 0.374 -0.841 154 430 -4.852 11.968 0.809 -0.841 108 440 
1621791638 10867 1783594628.802 1 -4.196 11.457 -0.381 -0.841 82 420 -4.044 12.231 1.213 -0.841 103 424 
1631764680 10868 1783594628.847 1 -3.639 12.391 0.809 -0.841 72 427 
1641764326 10869 1783594628.899 1 -3.738 11.364 0.000 -0.841 111 426 
1651764101 10870 1783594628.949 1 -3.433 11.708 -0.381 -0.841 130 423 
1661764524 10871 1783594628.999 1 -3.815 11.571 -0.763 -0.841 104 426 
1671816821 10872 1783594629.049 1 -4.486 11.090 0.000 -0.841 142 424 
1681842538 10873 1783594629.096 1 -3.738 11.358 0.374 -0.841 177 414 
1691763943 10874 1783594629.150 1 -4.028 10.999 -0.366 -0.841 111 425 
1701762415 10875 1783594629.196 1 -3.967 12.033 0.793 -0.841 92 425 
1711765831 10876 1783594629.250 1 -3.662 11.035 1.465 -0.841 94 421 
1721817449 10877 1783594629.300 1 -3.365 11.425 1.122 -0.841 117 425 
1731843500 10878 1783594629.350 1 -3.296 11.222 0.732 -0.841 107 437 
1741791416 10879 1783594629.400 1 -3.662 11.078 1.099 -0.841 71 437 -2.518 13.190 0.000 -0.841 90 423 
1751762598 10880 1783594629.453 1 -3.296 11.222 0.732 -0.841 95 431 
1761862658 10881 1783594629.501 1 -3.662 11.078 1.099 -0.841 134 428 
1771750820 10882 1783594629.551 1 
1781816418 10883 1783594629.595 1 -3.365 11.425 1.122 -0.841 153 415 
1791871807 10884 1783594629.651 1 -3.227 10.988 0.717 -0.841 102 423 -3.296 11.222 0.732 -0.841 101 424 
1801803573 10885 1783594629.707 1 
1811842316 10886 1783594629.746 1 -2.930 11.293 1.099 -0.841 119 419 
1821749723 10887 1783594629.802 1 
1831790532 10888 1783594629.845 1 -3.586 10.876 0.717 -0.841 88 420 -2.472 12.924 0.824 -0.841 78 433 
1841792720 10889 1783594629.906 1 -2.930 11.293 1.099 -0.841 93 430 -2.335 12.206 0.778 -0.841 96 427 
1851814611 10890 1783594629.956 1 -2.152 11.265 -0.359 -0.841 99 426 
1861902140 10891 1783594630.002 1 -2.724 12.125 0.778 -0.841 89 431 
1871752000 10892 1783594630.052 1 
1881763503 10893 1783594630.095 1 -2.510 11.174 -0.717 -0.841 73 425 
1891766547 10894 1783594630.153 1 -2.510 11.191 0.359 -0.841 112 426 
1901750504 10895 1783594630.204 1 
1911794951 10896 1783594630.245 1 -2.510 11.191 0.359 -0.841 95 416 
1921765793 10897 1783594630.304 1 -1.648 13.074 0.412 -0.841 102 426 
1931749690 10898 1783594630.354 1 
1941750233 10899 1783594630.395 1 
1951751962 10900 1783594630.445 1 
1961757003 10901 1783594630.495 1 
1971801528 10902 1783594630.545 1 
1981903701 10903 1783594630.596 1 -1.617 12.838 0.000 -0.841 77 427 
1991817279 10904 1783594630.652 1 -2.426 12.684 0.809 -0.841 84 419 
2001903821 10905 1783594630.700 1 -2.457 10.908 1.053 -0.841 125 418 
2011817537 10906 1783594630.750 1 -2.152 11.248 0.717 -0.841 101 428 
2021844095 10907 1783594630.800 1 -2.152 11.248 0.717 -0.841 122 414 
2031803649 10908 1783594630.850 1 
2041842872 10909 1783594630.896 1 -2.197 11.458 1.099 -0.841 76 432 
2051764898 10910 1783594630.950 1 -2.106 11.009 0.702 -0.841 84 421 
2061766188 10911 1783594631.000 1 -1.793 11.328 0.359 -0.841 131 418 
2071763984 10912 1783594631.049 1 -1.793 11.334 0.000 -0.841 112 418 
2081804171 10913 1783594631.099 1 -2.152 11.271 0.000 -0.841 108 417 -1.526 12.015 1.526 -0.841 112 429 
2091764935 10914 1783594631.154 1 -1.755 11.087 0.351 -0.841 147 420 
2101794440 10915 1783594631.199 1 -1.755 11.087 0.351 -0.841 147 432 -1.587 12.571 0.793 -0.841 71 426 
2111764735 10916 1783594631.255 1 -1.717 10.846 0.343 -0.841 138 421 
2121815413 10917 1783594631.301 1 -1.404 11.120 0.702 -0.841 119 427 
2131842247 10918 1783594631.351 1 -1.755 11.070 0.702 -0.841 81 425 
2141803338 10919 1783594631.401 1 
2151889225 10920 1783594631.446 1 
2161763886 10921 1783594631.496 1 
2171749932 10922 1783594631.545 1 
2181766800 10923 1783594631.595 1 -1.404 11.003 1.755 -0.841 91 418 
2191764284 10924 1783594631.652 1 -1.053 11.131 1.053 -0.841 90 417 
2201750904 10925 1783594631.702 1 
2211750640 10926 1783594631.745 1 
2221764572 10927 1783594631.795 1 -1.717 10.764 1.373 -0.841 107 420 
2231749916 10928 1783594631.853 1 
2241787681 10929 1783594631.896 1 -0.359 11.463 0.359 -0.841 86 433 0.000 12.671 0.793 -0.841 99 415 
2251750874 10930 1783594631.953 1 
2261803749 10931 1783594631.995 1 
2271904994 10932 1783594632.046 1 -1.030 10.916 0.687 -0.841 70 426 
2281818373 10933 1783594632.103 1 -1.053 11.176 0.351 -0.841 100 418 
2291843456 10934 1783594632.153 1 -1.030 10.933 0.343 -0.841 106 422 
2301842205 10935 1783594632.205 1 -0.717 11.447 0.359 0.841 91 417 -1.373 10.895 0.343 -0.841 102 419 
2311843404 10936 1783594632.254 1 -0.671 10.716 0.336 -0.841 133 420 
2321764096 10937 1783594632.304 1 0.000 10.986 0.000 -0.841 109 422 
2331803215 10938 1783594632.346 1 
2341888981 10939 1783594632.395 1 
2351750868 10940 1783594632.446 1 
2361763393 10941 1783594632.495 1 
2371805817 10942 1783594632.546 1 
2381843058 10943 1783594632.596 1 -0.343 10.895 1.373 -0.841 80 423 
2391764109 10944 1783594632.652 1 -0.702 11.070 1.755 -0.841 98 414 
2401763437 10945 1783594632.700 1 
2411750691 10946 1783594632.745 1 
2421802746 10947 1783594632.795 1 
2431829896 10948 1783594632.846 1 
2441750974 10949 1783594632.896 1 
2451751767 10950 1783594632.946 1 
2461802113 10951 1783594632.995 1 
2471889077 10952 1783594633.046 1 
2481763503 10953 1783594633.096 1 
2491749822 10954 1783594633.146 1 
2501766253 10955 1783594633.195 1 
2511801614 10956 1783594633.246 1 
2521804104 10957 1783594633.296 1 
2531830185 10958 1783594633.346 1 
2541804451 10959 1783594633.396 1 
2551888683 10960 1783594633.446 1 
2561755779 10961 1783594633.496 1 
2571815773 10962 1783594633.546 1 
2581930416 10963 1783594633.596 1 
2591803505 10964 1783594633.646 1 
2601889420 10965 1783594633.696 1 
2611751101 10966 1783594633.746 1 
2621751960 10967 1783594633.795 1 
2631803001 10968 1783594633.845 1 
2641889106 10969 1783594633.896 1 
2651751589 10970 1783594633.946 1 
2661750574 10971 1783594633.996 1 
2671804263 10972 1783594634.045 1 
2681889781 10973 1783594634.096 1 
2691751455 10974 1783594634.146 1 
2701802714 10975 1783594634.196 1 
2711829537 10976 1783594634.246 1 
2721749916 10977 1783594634.296 1 
2731750622 10978 1783594634.345 1 
2741750831 10979 1783594634.396 1 
2751803089 10980 1783594634.445 1 
2761848922 10981 1783594634.496 1 
2771751651 10982 1783594634.546 1 
2781751999 10983 1783594634.596 1 
2791804032 10984 1783594634.645 1 
2801888609 10985 1783594634.696 1 
2811750041 10986 1783594634.746 1 
2821764938 10987 1783594634.796 1 
2831802713 10988 1783594634.846 1 
2841843928 10989 1783594634.896 1 
2851751130 10990 1783594634.946 1 
2861765549 10991 1783594634.996 1 
2871765590 10992 1783594635.046 1 
2881763386 10993 1783594635.096 1 
2891750213 10994 1783594635.146 1 
2901766076 10995 1783594635.196 1 
2911819321 10996 1783594635.246 1 
2921895934 10997 1783594635.296 1 
2931830161 10998 1783594635.346 1 
2941802865 10999 1783594635.396 1 
2951889672 11000 1783594635.446 1 
2961899645 11001 1783594635.496 1 
2971791096 11002 1783594635.546 1 
2981792684 11003 1783594635.596 1 
2991804388 11004 1783594635.646 1 
3001903482 11005 1783594635.696 1 
3011818669 11006 1783594635.746 1 
3021868136 11007 1783594635.796 1 
3031934689 11008 1783594635.846 1 
3041792507 11009 1783594635.897 1 
3051750444 11010 1783594635.946 1 
3061750762 11011 1783594635.996 1 
3071764871 11012 1783594636.045 1 
3081765720 11013 1783594636.096 1 
3091858516 11014 1783594636.146 1 
3101829932 11015 1783594636.196 1 
3111815944 11016 1783594636.246 1 
3121939819 11017 1783594636.296 1 
3131794099 11018 1783594636.346 1 
3141792792 11019 1783594636.396 1 
3151845165 11020 1783594636.446 1 
3161849417 11021 1783594636.496 1 
3171816561 11022 1783594636.546 1 
3181843655 11023 1783594636.596 1 
3191793226 11024 1783594636.646 1 
3201793750 11025 1783594636.696 1 
3211856575 11026 1783594636.746 1 
3221868037 11027 1783594636.796 1 
3231816147 11028 1783594636.848 1 
3241904820 11029 1783594636.896 1 
3251803940 11030 1783594636.946 1 
3261934632 11031 1783594636.996 1 
3271764642 11032 1783594637.047 1 
3281845333 11033 1783594637.096 1 
3291829992 11034 1783594637.146 1 
3301764855 11035 1783594637.196 1 
3311763909 11036 1783594637.246 1 
3321764990 11037 1783594637.296 1 
3331764774 11038 1783594637.346 1 
3341816585 11039 1783594637.396 1 
3351842435 11040 1783594637.446 1 
3361796623 11041 1783594637.496 1 
3371843321 11042 1783594637.546 1 
3381871377 11043 1783594637.596 1 
3391764738 11044 1783594637.646 1 
3401793457 11045 1783594637.696 1 
3411766199 11046 1783594637.746 1 
3421818647 11047 1783594637.796 1 
3431902681 11048 1783594637.846 1 
3441816748 11049 1783594637.896 1 
3451842110 11050 1783594637.946 1 
3461762648 11051 1783594637.996 1 
3471791442 11052 1783594638.046 1 
3481762046 11053 1783594638.096 1 
3491817443 11054 1783594638.146 1 
3501842140 11055 1783594638.196 1 
3511789904 11056 1783594638.246 1 
3521791880 11057 1783594638.296 1 
3531816115 11058 1783594638.346 1 
3541870314 11059 1783594638.396 1 
3551816840 11060 1783594638.446 1 
3561848870 11061 1783594638.496 1 
3571790295 11062 1783594638.546 1 
3581765646 11063 1783594638.596 1 
3591845901 11064 1783594638.646 1 
3601887211 11065 1783594638.696 1 
3611761150 11066 1783594638.746 1 
3621847328 11067 1783594638.796 1 
3631884688 11068 1783594638.846 1 
3641793408 11069 1783594638.896 1 
3651765191 11070 1783594638.946 1 
3661789605 11071 1783594638.996 1 
3671792154 11072 1783594639.046 1 
3681764778 11073 1783594639.096 1 
3691814353 11074 1783594639.146 1 
3701842173 11075 1783594639.196 1 
3711815236 11076 1783594639.246 1 
3721872913 11077 1783594639.296 1 
3731861477 11078 1783594639.346 1 
3741903143 11079 1783594639.396 1 
3751794320 11080 1783594639.447 1 
3761771127 11081 1783594639.496 1 
3771807583 11082 1783594639.546 1 
3781764262 11083 1783594639.596 1 
3791818341 11084 1783594639.646 1 
3801842752 11085 1783594639.696 1 
3811766125 11086 1783594639.746 1 
3821765456 11087 1783594639.796 1 
3831749676 11088 1783594639.846 1 
3841814977 11089 1783594639.896 1 
3851903056 11090 1783594639.946 1 
3861792167 11091 1783594639.996 1 
3871792753 11092 1783594640.046 1 
3881764548 11093 1783594640.096 1 
3891790774 11094 1783594640.146 1 
3901802401 11095 1783594640.196 1 
3911870169 11096 1783594640.246 1 
3921765747 11097 1783594640.296 1 
3931793394 11098 1783594640.346 1 
3941763285 11099 1783594640.396 1 
3951749791 11100 1783594640.446 1 
3961900959 11101 1783594640.496 1 
3971815368 11102 1783594640.547 1 
3981903448 11103 1783594640.596 1 
3991767196 11104 1783594640.647 1 
4001764178 11105 1783594640.696 1 
4011761858 11106 1783594640.746 1 
4021794506 11107 1783594640.796 1 
4031792026 11108 1783594640.846 1 
4041816545 11109 1783594640.896 1 
4051842059 11110 1783594640.946 1 
4061751233 11111 1783594640.996 1 
4071789560 11112 1783594641.046 1 
4081765011 11113 1783594641.096 1 
4091764911 11114 1783594641.146 1 
4101750695 11115 1783594641.196 1 
4111766216 11116 1783594641.246 1 
4121751871 11117 1783594641.296 1 
4131790514 11118 1783594641.346 1 
4141818124 11119 1783594641.396 1 
4151869882 11120 1783594641.446 1 
4161868325 11121 1783594641.496 1 
4171766054 11122 1783594641.546 1 
4181820024 11123 1783594641.596 1 
4191829152 11124 1783594641.646 1 
4201761719 11125 1783594641.696 1 
4211817628 11126 1783594641.746 1 
4221842156 11127 1783594641.796 1 
4231817269 11128 1783594641.848 1 
4241842137 11129 1783594641.896 1 
4251814515 11130 1783594641.946 1 
4261868460 11131 1783594641.996 1 
4271802397 11132 1783594642.047 1 
4281829025 11133 1783594642.096 1 
4291804060 11134 1783594642.146 1 
6921999 11135 1783594642.196 1 
16784128 11136 1783594642.247 1 
26783308 11137 1783594642.296 1 
36793406 11138 1783594642.346 1 
46850134 11139 1783594642.396 1 
56935413 11140 1783594642.446 1 
66889557 11141 1783594642.497 1 
76835133 11142 1783594642.546 1 
86872920 11143 1783594642.596 1 
96793685 11144 1783594642.646 1 
106842921 11145 1783594642.696 1 
116934710 11146 1783594642.746 1 
126845701 11147 1783594642.797 1 
136935565 11148 1783594642.846 1 
146793995 11149 1783594642.897 1 
156836019 11150 1783594642.946 1 
166922950 11151 1783594642.996 1 
176783588 11152 1783594643.047 1 
186784374 11153 1783594643.096 1 
196783983 11154 1783594643.146 1 
206836204 11155 1783594643.196 1 
216936998 11156 1783594643.246 1 
226834599 11157 1783594643.297 1 
236922862 11158 1783594643.346 1 
246783327 11159 1783594643.397 1 
256835533 11160 1783594643.446 1 
266881620 11161 1783594643.496 1 
276835328 11162 1783594643.546 1 
286863627 11163 1783594643.596 1 
296782387 11164 1783594643.646 1 
306835119 11165 1783594643.696 1 
316862643 11166 1783594643.746 1 
326783228 11167 1783594643.796 1 
336835781 11168 1783594643.846 1 
346922978 11169 1783594643.896 1 
356782646 11170 1783594643.947 1 
366829024 11171 1783594643.996 1 
376830700 11172 1783594644.046 1 
386835489 11173 1783594644.096 1 
396861157 11174 1783594644.146 1 
406855580 11175 1783594644.196 1 
416862245 11176 1783594644.246 1 
426784258 11177 1783594644.296 1 
436783983 11178 1783594644.346 1 
446784018 11179 1783594644.396 1 
456836407 11180 1783594644.446 1 
466879576 11181 1783594644.496 1 
476783900 11182 1783594644.546 1 
486783396 11183 1783594644.596 1 
496835946 11184 1783594644.646 1 
506921904 11185 1783594644.696 1 
516783559 11186 1783594644.747 1 
526835186 11187 1783594644.796 1 
536862736 11188 1783594644.846 1 
546835390 11189 1783594644.896 1 
556861795 11190 1783594644.946 1 
566836086 11191 1783594644.996 1 
576922722 11192 1783594645.046 1 
586783352 11193 1783594645.097 1 
596781572 11194 1783594645.146 1 
606783606 11195 1783594645.196 1 
616782509 11196 1783594645.246 1 
626835980 11197 1783594645.296 1 
636921510 11198 1783594645.346 1 
646795198 11199 1783594645.397 1 
656784021 11200 1783594645.446 1 
666787706 11201 1783594645.496 1 
676784047 11202 1783594645.546 1 
686835853 11203 1783594645.596 1 
696921641 11204 1783594645.646 1 
706783509 11205 1783594645.697 1 
716835929 11206 1783594645.746 1 
726922949 11207 1783594645.796 1 
736783681 11208 1783594645.847 1 
746836268 11209 1783594645.896 1 
756921604 11210 1783594645.946 1 
766783241 11211 1783594645.997 1 
776836787 11212 1783594646.046 1 
786922082 11213 1783594646.096 1 
796835960 11214 1783594646.147 1 
806921718 11215 1783594646.196 1 
816836642 11216 1783594646.247 1 
826921496 11217 1783594646.296 1 
836783335 11218 1783594646.347 1 
846835754 11219 1783594646.396 1 
856922544 11220 1783594646.446 1 
866932357 11221 1783594646.497 1 
876783160 11222 1783594646.547 1 
886836185 11223 1783594646.596 1 
896923245 11224 1783594646.646 1 
906836146 11225 1783594646.697 1 
916863569 11226 1783594646.747 1 
926784500 11227 1783594646.797 1 
936835246 11228 1783594646.847 1 
946861649 11229 1783594646.896 1 
956783977 11230 1783594646.947 1 
966835882 11231 1783594646.996 1 
976861635 11232 1783594647.047 1 
986784693 11233 1783594647.097 1 
996834878 11234 1783594647.146 1 
1006861265 11235 1783594647.196 1 
1016783040 11236 1783594647.247 1 
1026834768 11237 1783594647.296 1 
1036921152 11238 1783594647.346 1 
1046784362 11239 1783594647.397 1 
1056836318 11240 1783594647.446 1 
1066880605 11241 1783594647.496 1 
1076836815 11242 1783594647.547 1 
1086923746 11243 1783594647.596 1 
1096835786 11244 1783594647.647 1 
1106921332 11245 1783594647.696 1 
1116834986 11246 1783594647.747 1 
1126921999 11247 1783594647.796 1 
1136836091 11248 1783594647.847 1 
1146923422 11249 1783594647.896 1 
1156836012 11250 1783594647.947 1 
1166922452 11251 1783594647.996 1 
1176783752 11252 1783594648.047 1 
1186835795 11253 1783594648.096 1 
1196921956 11254 1783594648.146 1 
1206836526 11255 1783594648.197 1 
1216922932 11256 1783594648.246 1 
1226834913 11257 1783594648.297 1 
1236922066 11258 1783594648.346 1 
1246837079 11259 1783594648.397 1 
1256922520 11260 1783594648.447 1 
1266914624 11261 1783594648.497 1 
1276922633 11262 1783594648.547 1 
1286782134 11263 1783594648.597 1 
1296783298 11264 1783594648.646 1 
1306835611 11265 1783594648.696 1 
1316922539 11266 1783594648.747 1 
1326836461 11267 1783594648.797 1 
1336922610 11268 1783594648.847 1 
1346835449 11269 1783594648.897 1 
1356920682 11270 1783594648.947 1 
1366836581 11271 1783594648.997 1 
1376863603 11272 1783594649.047 1 
1386835505 11273 1783594649.097 1 
1396862474 11274 1783594649.147 1 
1406836257 11275 1783594649.197 1 
1416921890 11276 1783594649.247 1 
1426836785 11277 1783594649.297 1 
1436922459 11278 1783594649.347 1 
1446835929 11279 1783594649.397 1 
1456862718 11280 1783594649.447 1 
1466966762 11281 1783594649.497 1 
1476922728 11282 1783594649.547 1 
1486836537 11283 1783594649.597 1 
1496921989 11284 1783594649.647 1 
1506834856 11285 1783594649.697 1 
1516886336 11286 1783594649.747 1 
1526922866 11287 1783594649.797 1 
1536782747 11288 1783594649.847 1 
1546783140 11289 1783594649.896 1 
1556783076 11290 1783594649.946 1 
1566783546 11291 1783594649.996 1 
1576783108 11292 1783594650.046 1 
1586784460 11293 1783594650.096 1 
1596835452 11294 1783594650.146 1 
1606921152 11295 1783594650.196 1 
1616835346 11296 1783594650.247 1 
1626922508 11297 1783594650.296 1 
1636785676 11298 1783594650.347 1 
1646835292 11299 1783594650.396 1 
1656863273 11300 1783594650.447 1 
1666880766 11301 1783594650.497 1 
1676836002 11302 1783594650.547 1 
1686922805 11303 1783594650.596 1 
1696836958 11304 1783594650.647 1 
1706920855 11305 1783594650.696 1 
1716835612 11306 1783594650.747 1 
1726921246 11307 1783594650.797 1 
1736836594 11308 1783594650.847 1 
1746922611 11309 1783594650.897 1 
1756782597 11310 1783594650.947 1 
1766784068 11311 1783594650.996 1 
1776836436 11312 1783594651.046 1 
1786922681 11313 1783594651.097 1 
1796835883 11314 1783594651.147 1 
1806863476 11315 1783594651.197 1 
1816783538 11316 1783594651.247 1 
1826783669 11317 1783594651.296 1 
1836784640 11318 1783594651.346 1 
1846835982 11319 1783594651.396 1 
1856921945 11320 1783594651.447 1 
1866863559 11321 1783594651.497 1 
1876834667 11322 1783594651.547 1 
1886923600 11323 1783594651.597 1 
1896783374 11324 1783594651.647 1 
1906835262 11325 1783594651.696 1 
1916863028 11326 1783594651.747 1 
1926835927 11327 1783594651.797 1 
1936922099 11328 1783594651.847 1 
1946835123 11329 1783594651.897 1 
1956922361 11330 1783594651.947 1 
1966782160 11331 1783594651.997 1 
1976783456 11332 1783594652.046 1 
1986783845 11333 1783594652.096 1 
1996836556 11334 1783594652.146 1 
2006922486 11335 1783594652.197 1 
2016836269 11336 1783594652.247 1 
2026921255 11337 1783594652.297 1 
2036835601 11338 1783594652.347 1 
2046921537 11339 1783594652.397 1 
2056835467 11340 1783594652.447 1 
2066881185 11341 1783594652.497 1 
2076836181 11342 1783594652.547 1 
2086921224 11343 1783594652.597 1 
2096835406 11344 1783594652.647 1 
2106922167 11345 1783594652.697 1 
2116835501 11346 1783594652.747 1 
2126921367 11347 1783594652.797 1 
2136835673 11348 1783594652.847 1 
2146923261 11349 1783594652.897 1 
2156835773 11350 1783594652.947 1 
2166863112 11351 1783594652.997 1 
2176835191 11352 1783594653.047 1 
2186921969 11353 1783594653.097 1 
2196783732 11354 1783594653.147 1 
2206835388 11355 1783594653.196 1 
2216923284 11356 1783594653.247 1 
2226784024 11357 1783594653.297 1 
2236836499 11358 1783594653.346 1 
2246923253 11359 1783594653.397 1 
2256836126 11360 1783594653.447 1 
2266879665 11361 1783594653.497 1 
2276835566 11362 1783594653.547 1 
2286921598 11363 1783594653.597 1 
2296836233 11364 1783594653.647 1 
2306921912 11365 1783594653.697 1 
2316835959 11366 1783594653.747 1 
2326920761 11367 1783594653.797 1 
2336785523 11368 1783594653.847 1 
2346836576 11369 1783594653.896 1 
2356861096 11370 1783594653.947 1 
2366807737 11371 1783594653.997 1 -3.738 11.265 1.495 23.561 69 427 
2376784056 11372 1783594654.047 1 
2386835408 11373 1783594654.096 1 
2396921882 11374 1783594654.147 1 
2406835750 11375 1783594654.197 1 
2416923617 11376 1783594654.247 1 
2426783156 11377 1783594654.297 1 
2436783552 11378 1783594654.346 1 
2446785074 11379 1783594654.396 1 
2456836390 11380 1783594654.446 1 
2466880063 11381 1783594654.497 1 
2476783238 11382 1783594654.547 1 
2486783421 11383 1783594654.596 1 
2496836719 11384 1783594654.646 1 
2506922893 11385 1783594654.697 1 
2516834710 11386 1783594654.747 1 
2526921785 11387 1783594654.797 1 
2536835386 11388 1783594654.847 1 
2546921786 11389 1783594654.897 1 
2556783053 11390 1783594654.947 1 
2566783296 11391 1783594654.996 1 
2576836329 11392 1783594655.046 1 
2586921160 11393 1783594655.097 1 
2596835531 11394 1783594655.147 1 
2606923163 11395 1783594655.196 1 
2616835537 11396 1783594655.247 1 
2626862687 11397 1783594655.297 1 
2636835119 11398 1783594655.347 1 
2646861464 11399 1783594655.397 1 
2656783987 11400 1783594655.447 1 
2666934498 11401 1783594655.496 1 
2676836650 11402 1783594655.547 1 
2686920295 11403 1783594655.597 1 
2696835743 11404 1783594655.647 1 
2706921662 11405 1783594655.697 1 
2716835202 11406 1783594655.748 1 
2726923569 11407 1783594655.797 1 
2736835226 11408 1783594655.847 1 
2746921765 11409 1783594655.897 1 
2756835092 11410 1783594655.947 1 
2766862749 11411 1783594655.997 1 
2776835985 11412 1783594656.047 1 
2786921409 11413 1783594656.097 1 
2796836436 11414 1783594656.147 1 
2806922646 11415 1783594656.197 1 
2816784281 11416 1783594656.247 1 
2826782822 11417 1783594656.296 1 
2836784413 11418 1783594656.347 1 
2846784025 11419 1783594656.396 1 
2856835619 11420 1783594656.447 1 
2866881064 11421 1783594656.497 1 
2876783623 11422 1783594656.547 1 
2886837001 11423 1783594656.597 1 
2896922683 11424 1783594656.647 1 
2906835047 11425 1783594656.697 1 
2916920224 11426 1783594656.747 1 
2926835196 11427 1783594656.797 1 
2936923563 11428 1783594656.848 1 
2946834615 11429 1783594656.897 1 
2956920460 11430 1783594656.947 1 
2966785716 11431 1783594656.997 1 
2976835815 11432 1783594657.047 1 
2986862628 11433 1783594657.097 1 
2996783483 11434 1783594657.147 1 
3006783513 11435 1783594657.196 1 
3016783607 11436 1783594657.247 1 
3026835697 11437 1783594657.297 1 
3036862024 11438 1783594657.347 1 
3046835871 11439 1783594657.397 1 
3056923003 11440 1783594657.447 1 
3066934505 11441 1783594657.497 1 
3076835292 11442 1783594657.547 1 
3086861871 11443 1783594657.597 1 
3096835155 11444 1783594657.647 1 
3106922350 11445 1783594657.697 1 
3116784157 11446 1783594657.747 1 
3126783795 11447 1783594657.797 1 
3136784248 11448 1783594657.847 1 
3146783367 11449 1783594657.897 1 
3156836048 11450 1783594657.947 1 
3166922326 11451 1783594657.997 1 
3176836523 11452 1783594658.047 1 
3186863105 11453 1783594658.097 1 
3196836790 11454 1783594658.147 1 
3206922579 11455 1783594658.197 1 
3216783820 11456 1783594658.247 1 
3226783538 11457 1783594658.297 1 
3236836717 11458 1783594658.347 1 
3246922829 11459 1783594658.397 1 
3256835368 11460 1783594658.447 1 
3266880543 11461 1783594658.497 1 
3276835584 11462 1783594658.547 1 
3286922614 11463 1783594658.597 1 
3296835264 11464 1783594658.647 1 
3306922887 11465 1783594658.697 1 
3316836075 11466 1783594658.748 1 
3326923298 11467 1783594658.797 1 
3336835895 11468 1783594658.847 1 
3346922630 11469 1783594658.897 1 
3356836449 11470 1783594658.947 1 
3366860301 11471 1783594658.997 1 
3376784867 11472 1783594659.047 1 
3386783441 11473 1783594659.097 1 
3396836091 11474 1783594659.147 1 
3406922714 11475 1783594659.197 1 
3416835693 11476 1783594659.247 1 
3426921968 11477 1783594659.297 1 
3436837903 11478 1783594659.347 1 
3446922132 11479 1783594659.397 1 
3456782617 11480 1783594659.447 1 
3466934662 11481 1783594659.497 1 
3476837010 11482 1783594659.547 1 
3486921198 11483 1783594659.597 1 
3496782331 11484 1783594659.647 1 
3506835918 11485 1783594659.697 1 
3516921453 11486 1783594659.747 1 
3526835712 11487 1783594659.797 1 
3536921641 11488 1783594659.847 1 
3546836367 11489 1783594659.897 1 
3556921107 11490 1783594659.947 1 
3566782461 11491 1783594659.997 1 
3576782820 11492 1783594660.047 1 
3586783416 11493 1783594660.097 1 
3596783665 11494 1783594660.147 1 
3606836391 11495 1783594660.197 1 
3616920928 11496 1783594660.247 1 
3626837399 11497 1783594660.297 1 
3636921818 11498 1783594660.347 1 
3646784150 11499 1783594660.397 1 
3656783671 11500 1783594660.447 1 
3666918601 11501 1783594660.497 1 
3676835137 11502 1783594660.547 1 
3686922366 11503 1783594660.597 1 
3696836474 11504 1783594660.647 1 
3706863559 11505 1783594660.697 1 
3716835761 11506 1783594660.747 1 
3726921058 11507 1783594660.797 1 
3736783711 11508 1783594660.847 1 
3746836263 11509 1783594660.897 1 
3756921570 11510 1783594660.947 1 
3766782398 11511 1783594660.997 1 
3776783987 11512 1783594661.047 1 
3786836009 11513 1783594661.097 1 
3796924215 11514 1783594661.147 1 
3806782127 11515 1783594661.198 1 
3816836247 11516 1783594661.247 1 
3826862223 11517 1783594661.297 1 
3836834823 11518 1783594661.347 1 
3846921821 11519 1783594661.397 1 
3856783087 11520 1783594661.447 1 
3866787370 11521 1783594661.497 1 
3876783606 11522 1783594661.547 1 
3886835852 11523 1783594661.597 1 
3896923099 11524 1783594661.647 1 
3906782013 11525 1783594661.697 1 
3916782936 11526 1783594661.747 1 
3926835867 11527 1783594661.797 1 
3936863969 11528 1783594661.849 1 
3946835198 11529 1783594661.897 1 
3956923602 11530 1783594661.947 1 
3966835458 11531 1783594661.997 1 
3976921739 11532 1783594662.047 1 
3986835373 11533 1783594662.098 1 
3996862500 11534 1783594662.147 1 
4006784812 11535 1783594662.197 1 
4016834753 11536 1783594662.247 1 
4026922225 11537 1783594662.297 1 
4036782867 11538 1783594662.347 1 
4046796525 11539 1783594662.397 1 
4056784151 11540 1783594662.447 1 
4066934686 11541 1783594662.497 1 
4076783293 11542 1783594662.547 1 
4086835714 11543 1783594662.597 1 
4096920774 11544 1783594662.647 1 
4106834843 11545 1783594662.698 1 
4116861585 11546 1783594662.747 1 
4126836139 11547 1783594662.797 1 
4136921890 11548 1783594662.847 1 
4146836191 11549 1783594662.898 1 
4156921767 11550 1783594662.947 1 
4166782739 11551 1783594662.998 1 
4176835381 11552 1783594663.047 1 
4186922957 11553 1783594663.097 1 
4196783099 11554 1783594663.147 1 
4206783130 11555 1783594663.197 1 
4216783772 11556 1783594663.247 1 
4226782992 11557 1783594663.297 1 
4236833903 11558 1783594663.347 1 
4246922412 11559 1783594663.397 1 
4256835025 11560 1783594663.447 1 
4266878861 11561 1783594663.497 1 
4276783699 11562 1783594663.547 1 
4286834834 11563 1783594663.597 1 
1955470 11564 1783594663.647 1 
11868177 11565 1783594663.698 1 
21955257 11566 1783594663.747 1 
31817176 11567 1783594663.798 1 
41817390 11568 1783594663.847 1 
51868532 11569 1783594663.897 1 
61954309 11570 1783594663.947 1 
71816129 11571 1783594663.998 1 
81816120 11572 1783594664.047 1 
91815906 11573 1783594664.097 1 
101817018 11574 1783594664.147 1 
111867834 11575 1783594664.197 1 
121955514 11576 1783594664.247 1 
131815872 11577 1783594664.298 1 
141816191 11578 1783594664.347 1 
151868589 11579 1783594664.397 1 
161955540 11580 1783594664.447 1 
171966383 11581 1783594664.498 1 
181870258 11582 1783594664.548 1 
191955498 11583 1783594664.597 1 
201866457 11584 1783594664.648 1 
211954399 11585 1783594664.697 1 
221870421 11586 1783594664.748 1 
231955374 11587 1783594664.797 1 
241817351 11588 1783594664.848 1 
251816006 11589 1783594664.897 1 
261868983 11590 1783594664.947 1 
271895523 11591 1783594664.997 1 
281817771 11592 1783594665.047 1 
291815440 11593 1783594665.097 1 
301815474 11594 1783594665.147 1 
311867894 11595 1783594665.197 1 
321955310 11596 1783594665.247 1 
331816581 11597 1783594665.298 1 
341817115 11598 1783594665.347 1 
351816503 11599 1783594665.397 1 
361867621 11600 1783594665.447 1 
371912977 11601 1783594665.497 1 
381816382 11602 1783594665.547 1 
391816689 11603 1783594665.597 1 
401870022 11604 1783594665.647 1 
411895138 11605 1783594665.697 1 
421816319 11606 1783594665.747 1 
431815634 11607 1783594665.797 1 
441868521 11608 1783594665.847 1 
451894371 11609 1783594665.897 1 
461868619 11610 1783594665.947 1 
471955670 11611 1783594665.997 1 
481815026 11612 1783594666.048 1 
491816133 11613 1783594666.097 1 
501817556 11614 1783594666.147 1 
511870031 11615 1783594666.197 1 
521893441 11616 1783594666.247 1 
531868969 11617 1783594666.297 1 
541953564 11618 1783594666.347 1 
551868074 11619 1783594666.398 1 
561893781 11620 1783594666.447 1 
571951913 11621 1783594666.497 1 
581816642 11622 1783594666.548 1 
591891041 11623 1783594666.597 1 
601955600 11624 1783594666.647 1 
611867318 11625 1783594666.698 1 
621895170 11626 1783594666.747 1 
631870628 11627 1783594666.797 1 
641954279 11628 1783594666.887 1 
651814738 11629 1783594666.898 1 
661867997 11630 1783594666.947 1 
671954864 11631 1783594666.997 1 
681868937 11632 1783594667.048 1 
691955348 11633 1783594667.097 1 
701869793 11634 1783594667.148 1 
711895144 11635 1783594667.197 1 
721883345 11636 1783594667.247 1 
731953959 11637 1783594667.297 1 
741816045 11638 1783594667.348 1 
751816695 11639 1783594667.397 1 
761867095 11640 1783594667.447 1 
771913612 11641 1783594667.497 1 
781867949 11642 1783594667.548 1 
791955152 11643 1783594667.597 1 
801868234 11644 1783594667.648 1 
811954703 11645 1783594667.697 1 
821815838 11646 1783594667.748 1 
831814943 11647 1783594667.797 1 
841815240 11648 1783594667.847 1 
851816289 11649 1783594667.897 1 
861868187 11650 1783594667.947 1 
871954940 11651 1783594667.997 1 
881869093 11652 1783594668.048 1 
891955760 11653 1783594668.097 1 
901816016 11654 1783594668.148 1 
911867324 11655 1783594668.197 1 
921955413 11656 1783594668.247 1 
931868191 11657 1783594668.298 1 
941954444 11658 1783594668.347 1 
951867541 11659 1783594668.398 1 
961954789 11660 1783594668.447 1 
971951501 11661 1783594668.498 1 
981816373 11662 1783594668.548 1 
991815610 11663 1783594668.597 1 
1001868019 11664 1783594668.647 1 
1011955872 11665 1783594668.697 1 
1021868582 11666 1783594668.748 1 
1031954573 11667 1783594668.797 1 
1041815926 11668 1783594668.848 1 
1051867644 11669 1783594668.897 1 
1061955793 11670 1783594668.947 1 
1071816108 11671 1783594668.998 1 
1081816924 11672 1783594669.047 1 
1091816259 11673 1783594669.097 1 
1101816331 11674 1783594669.147 1 
1111867577 11675 1783594669.197 1 
1121955454 11676 1783594669.247 1 
1131816232 11677 1783594669.298 1 
1141868870 11678 1783594669.347 1 
1151954562 11679 1783594669.397 1 
1161815855 11680 1783594669.448 1 
1171821691 11681 1783594669.497 1 
1181868731 11682 1783594669.547 1 
1191955676 11683 1783594669.597 1 
1201868827 11684 1783594669.648 1 
1211954610 11685 1783594669.697 1 
1221867143 11686 1783594669.748 1 
1231955133 11687 1783594669.797 1 
1241816284 11688 1783594669.848 1 
1251869307 11689 1783594669.897 1 
1261894847 11690 1783594669.947 1 
1271815980 11691 1783594669.998 1 
1281816987 11692 1783594670.047 1 
1291815554 11693 1783594670.097 1 
1301813949 11694 1783594670.147 1 
1311815933 11695 1783594670.197 1 
1321815752 11696 1783594670.247 1 
1331817684 11697 1783594670.297 1 
1341816206 11698 1783594670.347 1 
1351869209 11699 1783594670.397 1 
1361954579 11700 1783594670.447 1 
1371952521 11701 1783594670.498 1 
1381868011 11702 1783594670.548 1 
1391955911 11703 1783594670.597 1 
1401868681 11704 1783594670.648 1 
1411954676 11705 1783594670.697 1 
1421868176 11706 1783594670.748 1 
1431954649 11707 1783594670.797 1 
1441815438 11708 1783594670.848 1 
1451817849 11709 1783594670.897 1 
1461815951 11710 1783594670.947 1 
1471868007 11711 1783594670.997 1 
1481895680 11712 1783594671.047 1 
1491815848 11713 1783594671.098 1 
1501816595 11714 1783594671.147 1 
1511867301 11715 1783594671.197 1 
1521894914 11716 1783594671.247 1 
1531867663 11717 1783594671.298 1 
1541955881 11718 1783594671.347 1 
1551869011 11719 1783594671.398 1 
1561895285 11720 1783594671.447 1 
1571913145 11721 1783594671.498 1 
1581866800 11722 1783594671.548 1 
1591954428 11723 1783594671.597 1 
1601867979 11724 1783594671.648 1 
1611952699 11725 1783594671.697 1 
1621817183 11726 1783594671.748 1 
1631869344 11727 1783594671.797 1 
1641955209 11728 1783594671.848 1 
1651816556 11729 1783594671.898 1 
1661868261 11730 1783594671.947 1 
1671955496 11731 1783594671.998 1 
1681868612 11732 1783594672.048 1 
1691955474 11733 1783594672.098 1 
1701816166 11734 1783594672.148 1 
1711817039 11735 1783594672.197 1 
1721815723 11736 1783594672.247 1 
1731815537 11737 1783594672.297 1 
1741868916 11738 1783594672.347 1 
1751955469 11739 1783594672.398 1 
1761816621 11740 1783594672.448 1 
1771947940 11741 1783594672.497 1 
1781894756 11742 1783594672.548 1 
1791815743 11743 1783594672.598 1 
1801869509 11744 1783594672.647 1 
1811954824 11745 1783594672.697 1 
1821816920 11746 1783594672.748 1 
1831868146 11747 1783594672.797 1 
1841955358 11748 1783594672.848 1 
1851815609 11749 1783594672.898 1 
1861816622 11750 1783594672.947 1 
1871868770 11751 1783594672.997 1 
1881918978 11752 1783594673.048 1 
1891893881 11753 1783594673.098 1 
1901816339 11754 1783594673.148 1 
1911868688 11755 1783594673.197 1 
1921953841 11756 1783594673.248 1 
1931868638 11757 1783594673.298 1 
1941956090 11758 1783594673.348 1 
1951816168 11759 1783594673.398 1 
1961816282 11760 1783594673.447 1 
1971948280 11761 1783594673.497 1 
1981955366 11762 1783594673.548 1 
1991815518 11763 1783594673.598 1 
2001816049 11764 1783594673.647 1 
2011816394 11765 1783594673.697 1 
2021817504 11766 1783594673.747 1 
2031816000 11767 1783594673.797 1 
2041816942 11768 1783594673.847 1 
2051867294 11769 1783594673.897 1 
2061954661 11770 1783594673.948 1 
2071816770 11771 1783594673.998 1 
2081815826 11772 1783594674.048 1 
2091867494 11773 1783594674.097 1 
2101894940 11774 1783594674.148 1 
2111815979 11775 1783594674.198 1 
2121868483 11776 1783594674.247 1 
2131955625 11777 1783594674.298 1 
2141815514 11778 1783594674.348 1 
2151816425 11779 1783594674.397 1 
2161816628 11780 1783594674.447 1 
2171913143 11781 1783594674.497 1 
2181816482 11782 1783594674.548 1 
2191815255 11783 1783594674.597 1 
2201815665 11784 1783594674.647 1 
2211870153 11785 1783594674.697 1 
2221954337 11786 1783594674.748 1 
2231868862 11787 1783594674.798 1 
2241954694 11788 1783594674.848 1 
2251816835 11789 1783594674.898 1 
2261868035 11790 1783594674.947 1 
2271893209 11791 1783594674.998 1 
2281815759 11792 1783594675.048 1 
2291815423 11793 1783594675.097 1 
2301814690 11794 1783594675.147 1 
2311817021 11795 1783594675.197 1 
2321869311 11796 1783594675.247 1 
2331953980 11797 1783594675.298 1 
2341816337 11798 1783594675.348 1 
2351828483 11799 1783594675.397 1 
2361816208 11800 1783594675.448 1 
2371820487 11801 1783594675.497 1 
2381816414 11802 1783594675.547 1 
2391817530 11803 1783594675.597 1 
2401868896 11804 1783594675.647 1 
2411998348 11805 1783594675.698 1 -5.768 6.540 1.099 -6.732 126 429 -5.653 7.516 1.488 -5.890 107 433 
2421911166 11806 1783594675.750 1 -5.447 6.128 1.297 -5.890 214 429 -6.088 6.781 1.740 -5.890 73 440 
2431940220 11807 1783594675.799 1 -5.035 6.162 1.259 -5.890 226 429 
2441912816 11808 1783594675.849 1 -4.639 6.113 1.465 -5.890 225 426 -5.081 7.334 1.411 -5.890 89 452 -7.195 6.846 1.251 -5.890 83 428 -4.272 7.160 1.869 -5.049 126 425 -5.447 5.812 2.335 -2.524 108 422 
2451914709 11809 1783594675.900 1 -6.043 4.823 2.266 -7.573 102 424 -4.257 6.035 1.656 -5.890 234 427 -6.592 5.709 1.099 -5.890 122 445 -6.249 7.160 0.595 -5.890 135 429 -4.395 6.229 1.709 -2.524 101 427 
2461964555 11810 1783594675.950 1 -4.639 5.890 2.197 -5.890 203 426 -5.493 8.074 0.000 -5.890 80 434 -3.540 5.799 1.991 -5.049 110 435 -4.799 7.569 1.129 -5.049 101 435 -3.632 7.170 2.075 -4.207 94 432 
2472040275 11811 1783594676.014 1 -5.081 7.447 0.565 -5.890 169 438 -2.991 6.054 1.068 -5.049 147 419 -3.784 6.275 1.892 -5.049 182 429 -4.021 6.195 1.656 -1.683 105 430 
2481952931 11812 1783594676.056 1 -3.761 5.731 1.770 -7.573 132 417 -3.319 5.929 1.991 -5.049 190 427 -4.494 5.706 2.129 -5.049 184 432 -4.395 7.567 0.824 -5.049 164 423 
2492084032 11813 1783594676.106 1 -3.761 5.795 1.549 -5.890 160 430 -4.784 6.404 1.007 -5.890 178 461 -3.418 5.728 1.495 -5.049 176 421 -4.799 7.569 1.129 -5.049 122 439 -2.472 5.884 1.648 -4.207 201 429 -2.563 6.038 1.923 -2.524 157 421 
2502010277 11814 1783594676.159 1 -4.410 6.634 2.335 0.841 119 426 -4.257 6.217 0.710 -5.890 203 445 -2.350 5.974 2.350 -5.049 175 432 -4.807 6.734 2.136 -5.049 131 438 -3.777 10.033 2.403 -4.207 86 438 -2.472 5.823 1.854 -3.366 209 422 -2.777 5.870 2.136 -0.841 128 413 
2512097245 11815 1783594676.213 1 -5.539 5.394 2.266 -7.573 107 438 -5.127 5.767 1.221 -6.732 117 440 -5.447 5.435 3.113 -6.732 107 430 -2.472 5.823 1.854 -5.049 217 422 -3.662 6.239 1.144 -5.049 238 449 -3.891 7.259 1.038 -4.207 135 444 -1.526 5.709 1.526 -3.366 243 423 -1.587 5.881 1.785 -2.524 247 416 -5.287 5.641 2.266 -2.524 101 450 
2522096612 11816 1783594676.260 1 -4.639 6.050 1.709 -9.256 151 434 -3.418 5.858 0.854 -5.049 214 427 -4.272 7.279 1.335 -5.049 99 420 -4.639 6.050 1.709 -4.207 166 445 -2.777 5.188 2.380 -3.366 174 422 -1.282 5.416 1.831 -2.524 172 427 -1.495 5.595 3.632 -1.683 92 428 
2531954570 11817 1783594676.310 1 -2.350 6.054 2.136 0.841 128 421 -4.494 5.612 2.365 -5.890 154 429 -1.717 5.600 1.717 -3.366 241 437 -2.686 7.234 1.221 -3.366 120 448 
2542121026 11818 1783594676.357 1 -2.289 6.645 2.060 0.841 141 437 -3.540 5.933 1.549 -5.049 194 448 -2.579 5.677 1.190 -4.207 241 424 -3.632 7.300 1.556 -4.207 93 448 -1.831 6.957 1.373 -3.366 153 452 -1.953 7.549 0.488 -3.366 87 449 -0.732 5.518 1.831 -1.683 257 431 -3.662 5.999 2.060 -0.841 97 450 
2552078619 11819 1783594676.415 1 -1.549 6.545 2.213 0.841 128 449 -3.784 6.199 2.129 0.841 104 445 -3.174 7.034 1.221 -4.207 133 452 -1.907 5.719 0.954 -3.366 224 423 -1.991 6.736 0.885 -3.366 171 458 -1.656 7.290 1.183 -3.366 119 459 -3.525 6.881 2.266 -1.683 114 441 -0.526 5.363 1.579 -0.841 281 428 -0.351 5.377 1.579 -0.841 281 428 -0.916 7.032 1.831 -0.841 113 449 -1.587 12.571 0.793 -0.841 87 430 
2562099704 11820 1783594676.466 1 -0.664 6.615 2.434 0.841 150 452 -2.991 5.905 1.709 -5.049 194 419 -1.717 5.744 1.144 -3.366 297 425 -2.686 7.332 -0.244 -3.366 72 441 -1.709 6.394 1.709 -1.683 171 456 
2572122181 11821 1783594676.509 1 -0.427 6.405 2.350 0.841 148 460 -5.219 12.634 2.609 1.683 93 430 -1.984 5.911 1.190 -3.366 225 433 -2.289 6.712 1.831 -3.366 151 449 -0.916 5.599 1.465 -2.524 282 428 -2.686 9.953 3.021 -2.524 68 432 -0.641 6.752 0.854 -1.683 224 447 
2581956484 11822 1783594676.566 1 -1.770 6.488 2.213 1.683 112 448 -2.213 6.488 1.770 -4.207 103 430 -2.380 5.666 1.587 -3.366 208 422 -0.427 6.809 0.427 -1.683 202 456 
2592124428 11823 1783594676.609 1 -2.876 5.994 2.434 1.683 108 445 -3.540 13.451 2.655 2.524 81 429 -2.480 4.996 2.480 -3.366 177 416 -1.709 6.265 2.136 -3.366 131 438 -1.648 6.107 1.854 -2.524 150 449 -2.686 7.135 1.709 -2.524 82 443 -0.221 6.905 1.549 -0.841 164 455 
2602031792 11824 1783594676.662 1 -1.099 5.456 1.831 -1.683 250 425 -0.244 7.561 1.953 -0.841 121 453 
2612077981 11825 1783594676.708 1 -0.954 5.832 1.526 -2.524 185 431 -0.175 5.270 1.930 -0.841 239 408 0.000 7.434 1.419 -0.841 133 461 
2622111708 11826 1783594676.759 1 0.000 6.029 0.954 -0.841 252 411 0.000 7.921 3.204 -0.841 86 434 
2632109361 11827 1783594676.800 1 0.000 12.639 1.190 0.841 108 424 0.000 5.334 1.755 -1.683 128 433 0.000 6.194 1.389 -0.841 195 422 
2642063809 11828 1783594676.850 1 
2651998170 11829 1783594676.900 1 
2662095735 11830 1783594676.948 1 
2672056774 11831 1783594676.999 1 
2681996705 11832 1783594677.049 1 
2692064052 11833 1783594677.098 1 
2702008628 11834 1783594677.149 1 
2712128999 11835 1783594677.199 1 
2721994497 11836 1783594677.249 1 
2732012210 11837 1783594677.298 1 
2741914053 11838 1783594677.348 1 
2751904185 11839 1783594677.398 1 
2761922075 11840 1783594677.448 1 
2772001579 11841 1783594677.498 1 
2781869674 11842 1783594677.548 1 
2791827880 11843 1783594677.598 1 
2801882092 11844 1783594677.647 1 
2811968720 11845 1783594677.698 1 
2821868104 11846 1783594677.748 1 
2831895938 11847 1783594677.798 1 
2841816303 11848 1783594677.848 1 
2851816458 11849 1783594677.898 1 
2861867608 11850 1783594677.947 1 
2871954720 11851 1783594677.998 1 
2881868354 11852 1783594678.048 1 
2891955092 11853 1783594678.098 1 
2901816306 11854 1783594678.148 1 
2911816168 11855 1783594678.198 1 
2921815742 11856 1783594678.247 1 
2931817315 11857 1783594678.298 1 
2941815490 11858 1783594678.347 1 
2951869203 11859 1783594678.398 1 
2961894954 11860 1783594678.448 1 
2971951966 11861 1783594678.498 1 
2981868687 11862 1783594678.548 1 
2991894645 11863 1783594678.598 1 
3001816656 11864 1783594678.648 1 
3011868365 11865 1783594678.698 1 
3021955712 11866 1783594678.748 1 
3031867918 11867 1783594678.798 1 
3041953543 11868 1783594678.848 1 
3051869756 11869 1783594678.898 1 
3061955861 11870 1783594678.948 1 
3071868645 11871 1783594678.998 1 
3081896739 11872 1783594679.048 1 
3091815563 11873 1783594679.098 1 
3101817758 11874 1783594679.148 1 
3111868556 11875 1783594679.198 1 
3121952944 11876 1783594679.248 1 
3131816796 11877 1783594679.298 1 
3141816220 11878 1783594679.347 1 
3151815656 11879 1783594679.397 1 
3161815819 11880 1783594679.447 1 
3171828693 11881 1783594679.498 1 
3181840483 11882 1783594679.548 1 -2.991 11.486 1.495 23.561 70 425 
3191815739 11883 1783594679.598 1 
3201816598 11884 1783594679.648 1 
3211814485 11885 1783594679.697 1 
3221867862 11886 1783594679.747 1 
3231954031 11887 1783594679.798 1 
3241868971 11888 1783594679.848 1 
3251955484 11889 1783594679.898 1 
3261815645 11890 1783594679.948 1 
3271869699 11891 1783594679.998 1 
3281954227 11892 1783594680.048 1 
3291868531 11893 1783594680.098 1 
3301954594 11894 1783594680.148 1 
3311816359 11895 1783594680.198 1 
3321868959 11896 1783594680.248 1 
3331954734 11897 1783594680.298 1 
3341816146 11898 1783594680.348 1 
3351817391 11899 1783594680.398 1 
3361867417 11900 1783594680.447 1 
3371913262 11901 1783594680.498 1 
3381868276 11902 1783594680.549 1 
3391895105 11903 1783594680.598 1 
3401816756 11904 1783594680.648 1 
3411868713 11905 1783594680.698 1 
3421894728 11906 1783594680.748 1 
3431816145 11907 1783594680.798 1 
3441869622 11908 1783594680.848 1 
3451954453 11909 1783594680.898 1 
3461867886 11910 1783594680.948 1 
3471954882 11911 1783594680.997 1 
3481816843 11912 1783594681.048 1 
3491868602 11913 1783594681.097 1 
3501954881 11914 1783594681.147 1 
3511816259 11915 1783594681.198 1 
3521816283 11916 1783594681.247 1 
3531815365 11917 1783594681.297 1 
3541867519 11918 1783594681.347 1 
3551894603 11919 1783594681.397 1 
3561817034 11920 1783594681.447 1 
3571965901 11921 1783594681.497 1 
3581869124 11922 1783594681.548 1 
3591894207 11923 1783594681.597 1 
3601833133 11924 1783594681.647 1 
3611868861 11925 1783594681.697 1 
3621895550 11926 1783594681.747 1 
3631816423 11927 1783594681.797 1 
3641868021 11928 1783594681.847 1 
3651954955 11929 1783594681.898 1 
3661816883 11930 1783594681.948 1 
3671868919 11931 1783594681.997 1 
3681954529 11932 1783594682.047 1 
3691867755 11933 1783594682.098 1 
3701895218 11934 1783594682.147 1 
3711815723 11935 1783594682.197 1 
3721817231 11936 1783594682.247 1 
3731815265 11937 1783594682.297 1 
3741868304 11938 1783594682.347 1 
3751955172 11939 1783594682.397 1 
3761815952 11940 1783594682.448 1 
3771912381 11941 1783594682.497 1 
3781869098 11942 1783594682.547 1 
3791895254 11943 1783594682.597 1 
3801816533 11944 1783594682.647 1 
3811815744 11945 1783594682.697 1 
3821816314 11946 1783594682.747 1 
3831815932 11947 1783594682.797 1 
3841815358 11948 1783594682.847 1 
3851816688 11949 1783594682.897 1 
3861817861 11950 1783594682.947 1 
3871816614 11951 1783594682.997 1 
3881869554 11952 1783594683.047 1 
3891955812 11953 1783594683.098 1 
3901814665 11954 1783594683.148 1 
3911868519 11955 1783594683.197 1 
3921895473 11956 1783594683.247 1 
3931868221 11957 1783594683.297 1 
3941954697 11958 1783594683.347 1 
3951814635 11959 1783594683.398 1 
3961815664 11960 1783594683.447 1 
3971912925 11961 1783594683.497 1 
3981817245 11962 1783594683.547 1 
3991827813 11963 1783594683.597 1 
4001817527 11964 1783594683.647 1 
4011815239 11965 1783594683.697 1 
4021868439 11966 1783594683.747 1 
4031955903 11967 1783594683.797 1 
4041868307 11968 1783594683.848 1 
4051954870 11969 1783594683.897 1 
4061868552 11970 1783594683.948 1 
4071955913 11971 1783594683.997 1 
4081869957 11972 1783594684.048 1 
4091955255 11973 1783594684.097 1 
4101867174 11974 1783594684.148 1 
4111954837 11975 1783594684.197 1 
4121815765 11976 1783594684.248 1 
4131869725 11977 1783594684.297 1 
4141896414 11978 1783594684.347 1 
4151868087 11979 1783594684.397 1 
4161894939 11980 1783594684.447 1 
4171926420 11981 1783594684.497 1 
4181827363 11982 1783594684.548 1 
4191815550 11983 1783594684.597 1 
4201867787 11984 1783594684.647 1 
4211955973 11985 1783594684.697 1 
4221868421 11986 1783594684.748 1 
4231954677 11987 1783594684.797 1 
4241869021 11988 1783594684.848 1 
4251955036 11989 1783594684.897 1 
4261816743 11990 1783594684.948 1 
4271868673 11991 1783594684.997 1 
4281954797 11992 1783594685.047 1 
4291867275 11993 1783594685.098 1 
6987003 11994 1783594685.147 1 
16899633 11995 1783594685.198 1 
26986422 11996 1783594685.247 1 
36901646 11997 1783594685.298 1 
46927716 11998 1783594685.347 1 
56850176 11999 1783594685.397 1 
66901204 12000 1783594685.447 1 
76962782 12001 1783594685.497 1 
86902098 12002 1783594685.548 1 
96988865 12003 1783594685.597 1 
106902424 12004 1783594685.648 1 
116987891 12005 1783594685.697 1 
126848031 12006 1783594685.748 1 
136900206 12007 1783594685.797 1 
146926904 12008 1783594685.847 1 
156901853 12009 1783594685.898 1 
166988657 12010 1783594685.948 1 
176901915 12011 1783594685.999 1 
186988474 12012 1783594686.048 1 
196847417 12013 1783594686.099 1 
206849345 12014 1783594686.148 1 
216902224 12015 1783594686.198 1 
226986780 12016 1783594686.248 1 
236901161 12017 1783594686.299 1 
246927257 12018 1783594686.348 1 
256848316 12019 1783594686.398 1 
266900197 12020 1783594686.448 1 
276945916 12021 1783594686.498 1 
286848322 12022 1783594686.548 1 
296848704 12023 1783594686.598 1 
306900847 12024 1783594686.648 1 
316987855 12025 1783594686.698 1 
326900018 12026 1783594686.749 1 
336927447 12027 1783594686.798 1 
346849490 12028 1783594686.848 1 
356901707 12029 1783594686.899 1 
366987821 12030 1783594686.948 1 
376901481 12031 1783594686.999 1 
386986602 12032 1783594687.048 1 
396901101 12033 1783594687.099 1 
406988269 12034 1783594687.148 1 
416848733 12035 1783594687.199 1 
426849128 12036 1783594687.248 1 
436901826 12037 1783594687.298 1 
446987945 12038 1783594687.348 1 
456902576 12039 1783594687.399 1 
466987350 12040 1783594687.448 1 
476854394 12041 1783594687.499 1 
486848878 12042 1783594687.548 1 
496900715 12043 1783594687.598 1 
506927093 12044 1783594687.648 1 
516901905 12045 1783594687.698 1 
526927078 12046 1783594687.748 1 
536848748 12047 1783594687.798 1 
546901033 12048 1783594687.848 1 
556986540 12049 1783594687.898 1 
566901285 12050 1783594687.949 1 
576988429 12051 1783594687.998 1 
586849399 12052 1783594688.049 1 
596900886 12053 1783594688.098 1 
606927316 12054 1783594688.148 1 
616901980 12055 1783594688.198 1 
626988882 12056 1783594688.248 1 
636847550 12057 1783594688.299 1 
646848192 12058 1783594688.348 1 
656848489 12059 1783594688.398 1 
666848080 12060 1783594688.448 1 
676944085 12061 1783594688.498 1 
686849047 12062 1783594688.548 1 
696900254 12063 1783594688.598 1 
706987881 12064 1783594688.648 1 
716902391 12065 1783594688.699 1 
726927212 12066 1783594688.748 1 
736848842 12067 1783594688.798 1 
746901620 12068 1783594688.848 1 
756988773 12069 1783594688.898 1 
766848481 12070 1783594688.949 1 
776846975 12071 1783594688.998 1 
786901592 12072 1783594689.048 1 
796988442 12073 1783594689.098 1 
806899752 12074 1783594689.149 1 
816986371 12075 1783594689.198 1 
826849192 12076 1783594689.249 1 
836901445 12077 1783594689.298 1 
846988171 12078 1783594689.348 1 
856850019 12079 1783594689.399 1 
866900433 12080 1783594689.448 1 
876945972 12081 1783594689.498 1 
886849408 12082 1783594689.548 1 
896901033 12083 1783594689.598 1 
906927165 12084 1783594689.648 1 
916900979 12085 1783594689.699 1 
926988247 12086 1783594689.748 1 
936900871 12087 1783594689.799 1 
946987906 12088 1783594689.848 1 
956901229 12089 1783594689.899 1 
966987380 12090 1783594689.948 1 
976900585 12091 1783594689.999 1 
986988509 12092 1783594690.048 1 
996849170 12093 1783594690.099 1 
1006849106 12094 1783594690.148 1 
1016901071 12095 1783594690.198 1 
1026988043 12096 1783594690.248 1 
1036847859 12097 1783594690.299 1 
1046901692 12098 1783594690.348 1 
1056926724 12099 1783594690.398 1 
1066902056 12100 1783594690.448 1 
1076945491 12101 1783594690.498 1 
1086901344 12102 1783594690.548 1 
1096927881 12103 1783594690.598 1 
1106849150 12104 1783594690.648 1 
1116849055 12105 1783594690.698 1 
1126901809 12106 1783594690.748 1 
1136987539 12107 1783594690.798 1 
1146848845 12108 1783594690.849 1 
1156849558 12109 1783594690.898 1 
1166901010 12110 1783594690.948 1 
1176925970 12111 1783594690.998 1 
1186917652 12112 1783594691.048 1 
1196987123 12113 1783594691.099 1 
1206900295 12114 1783594691.149 1 
1216987434 12115 1783594691.198 1 
1226849169 12116 1783594691.249 1 
1236865756 12117 1783594691.298 1 
1246899893 12118 1783594691.348 1 
1256987386 12119 1783594691.398 1 
1266849660 12120 1783594691.449 1 
1276944380 12121 1783594691.498 1 
1286850560 12122 1783594691.549 1 
1296900368 12123 1783594691.598 1 
1306987650 12124 1783594691.648 1 
1316901717 12125 1783594691.699 1 
1326926930 12126 1783594691.748 1 
1336902365 12127 1783594691.799 1 
1346988138 12128 1783594691.848 1 
1356901713 12129 1783594691.900 1 
1366988641 12130 1783594691.948 1 
1376848287 12131 1783594691.999 1 
1386848467 12132 1783594692.048 1 
1396902027 12133 1783594692.098 1 
1406986348 12134 1783594692.148 1 
1416901750 12135 1783594692.199 1 
1426928013 12136 1783594692.248 1 
1436902408 12137 1783594692.299 1 
1446948461 12138 1783594692.348 1 
1456848998 12139 1783594692.399 1 
1466901311 12140 1783594692.448 1 
1476946531 12141 1783594692.498 1 
1486848470 12142 1783594692.549 1 
1496849104 12143 1783594692.598 1 
1506850169 12144 1783594692.648 1 
1516848152 12145 1783594692.698 1 
1526901822 12146 1783594692.748 1 
1536928066 12147 1783594692.798 1 
1546849525 12148 1783594692.849 1 
1556849645 12149 1783594692.898 1 
1566899917 12150 1783594692.948 1 
1576927035 12151 1783594692.998 1 
1586900564 12152 1783594693.049 1 
1596927207 12153 1783594693.098 1 
1606849396 12154 1783594693.149 1 
1616848154 12155 1783594693.198 1 
1626848391 12156 1783594693.248 1 
1636849687 12157 1783594693.298 1 
1646848192 12158 1783594693.348 1 
1656847919 12159 1783594693.398 1 
1666900398 12160 1783594693.448 1 
1676945878 12161 1783594693.498 1 
1686849054 12162 1783594693.549 1 
1696847835 12163 1783594693.598 1 
1706900238 12164 1783594693.648 1 
1716926827 12165 1783594693.698 1 
1726848767 12166 1783594693.749 1 
1736849527 12167 1783594693.798 1 
1746902019 12168 1783594693.848 1 
1756927447 12169 1783594693.899 1 
1766900970 12170 1783594693.949 1 
1776989691 12171 1783594693.999 1 
1786848257 12172 1783594694.049 1 
1796849486 12173 1783594694.098 1 
1806849383 12174 1783594694.148 1 
1816901163 12175 1783594694.198 1 
1826987552 12176 1783594694.249 1 
1836900938 12177 1783594694.299 1 
1846987198 12178 1783594694.349 1 
1856900658 12179 1783594694.399 1 
1866927366 12180 1783594694.449 1 
1876945236 12181 1783594694.499 1 
1886847946 12182 1783594694.549 1 
1896901532 12183 1783594694.598 1 
1906988264 12184 1783594694.649 1 
1916848917 12185 1783594694.699 1 
1926848221 12186 1783594694.748 1 
1936901689 12187 1783594694.798 1 
1946987422 12188 1783594694.849 1 
1956900673 12189 1783594694.899 1 
1966986817 12190 1783594694.949 1 
1976848620 12191 1783594694.999 1 
1986849003 12192 1783594695.048 1 
1996848410 12193 1783594695.098 1 
2006901800 12194 1783594695.148 1 
2016987510 12195 1783594695.199 1 
2026900275 12196 1783594695.249 1 
2036986566 12197 1783594695.299 1 
2046900834 12198 1783594695.349 1 
2056987302 12199 1783594695.399 1 
2066901916 12200 1783594695.449 1 
2076945757 12201 1783594695.499 1 
2086901203 12202 1783594695.549 1 
2096987754 12203 1783594695.599 1 
2106900459 12204 1783594695.649 1 
2116947738 12205 1783594695.699 1 
2126849301 12206 1783594695.749 1 
2136849167 12207 1783594695.798 1 
2146900648 12208 1783594695.848 1 
2156988681 12209 1783594695.899 1 
2166899972 12210 1783594695.949 1 
2176987036 12211 1783594695.999 1 
2186847302 12212 1783594696.049 1 
2196900633 12213 1783594696.098 1 
2206986894 12214 1783594696.149 1 
2216847706 12215 1783594696.199 1 
2226902232 12216 1783594696.248 1 
2236986643 12217 1783594696.299 1 
2246849095 12218 1783594696.349 1 
2256849097 12219 1783594696.398 1 
2266849371 12220 1783594696.448 1 
2276861067 12221 1783594696.498 1 
2286901035 12222 1783594696.548 1 
2296927711 12223 1783594696.599 1 
2306849311 12224 1783594696.649 1 
2316848943 12225 1783594696.698 1 
2326849880 12226 1783594696.748 1 
2336848205 12227 1783594696.798 1 
2346900514 12228 1783594696.848 1 
2356988083 12229 1783594696.900 1 
2366848797 12230 1783594696.949 1 
2376848134 12231 1783594696.998 1 
2386902229 12232 1783594697.048 1 
2396987044 12233 1783594697.099 1 
2406848451 12234 1783594697.149 1 
2416849458 12235 1783594697.198 1 
2426901780 12236 1783594697.248 1 
2436987065 12237 1783594697.299 1 
2446850334 12238 1783594697.349 1 
2456901355 12239 1783594697.398 1 
2466987759 12240 1783594697.449 1 
2476998774 12241 1783594697.499 1 
2486921590 12242 1783594697.549 1 
2496987917 12243 1783594697.599 1 
2506901344 12244 1783594697.649 1 
2516987378 12245 1783594697.699 1 
2526848915 12246 1783594697.749 1 
2536847270 12247 1783594697.798 1 
2546849528 12248 1783594697.848 1 
2556901308 12249 1783594697.899 1 
2566987223 12250 1783594697.949 1 
2576849083 12251 1783594697.999 1 
2586900665 12252 1783594698.048 1 
2596987734 12253 1783594698.099 1 
2606901602 12254 1783594698.149 1 
2616987824 12255 1783594698.199 1 
2626901532 12256 1783594698.249 1 
2636988446 12257 1783594698.299 1 
2646900714 12258 1783594698.349 1 
2656988298 12259 1783594698.399 1 
2666902004 12260 1783594698.449 1 
2676945827 12261 1783594698.499 1 
2686849417 12262 1783594698.549 1 
2696849239 12263 1783594698.599 1 
2706901256 12264 1783594698.648 1 
2716928491 12265 1783594698.699 1 
2726848668 12266 1783594698.749 1 
2736849943 12267 1783594698.799 1 
2746899969 12268 1783594698.848 1 
2756987936 12269 1783594698.899 1 
2766848549 12270 1783594698.949 1 
2776847656 12271 1783594698.999 1 
2786848995 12272 1783594699.048 1 
2796901587 12273 1783594699.099 1 
2806929374 12274 1783594699.149 1 
2816849778 12275 1783594699.199 1 
2826849197 12276 1783594699.248 1 
2836849362 12277 1783594699.299 1 
2846901295 12278 1783594699.348 1 
2856926258 12279 1783594699.399 1 
2866900251 12280 1783594699.449 1 
2876945829 12281 1783594699.499 1 
2886849868 12282 1783594699.549 1 
2896848458 12283 1783594699.599 1 
2906849566 12284 1783594699.648 1 
2916902141 12285 1783594699.699 1 
2926986868 12286 1783594699.749 1 
2936848733 12287 1783594699.799 1 
2946900836 12288 1783594699.848 1 
2956988143 12289 1783594699.899 1 
2966849007 12290 1783594699.949 1 
2976849706 12291 1783594699.999 1 
2986901658 12292 1783594700.049 1 
2996987659 12293 1783594700.099 1 
3006899844 12294 1783594700.149 1 
3016928061 12295 1783594700.199 1 
3026849692 12296 1783594700.249 1 
3036849068 12297 1783594700.299 1 
3046849867 12298 1783594700.349 1 
3056900434 12299 1783594700.399 1 
3066988183 12300 1783594700.449 1 
3076999900 12301 1783594700.499 1 
3086848066 12302 1783594700.549 1 
3096847792 12303 1783594700.599 1 
3106848944 12304 1783594700.649 1 
3116901864 12305 1783594700.699 1 
3126987511 12306 1783594700.749 1 
3136849048 12307 1783594700.799 1 
3146900606 12308 1783594700.849 1 
3156987613 12309 1783594700.899 1 
3166902074 12310 1783594700.949 1 
3176989210 12311 1783594700.999 1 
3186849094 12312 1783594701.049 1 
3196900577 12313 1783594701.099 1 
3206988158 12314 1783594701.149 1 
3216901451 12315 1783594701.199 1 
3226987336 12316 1783594701.249 1 
3236900602 12317 1783594701.299 1 
3246927615 12318 1783594701.349 1 
3256848473 12319 1783594701.399 1 
3266849964 12320 1783594701.449 1 
3276854443 12321 1783594701.499 1 
3286901686 12322 1783594701.549 1 
3296986953 12323 1783594701.599 1 
3306901516 12324 1783594701.649 1 
3316929966 12325 1783594701.699 1 
3326848227 12326 1783594701.749 1 
3336902016 12327 1783594701.799 1 
3346928235 12328 1783594701.849 1 
3356900760 12329 1783594701.900 1 
3366927987 12330 1783594701.949 1 
3376901183 12331 1783594701.999 1 
3386927843 12332 1783594702.049 1 
3396849773 12333 1783594702.099 1 
3406849255 12334 1783594702.149 1 
3416849063 12335 1783594702.199 1 
3426849078 12336 1783594702.249 1 
3436901127 12337 1783594702.299 1 
3446988127 12338 1783594702.349 1 
3456900684 12339 1783594702.399 1 
3466988356 12340 1783594702.449 1 
3476945366 12341 1783594702.499 1 
3486848695 12342 1783594702.549 1 
3496847837 12343 1783594702.599 1 
3506901292 12344 1783594702.649 1 
3516988099 12345 1783594702.699 1 
3526901134 12346 1783594702.749 1 
3536927519 12347 1783594702.799 1 
3546850076 12348 1783594702.849 1 
3556900206 12349 1783594702.899 1 
3566988034 12350 1783594702.949 1 
3576849817 12351 1783594702.999 1 
3586901638 12352 1783594703.049 1 
3596987919 12353 1783594703.099 1 
3606848416 12354 1783594703.149 1 
3616901878 12355 1783594703.199 1 
3626927927 12356 1783594703.249 1 
3636849401 12357 1783594703.299 1 
3646848837 12358 1783594703.349 1 
3656850667 12359 1783594703.399 1 
3666901048 12360 1783594703.449 1 
3676946498 12361 1783594703.499 1 
3686902138 12362 1783594703.549 1 
3696928570 12363 1783594703.599 1 
3706849947 12364 1783594703.649 1 
3716848722 12365 1783594703.699 1 
3726848886 12366 1783594703.749 1 
3736900088 12367 1783594703.799 1 
3746927602 12368 1783594703.849 1 
3756848157 12369 1783594703.899 1 
3766849986 12370 1783594703.949 1 
3776848426 12371 1783594703.999 1 
3786849276 12372 1783594704.049 1 
3796901459 12373 1783594704.099 1 
3806987042 12374 1783594704.149 1 
3816901348 12375 1783594704.199 1 
3826986852 12376 1783594704.249 1 
3836848965 12377 1783594704.299 1 
3846848485 12378 1783594704.349 1 
3856900466 12379 1783594704.399 1 
3866987643 12380 1783594704.449 1 
3876998771 12381 1783594704.499 1 
3886849934 12382 1783594704.549 1 
3896848984 12383 1783594704.599 1 
3906848133 12384 1783594704.649 1 
3916848905 12385 1783594704.699 1 
3926902233 12386 1783594704.749 1 
3936987962 12387 1783594704.799 1 
3946849233 12388 1783594704.849 1 
3956901149 12389 1783594704.899 1 
3966926851 12390 1783594704.949 1 
3976900406 12391 1783594704.999 1 
3986987891 12392 1783594705.049 1 
3996848611 12393 1783594705.100 1 
4006850448 12394 1783594705.149 1 
4016901513 12395 1783594705.199 1 
4026987703 12396 1783594705.249 1 
4036901405 12397 1783594705.300 1 
4046986286 12398 1783594705.349 1 
4056900674 12399 1783594705.400 1 
4066986503 12400 1783594705.449 1 
4076985417 12401 1783594705.500 1 
4086900591 12402 1783594705.549 1 
4096985710 12403 1783594705.599 1 
4106848118 12404 1783594705.649 1 
4116900419 12405 1783594705.699 1 
4126987460 12406 1783594705.749 1 
4136848036 12407 1783594705.800 1 
4146901920 12408 1783594705.849 1 
4156987149 12409 1783594705.899 1 
4166900442 12410 1783594705.949 1 
4176928406 12411 1783594705.999 1 
4186848115 12412 1783594706.049 1 
4196900953 12413 1783594706.099 1 
4206928380 12414 1783594706.149 1 
4216848519 12415 1783594706.199 1 
4226900919 12416 1783594706.249 1 
4236927882 12417 1783594706.299 1 
4246901553 12418 1783594706.349 1 
4256986585 12419 1783594706.399 1 
4266848474 12420 1783594706.449 1 
4276936710 12421 1783594706.499 1 
4286927741 12422 1783594706.549 1 
1933837 12423 1783594706.599 1 
11960414 12424 1783594706.649 1 
21880941 12425 1783594706.699 1 
31933972 12426 1783594706.749 1 
41961421 12427 1783594706.799 1 
51882183 12428 1783594706.849 1 
61933947 12429 1783594706.901 1 
72020939 12430 1783594706.949 1 
81879985 12431 1783594707.000 1 
91934182 12432 1783594707.049 1 
101960819 12433 1783594707.099 1 
111880579 12434 1783594707.149 1 
121882160 12435 1783594707.199 1 
131882079 12436 1783594707.249 1 
141881078 12437 1783594707.299 1 
151881264 12438 1783594707.349 1 
161881742 12439 1783594707.399 1 
171881187 12440 1783594707.449 1 
182017755 12441 1783594707.499 1 
191934498 12442 1783594707.549 1 
202021358 12443 1783594707.599 1 
211880983 12444 1783594707.649 1 
221933077 12445 1783594707.699 1 
232020489 12446 1783594707.749 1 
241881597 12447 1783594707.800 1 
251933844 12448 1783594707.849 1 
262020881 12449 1783594707.899 1 
271933391 12450 1783594707.950 1 
282019406 12451 1783594707.999 1 
291934484 12452 1783594708.049 1 
302019743 12453 1783594708.099 1 
311881920 12454 1783594708.150 1 
321881268 12455 1783594708.199 1 
331881728 12456 1783594708.249 1 
341934820 12457 1783594708.299 1 
351959927 12458 1783594708.349 1 
361881683 12459 1783594708.399 1 
371934473 12460 1783594708.449 1 
381979360 12461 1783594708.499 1 
391932390 12462 1783594708.549 1 
401958968 12463 1783594708.599 1 
411934362 12464 1783594708.649 1 
422019800 12465 1783594708.699 1 
431882095 12466 1783594708.750 1 
441881398 12467 1783594708.799 1 
451933204 12468 1783594708.849 1 
461960781 12469 1783594708.899 1 
471934161 12470 1783594708.949 1 
482019271 12471 1783594708.999 1 
491934211 12472 1783594709.050 1 
502021155 12473 1783594709.099 1 
511934002 12474 1783594709.150 1 
522020927 12475 1783594709.199 1 
531881740 12476 1783594709.250 1 
541934878 12477 1783594709.299 1 
552020531 12478 1783594709.349 1 
561933849 12479 1783594709.400 1 
572019290 12480 1783594709.449 1 
581893627 12481 1783594709.500 1 
591881320 12482 1783594709.549 1 
601934541 12483 1783594709.599 1 
612021109 12484 1783594709.649 1 
621934301 12485 1783594709.700 1 
632020750 12486 1783594709.749 1 
641881625 12487 1783594709.800 1 
651881374 12488 1783594709.849 1 
661934479 12489 1783594709.899 1 
671959667 12490 1783594709.949 1 
681933162 12491 1783594709.999 1 
692018502 12492 1783594710.049 1 
701880428 12493 1783594710.100 1 
711881534 12494 1783594710.149 1 
721881051 12495 1783594710.199 1 
731882044 12496 1783594710.249 1 
741880896 12497 1783594710.299 1 
751880730 12498 1783594710.349 1 
761933977 12499 1783594710.399 1 
772020385 12500 1783594710.449 1 
782030091 12501 1783594710.500 1 
791933048 12502 1783594710.550 1 
801960179 12503 1783594710.599 1 
811882155 12504 1783594710.649 1 
821881676 12505 1783594710.699 1 
831882299 12506 1783594710.749 1 
841881938 12507 1783594710.799 1 
851934273 12508 1783594710.849 1 
861961175 12509 1783594710.899 1 
871881367 12510 1783594710.949 1 
881933712 12511 1783594710.999 1 
892020229 12512 1783594711.049 1 
901881829 12513 1783594711.100 1 
911882375 12514 1783594711.149 1 
921881470 12515 1783594711.199 1 
931880941 12516 1783594711.249 1 
941882594 12517 1783594711.299 1 
951881406 12518 1783594711.349 1 
961880820 12519 1783594711.399 1 
971880726 12520 1783594711.449 1 
981985574 12521 1783594711.499 1 
991880544 12522 1783594711.550 1 
1001882698 12523 1783594711.599 1 
1011882431 12524 1783594711.649 1 
1021934190 12525 1783594711.699 1 
1032021319 12526 1783594711.749 1 
1041881056 12527 1783594711.800 1 
1051881466 12528 1783594711.849 1 
1061934534 12529 1783594711.900 1 
1072019290 12530 1783594711.949 1 
1081934531 12531 1783594712.000 1 
1092020444 12532 1783594712.049 1 
1101881694 12533 1783594712.100 1 
1111933835 12534 1783594712.149 1 
1122020638 12535 1783594712.199 1 
1131933795 12536 1783594712.250 1 
1142018872 12537 1783594712.299 1 
1151934588 12538 1783594712.350 1 
1161959531 12539 1783594712.399 1 
1171933384 12540 1783594712.449 1 
1181977463 12541 1783594712.499 1 
1191881724 12542 1783594712.550 1 
1201882114 12543 1783594712.599 1 
1211934265 12544 1783594712.649 1 
1222019230 12545 1783594712.699 1 
1231882012 12546 1783594712.750 1 
1241933390 12547 1783594712.799 1 
1252021311 12548 1783594712.849 1 
1261934422 12549 1783594712.900 1 
1271960705 12550 1783594712.949 1 
1281883303 12551 1783594713.000 1 
1291881970 12552 1783594713.049 1 
1301881898 12553 1783594713.099 1 
1311881178 12554 1783594713.149 1 
1321882809 12555 1783594713.199 1 
1331880644 12556 1783594713.249 1 
1341933444 12557 1783594713.299 1 
1351960324 12558 1783594713.349 1 
1361934354 12559 1783594713.400 1 
1372020932 12560 1783594713.449 1 
1381885686 12561 1783594713.500 1 
1391934090 12562 1783594713.549 1 
1402020075 12563 1783594713.599 1 
1411933548 12564 1783594713.650 1 
1422020703 12565 1783594713.699 1 
1431933368 12566 1783594713.750 1 
1442019792 12567 1783594713.799 1 
1451949453 12568 1783594713.850 1 
1461960869 12569 1783594713.900 1 
1471899881 12570 1783594713.949 1 
1481881041 12571 1783594713.999 1 
1491934905 12572 1783594714.049 1 
1501961081 12573 1783594714.099 1 
1511933728 12574 1783594714.149 1 
1522019371 12575 1783594714.200 1 
1531933674 12576 1783594714.250 1 
1542019223 12577 1783594714.299 1 
1551935836 12578 1783594714.350 1 
1562020870 12579 1783594714.399 1 
1571881914 12580 1783594714.450 1 
1581886902 12581 1783594714.499 1 
1591934029 12582 1783594714.549 1 
1601959016 12583 1783594714.599 1 
1611880903 12584 1783594714.649 1 
1621934839 12585 1783594714.699 1 
1631960344 12586 1783594714.749 1 
1641880221 12587 1783594714.800 1 
1651881275 12588 1783594714.849 1 
1661934604 12589 1783594714.899 1 
1672020921 12590 1783594714.949 1 
1681933569 12591 1783594715.000 1 
1692020698 12592 1783594715.049 1 
1701935190 12593 1783594715.100 1 
1712020550 12594 1783594715.150 1 
1721933923 12595 1783594715.200 1 
1732022064 12596 1783594715.249 1 
1741934055 12597 1783594715.300 1 
1752021965 12598 1783594715.349 1 
1761933446 12599 1783594715.400 1 
1772020832 12600 1783594715.449 1 
1781886843 12601 1783594715.500 1 
1791933913 12602 1783594715.549 1 
1802022060 12603 1783594715.599 1 
1811933747 12604 1783594715.650 1 
1822021612 12605 1783594715.699 1 
1831934468 12606 1783594715.750 1 
1842020440 12607 1783594715.800 1 
1851933620 12608 1783594715.850 1 
1862021001 12609 1783594715.900 1 
1871933995 12610 1783594715.950 1 
1882020361 12611 1783594716.000 1 
1891881198 12612 1783594716.050 1 
1901935206 12613 1783594716.099 1 
1911961451 12614 1783594716.149 1 
1921934956 12615 1783594716.200 1 
1932020442 12616 1783594716.249 1 
1941932728 12617 1783594716.300 1 
1952020302 12618 1783594716.349 1 
1961882771 12619 1783594716.400 1 
1971934602 12620 1783594716.449 1 
1981979943 12621 1783594716.500 1 
1991881981 12622 1783594716.550 1 
2001932976 12623 1783594716.599 1 
2012021082 12624 1783594716.649 1 
2021881738 12625 1783594716.700 1 
2031934745 12626 1783594716.749 1 
2042021282 12627 1783594716.800 1 
2051881679 12628 1783594716.850 1 
2061933925 12629 1783594716.900 1 
2072019704 12630 1783594716.949 1 
2081882204 12631 1783594717.000 1 
2091935365 12632 1783594717.049 1 
2101960468 12633 1783594717.100 1 
2111881330 12634 1783594717.150 1 
2121933630 12635 1783594717.199 1 
2132020296 12636 1783594717.250 1 
2141933470 12637 1783594717.300 1 
2152019970 12638 1783594717.350 1 
2161933966 12639 1783594717.400 1 
2172020148 12640 1783594717.450 1 
2181977289 12641 1783594717.500 1 
2191881396 12642 1783594717.550 1 
2201934072 12643 1783594717.600 1 
2212021534 12644 1783594717.650 1 
2221934480 12645 1783594717.700 1 
2231959925 12646 1783594717.750 1 
2241934621 12647 1783594717.800 1 
2252019513 12648 1783594717.850 1 
2261934232 12649 1783594717.900 1 
2272020401 12650 1783594717.950 1 
2281881762 12651 1783594718.000 1 
2291933490 12652 1783594718.049 1 
2301961119 12653 1783594718.100 1 
2311935179 12654 1783594718.150 1 
2322020814 12655 1783594718.200 1 
2331934599 12656 1783594718.250 1 
2341959561 12657 1783594718.300 1 
2351933616 12658 1783594718.350 1 
2362020213 12659 1783594718.400 1 
2371933210 12660 1783594718.450 1 
2381979987 12661 1783594718.500 1 
2391933937 12662 1783594718.550 1 
2402020114 12663 1783594718.600 1 
2411880353 12664 1783594718.650 1 
2421882640 12665 1783594718.699 1 
2431932755 12666 1783594718.749 1 
2442021198 12667 1783594718.800 1 
2451935294 12668 1783594718.850 1 
2462020343 12669 1783594718.900 1 
2471882308 12670 1783594718.950 1 
2481881760 12671 1783594718.999 1 
2491882095 12672 1783594719.049 1 
2501883336 12673 1783594719.099 1 
2511933503 12674 1783594719.149 1 
2522020416 12675 1783594719.200 1 
2531933995 12676 1783594719.250 1 
2542020258 12677 1783594719.300 1 
2551933868 12678 1783594719.350 1 
2562021569 12679 1783594719.400 1 
2571932864 12680 1783594719.450 1 
2581977520 12681 1783594719.500 1 
2591933530 12682 1783594719.550 1 
2602020869 12683 1783594719.600 1 
2611881240 12684 1783594719.650 1 
2621934663 12685 1783594719.699 1 
2632020520 12686 1783594719.750 1 
2641933282 12687 1783594719.800 1 
2652019597 12688 1783594719.850 1 
2661881412 12689 1783594719.900 1 
2671932521 12690 1783594719.949 1 
2681958981 12691 1783594720.000 1 
2691933345 12692 1783594720.050 1 
2702021616 12693 1783594720.100 1 
2711933095 12694 1783594720.150 1 
2721960444 12695 1783594720.200 1 
2731883574 12696 1783594720.250 1 
2741933856 12697 1783594720.299 1 
2752020229 12698 1783594720.350 1 
2761881150 12699 1783594720.400 1 
2771934316 12700 1783594720.449 1 
2781978684 12701 1783594720.500 1 
2791933341 12702 1783594720.550 1 
2802020252 12703 1783594720.600 1 
2811933339 12704 1783594720.650 1 
2822021255 12705 1783594720.700 1 
2831932862 12706 1783594720.750 1 
2842021368 12707 1783594720.800 1 
2851934228 12708 1783594720.850 1 
2861961266 12709 1783594720.900 1 
2871934391 12710 1783594720.950 1 
2882019855 12711 1783594721.000 1 
2891933528 12712 1783594721.050 1 
2902019935 12713 1783594721.100 1 
2911933727 12714 1783594721.150 1 
2922019481 12715 1783594721.200 1 
2931881693 12716 1783594721.250 1 
2941934275 12717 1783594721.300 1 
2952019937 12718 1783594721.350 1 
2961934436 12719 1783594721.400 1 
2972019051 12720 1783594721.450 1 
2982012546 12721 1783594721.500 1 
2992020534 12722 1783594721.550 1 
3001882063 12723 1783594721.600 1 
3011880655 12724 1783594721.649 1 
3021935367 12725 1783594721.700 1 
3032020774 12726 1783594721.750 1 
3041881826 12727 1783594721.800 1 
3051933542 12728 1783594721.849 1 
3062021062 12729 1783594721.900 1 
3071881564 12730 1783594721.950 1 
3081882145 12731 1783594722.000 1 
3091934294 12732 1783594722.049 1 
3102022703 12733 1783594722.100 1 
3111882930 12734 1783594722.150 1 
3121881747 12735 1783594722.200 1 
3131883087 12736 1783594722.249 1 
3141882394 12737 1783594722.300 1 
3151881912 12738 1783594722.349 1 
3161934690 12739 1783594722.400 1 
3171960360 12740 1783594722.450 1 
3182032117 12741 1783594722.500 1 
3191933296 12742 1783594722.550 1 
3202020054 12743 1783594722.600 1 
3211882015 12744 1783594722.650 1 
3221935140 12745 1783594722.700 1 
3232019781 12746 1783594722.750 1 
3241933323 12747 1783594722.800 1 
3252019765 12748 1783594722.850 1 
3261882514 12749 1783594722.900 1 
3271934661 12750 1783594722.950 1 
3281961230 12751 1783594723.000 1 
3291933566 12752 1783594723.050 1 
3302019958 12753 1783594723.100 1 
3311882563 12754 1783594723.150 1 
3321935154 12755 1783594723.200 1 
3331960406 12756 1783594723.250 1 
3341882320 12757 1783594723.300 1 
3351934413 12758 1783594723.350 1 
3362019280 12759 1783594723.400 1 
3371880913 12760 1783594723.450 1 
3382030832 12761 1783594723.500 1 
3391934832 12762 1783594723.550 1 
3402020992 12763 1783594723.600 1 
3411934072 12764 1783594723.650 1 
3422021487 12765 1783594723.700 1 
3431880393 12766 1783594723.750 1 
3441882687 12767 1783594723.800 1 
3451881285 12768 1783594723.850 1 
3461882192 12769 1783594723.900 1 
3471882113 12770 1783594723.950 1 
3481881951 12771 1783594724.000 1 
3491934040 12772 1783594724.050 1 
3502020178 12773 1783594724.100 1 
3511881962 12774 1783594724.150 1 
3521880501 12775 1783594724.200 1 
3531934900 12776 1783594724.250 1 
3541960024 12777 1783594724.300 1 
3551880030 12778 1783594724.350 1 
3561881052 12779 1783594724.400 1 
3571881537 12780 1783594724.450 1 
3581978383 12781 1783594724.500 1 
3591881706 12782 1783594724.550 1 
3601881958 12783 1783594724.600 1 
3611882011 12784 1783594724.650 1 
3621932563 12785 1783594724.700 1 
3632021711 12786 1783594724.750 1 
3641933875 12787 1783594724.800 1 
3651961916 12788 1783594724.850 1 
3661933183 12789 1783594724.900 1 
3672019649 12790 1783594724.950 1 
3681880979 12791 1783594725.000 1 
3691881870 12792 1783594725.050 1 
3701881699 12793 1783594725.100 1 
3711933702 12794 1783594725.150 1 
3722020449 12795 1783594725.200 1 
3731934160 12796 1783594725.250 1 
3742020733 12797 1783594725.300 1 
3751933755 12798 1783594725.351 1 
3761960124 12799 1783594725.400 1 
3771935143 12800 1783594725.450 1 
3781979469 12801 1783594725.500 1 
3791881392 12802 1783594725.550 1 
3801881632 12803 1783594725.600 1 
3811934633 12804 1783594725.650 1 
3821961592 12805 1783594725.700 1 
3831933339 12806 1783594725.750 1 
3842021116 12807 1783594725.800 1 
3851933987 12808 1783594725.851 1 
3861959458 12809 1783594725.900 1 
3871935867 12810 1783594725.950 1 
3881961736 12811 1783594726.000 1 
3891934654 12812 1783594726.050 1 
3902020616 12813 1783594726.100 1 
3911933902 12814 1783594726.151 1 
3922020616 12815 1783594726.200 1 
3931933684 12816 1783594726.251 1 
3942019486 12817 1783594726.300 1 
3951933747 12818 1783594726.351 1 
3961960849 12819 1783594726.400 1 
3971934111 12820 1783594726.450 1 
3981978640 12821 1783594726.500 1 
3991933772 12822 1783594726.550 1 
4002020095 12823 1783594726.600 1 
4011880729 12824 1783594726.651 1 
4021881776 12825 1783594726.700 1 
4031882076 12826 1783594726.750 1 
4041934398 12827 1783594726.800 1 
4051961304 12828 1783594726.850 1 
4061934277 12829 1783594726.900 1 
4071961309 12830 1783594726.952 1 
4081881706 12831 1783594727.000 1 
4091935135 12832 1783594727.050 1 
4101960646 12833 1783594727.100 1 
4111934931 12834 1783594727.151 1 
4122020548 12835 1783594727.200 1 
4131934452 12836 1783594727.251 1 
4142035355 12837 1783594727.300 1 
4151932670 12838 1783594727.351 1 
4162020433 12839 1783594727.400 1 
4171882259 12840 1783594727.451 1 
4181978271 12841 1783594727.500 1 
4191933339 12842 1783594727.550 1 
4202020876 12843 1783594727.600 1 
4211934659 12844 1783594727.651 1 
4222019821 12845 1783594727.700 1 
4231881628 12846 1783594727.751 1 
4241933683 12847 1783594727.800 1 
4252020406 12848 1783594727.850 1 
4261935029 12849 1783594727.901 1 
4272019933 12850 1783594727.950 1 
4281933720 12851 1783594728.000 1 
4291962148 12852 1783594728.050 1 
6914269 12853 1783594728.100 1 
16982092 12854 1783594728.150 1 
27053464 12855 1783594728.200 1 
36967576 12856 1783594728.251 1 
46992089 12857 1783594728.300 1 
56914513 12858 1783594728.350 1 
66967608 12859 1783594728.400 1 
76992956 12860 1783594728.450 1 
87064490 12861 1783594728.500 1 
96914455 12862 1783594728.551 1 
106915392 12863 1783594728.600 1 
116966747 12864 1783594728.650 1 
127054275 12865 1783594728.700 1 
136967144 12866 1783594728.751 1 
147052077 12867 1783594728.800 1 
156965916 12868 1783594728.851 1 
167052667 12869 1783594728.900 1 
176967533 12870 1783594728.951 1 
187051605 12871 1783594729.000 1 
196965753 12872 1783594729.051 1 
207052789 12873 1783594729.100 1 
216965445 12874 1783594729.151 1 
227052046 12875 1783594729.200 1 
236915205 12876 1783594729.251 1 
246967702 12877 1783594729.300 1 
256993285 12878 1783594729.350 1 
266913024 12879 1783594729.400 1 
276965682 12880 1783594729.450 1 
287010403 12881 1783594729.500 1 
296966335 12882 1783594729.551 1 
307052984 12883 1783594729.600 1 
316913586 12884 1783594729.651 1 
326967359 12885 1783594729.700 1 
337052216 12886 1783594729.750 1 
346914341 12887 1783594729.801 1 
356966530 12888 1783594729.850 1 
367053205 12889 1783594729.900 1 
376913338 12890 1783594729.951 1 
386915099 12891 1783594730.000 1 
396913910 12892 1783594730.050 1 
406968510 12893 1783594730.100 1 
417053106 12894 1783594730.150 1 
426914270 12895 1783594730.201 1 
436915996 12896 1783594730.250 1 
446966507 12897 1783594730.300 1 
456992847 12898 1783594730.350 1 
466914540 12899 1783594730.400 1 
476967607 12900 1783594730.450 1 
487011476 12901 1783594730.500 1 
496914501 12902 1783594730.550 1 
506914871 12903 1783594730.600 1 
516966326 12904 1783594730.650 1 
527053780 12905 1783594730.700 1 
536965916 12906 1783594730.751 1 
546992271 12907 1783594730.800 1 
556967824 12908 1783594730.850 1 
567052456 12909 1783594730.901 1 
576966332 12910 1783594730.951 1 
587053981 12911 1783594731.000 1 
596967449 12912 1783594731.051 1 
606992452 12913 1783594731.100 1 
616915041 12914 1783594731.150 1 
626966520 12915 1783594731.200 1 
637053492 12916 1783594731.250 1 
646966564 12917 1783594731.301 1 
657053907 12918 1783594731.350 1 
666966649 12919 1783594731.401 1 
677053410 12920 1783594731.450 1 
686927741 12921 1783594731.501 1 
696965621 12922 1783594731.550 1 
707053302 12923 1783594731.600 1 
716965216 12924 1783594731.651 1 
726994011 12925 1783594731.700 1 
736913669 12926 1783594731.750 1 
746967096 12927 1783594731.800 1 
756992477 12928 1783594731.850 1 
766966469 12929 1783594731.901 1 
776991756 12930 1783594731.952 1 
786982385 12931 1783594732.000 1 
797054009 12932 1783594732.050 1 
806914368 12933 1783594732.101 1 
816967172 12934 1783594732.150 1 
827053982 12935 1783594732.200 1 
836965655 12936 1783594732.251 1 
847053327 12937 1783594732.300 1 
856966361 12938 1783594732.351 1 
866992170 12939 1783594732.400 1 
876914665 12940 1783594732.450 1 
887010838 12941 1783594732.500 1 
896966909 12942 1783594732.550 1 
906992014 12943 1783594732.600 1 
916915521 12944 1783594732.650 1 
926965779 12945 1783594732.700 1 
937053903 12946 1783594732.750 1 
946913325 12947 1783594732.801 1 
956914586 12948 1783594732.850 1 
966966888 12949 1783594732.900 1 
976992551 12950 1783594732.950 1 
986915002 12951 1783594733.000 1 
996914189 12952 1783594733.050 1 
1006966835 12953 1783594733.100 1 
1017053580 12954 1783594733.150 1 
1026913351 12955 1783594733.201 1 
1036914290 12956 1783594733.250 1 
1046915787 12957 1783594733.300 1 
1056915138 12958 1783594733.350 1 
1066967776 12959 1783594733.400 1 
1077052890 12960 1783594733.450 1 
1087064702 12961 1783594733.501 1 
1096914226 12962 1783594733.551 1 
1106966956 12963 1783594733.600 1 
1116992896 12964 1783594733.650 1 
1126965545 12965 1783594733.701 1 
1137053721 12966 1783594733.751 1 
1146913533 12967 1783594733.801 1 
1156915648 12968 1783594733.850 1 
1166915245 12969 1783594733.900 1 
1176967514 12970 1783594733.950 1 
1186991465 12971 1783594734.000 1 
1196915232 12972 1783594734.051 1 
1206967339 12973 1783594734.100 1 
1217052033 12974 1783594734.151 1 
1226915015 12975 1783594734.201 1 
1236913205 12976 1783594734.250 1 
1246966380 12977 1783594734.300 1 
1256993654 12978 1783594734.351 1 
1266967559 12979 1783594734.401 1 
1277053602 12980 1783594734.451 1 
1287017460 12981 1783594734.501 1 
1296966799 12982 1783594734.551 1 
1307054021 12983 1783594734.600 1 
1316967982 12984 1783594734.651 1 
1327052415 12985 1783594734.700 1 
1336914382 12986 1783594734.751 1 
1346914479 12987 1783594734.800 1 
1356915355 12988 1783594734.850 1 
1366965823 12989 1783594734.900 1 
1377052983 12990 1783594734.951 1 
1386914003 12991 1783594735.001 1 
1396914242 12992 1783594735.050 1 
1406913969 12993 1783594735.100 1 
1416965986 12994 1783594735.151 1 
1426994297 12995 1783594735.201 1 
1436966349 12996 1783594735.251 1 
1447053364 12997 1783594735.300 1 
1456913073 12998 1783594735.351 1 
1466966462 12999 1783594735.400 1 
1476993866 13000 1783594735.451 1 
1486928096 13001 1783594735.501 1 
1496965740 13002 1783594735.550 1 
1507053202 13003 1783594735.600 1 
1516966651 13004 1783594735.651 1 
1527053163 13005 1783594735.700 1 
1536913824 13006 1783594735.751 1 
1546966833 13007 1783594735.800 1 
1557053253 13008 1783594735.851 1 
1566913651 13009 1783594735.901 1 
1576914589 13010 1783594735.950 1 
1586966224 13011 1783594736.000 1 
1597053326 13012 1783594736.051 1 
1606913409 13013 1783594736.101 1 
1616967986 13014 1783594736.150 1 
1627053708 13015 1783594736.201 1 
1636966406 13016 1783594736.251 1 
1647054183 13017 1783594736.300 1 
1656913794 13018 1783594736.351 1 
1666913448 13019 1783594736.400 1 
1676966123 13020 1783594736.450 1 
1687011376 13021 1783594736.500 1 
1696915870 13022 1783594736.551 1 
1706966081 13023 1783594736.600 1 
1717052645 13024 1783594736.651 1 
1726966764 13025 1783594736.701 1 
1737051804 13026 1783594736.751 1 
1746965706 13027 1783594736.801 1 
1757053271 13028 1783594736.851 1 
1766967322 13029 1783594736.901 1 
1776992082 13030 1783594736.953 1 
1786915449 13031 1783594737.001 1 
1796966527 13032 1783594737.050 1 
1807052375 13033 1783594737.101 1 
1816913134 13034 1783594737.151 1 
1826966365 13035 1783594737.200 1 
1836992613 13036 1783594737.251 1 
1846966332 13037 1783594737.301 1 
1856994368 13038 1783594737.350 1 
1866915076 13039 1783594737.400 1 
1876912717 13040 1783594737.450 1 
1886919475 13041 1783594737.500 1 
1896914495 13042 1783594737.550 1 
1906914704 13043 1783594737.600 1 
1916965267 13044 1783594737.650 1 
1927053193 13045 1783594737.700 1 
1936914174 13046 1783594737.751 1 
1946913914 13047 1783594737.800 1 
1956967709 13048 1783594737.850 1 
1966992282 13049 1783594737.901 1 
1976924615 13050 1783594737.951 1 
1986914931 13051 1783594738.000 1 
1996966956 13052 1783594738.050 1 
2007052736 13053 1783594738.100 1 
2016966705 13054 1783594738.151 1 
2027054325 13055 1783594738.200 1 
2036967019 13056 1783594738.251 1 
2047051259 13057 1783594738.301 1 
2056966670 13058 1783594738.351 1 
2067052907 13059 1783594738.401 1 
2076967091 13060 1783594738.451 1 
2087011770 13061 1783594738.501 1 
2096966972 13062 1783594738.551 1 
2107051848 13063 1783594738.601 1 
2116966084 13064 1783594738.651 1 
2127053121 13065 1783594738.701 1 
2136914748 13066 1783594738.751 1 
2146966321 13067 1783594738.800 1 
2157052368 13068 1783594738.851 1 
2166966339 13069 1783594738.901 1 
2177052708 13070 1783594738.951 1 
2186914251 13071 1783594739.001 1 
2196915415 13072 1783594739.050 1 
2206914812 13073 1783594739.100 1 
2216965498 13074 1783594739.150 1 
2227051666 13075 1783594739.201 1 
2236966450 13076 1783594739.251 1 
2247052666 13077 1783594739.301 1 
2256967604 13078 1783594739.351 1 
2266994054 13079 1783594739.401 1 
2276913656 13080 1783594739.451 1 
2286926018 13081 1783594739.500 1 
2296966507 13082 1783594739.550 1 
2307054963 13083 1783594739.601 1 
2316965251 13084 1783594739.651 1 
2327052877 13085 1783594739.701 1 
2336966720 13086 1783594739.751 1 
2347052745 13087 1783594739.801 1 
2356966279 13088 1783594739.851 1 
2366993021 13089 1783594739.901 1 
2376913626 13090 1783594739.951 1 
2386966953 13091 1783594740.000 1 
2397053722 13092 1783594740.051 1 
2406967160 13093 1783594740.101 1 
2417052777 13094 1783594740.151 1 
2426914017 13095 1783594740.201 1 
2436916661 13096 1783594740.250 1 
2446965942 13097 1783594740.300 1 
2456993267 13098 1783594740.351 1 
2466967479 13099 1783594740.401 1 
2477053757 13100 1783594740.451 1 
2486919628 13101 1783594740.501 1 
2496966892 13102 1783594740.550 1 
2507053305 13103 1783594740.601 1 
2516914716 13104 1783594740.651 1 
2526914357 13105 1783594740.700 1 
2536914581 13106 1783594740.750 1 
2546966948 13107 1783594740.800 1 
2556993619 13108 1783594740.851 1 
2566914190 13109 1783594740.901 1 
2576915555 13110 1783594740.950 1 
2586966225 13111 1783594741.000 1 
2596993398 13112 1783594741.051 1 
2606965903 13113 1783594741.101 1 
2617052869 13114 1783594741.151 1 
2626966363 13115 1783594741.201 1 
2636992745 13116 1783594741.251 1 
2646914462 13117 1783594741.301 1 
2656966586 13118 1783594741.350 1 
2666992849 13119 1783594741.401 1 
2676915766 13120 1783594741.451 1 
2687018476 13121 1783594741.500 1 
2696914589 13122 1783594741.551 1 
2706966784 13123 1783594741.600 1 
2717053062 13124 1783594741.651 1 
2726966385 13125 1783594741.701 1 
2737053132 13126 1783594741.751 1 
2746916287 13127 1783594741.801 1 
2756965687 13128 1783594741.850 1 
2767052921 13129 1783594741.901 1 
2776914926 13130 1783594741.953 1 
2786965714 13131 1783594742.000 1 
2797069404 13132 1783594742.051 1 
2806967577 13133 1783594742.101 1 
2817052749 13134 1783594742.151 1 
2826914147 13135 1783594742.201 1 
2836967185 13136 1783594742.250 1 
2847052955 13137 1783594742.301 1 
2856967471 13138 1783594742.351 1 
2867052466 13139 1783594742.401 1 
2876966726 13140 1783594742.451 1 
2887010693 13141 1783594742.501 1 
2896965730 13142 1783594742.551 1 
2907052828 13143 1783594742.601 1 
2916968167 13144 1783594742.651 1 
2927053617 13145 1783594742.701 1 
2936914319 13146 1783594742.751 1 
2946967392 13147 1783594742.800 1 
2957053462 13148 1783594742.851 1 
2966915679 13149 1783594742.901 1 
2976913654 13150 1783594742.951 1 
2986966816 13151 1783594743.000 1 
2997052918 13152 1783594743.051 1 
3006965743 13153 1783594743.101 1 
3016993167 13154 1783594743.151 1 
3026914387 13155 1783594743.201 1 
3036967409 13156 1783594743.251 1 
3047053243 13157 1783594743.301 1 
3056915532 13158 1783594743.351 1 
3066966682 13159 1783594743.400 1 
3077051597 13160 1783594743.451 1 
3086919511 13161 1783594743.501 1 
3096913772 13162 1783594743.551 1 
3106966584 13163 1783594743.601 1 
3117052663 13164 1783594743.651 1 
3126967995 13165 1783594743.701 1 
3137053217 13166 1783594743.751 1 
3146966027 13167 1783594743.801 1 
3157053935 13168 1783594743.851 1 
3166966776 13169 1783594743.901 1 
3176992677 13170 1783594743.951 1 
3186966218 13171 1783594744.001 1 
3197053135 13172 1783594744.051 1 
3206966379 13173 1783594744.101 1 
3217051879 13174 1783594744.151 1 
3226913878 13175 1783594744.201 1 
3236966752 13176 1783594744.251 1 
3247052953 13177 1783594744.301 1 
3256915331 13178 1783594744.351 1 
3266966219 13179 1783594744.400 1 
3277053258 13180 1783594744.451 1 
3287064228 13181 1783594744.501 1 
3296967069 13182 1783594744.551 1 
3307052318 13183 1783594744.601 1 
3316965876 13184 1783594744.651 1 
3327053319 13185 1783594744.701 1 
3336966552 13186 1783594744.752 1 
3347052999 13187 1783594744.801 1 
3356982825 13188 1783594744.851 1 
3367053171 13189 1783594744.901 1 
3376913487 13190 1783594744.951 1 
3386965914 13191 1783594745.001 1 
3397052297 13192 1783594745.051 1 
3406966863 13193 1783594745.101 1 
3417053975 13194 1783594745.151 1 
3426914382 13195 1783594745.201 1 
3436914232 13196 1783594745.251 1 
3446914980 13197 1783594745.300 1 
3456913450 13198 1783594745.351 1 
3466966472 13199 1783594745.401 1 
3477052568 13200 1783594745.451 1 
3487063887 13201 1783594745.501 1 
3496968188 13202 1783594745.551 1 
3507053197 13203 1783594745.601 1 
3516914616 13204 1783594745.651 1 
3526967049 13205 1783594745.701 1 
3537052962 13206 1783594745.751 1 
3546913670 13207 1783594745.801 1 
3556913710 13208 1783594745.851 1 
3566915810 13209 1783594745.901 1 
3576965557 13210 1783594745.951 1 
3587053009 13211 1783594746.001 1 
3596965326 13212 1783594746.051 1 
3607053386 13213 1783594746.101 1 
3616914146 13214 1783594746.151 1 
3626913195 13215 1783594746.201 1 
3636914316 13216 1783594746.251 1 
3646914213 13217 1783594746.301 1 
3656966779 13218 1783594746.351 1 
3666993869 13219 1783594746.401 1 
3676914768 13220 1783594746.451 1 
3687019674 13221 1783594746.501 1 
3696914039 13222 1783594746.551 1 
3706914107 13223 1783594746.601 1 
3716966652 13224 1783594746.651 1 
3727052811 13225 1783594746.701 1 
3736966206 13226 1783594746.751 1 
3746993615 13227 1783594746.801 1 
3756966683 13228 1783594746.851 1 
3767052926 13229 1783594746.901 1 
3776914320 13230 1783594746.953 1 
3786966125 13231 1783594747.001 1 
3797053065 13232 1783594747.051 1 
3806913682 13233 1783594747.101 1 
3816913766 13234 1783594747.151 1 
3826967370 13235 1783594747.201 1 
3837052949 13236 1783594747.251 1 
3846914893 13237 1783594747.301 1 
3856914323 13238 1783594747.351 1 
3866914483 13239 1783594747.401 1 
3876915645 13240 1783594747.451 1 
3887064780 13241 1783594747.501 1 
3896915152 13242 1783594747.551 1 
3906966998 13243 1783594747.601 1 
3917053167 13244 1783594747.651 1 
3926966027 13245 1783594747.701 1 
3937053792 13246 1783594747.751 1 
3946965560 13247 1783594747.801 1 
3957053564 13248 1783594747.851 1 
3966965771 13249 1783594747.901 1 
3977053427 13250 1783594747.951 1 
3986914438 13251 1783594748.001 1 
3996914704 13252 1783594748.051 1 
4006991000 13253 1783594748.101 1 
4016992412 13254 1783594748.151 1 
4026914143 13255 1783594748.201 1 
4036914987 13256 1783594748.251 1 
4046967318 13257 1783594748.301 1 
4057053093 13258 1783594748.351 1 
4066913617 13259 1783594748.401 1 
4076913961 13260 1783594748.451 1 
4086919303 13261 1783594748.501 1 
4096915269 13262 1783594748.551 1 
4106967970 13263 1783594748.601 1 
4117052771 13264 1783594748.651 1 
4126966196 13265 1783594748.701 1 
4137053989 13266 1783594748.751 1 
4146967124 13267 1783594748.801 1 
4157052597 13268 1783594748.851 1 
4166966701 13269 1783594748.901 1 
4177052845 13270 1783594748.951 1 
4186913706 13271 1783594749.001 1 
4196913945 13272 1783594749.051 1 
4206913214 13273 1783594749.101 1 
4216915683 13274 1783594749.151 1 
4226964854 13275 1783594749.201 1 
4236992936 13276 1783594749.251 1 
4246967086 13277 1783594749.301 1 
4257053314 13278 1783594749.351 1 
4266967221 13279 1783594749.401 1 
4276993177 13280 1783594749.451 1 
4287064676 13281 1783594749.501 1 
1998499 13282 1783594749.551 1 
12026469 13283 1783594749.601 1 
21946721 13284 1783594749.651 1 
31946874 13285 1783594749.701 1 
41947010 13286 1783594749.751 1 
51998499 13287 1783594749.801 1 
62026720 13288 1783594749.851 1 
71998594 13289 1783594749.901 1 
82085039 13290 1783594749.951 1 
92000037 13291 1783594750.002 1 
102085110 13292 1783594750.051 1 
111946724 13293 1783594750.102 1 
121999976 13294 1783594750.151 1 
132025356 13295 1783594750.201 1 
142000096 13296 1783594750.251 1 
152026373 13297 1783594750.301 1 
161999704 13298 1783594750.351 1 
172024780 13299 1783594750.401 1 
181998120 13300 1783594750.451 1 
192043101 13301 1783594750.501 1 
201998758 13302 1783594750.551 1 
212085009 13303 1783594750.601 1 
221946296 13304 1783594750.651 1 
231948871 13305 1783594750.701 1 
241998526 13306 1783594750.751 1 
252085483 13307 1783594750.801 1 
261947170 13308 1783594750.852 1 
271999489 13309 1783594750.901 1 
282086369 13310 1783594750.951 1 
291999810 13311 1783594751.001 1 
302085143 13312 1783594751.051 1 
312000423 13313 1783594751.101 1 
322085139 13314 1783594751.151 1 
331999254 13315 1783594751.202 1 
342085408 13316 1783594751.251 1 
351945867 13317 1783594751.301 1 
361998408 13318 1783594751.351 1 
372085189 13319 1783594751.401 1 
381947271 13320 1783594751.452 1 
392096697 13321 1783594751.501 1 
401998897 13322 1783594751.552 1 
412084641 13323 1783594751.601 1 
421998804 13324 1783594751.652 1 
432025959 13325 1783594751.701 1 
441999431 13326 1783594751.751 1 
452085752 13327 1783594751.801 1 
461946369 13328 1783594751.852 1 
471948141 13329 1783594751.901 1 
481998600 13330 1783594751.951 1 
492086375 13331 1783594752.003 1 
501946993 13332 1783594752.052 1 
511947891 13333 1783594752.101 1 
521948115 13334 1783594752.151 1 
531998630 13335 1783594752.201 1 
542086200 13336 1783594752.251 1 
551947562 13337 1783594752.302 1 
561947339 13338 1783594752.351 1 
571999555 13339 1783594752.401 1 
582025006 13340 1783594752.451 1 
592042619 13341 1783594752.501 1 
601946231 13342 1783594752.551 1 
611998341 13343 1783594752.601 1 
622084910 13344 1783594752.651 1 
631999835 13345 1783594752.701 1 
642085938 13346 1783594752.751 1 
651945374 13347 1783594752.802 1 
661998771 13348 1783594752.851 1 
672026866 13349 1783594752.901 1 
681946367 13350 1783594752.951 1 
691999615 13351 1783594753.001 1 
702086227 13352 1783594753.051 1 
711947108 13353 1783594753.102 1 
721999444 13354 1783594753.151 1 
732025874 13355 1783594753.201 1 
741946803 13356 1783594753.251 1 
752000638 13357 1783594753.301 1 
762025885 13358 1783594753.351 1 
771999007 13359 1783594753.401 1 
782086193 13360 1783594753.451 1 
792042511 13361 1783594753.502 1 
801999820 13362 1783594753.552 1 
812086521 13363 1783594753.601 1 
821999142 13364 1783594753.652 1 
832025044 13365 1783594753.701 1 
841947332 13366 1783594753.751 1 
851946850 13367 1783594753.801 1 
861999817 13368 1783594753.851 1 
872085869 13369 1783594753.901 1 
881947352 13370 1783594753.952 1 
891997941 13371 1783594754.001 1 
902025027 13372 1783594754.051 1 
911999124 13373 1783594754.101 1 
922040542 13374 1783594754.151 1 
931946986 13375 1783594754.201 1 
942000826 13376 1783594754.251 1 
952086748 13377 1783594754.301 1 
961947568 13378 1783594754.352 1 
971947467 13379 1783594754.401 1 
982018522 13380 1783594754.451 1 
992043721 13381 1783594754.501 1 
1001999497 13382 1783594754.552 1 
1012086468 13383 1783594754.601 1 
1021999179 13384 1783594754.652 1 
1032085727 13385 1783594754.701 1 
1041999397 13386 1783594754.752 1 
1052086298 13387 1783594754.801 1 
1061945309 13388 1783594754.852 1 
1072000146 13389 1783594754.901 1 
1082085052 13390 1783594754.951 1 
1091946951 13391 1783594755.002 1 
1102000494 13392 1783594755.051 1 
1112088249 13393 1783594755.101 1 
1121947300 13394 1783594755.152 1 
1131998394 13395 1783594755.201 1 
1142085283 13396 1783594755.251 1 
1151999199 13397 1783594755.302 1 
1162085335 13398 1783594755.351 1 
1171946872 13399 1783594755.402 1 
1181998737 13400 1783594755.451 1 
1192044181 13401 1783594755.501 1 
1201999376 13402 1783594755.552 1 
1212086750 13403 1783594755.602 1 
1221947157 13404 1783594755.652 1 
1231946667 13405 1783594755.701 1 
1241947081 13406 1783594755.751 1 
1251947366 13407 1783594755.801 1 
1262000267 13408 1783594755.851 1 
1272026297 13409 1783594755.901 1 
1282000855 13410 1783594755.951 1 
1292086088 13411 1783594756.001 1 
1301999957 13412 1783594756.052 1 
1312025891 13413 1783594756.101 1 
1321999006 13414 1783594756.151 1 
1332085907 13415 1783594756.201 1 
1341946843 13416 1783594756.252 1 
1351946658 13417 1783594756.301 1 
1361999848 13418 1783594756.351 1 
1372086444 13419 1783594756.401 1 
1381998702 13420 1783594756.452 1 
1392044713 13421 1783594756.502 1 
1401998929 13422 1783594756.552 1 
1412085347 13423 1783594756.601 1 
1421948208 13424 1783594756.652 1 
1431999196 13425 1783594756.701 1 
1442086031 13426 1783594756.751 1 
1451999544 13427 1783594756.802 1 
1462086863 13428 1783594756.851 1 
1471945766 13429 1783594756.902 1 
1481998881 13430 1783594756.951 1 
1492087069 13431 1783594757.003 1 
1501999936 13432 1783594757.052 1 
1512085081 13433 1783594757.101 1 
1521999138 13434 1783594757.152 1 
1532085763 13435 1783594757.201 1 
1541946742 13436 1783594757.252 1 
1551946514 13437 1783594757.301 1 
1561997544 13438 1783594757.351 1 
1572085684 13439 1783594757.401 1 
1581947994 13440 1783594757.452 1 
1592042676 13441 1783594757.501 1 
1601999530 13442 1783594757.552 1 
1612085521 13443 1783594757.601 1 
1621998995 13444 1783594757.652 1 
1632086840 13445 1783594757.701 1 
1641946856 13446 1783594757.752 1 
1651946238 13447 1783594757.801 1 
1661999240 13448 1783594757.851 1 
1672086066 13449 1783594757.901 1 
1681998139 13450 1783594757.952 1 
1692085909 13451 1783594758.001 1 
1701947123 13452 1783594758.052 1 
1711946094 13453 1783594758.101 1 
1721999382 13454 1783594758.151 1 
1732084901 13455 1783594758.201 1 
1741947360 13456 1783594758.252 1 
1752000149 13457 1783594758.301 1 
1762086231 13458 1783594758.351 1 
1771947740 13459 1783594758.402 1 
1781999514 13460 1783594758.451 1 
1792042901 13461 1783594758.501 1 
1801999687 13462 1783594758.552 1 
1812102291 13463 1783594758.602 1 
1821999405 13464 1783594758.652 1 
1832086270 13465 1783594758.701 1 
1841998980 13466 1783594758.752 1 
1852025826 13467 1783594758.801 1 
1861946859 13468 1783594758.851 1 
1871947574 13469 1783594758.901 1 
1881946090 13470 1783594758.951 1 
1891999263 13471 1783594759.001 1 
1902026242 13472 1783594759.051 1 
1911946817 13473 1783594759.102 1 
1921946940 13474 1783594759.151 1 
1931948727 13475 1783594759.201 1 
1941999899 13476 1783594759.251 1 
1952087188 13477 1783594759.301 1 
1961946822 13478 1783594759.352 1 
1971999064 13479 1783594759.401 1 
1982085771 13480 1783594759.452 1 
1991960354 13481 1783594759.502 1 
2002000262 13482 1783594759.551 1 
2012087212 13483 1783594759.601 1 
2021946673 13484 1783594759.652 1 
2031999585 13485 1783594759.701 1 
2042086841 13486 1783594759.752 1 
2051999517 13487 1783594759.802 1 
2062026323 13488 1783594759.852 1 
2071998418 13489 1783594759.902 1 
2082085656 13490 1783594759.952 1 
2091999289 13491 1783594760.002 1 
2102085194 13492 1783594760.052 1 
2111998530 13493 1783594760.102 1 
2122086400 13494 1783594760.152 1 
2131999762 13495 1783594760.202 1 
2142085960 13496 1783594760.252 1 
2151947351 13497 1783594760.302 1 
2161999206 13498 1783594760.351 1 
2172086427 13499 1783594760.402 1 
2182001241 13500 1783594760.452 1 
2192044287 13501 1783594760.501 1 
2201948100 13502 1783594760.552 1 
2211945765 13503 1783594760.601 1 
2221999466 13504 1783594760.651 1 
2232086568 13505 1783594760.701 1 
2241946371 13506 1783594760.752 1 
2252000539 13507 1783594760.801 1 
2262024992 13508 1783594760.852 1 
2271998724 13509 1783594760.902 1 
2282086298 13510 1783594760.952 1 
2291999880 13511 1783594761.002 1 
2302086125 13512 1783594761.052 1 
2311997769 13513 1783594761.102 1 
2322085623 13514 1783594761.152 1 
2331946770 13515 1783594761.202 1 
2341946295 13516 1783594761.251 1 
2351946493 13517 1783594761.301 1 
2361947036 13518 1783594761.351 1 
2371946696 13519 1783594761.401 1 
2381998378 13520 1783594761.451 1 
2392044096 13521 1783594761.501 1 
2401949075 13522 1783594761.552 1 
2412000809 13523 1783594761.601 1 
2422025225 13524 1783594761.652 1 
2431999503 13525 1783594761.702 1 
2442084804 13526 1783594761.752 1 
2451948027 13527 1783594761.802 1 
2461999909 13528 1783594761.851 1 
2472024843 13529 1783594761.902 1 
2481947374 13530 1783594761.952 1 
2491947425 13531 1783594762.003 1 
2501999248 13532 1783594762.051 1 
2512025575 13533 1783594762.102 1 
2521947080 13534 1783594762.152 1 
2531965375 13535 1783594762.201 1 
2541947884 13536 1783594762.251 1 
2551946582 13537 1783594762.301 1 
2562000442 13538 1783594762.351 1 
2572086005 13539 1783594762.402 1 
2581946620 13540 1783594762.452 1 
2592043706 13541 1783594762.501 1 
2601999362 13542 1783594762.552 1 
2612085163 13543 1783594762.602 1 
2621945803 13544 1783594762.652 1 
2632000049 13545 1783594762.701 1 
2642027580 13546 1783594762.752 1 
2651948151 13547 1783594762.802 1 
2661999465 13548 1783594762.851 1 
2672085149 13549 1783594762.902 1 
2681946940 13550 1783594762.952 1 
2691999722 13551 1783594763.001 1 
2702085113 13552 1783594763.052 1 
2711998487 13553 1783594763.102 1 
2722085548 13554 1783594763.152 1 
2731946612 13555 1783594763.202 1 
2741948056 13556 1783594763.252 1 
2751946628 13557 1783594763.301 1 
2762000410 13558 1783594763.352 1 
2772026364 13559 1783594763.402 1 
2781945709 13560 1783594763.452 1 
2791953175 13561 1783594763.501 1 
2801947435 13562 1783594763.551 1 
2811999427 13563 1783594763.602 1 
2822086364 13564 1783594763.652 1 
2831998992 13565 1783594763.702 1 
2842085605 13566 1783594763.752 1 
2851947627 13567 1783594763.802 1 
2862000402 13568 1783594763.851 1 
2872025844 13569 1783594763.902 1 
2881999261 13570 1783594763.952 1 
2892085584 13571 1783594764.002 1 
2901999769 13572 1783594764.052 1 
2912026044 13573 1783594764.102 1 
2921998484 13574 1783594764.152 1 
2932086233 13575 1783594764.202 1 
2941997918 13576 1783594764.252 1 
2952085618 13577 1783594764.302 1 
2961999062 13578 1783594764.352 1 
2972087280 13579 1783594764.402 1 
2981947001 13580 1783594764.453 1 
2992081977 13581 1783594764.502 1 
3001964571 13582 1783594764.552 1 
3011999750 13583 1783594764.602 1 
3022085733 13584 1783594764.652 1 
3031946015 13585 1783594764.702 1 
3041999534 13586 1783594764.751 1 
3052086128 13587 1783594764.802 1 
3061946741 13588 1783594764.852 1 
3071999852 13589 1783594764.902 1 
3082026022 13590 1783594764.952 1 
3091946387 13591 1783594765.002 1 
3101999121 13592 1783594765.052 1 
3112103040 13593 1783594765.102 1 
3121998674 13594 1783594765.152 1 
3132085887 13595 1783594765.202 1 
3141999967 13596 1783594765.252 1 
3152086838 13597 1783594765.302 1 
3161998674 13598 1783594765.352 1 
3172085246 13599 1783594765.402 1 
3181999391 13600 1783594765.452 1 
3192044480 13601 1783594765.502 1 
3202015186 13602 1783594765.552 1 
3212026549 13603 1783594765.602 1 
3221999378 13604 1783594765.652 1 
3232086199 13605 1783594765.702 1 
3241947813 13606 1783594765.752 1 
3251946436 13607 1783594765.802 1 
3261947845 13608 1783594765.851 1 
3271998743 13609 1783594765.902 1 
3282026617 13610 1783594765.952 1 
3291945826 13611 1783594766.002 1 
3301946763 13612 1783594766.052 1 
3311998878 13613 1783594766.102 1 
3322086239 13614 1783594766.152 1 
3331999499 13615 1783594766.202 1 
3342085236 13616 1783594766.252 1 
3351947179 13617 1783594766.302 1 
3362000521 13618 1783594766.351 1 
3372084765 13619 1783594766.402 1 
3381946526 13620 1783594766.452 1 
3391951703 13621 1783594766.502 1 
3401947906 13622 1783594766.551 1 
3411947708 13623 1783594766.602 1 
3421947317 13624 1783594766.651 1 
3431945932 13625 1783594766.702 1 
3441998550 13626 1783594766.751 1 
3452087270 13627 1783594766.802 1 
3461949335 13628 1783594766.852 1 
3471998543 13629 1783594766.902 1 
3482024002 13630 1783594766.952 1 
3491999629 13631 1783594767.005 1 
3502085492 13632 1783594767.052 1 
3511945935 13633 1783594767.102 1 
3522000144 13634 1783594767.151 1 
3532086293 13635 1783594767.202 1 
3541947227 13636 1783594767.252 1 
3551999448 13637 1783594767.302 1 
3562085874 13638 1783594767.353 1 
3571947254 13639 1783594767.402 1 
3581999566 13640 1783594767.451 1 
3592045291 13641 1783594767.502 1 
3601945452 13642 1783594767.552 1 
3611946641 13643 1783594767.602 1 
3622000300 13644 1783594767.652 1 
3632026269 13645 1783594767.702 1 
3641947395 13646 1783594767.752 1 
3651947392 13647 1783594767.801 1 
3661947323 13648 1783594767.852 1 
3671946956 13649 1783594767.902 1 
3681946473 13650 1783594767.952 1 
3691948221 13651 1783594768.002 1 
3701945621 13652 1783594768.052 1 
3711947104 13653 1783594768.102 1 
3721945753 13654 1783594768.152 1 
3731948287 13655 1783594768.202 1 
3741947781 13656 1783594768.252 1 
3752000409 13657 1783594768.302 1 
3762026749 13658 1783594768.352 1 
3771999637 13659 1783594768.402 1 
3782085836 13660 1783594768.452 1 
3792077814 13661 1783594768.502 1 
3802025138 13662 1783594768.552 1 
3812000029 13663 1783594768.602 1 
3822086263 13664 1783594768.652 1 
3831946599 13665 1783594768.702 1 
3841947964 13666 1783594768.752 1 
3851998997 13667 1783594768.802 1 
3862086037 13668 1783594768.852 1 
3871999458 13669 1783594768.902 1 
3882086012 13670 1783594768.952 1 
3892000473 13671 1783594769.002 1 
3902025818 13672 1783594769.052 1 
3911947220 13673 1783594769.102 1 
3921999031 13674 1783594769.152 1 
3932086637 13675 1783594769.202 1 
3942000539 13676 1783594769.252 1 
3952025139 13677 1783594769.302 1 
3961947357 13678 1783594769.352 1 
3971946121 13679 1783594769.402 1 
3982000315 13680 1783594769.452 1 
3992042805 13681 1783594769.502 1 
4002000201 13682 1783594769.552 1 
4012026014 13683 1783594769.602 1 
4021948324 13684 1783594769.652 1 
4031999519 13685 1783594769.702 1 
4042085654 13686 1783594769.752 1 
4051946829 13687 1783594769.802 1 
4061998436 13688 1783594769.852 1 
4072085950 13689 1783594769.902 1 
4081945893 13690 1783594769.952 1 
4091999423 13691 1783594770.002 1 
4102086365 13692 1783594770.052 1 
4111999812 13693 1783594770.102 1 
4122026563 13694 1783594770.152 1 
4131999787 13695 1783594770.202 1 
4142085128 13696 1783594770.252 1 
4151946595 13697 1783594770.302 1 
4162000461 13698 1783594770.352 1 
4172085756 13699 1783594770.402 1 
4181997865 13700 1783594770.452 1 
4192043337 13701 1783594770.502 1 
4201999844 13702 1783594770.552 1 
4212085737 13703 1783594770.602 1 
4221946983 13704 1783594770.652 1 
4231998626 13705 1783594770.702 1 
4242086417 13706 1783594770.752 1 
4251998465 13707 1783594770.802 1 
4262025555 13708 1783594770.852 1 
4272001167 13709 1783594770.902 1 
4282085098 13710 1783594770.952 1 
4291998874 13711 1783594771.002 1 
7118047 13712 1783594771.052 1 
16980785 13713 1783594771.102 1 
27031700 13714 1783594771.152 1 
37119036 13715 1783594771.202 1 
47033030 13716 1783594771.252 1 
57058575 13717 1783594771.302 1 
67031255 13718 1783594771.352 1 
77118220 13719 1783594771.402 1 
86980177 13720 1783594771.452 1 
97129002 13721 1783594771.502 1 
107031863 13722 1783594771.553 1 
117058701 13723 1783594771.602 1 
126979144 13724 1783594771.652 1 
137032327 13725 1783594771.702 1 
147118517 13726 1783594771.752 1 
157032891 13727 1783594771.802 1 
167118503 13728 1783594771.852 1 
177032870 13729 1783594771.903 1 
187119921 13730 1783594771.952 1 
196979884 13731 1783594772.004 1 
207031836 13732 1783594772.052 1 
217059833 13733 1783594772.102 1 
227032679 13734 1783594772.152 1 
237059405 13735 1783594772.202 1 
246979261 13736 1783594772.252 1 
257031451 13737 1783594772.302 1 
267118462 13738 1783594772.352 1 
276979776 13739 1783594772.403 1 
286979428 13740 1783594772.452 1 
297083160 13741 1783594772.502 1 
306979344 13742 1783594772.552 1 
317032004 13743 1783594772.602 1 
327117346 13744 1783594772.652 1 
337032299 13745 1783594772.703 1 
347118071 13746 1783594772.752 1 
357032213 13747 1783594772.803 1 
367117915 13748 1783594772.852 1 
377031941 13749 1783594772.903 1 
387116579 13750 1783594772.952 1 
397031886 13751 1783594773.003 1 
407117652 13752 1783594773.052 1 
417031683 13753 1783594773.103 1 
427118895 13754 1783594773.152 1 
437032190 13755 1783594773.203 1 
447118813 13756 1783594773.252 1 
456979461 13757 1783594773.303 1 
467032248 13758 1783594773.352 1 
477118370 13759 1783594773.402 1 
487031953 13760 1783594773.452 1 
497077050 13761 1783594773.502 1 
506979859 13762 1783594773.552 1 
517030835 13763 1783594773.602 1 
527119214 13764 1783594773.652 1 
537032048 13765 1783594773.703 1 
547119089 13766 1783594773.752 1 
556980018 13767 1783594773.803 1 
567032874 13768 1783594773.852 1 
577058893 13769 1783594773.902 1 
586980018 13770 1783594773.952 1 
597031638 13771 1783594774.002 1 
607119428 13772 1783594774.052 1 
617031690 13773 1783594774.103 1 
627117617 13774 1783594774.152 1 
637032778 13775 1783594774.203 1 
647057929 13776 1783594774.252 1 
657032205 13777 1783594774.302 1 
667119150 13778 1783594774.352 1 
677031970 13779 1783594774.403 1 
687058115 13780 1783594774.452 1 
697115306 13781 1783594774.502 1 
706980030 13782 1783594774.552 1 
716979568 13783 1783594774.602 1 
727030067 13784 1783594774.652 1 
737118266 13785 1783594774.702 1 
747032097 13786 1783594774.753 1 
757057969 13787 1783594774.802 1 
767032802 13788 1783594774.852 1 
777058872 13789 1783594774.902 1 
786978204 13790 1783594774.952 1 
796979372 13791 1783594775.002 1 
806979970 13792 1783594775.052 1 
816981067 13793 1783594775.102 1 
827033478 13794 1783594775.152 1 
837118543 13795 1783594775.203 1 
846980240 13796 1783594775.253 1 
857032258 13797 1783594775.302 1 
867058746 13798 1783594775.352 1 
876979772 13799 1783594775.402 1 
887030940 13800 1783594775.452 1 
897076229 13801 1783594775.502 1 
907032582 13802 1783594775.552 1 
917058312 13803 1783594775.602 1 
927031175 13804 1783594775.652 1 
937059696 13805 1783594775.702 1 
947031907 13806 1783594775.752 1 
957118221 13807 1783594775.802 1 
966980911 13808 1783594775.853 1 
976979933 13809 1783594775.902 1 
986978376 13810 1783594775.952 1 
996980505 13811 1783594776.002 1 
1006980456 13812 1783594776.052 1 
1017031415 13813 1783594776.102 1 
1027118656 13814 1783594776.152 1 
1036978753 13815 1783594776.203 1 
1047032538 13816 1783594776.252 1 
1057119523 13817 1783594776.302 1 
1067030857 13818 1783594776.353 1 
1077119554 13819 1783594776.402 1 
1087031725 13820 1783594776.453 1 
1097076218 13821 1783594776.502 1 
1106980407 13822 1783594776.552 1 
1117031867 13823 1783594776.602 1 
1127058992 13824 1783594776.652 1 
1136979296 13825 1783594776.702 1 
1146979331 13826 1783594776.752 1 
1156978041 13827 1783594776.802 1 
1166978355 13828 1783594776.852 1 
1176980281 13829 1783594776.902 1 
1186979868 13830 1783594776.952 1 
1196979057 13831 1783594777.004 1 
1207032543 13832 1783594777.052 1 
1217117672 13833 1783594777.102 1 
1227031490 13834 1783594777.153 1 
1237117593 13835 1783594777.202 1 
1247032143 13836 1783594777.253 1 
1257119341 13837 1783594777.302 1 
1267032273 13838 1783594777.353 1 
1277117864 13839 1783594777.402 1 
1286980184 13840 1783594777.453 1 
1296991642 13841 1783594777.502 1 
1306979462 13842 1783594777.552 1 
1316980328 13843 1783594777.602 1 
1327033042 13844 1783594777.652 1 
1337118797 13845 1783594777.702 1 
1347032886 13846 1783594777.753 1 
1357118772 13847 1783594777.802 1 
1367031827 13848 1783594777.853 1 
1377119639 13849 1783594777.902 1 
1387032762 13850 1783594777.953 1 
1397074377 13851 1783594778.002 1 
1407032849 13852 1783594778.053 1 
1417119259 13853 1783594778.102 1 
1427032214 13854 1783594778.153 1 
1437118532 13855 1783594778.202 1 
1447031190 13856 1783594778.253 1 
1457117981 13857 1783594778.302 1 
1466978545 13858 1783594778.353 1 
1476978897 13859 1783594778.402 1 
1486979952 13860 1783594778.452 1 
1497050680 13861 1783594778.502 1 
1506978850 13862 1783594778.552 1 
1517031757 13863 1783594778.602 1 
1527057495 13864 1783594778.652 1 
1537032973 13865 1783594778.702 1 
1547118112 13866 1783594778.752 1 
1557032805 13867 1783594778.803 1 
1567118486 13868 1783594778.852 1 
1577031867 13869 1783594778.903 1 
1587117792 13870 1783594778.952 1 
1597033083 13871 1783594779.003 1 
1607117549 13872 1783594779.052 1 
1616978824 13873 1783594779.103 1 
1627031593 13874 1783594779.152 1 
1637118073 13875 1783594779.202 1 
1647031958 13876 1783594779.253 1 
1657118664 13877 1783594779.302 1 
1666979754 13878 1783594779.353 1 
1676979851 13879 1783594779.402 1 
1687032066 13880 1783594779.452 1 
1697076573 13881 1783594779.502 1 
1707033518 13882 1783594779.553 1 
1717119279 13883 1783594779.602 1 
1726980085 13884 1783594779.653 1 
1736996127 13885 1783594779.702 1 
1747031888 13886 1783594779.752 1 
1757117297 13887 1783594779.802 1 
1767031620 13888 1783594779.853 1 
1777117790 13889 1783594779.903 1 
1787032912 13890 1783594779.952 1 
1797059899 13891 1783594780.002 1 
1807032789 13892 1783594780.052 1 
1817119020 13893 1783594780.102 1 
1826980276 13894 1783594780.153 1 
1837032266 13895 1783594780.202 1 
1847119153 13896 1783594780.252 1 
1857030714 13897 1783594780.303 1 
1867118510 13898 1783594780.352 1 
1877032011 13899 1783594780.402 1 
1887117941 13900 1783594780.452 1 
1897077220 13901 1783594780.503 1 
1907032183 13902 1783594780.553 1 
1917119247 13903 1783594780.603 1 
1926980363 13904 1783594780.653 1 
1936979926 13905 1783594780.702 1 
1947031442 13906 1783594780.752 1 
1957118792 13907 1783594780.803 1 
1967031804 13908 1783594780.853 1 
1977118506 13909 1783594780.903 1 
1987032097 13910 1783594780.953 1 
1997118730 13911 1783594781.002 1 
2007031499 13912 1783594781.053 1 
2017118203 13913 1783594781.103 1 
2027031218 13914 1783594781.153 1 
2037059320 13915 1783594781.203 1 
2047031939 13916 1783594781.253 1 
2057119440 13917 1783594781.303 1 
2066980160 13918 1783594781.353 1 
2076978996 13919 1783594781.402 1 
2086980074 13920 1783594781.452 1 
2096986113 13921 1783594781.501 1 
2107031921 13922 1783594781.551 1 
2117119265 13923 1783594781.602 1 
2127031246 13924 1783594781.652 1 
2137119595 13925 1783594781.702 1 
2147031537 13926 1783594781.752 1 
2157059479 13927 1783594781.802 1 
2166979478 13928 1783594781.852 1 
2177032211 13929 1783594781.901 1 
2187117648 13930 1783594781.952 1 
2196978792 13931 1783594782.004 1 
2207033336 13932 1783594782.051 1 
2217061079 13933 1783594782.102 1 
2227032744 13934 1783594782.152 1 
2237058428 13935 1783594782.202 1 
2247032936 13936 1783594782.252 1 
2257058165 13937 1783594782.302 1 
2267032180 13938 1783594782.352 1 
2277119620 13939 1783594782.402 1 
2287031501 13940 1783594782.452 1 
2297077021 13941 1783594782.502 1 
2307031700 13942 1783594782.552 1 
2317118145 13943 1783594782.602 1 
2327032569 13944 1783594782.652 1 
2337118387 13945 1783594782.702 1 
2347032727 13946 1783594782.752 1 
2357057861 13947 1783594782.802 1 
2367032000 13948 1783594782.852 1 
2377118065 13949 1783594782.902 1 
2386978606 13950 1783594782.952 1 
2397031284 13951 1783594783.002 1 
2407119178 13952 1783594783.052 1 
2417030864 13953 1783594783.102 1 
2427119780 13954 1783594783.152 1 
2436979978 13955 1783594783.202 1 
2447033393 13956 1783594783.251 1 
2457116655 13957 1783594783.302 1 
2467033372 13958 1783594783.352 1 
2477118585 13959 1783594783.402 1 
2487033120 13960 1783594783.452 1 
2497077285 13961 1783594783.502 1 
2506980217 13962 1783594783.552 1 
2517031998 13963 1783594783.602 1 
2527117332 13964 1783594783.652 1 
